[2026-06-28 19:29:00] >>> StartAnalysisAsync entered
[2026-06-28 19:29:00] >>> [安全警告] 引擎完整性检查失败: FILE_MISSING:CoreEngine
[2026-06-28 19:29:00] 💻 硬件评估层级: [Extreme]
[2026-06-28 19:29:00] ⚠️ 管理员权限：未获取 - 部分功能受限
[2026-06-28 19:29:00] >>> 正在执行分析...
[2026-06-28 19:29:00] >>> [错误] 未找到可用引擎。请重新安装 AURORA-Analyzer。
[2026-06-28 19:29:00] ERROR: 引擎未找到：请重新安装 AURORA-Analyzer
[2026-06-28 19:29:00] [执行出错]
[2026-06-28 19:29:00] ERROR: 引擎未找到：请重新安装 AURORA-Analyzer
[2026-06-28 19:29:09] >>> StartAnalysisAsync entered
[2026-06-28 19:29:09] >>> [安全警告] 引擎完整性检查失败: FILE_MISSING:CoreEngine
[2026-06-28 19:29:09] 💻 硬件评估层级: [Extreme]
[2026-06-28 19:29:09] ⚠️ 管理员权限：未获取 - 部分功能受限
[2026-06-28 19:29:09] >>> 正在执行分析...
[2026-06-28 19:29:09] >>> [错误] 未找到可用引擎。请重新安装 AURORA-Analyzer。
[2026-06-28 19:29:09] ERROR: 引擎未找到：请重新安装 AURORA-Analyzer
[2026-06-28 19:29:09] [执行出错]
[2026-06-28 19:29:09] ERROR: 引擎未找到：请重新安装 AURORA-Analyzer
[2026-06-28 19:29:09] >>> StartAnalysisAsync entered
[2026-06-28 19:29:09] >>> [安全警告] 引擎完整性检查失败: FILE_MISSING:CoreEngine
[2026-06-28 19:29:09] 💻 硬件评估层级: [Extreme]
[2026-06-28 19:29:09] ⚠️ 管理员权限：未获取 - 部分功能受限
[2026-06-28 19:29:09] >>> 正在执行分析...
[2026-06-28 19:29:09] >>> [错误] 未找到可用引擎。请重新安装 AURORA-Analyzer。
[2026-06-28 19:29:09] ERROR: 引擎未找到：请重新安装 AURORA-Analyzer
[2026-06-28 19:29:09] [执行出错]
[2026-06-28 19:29:09] ERROR: 引擎未找到：请重新安装 AURORA-Analyzer
[2026-06-28 19:29:10] >>> StartAnalysisAsync entered
[2026-06-28 19:29:10] >>> [安全警告] 引擎完整性检查失败: FILE_MISSING:CoreEngine
[2026-06-28 19:29:10] 💻 硬件评估层级: [Extreme]
[2026-06-28 19:29:10] ⚠️ 管理员权限：未获取 - 部分功能受限
[2026-06-28 19:29:10] >>> 正在执行分析...
[2026-06-28 19:29:10] >>> [错误] 未找到可用引擎。请重新安装 AURORA-Analyzer。
[2026-06-28 19:29:10] ERROR: 引擎未找到：请重新安装 AURORA-Analyzer
[2026-06-28 19:29:10] [执行出错]
[2026-06-28 19:29:10] ERROR: 引擎未找到：请重新安装 AURORA-Analyzer
[2026-06-28 19:30:17] >>> StartAnalysisAsync entered
[2026-06-28 19:30:17] >>> [安全警告] 引擎完整性检查失败: FILE_MISSING:CoreEngine
[2026-06-28 19:30:17] 💻 硬件评估层级: [Extreme]
[2026-06-28 19:30:17] ⚠️ 管理员权限：未获取 - 部分功能受限
[2026-06-28 19:30:17] >>> 正在执行分析...
[2026-06-28 19:30:17] >>> [错误] 未找到可用引擎。请重新安装 AURORA-Analyzer。
[2026-06-28 19:30:17] ERROR: 引擎未找到：请重新安装 AURORA-Analyzer
[2026-06-28 19:30:17] [执行出错]
[2026-06-28 19:30:17] ERROR: 引擎未找到：请重新安装 AURORA-Analyzer
[2026-06-28 19:30:18] >>> StartAnalysisAsync entered
[2026-06-28 19:30:18] >>> [安全警告] 引擎完整性检查失败: FILE_MISSING:CoreEngine
[2026-06-28 19:30:18] 💻 硬件评估层级: [Extreme]
[2026-06-28 19:30:18] ⚠️ 管理员权限：未获取 - 部分功能受限
[2026-06-28 19:30:18] >>> 正在执行分析...
[2026-06-28 19:30:18] >>> [错误] 未找到可用引擎。请重新安装 AURORA-Analyzer。
[2026-06-28 19:30:18] ERROR: 引擎未找到：请重新安装 AURORA-Analyzer
[2026-06-28 19:30:18] [执行出错]
[2026-06-28 19:30:18] ERROR: 引擎未找到：请重新安装 AURORA-Analyzer
[2026-06-28 19:30:19] >>> StartAnalysisAsync entered
[2026-06-28 19:30:19] >>> [安全警告] 引擎完整性检查失败: FILE_MISSING:CoreEngine
[2026-06-28 19:30:19] 💻 硬件评估层级: [Extreme]
[2026-06-28 19:30:19] ⚠️ 管理员权限：未获取 - 部分功能受限
[2026-06-28 19:30:19] >>> 正在执行分析...
[2026-06-28 19:30:19] >>> [错误] 未找到可用引擎。请重新安装 AURORA-Analyzer。
[2026-06-28 19:30:19] ERROR: 引擎未找到：请重新安装 AURORA-Analyzer
[2026-06-28 19:30:19] [执行出错]
[2026-06-28 19:30:19] ERROR: 引擎未找到：请重新安装 AURORA-Analyzer
[2026-06-28 19:30:20] >>> StartAnalysisAsync entered
[2026-06-28 19:30:20] >>> [安全警告] 引擎完整性检查失败: FILE_MISSING:CoreEngine
[2026-06-28 19:30:20] 💻 硬件评估层级: [Extreme]
[2026-06-28 19:30:20] ⚠️ 管理员权限：未获取 - 部分功能受限
[2026-06-28 19:30:20] >>> 正在执行分析...
[2026-06-28 19:30:20] >>> [错误] 未找到可用引擎。请重新安装 AURORA-Analyzer。
[2026-06-28 19:30:20] ERROR: 引擎未找到：请重新安装 AURORA-Analyzer
[2026-06-28 19:30:20] [执行出错]
[2026-06-28 19:30:20] ERROR: 引擎未找到：请重新安装 AURORA-Analyzer
[2026-06-28 19:30:21] >>> StartAnalysisAsync entered
[2026-06-28 19:30:21] >>> [安全警告] 引擎完整性检查失败: FILE_MISSING:CoreEngine
[2026-06-28 19:30:21] 💻 硬件评估层级: [Extreme]
[2026-06-28 19:30:21] ⚠️ 管理员权限：未获取 - 部分功能受限
[2026-06-28 19:30:21] >>> 正在执行分析...
[2026-06-28 19:30:21] >>> [错误] 未找到可用引擎。请重新安装 AURORA-Analyzer。
[2026-06-28 19:30:21] ERROR: 引擎未找到：请重新安装 AURORA-Analyzer
[2026-06-28 19:30:21] [执行出错]
[2026-06-28 19:30:21] ERROR: 引擎未找到：请重新安装 AURORA-Analyzer
[2026-06-28 19:30:40] [syncHash] ElevationAuthorized = false
[2026-06-28 19:30:42] [syncHash] ElevationAuthorized = false
[2026-06-28 19:30:45] [syncHash] ElevationAuthorized = false
[2026-06-28 19:30:47] [syncHash] ElevationAuthorized = false
[2026-06-28 19:31:08] [syncHash] ElevationAuthorized = false
[2026-06-28 19:31:15] >>> StartAnalysisAsync entered
[2026-06-28 19:31:15] >>> [安全警告] 引擎完整性检查失败: FILE_MISSING:CoreEngine
[2026-06-28 19:31:15] 💻 硬件评估层级: [Extreme]
[2026-06-28 19:31:15] ⚠️ 管理员权限：未获取 - 部分功能受限
[2026-06-28 19:31:15] >>> 正在执行分析...
[2026-06-28 19:31:15] >>> [错误] 未找到可用引擎。请重新安装 AURORA-Analyzer。
[2026-06-28 19:31:15] ERROR: 引擎未找到：请重新安装 AURORA-Analyzer
[2026-06-28 19:31:15] [执行出错]
[2026-06-28 19:31:15] ERROR: 引擎未找到：请重新安装 AURORA-Analyzer
[2026-06-29 10:01:44] >>> StartAnalysisAsync entered
[2026-06-29 10:01:44] >>> [安全警告] 引擎完整性检查失败: FILE_MISSING:CoreEngine
[2026-06-29 10:01:44] 💻 硬件评估层级: [Extreme]
[2026-06-29 10:01:44] ⚠️ 管理员权限：未获取 - 部分功能受限
[2026-06-29 10:01:44] >>> 正在执行分析...
[2026-06-29 10:01:44] >>> [错误] 未找到可用引擎。请重新安装 AURORA-Analyzer。
[2026-06-29 10:01:44] ERROR: 引擎未找到：请重新安装 AURORA-Analyzer
[2026-06-29 10:01:44] [执行出错]
[2026-06-29 10:01:44] ERROR: 引擎未找到：请重新安装 AURORA-Analyzer
[2026-06-29 10:01:47] >>> StartAnalysisAsync entered
[2026-06-29 10:01:47] >>> [安全警告] 引擎完整性检查失败: FILE_MISSING:CoreEngine
[2026-06-29 10:01:47] 💻 硬件评估层级: [Extreme]
[2026-06-29 10:01:47] ⚠️ 管理员权限：未获取 - 部分功能受限
[2026-06-29 10:01:47] >>> 正在执行分析...
[2026-06-29 10:01:47] >>> [错误] 未找到可用引擎。请重新安装 AURORA-Analyzer。
[2026-06-29 10:01:47] ERROR: 引擎未找到：请重新安装 AURORA-Analyzer
[2026-06-29 10:01:47] [执行出错]
[2026-06-29 10:01:47] ERROR: 引擎未找到：请重新安装 AURORA-Analyzer
[2026-06-29 10:04:46] >>> StartAnalysisAsync entered
[2026-06-29 10:04:46] >>> [安全警告] 引擎完整性检查失败: FILE_MISSING:CoreEngine
[2026-06-29 10:04:46] 💻 硬件评估层级: [Extreme]
[2026-06-29 10:04:46] ⚠️ 管理员权限：未获取 - 部分功能受限
[2026-06-29 10:04:46] >>> 正在执行分析...
[2026-06-29 10:04:46] >>> [错误] 未找到可用引擎。请重新安装 AURORA-Analyzer。
[2026-06-29 10:04:47] ERROR: 引擎未找到：请重新安装 AURORA-Analyzer
[2026-06-29 10:04:47] [执行出错]
[2026-06-29 10:04:47] ERROR: 引擎未找到：请重新安装 AURORA-Analyzer
[2026-06-29 10:06:21] >>> StartAnalysisAsync entered
[2026-06-29 10:06:21] >>> [安全警告] 引擎完整性检查失败: FILE_MISSING:CoreEngine
[2026-06-29 10:06:21] 💻 硬件评估层级: [Extreme]
[2026-06-29 10:06:21] ⚠️ 管理员权限：未获取 - 部分功能受限
[2026-06-29 10:06:21] >>> 正在执行分析...
[2026-06-29 10:06:21] >>> [错误] 未找到可用引擎。请重新安装 AURORA-Analyzer。
[2026-06-29 10:06:21] ERROR: 引擎未找到：请重新安装 AURORA-Analyzer
[2026-06-29 10:06:21] [执行出错]
[2026-06-29 10:06:21] ERROR: 引擎未找到：请重新安装 AURORA-Analyzer
[2026-06-29 11:42:32] >>> StartAnalysisAsync entered
[2026-06-29 11:42:32] >>> [安全警告] 引擎完整性检查失败: FILE_MISSING:CoreEngine
[2026-06-29 11:42:32] 💻 硬件评估层级: [Extreme]
[2026-06-29 11:42:32] ⚠️ 管理员权限：未获取 - 部分功能受限
[2026-06-29 11:42:32] >>> 正在执行分析...
[2026-06-29 11:42:32] >>> [错误] 未找到可用引擎。请重新安装 AURORA-Analyzer。
[2026-06-29 11:42:32] ERROR: 引擎未找到：请重新安装 AURORA-Analyzer
[2026-06-29 11:42:32] [执行出错]
[2026-06-29 11:42:32] ERROR: 引擎未找到：请重新安装 AURORA-Analyzer
[2026-06-29 11:42:43] >>> StartAnalysisAsync entered
[2026-06-29 11:42:43] >>> [安全警告] 引擎完整性检查失败: FILE_MISSING:CoreEngine
[2026-06-29 11:42:43] 💻 硬件评估层级: [Extreme]
[2026-06-29 11:42:43] ⚠️ 管理员权限：未获取 - 部分功能受限
[2026-06-29 11:42:43] >>> 正在执行分析...
[2026-06-29 11:42:43] >>> [错误] 未找到可用引擎。请重新安装 AURORA-Analyzer。
[2026-06-29 11:42:43] ERROR: 引擎未找到：请重新安装 AURORA-Analyzer
[2026-06-29 11:42:43] [执行出错]
[2026-06-29 11:42:43] ERROR: 引擎未找到：请重新安装 AURORA-Analyzer
[2026-06-29 11:42:43] >>> StartAnalysisAsync entered
[2026-06-29 11:42:43] >>> [安全警告] 引擎完整性检查失败: FILE_MISSING:CoreEngine
[2026-06-29 11:42:43] 💻 硬件评估层级: [Extreme]
[2026-06-29 11:42:43] ⚠️ 管理员权限：未获取 - 部分功能受限
[2026-06-29 11:42:43] >>> 正在执行分析...
[2026-06-29 11:42:43] >>> [错误] 未找到可用引擎。请重新安装 AURORA-Analyzer。
[2026-06-29 11:42:43] ERROR: 引擎未找到：请重新安装 AURORA-Analyzer
[2026-06-29 11:42:43] [执行出错]
[2026-06-29 11:42:43] ERROR: 引擎未找到：请重新安装 AURORA-Analyzer
[2026-06-29 11:42:44] >>> StartAnalysisAsync entered
[2026-06-29 11:42:44] >>> [安全警告] 引擎完整性检查失败: FILE_MISSING:CoreEngine
[2026-06-29 11:42:44] 💻 硬件评估层级: [Extreme]
[2026-06-29 11:42:44] ⚠️ 管理员权限：未获取 - 部分功能受限
[2026-06-29 11:42:44] >>> 正在执行分析...
[2026-06-29 11:42:44] >>> [错误] 未找到可用引擎。请重新安装 AURORA-Analyzer。
[2026-06-29 11:42:44] ERROR: 引擎未找到：请重新安装 AURORA-Analyzer
[2026-06-29 11:42:44] [执行出错]
[2026-06-29 11:42:44] ERROR: 引擎未找到：请重新安装 AURORA-Analyzer
[2026-06-29 11:42:44] >>> StartAnalysisAsync entered
[2026-06-29 11:42:44] >>> [安全警告] 引擎完整性检查失败: FILE_MISSING:CoreEngine
[2026-06-29 11:42:44] 💻 硬件评估层级: [Extreme]
[2026-06-29 11:42:44] ⚠️ 管理员权限：未获取 - 部分功能受限
[2026-06-29 11:42:44] >>> 正在执行分析...
[2026-06-29 11:42:44] >>> [错误] 未找到可用引擎。请重新安装 AURORA-Analyzer。
[2026-06-29 11:42:44] ERROR: 引擎未找到：请重新安装 AURORA-Analyzer
[2026-06-29 11:42:44] [执行出错]
[2026-06-29 11:42:44] ERROR: 引擎未找到：请重新安装 AURORA-Analyzer
[2026-06-29 11:42:45] >>> StartAnalysisAsync entered
[2026-06-29 11:42:45] >>> [安全警告] 引擎完整性检查失败: FILE_MISSING:CoreEngine
[2026-06-29 11:42:45] 💻 硬件评估层级: [Extreme]
[2026-06-29 11:42:45] ⚠️ 管理员权限：未获取 - 部分功能受限
[2026-06-29 11:42:45] >>> 正在执行分析...
[2026-06-29 11:42:45] >>> [错误] 未找到可用引擎。请重新安装 AURORA-Analyzer。
[2026-06-29 11:42:45] ERROR: 引擎未找到：请重新安装 AURORA-Analyzer
[2026-06-29 11:42:45] [执行出错]
[2026-06-29 11:42:45] ERROR: 引擎未找到：请重新安装 AURORA-Analyzer
[2026-06-29 11:42:45] >>> StartAnalysisAsync entered
[2026-06-29 11:42:45] >>> [安全警告] 引擎完整性检查失败: FILE_MISSING:CoreEngine
[2026-06-29 11:42:45] 💻 硬件评估层级: [Extreme]
[2026-06-29 11:42:45] ⚠️ 管理员权限：未获取 - 部分功能受限
[2026-06-29 11:42:45] >>> 正在执行分析...
[2026-06-29 11:42:45] >>> [错误] 未找到可用引擎。请重新安装 AURORA-Analyzer。
[2026-06-29 11:42:45] ERROR: 引擎未找到：请重新安装 AURORA-Analyzer
[2026-06-29 11:42:45] [执行出错]
[2026-06-29 11:42:45] ERROR: 引擎未找到：请重新安装 AURORA-Analyzer
[2026-06-29 11:42:45] >>> StartAnalysisAsync entered
[2026-06-29 11:42:45] >>> [安全警告] 引擎完整性检查失败: FILE_MISSING:CoreEngine
[2026-06-29 11:42:45] 💻 硬件评估层级: [Extreme]
[2026-06-29 11:42:45] ⚠️ 管理员权限：未获取 - 部分功能受限
[2026-06-29 11:42:45] >>> 正在执行分析...
[2026-06-29 11:42:45] >>> [错误] 未找到可用引擎。请重新安装 AURORA-Analyzer。
[2026-06-29 11:42:45] ERROR: 引擎未找到：请重新安装 AURORA-Analyzer
[2026-06-29 11:42:45] [执行出错]
[2026-06-29 11:42:45] ERROR: 引擎未找到：请重新安装 AURORA-Analyzer
[2026-06-29 11:42:45] >>> StartAnalysisAsync entered
[2026-06-29 11:42:45] >>> [安全警告] 引擎完整性检查失败: FILE_MISSING:CoreEngine
[2026-06-29 11:42:45] 💻 硬件评估层级: [Extreme]
[2026-06-29 11:42:45] ⚠️ 管理员权限：未获取 - 部分功能受限
[2026-06-29 11:42:45] >>> 正在执行分析...
[2026-06-29 11:42:45] >>> [错误] 未找到可用引擎。请重新安装 AURORA-Analyzer。
[2026-06-29 11:42:45] ERROR: 引擎未找到：请重新安装 AURORA-Analyzer
[2026-06-29 11:42:45] [执行出错]
[2026-06-29 11:42:45] ERROR: 引擎未找到：请重新安装 AURORA-Analyzer
[2026-06-29 11:42:46] >>> StartAnalysisAsync entered
[2026-06-29 11:42:46] >>> [安全警告] 引擎完整性检查失败: FILE_MISSING:CoreEngine
[2026-06-29 11:42:46] 💻 硬件评估层级: [Extreme]
[2026-06-29 11:42:46] ⚠️ 管理员权限：未获取 - 部分功能受限
[2026-06-29 11:42:46] >>> 正在执行分析...
[2026-06-29 11:42:46] >>> [错误] 未找到可用引擎。请重新安装 AURORA-Analyzer。
[2026-06-29 11:42:46] ERROR: 引擎未找到：请重新安装 AURORA-Analyzer
[2026-06-29 11:42:46] [执行出错]
[2026-06-29 11:42:46] ERROR: 引擎未找到：请重新安装 AURORA-Analyzer
[2026-06-29 11:42:46] >>> StartAnalysisAsync entered
[2026-06-29 11:42:46] >>> [安全警告] 引擎完整性检查失败: FILE_MISSING:CoreEngine
[2026-06-29 11:42:46] 💻 硬件评估层级: [Extreme]
[2026-06-29 11:42:46] ⚠️ 管理员权限：未获取 - 部分功能受限
[2026-06-29 11:42:46] >>> 正在执行分析...
[2026-06-29 11:42:46] >>> [错误] 未找到可用引擎。请重新安装 AURORA-Analyzer。
[2026-06-29 11:42:46] ERROR: 引擎未找到：请重新安装 AURORA-Analyzer
[2026-06-29 11:42:46] [执行出错]
[2026-06-29 11:42:46] ERROR: 引擎未找到：请重新安装 AURORA-Analyzer
[2026-06-29 11:42:46] >>> StartAnalysisAsync entered
[2026-06-29 11:42:46] >>> [安全警告] 引擎完整性检查失败: FILE_MISSING:CoreEngine
[2026-06-29 11:42:46] 💻 硬件评估层级: [Extreme]
[2026-06-29 11:42:46] ⚠️ 管理员权限：未获取 - 部分功能受限
[2026-06-29 11:42:46] >>> 正在执行分析...
[2026-06-29 11:42:46] >>> [错误] 未找到可用引擎。请重新安装 AURORA-Analyzer。
[2026-06-29 11:42:46] ERROR: 引擎未找到：请重新安装 AURORA-Analyzer
[2026-06-29 11:42:46] [执行出错]
[2026-06-29 11:42:46] ERROR: 引擎未找到：请重新安装 AURORA-Analyzer
[2026-06-29 11:42:46] >>> StartAnalysisAsync entered
[2026-06-29 11:42:46] >>> [安全警告] 引擎完整性检查失败: FILE_MISSING:CoreEngine
[2026-06-29 11:42:46] 💻 硬件评估层级: [Extreme]
[2026-06-29 11:42:46] ⚠️ 管理员权限：未获取 - 部分功能受限
[2026-06-29 11:42:46] >>> 正在执行分析...
[2026-06-29 11:42:46] >>> [错误] 未找到可用引擎。请重新安装 AURORA-Analyzer。
[2026-06-29 11:42:46] ERROR: 引擎未找到：请重新安装 AURORA-Analyzer
[2026-06-29 11:42:46] [执行出错]
[2026-06-29 11:42:46] ERROR: 引擎未找到：请重新安装 AURORA-Analyzer
[2026-06-29 11:42:46] >>> StartAnalysisAsync entered
[2026-06-29 11:42:46] >>> [安全警告] 引擎完整性检查失败: FILE_MISSING:CoreEngine
[2026-06-29 11:42:46] 💻 硬件评估层级: [Extreme]
[2026-06-29 11:42:46] ⚠️ 管理员权限：未获取 - 部分功能受限
[2026-06-29 11:42:46] >>> 正在执行分析...
[2026-06-29 11:42:46] >>> [错误] 未找到可用引擎。请重新安装 AURORA-Analyzer。
[2026-06-29 11:42:46] ERROR: 引擎未找到：请重新安装 AURORA-Analyzer
[2026-06-29 11:42:46] [执行出错]
[2026-06-29 11:42:46] ERROR: 引擎未找到：请重新安装 AURORA-Analyzer
[2026-06-29 11:42:47] >>> StartAnalysisAsync entered
[2026-06-29 11:42:47] >>> [安全警告] 引擎完整性检查失败: FILE_MISSING:CoreEngine
[2026-06-29 11:42:47] 💻 硬件评估层级: [Extreme]
[2026-06-29 11:42:47] ⚠️ 管理员权限：未获取 - 部分功能受限
[2026-06-29 11:42:47] >>> 正在执行分析...
[2026-06-29 11:42:47] >>> [错误] 未找到可用引擎。请重新安装 AURORA-Analyzer。
[2026-06-29 11:42:47] ERROR: 引擎未找到：请重新安装 AURORA-Analyzer
[2026-06-29 11:42:47] [执行出错]
[2026-06-29 11:42:47] ERROR: 引擎未找到：请重新安装 AURORA-Analyzer
[2026-06-29 11:42:47] >>> StartAnalysisAsync entered
[2026-06-29 11:42:47] >>> [安全警告] 引擎完整性检查失败: FILE_MISSING:CoreEngine
[2026-06-29 11:42:47] 💻 硬件评估层级: [Extreme]
[2026-06-29 11:42:47] ⚠️ 管理员权限：未获取 - 部分功能受限
[2026-06-29 11:42:47] >>> 正在执行分析...
[2026-06-29 11:42:47] >>> [错误] 未找到可用引擎。请重新安装 AURORA-Analyzer。
[2026-06-29 11:42:47] ERROR: 引擎未找到：请重新安装 AURORA-Analyzer
[2026-06-29 11:42:47] [执行出错]
[2026-06-29 11:42:47] ERROR: 引擎未找到：请重新安装 AURORA-Analyzer
[2026-06-29 11:42:47] >>> StartAnalysisAsync entered
[2026-06-29 11:42:47] >>> [安全警告] 引擎完整性检查失败: FILE_MISSING:CoreEngine
[2026-06-29 11:42:47] 💻 硬件评估层级: [Extreme]
[2026-06-29 11:42:47] ⚠️ 管理员权限：未获取 - 部分功能受限
[2026-06-29 11:42:47] >>> 正在执行分析...
[2026-06-29 11:42:47] >>> [错误] 未找到可用引擎。请重新安装 AURORA-Analyzer。
[2026-06-29 11:42:47] ERROR: 引擎未找到：请重新安装 AURORA-Analyzer
[2026-06-29 11:42:47] [执行出错]
[2026-06-29 11:42:47] ERROR: 引擎未找到：请重新安装 AURORA-Analyzer
[2026-06-29 11:42:47] >>> StartAnalysisAsync entered
[2026-06-29 11:42:47] >>> [安全警告] 引擎完整性检查失败: FILE_MISSING:CoreEngine
[2026-06-29 11:42:47] 💻 硬件评估层级: [Extreme]
[2026-06-29 11:42:47] ⚠️ 管理员权限：未获取 - 部分功能受限
[2026-06-29 11:42:47] >>> 正在执行分析...
[2026-06-29 11:42:47] >>> [错误] 未找到可用引擎。请重新安装 AURORA-Analyzer。
[2026-06-29 11:42:47] ERROR: 引擎未找到：请重新安装 AURORA-Analyzer
[2026-06-29 11:42:47] [执行出错]
[2026-06-29 11:42:47] ERROR: 引擎未找到：请重新安装 AURORA-Analyzer
[2026-06-29 11:42:47] >>> StartAnalysisAsync entered
[2026-06-29 11:42:47] >>> [安全警告] 引擎完整性检查失败: FILE_MISSING:CoreEngine
[2026-06-29 11:42:47] 💻 硬件评估层级: [Extreme]
[2026-06-29 11:42:47] ⚠️ 管理员权限：未获取 - 部分功能受限
[2026-06-29 11:42:47] >>> 正在执行分析...
[2026-06-29 11:42:47] >>> [错误] 未找到可用引擎。请重新安装 AURORA-Analyzer。
[2026-06-29 11:42:47] ERROR: 引擎未找到：请重新安装 AURORA-Analyzer
[2026-06-29 11:42:47] [执行出错]
[2026-06-29 11:42:47] ERROR: 引擎未找到：请重新安装 AURORA-Analyzer
[2026-06-29 11:42:47] >>> StartAnalysisAsync entered
[2026-06-29 11:42:47] >>> [安全警告] 引擎完整性检查失败: FILE_MISSING:CoreEngine
[2026-06-29 11:42:47] 💻 硬件评估层级: [Extreme]
[2026-06-29 11:42:47] ⚠️ 管理员权限：未获取 - 部分功能受限
[2026-06-29 11:42:47] >>> 正在执行分析...
[2026-06-29 11:42:47] >>> [错误] 未找到可用引擎。请重新安装 AURORA-Analyzer。
[2026-06-29 11:42:48] ERROR: 引擎未找到：请重新安装 AURORA-Analyzer
[2026-06-29 11:42:48] [执行出错]
[2026-06-29 11:42:48] ERROR: 引擎未找到：请重新安装 AURORA-Analyzer
[2026-06-29 11:42:48] >>> StartAnalysisAsync entered
[2026-06-29 11:42:48] >>> [安全警告] 引擎完整性检查失败: FILE_MISSING:CoreEngine
[2026-06-29 11:42:48] 💻 硬件评估层级: [Extreme]
[2026-06-29 11:42:48] ⚠️ 管理员权限：未获取 - 部分功能受限
[2026-06-29 11:42:48] >>> 正在执行分析...
[2026-06-29 11:42:48] >>> [错误] 未找到可用引擎。请重新安装 AURORA-Analyzer。
[2026-06-29 11:42:48] ERROR: 引擎未找到：请重新安装 AURORA-Analyzer
[2026-06-29 11:42:48] [执行出错]
[2026-06-29 11:42:48] ERROR: 引擎未找到：请重新安装 AURORA-Analyzer
[2026-06-29 12:52:19] >>> StartAnalysisAsync entered
[2026-06-29 12:52:19] >>> [安全警告] 引擎完整性检查失败: FILE_MISSING:CoreEngine
[2026-06-29 12:52:19] 💻 硬件评估层级: [Extreme]
[2026-06-29 12:52:19] ⚠️ 管理员权限：未获取 - 部分功能受限
[2026-06-29 12:52:19] >>> 正在执行分析...
[2026-06-29 12:52:19] >>> [错误] 未找到可用引擎。请重新安装 AURORA-Analyzer。
[2026-06-29 12:52:19] ERROR: 引擎未找到：请重新安装 AURORA-Analyzer
[2026-06-29 12:52:19] [执行出错]
[2026-06-29 12:52:19] ERROR: 引擎未找到：请重新安装 AURORA-Analyzer
[2026-06-29 12:54:33] >>> StartAnalysisAsync entered
[2026-06-29 12:54:33] >>> [安全警告] 引擎完整性检查失败: FILE_MISSING:CoreEngine
[2026-06-29 12:54:33] 💻 硬件评估层级: [Extreme]
[2026-06-29 12:54:33] ⚠️ 管理员权限：未获取 - 部分功能受限
[2026-06-29 12:54:33] >>> 正在执行分析...
[2026-06-29 12:54:33] >>> [错误] 未找到可用引擎。请重新安装 AURORA-Analyzer。
[2026-06-29 12:54:33] ERROR: 引擎未找到：请重新安装 AURORA-Analyzer
[2026-06-29 12:54:33] [执行出错]
[2026-06-29 12:54:33] ERROR: 引擎未找到：请重新安装 AURORA-Analyzer
[2026-06-29 13:22:43] >>> StartAnalysisAsync entered
[2026-06-29 13:22:44] >>> [安全警告] 引擎完整性检查失败: FILE_MISSING:CoreEngine
[2026-06-29 13:22:44] 💻 硬件评估层级: [Extreme]
[2026-06-29 13:22:44] ⚠️ 管理员权限：未获取 - 部分功能受限
[2026-06-29 13:22:44] >>> 正在执行分析...
[2026-06-29 13:22:44] >>> [错误] 未找到可用引擎。请重新安装 AURORA-Analyzer。
[2026-06-29 13:22:44] ERROR: 引擎未找到：请重新安装 AURORA-Analyzer
[2026-06-29 13:22:44] [执行出错]
[2026-06-29 13:22:44] ERROR: 引擎未找到：请重新安装 AURORA-Analyzer
[2026-06-29 13:23:23] >>> StartAnalysisAsync entered
[2026-06-29 13:23:23] >>> [安全警告] 引擎完整性检查失败: FILE_MISSING:CoreEngine
[2026-06-29 13:23:23] 💻 硬件评估层级: [Extreme]
[2026-06-29 13:23:23] ⚠️ 管理员权限：未获取 - 部分功能受限
[2026-06-29 13:23:23] >>> 正在执行分析...
[2026-06-29 13:23:23] >>> [错误] 未找到可用引擎。请重新安装 AURORA-Analyzer。
[2026-06-29 13:23:23] ERROR: 引擎未找到：请重新安装 AURORA-Analyzer
[2026-06-29 13:23:23] [执行出错]
[2026-06-29 13:23:23] ERROR: 引擎未找到：请重新安装 AURORA-Analyzer
[2026-06-29 13:32:56] >>> StartAnalysisAsync entered
[2026-06-29 13:32:56] >>> [安全警告] 引擎完整性检查失败: FILE_MISSING:CoreEngine
[2026-06-29 13:32:56] 💻 硬件评估层级: [Extreme]
[2026-06-29 13:32:56] ⚠️ 管理员权限：未获取 - 部分功能受限
[2026-06-29 13:32:56] >>> 正在执行分析...
[2026-06-29 13:32:56] >>> [错误] 未找到可用引擎。请重新安装 AURORA-Analyzer。
[2026-06-29 13:32:56] ERROR: 引擎未找到：请重新安装 AURORA-Analyzer
[2026-06-29 13:32:56] [执行出错]
[2026-06-29 13:32:56] ERROR: 引擎未找到：请重新安装 AURORA-Analyzer
[2026-06-29 14:00:25] >>> StartAnalysisAsync entered
[2026-06-29 14:00:25] >>> [安全警告] 引擎完整性检查失败: FILE_MISSING:CoreEngine
[2026-06-29 14:00:25] 💻 硬件评估层级: [Extreme]
[2026-06-29 14:00:25] ⚠️ 管理员权限：未获取 - 部分功能受限
[2026-06-29 14:00:25] >>> 正在执行分析...
[2026-06-29 14:00:26] [PS] [安全守卫] 正在初始化 (第 1 次)...
[2026-06-29 14:00:26] [PS] [安全守卫] baseForGuard: G:\PowerShellBat\AURORA-Analyzer\AURORA-Analyzer-Factory-Dev\AURORA-Analyzer-Factory\Scripts\Security
[2026-06-29 14:00:26] [PS] [安全守卫] rootDir: G:\PowerShellBat\AURORA-Analyzer\AURORA-Analyzer-Factory-Dev\AURORA-Analyzer-Factory
[2026-06-29 14:00:26] [PS] [安全守卫] 初始化成功
[2026-06-29 14:00:26] [PS] [诊断] 正在执行环境安全扫描...
[2026-06-29 14:00:26] [PS] [诊断] 扫描结果: INTEGRITY_FAILURE
[2026-06-29 14:00:26] [PS] [安全守卫] 启动时检测到威胁：INTEGRITY_FAILURE
[2026-06-29 14:00:26] [PS] [Security Alert] 启动时检测到调试或注入，程序将在 15 秒后退出...
[2026-06-29 14:02:15] >>> StartAnalysisAsync entered
[2026-06-29 14:02:15] >>> [安全警告] 引擎完整性检查失败: FILE_MISSING:CoreEngine
[2026-06-29 14:02:15] 💻 硬件评估层级: [Extreme]
[2026-06-29 14:02:15] ⚠️ 管理员权限：未获取 - 部分功能受限
[2026-06-29 14:02:15] >>> 正在执行分析...
[2026-06-29 14:02:16] [PS] [安全守卫] 正在初始化 (第 1 次)...
[2026-06-29 14:02:16] [PS] [安全守卫] baseForGuard: G:\PowerShellBat\AURORA-Analyzer\AURORA-Analyzer-Factory-Dev\AURORA-Analyzer-Factory\Scripts\Security
[2026-06-29 14:02:16] [PS] [安全守卫] rootDir: G:\PowerShellBat\AURORA-Analyzer\AURORA-Analyzer-Factory-Dev\AURORA-Analyzer-Factory
[2026-06-29 14:02:16] [PS] [安全守卫] 初始化成功
[2026-06-29 14:02:16] [PS] [诊断] 正在执行环境安全扫描...
[2026-06-29 14:02:16] [PS] [诊断] 扫描结果: INTEGRITY_FAILURE
[2026-06-29 14:02:16] [PS] [安全守卫] 启动时检测到威胁：INTEGRITY_FAILURE
[2026-06-29 14:02:16] [PS] [Security Alert] 启动时检测到调试或注入，程序将在 15 秒后退出...
[2026-06-29 14:03:35] >>> StartAnalysisAsync entered
[2026-06-29 14:03:35] >>> [安全警告] 引擎完整性检查失败: FILE_MISSING:CoreEngine
[2026-06-29 14:03:35] 💻 硬件评估层级: [Extreme]
[2026-06-29 14:03:35] ⚠️ 管理员权限：未获取 - 部分功能受限
[2026-06-29 14:03:35] >>> 正在执行分析...
[2026-06-29 14:03:36] [PS] [安全守卫] 正在初始化 (第 1 次)...
[2026-06-29 14:03:36] [PS] [安全守卫] baseForGuard: G:\PowerShellBat\AURORA-Analyzer\AURORA-Analyzer-Factory-Dev\AURORA-Analyzer-Factory\Scripts\Security
[2026-06-29 14:03:36] [PS] [安全守卫] rootDir: G:\PowerShellBat\AURORA-Analyzer\AURORA-Analyzer-Factory-Dev\AURORA-Analyzer-Factory
[2026-06-29 14:03:36] [PS] [安全守卫] 初始化成功
[2026-06-29 14:03:36] [PS] [诊断] 正在执行环境安全扫描...
[2026-06-29 14:03:36] [PS] [诊断] 扫描结果: INTEGRITY_FAILURE
[2026-06-29 14:03:36] [PS] [安全守卫] 启动时检测到威胁：INTEGRITY_FAILURE
[2026-06-29 14:03:36] [PS] [Security Alert] 启动时检测到调试或注入，程序将在 15 秒后退出...
[2026-06-29 14:10:24] >>> StartAnalysisAsync entered
[2026-06-29 14:10:24] >>> [安全警告] 引擎完整性检查失败: FILE_MISSING:CoreEngine
[2026-06-29 14:10:24] 💻 硬件评估层级: [Extreme]
[2026-06-29 14:10:24] ⚠️ 管理员权限：未获取 - 部分功能受限
[2026-06-29 14:10:24] >>> 正在执行分析...
[2026-06-29 14:10:25] [PS] [安全守卫] 正在初始化 (第 1 次)...
[2026-06-29 14:10:25] [PS] [安全守卫] baseForGuard: G:\PowerShellBat\AURORA-Analyzer\AURORA-Analyzer-Factory-Dev\AURORA-Analyzer-Factory\Scripts\Security
[2026-06-29 14:10:25] [PS] [安全守卫] rootDir: G:\PowerShellBat\AURORA-Analyzer\AURORA-Analyzer-Factory-Dev\AURORA-Analyzer-Factory
[2026-06-29 14:10:25] [PS] [安全守卫] 初始化成功
[2026-06-29 14:10:25] [PS] [诊断] 正在执行环境安全扫描...
[2026-06-29 14:10:25] [PS] [诊断] 扫描结果: INTEGRITY_FAILURE
[2026-06-29 14:10:25] [PS] [安全守卫] 启动时检测到威胁：INTEGRITY_FAILURE
[2026-06-29 14:10:25] [PS] [Security Alert] 启动时检测到调试或注入，程序将在 15 秒后退出...
[2026-06-29 14:10:40] [WARN] 主动健康检查失败，通知引擎停止
[2026-06-29 14:10:41] [WARN] 主动健康检查失败，通知引擎停止
[2026-06-29 14:10:41] [WARN] 主动健康检查失败，通知引擎停止
[2026-06-29 14:10:41] [WARN] 主动健康检查失败，通知引擎停止
[2026-06-29 14:10:42] [WARN] 主动健康检查失败，通知引擎停止
[2026-06-29 14:11:56] >>> StartAnalysisAsync entered
[2026-06-29 14:11:56] >>> [安全警告] 引擎完整性检查失败: FILE_MISSING:CoreEngine
[2026-06-29 14:11:56] 💻 硬件评估层级: [Extreme]
[2026-06-29 14:11:56] ⚠️ 管理员权限：未获取 - 部分功能受限
[2026-06-29 14:11:56] >>> 正在执行分析...
[2026-06-29 14:11:57] [PS] [安全守卫] 正在初始化 (第 1 次)...
[2026-06-29 14:11:57] [PS] [安全守卫] baseForGuard: G:\PowerShellBat\AURORA-Analyzer\AURORA-Analyzer-Factory-Dev\AURORA-Analyzer-Factory\Scripts\Security
[2026-06-29 14:11:57] [PS] [安全守卫] rootDir: G:\PowerShellBat\AURORA-Analyzer\AURORA-Analyzer-Factory-Dev\AURORA-Analyzer-Factory
[2026-06-29 14:11:57] [PS] [安全守卫] 初始化成功
[2026-06-29 14:11:57] [PS] [诊断] 正在执行环境安全扫描...
[2026-06-29 14:11:57] [PS] [诊断] 扫描结果: NONE
[2026-06-29 14:11:57] [PS] [安全守卫] 启动环境扫描完成 - 安全
[2026-06-29 14:11:57] [PS] [安全守卫] 已启动持续性检测（每 3 秒）
[2026-06-29 14:11:57] [PS] [安全守卫] WMI 实时监控启动失败，将仅使用轮询模式
[2026-06-29 14:11:57] [PS] [PRO] Starting AURORA PRO Mode (Language: CHS)
[2026-06-29 14:11:57] [PS] [PRO] Loading Unified PRO Engine...
[2026-06-29 14:11:57] [PS] [安全守卫] 正在初始化 (第 1 次)...
[2026-06-29 14:11:57] [PS] [安全守卫] baseForGuard: G:\PowerShellBat\AURORA-Analyzer\AURORA-Analyzer-Factory-Dev\AURORA-Analyzer-Factory\Scripts\Security
[2026-06-29 14:11:57] [PS] [安全守卫] rootDir: G:\PowerShellBat\AURORA-Analyzer\AURORA-Analyzer-Factory-Dev\AURORA-Analyzer-Factory
[2026-06-29 14:11:57] [PS] [安全守卫] 初始化成功
[2026-06-29 14:11:57] [PS] [诊断] 正在执行环境安全扫描...
[2026-06-29 14:11:57] [PS] [诊断] 扫描结果: NONE
[2026-06-29 14:11:57] [PS] [安全守卫] 启动环境扫描完成 - 安全
[2026-06-29 14:11:57] [PS] [安全守卫] 已启动持续性检测（每 3 秒）
[2026-06-29 14:11:57] [PS] [安全守卫] WMI 实时监控启动失败，将仅使用轮询模式
[2026-06-29 14:11:57] [PS] [14:11:57] [Info] 正在初始化 AURORA Core Engine...
[2026-06-29 14:11:58] PROGRESS: 正在准备首次使用模块。 -  
[2026-06-29 14:11:58] [PS] [14:11:58] [Info] 系统：Microsoft Windows 11 教育版 (10.0.26200)
[2026-06-29 14:11:58] [PS] [14:11:58] [Info] PowerShell: v5.1.26100.8737
[2026-06-29 14:11:58] [PS] [14:11:58] [Info] 架构：x64
[2026-06-29 14:11:58] [PS] [14:11:58] [Success] Core Engine 初始化完成
[2026-06-29 14:11:58] [PS] [安全守卫] 正在初始化 (第 1 次)...
[2026-06-29 14:11:58] [PS] [安全守卫] baseForGuard: G:\PowerShellBat\AURORA-Analyzer\AURORA-Analyzer-Factory-Dev\AURORA-Analyzer-Factory\Scripts\Security
[2026-06-29 14:11:58] [PS] [安全守卫] rootDir: G:\PowerShellBat\AURORA-Analyzer\AURORA-Analyzer-Factory-Dev\AURORA-Analyzer-Factory
[2026-06-29 14:11:58] [PS] [安全守卫] 初始化成功
[2026-06-29 14:11:58] [PS] [诊断] 正在执行环境安全扫描...
[2026-06-29 14:11:58] [PS] [诊断] 扫描结果: NONE
[2026-06-29 14:11:58] [PS] [安全守卫] 启动环境扫描完成 - 安全
[2026-06-29 14:11:58] [PS] [安全守卫] 已启动持续性检测（每 3 秒）
[2026-06-29 14:11:58] [PS] [安全守卫] WMI 实时监控启动失败，将仅使用轮询模式
[2026-06-29 14:11:58] [PS] [PRO] Starting AURORA PRO Mode (Language: CHS)
[2026-06-29 14:11:58] [PS] [PRO] Loading Unified PRO Engine...
[2026-06-29 14:11:58] [PS] [安全守卫] 正在初始化 (第 1 次)...
[2026-06-29 14:11:58] [PS] [安全守卫] baseForGuard: G:\PowerShellBat\AURORA-Analyzer\AURORA-Analyzer-Factory-Dev\AURORA-Analyzer-Factory\Scripts\Security
[2026-06-29 14:11:58] [PS] [安全守卫] rootDir: G:\PowerShellBat\AURORA-Analyzer\AURORA-Analyzer-Factory-Dev\AURORA-Analyzer-Factory
[2026-06-29 14:11:58] [PS] [安全守卫] 初始化成功
[2026-06-29 14:11:58] [PS] [诊断] 正在执行环境安全扫描...
[2026-06-29 14:11:58] [PS] [诊断] 扫描结果: NONE
[2026-06-29 14:11:58] [PS] [安全守卫] 启动环境扫描完成 - 安全
[2026-06-29 14:11:58] [PS] [安全守卫] 已启动持续性检测（每 3 秒）
[2026-06-29 14:11:58] [PS] [安全守卫] WMI 实时监控启动失败，将仅使用轮询模式
[2026-06-29 14:11:58] [PS] 🔄 检测到未完成的会话
[2026-06-29 14:11:58] [PS] ========================================
[2026-06-29 14:11:58] [PS] 会话 ID: SESSION_20260628_000418_1314
[2026-06-29 14:11:58] [PS] 已保存进度：85%
[2026-06-29 14:11:58] [PS] 当前阶段：正在导出：完整 System 日志
[2026-06-29 14:11:58] [PS] 保存时间：2026-06-28T00:05:59.7193429+08:00
[2026-06-29 14:11:58] [PS] 已挂起天数：1.6 天
[2026-06-29 14:11:58] [PS] ⏳ 等待用户在 GUI 上做出选择...
[2026-06-29 14:12:15] [syncHash] SessionRestarted = true
[2026-06-29 14:12:15] WARNING: 尝试写入会话文件：G:\PowerShellBat\AURORA-Analyzer\AURORA-Analyzer-Factory-Dev\AURORA-Analyzer-Factory\Scripts\SessionCache\active\SESSION_20260629_141215_1211.json (尝试 1/3)
[2026-06-29 14:12:15] [PS] 🔄 用户选择重新开始，清除会话...
[2026-06-29 14:12:15] WARNING: 保存进度： (0%) [尝试 1/3]
[2026-06-29 14:12:16] [PS] /// AURORA Analyzer Release Version ///
[2026-06-29 14:12:16] [PS] /// AURORA 2026 VelociRaptor-GR 版权所有 ///
[2026-06-29 14:12:16] [PS] /// Windows 系统事件日志导出与智能分析工具 ///
[2026-06-29 14:12:16] [PS] ///请稍后... 正在检测当前系统日期...///
[2026-06-29 14:12:16] [PS] 📅 检测完成! 当前日期为: 2026-06-29///
[2026-06-29 14:12:16] [PS] ///正在检查缓存状态...///
[2026-06-29 14:12:17] [PS] ///缓存状态检查完成!///
[2026-06-29 14:12:17] [PS] 【请选择日志类型】
[2026-06-29 14:12:17] [PS] 1: System (系统)
[2026-06-29 14:12:17] [PS] 2: Application (应用程序)
[2026-06-29 14:12:17] [PS] 3: Security (安全) - 需要管理员权限
[2026-06-29 14:12:17] [PS] 4: Setup (安装) - 需要管理员权限
[2026-06-29 14:12:17] [PS] 5: DNS Server (DNS服务器) - 需要管理员权限
[2026-06-29 14:12:17] [PS] 6: DHCP Server (DHCP服务器) - 需要管理员权限
[2026-06-29 14:12:17] [PS] 7: Active Directory (活动目录) - 需要管理员权限
[2026-06-29 14:12:17] [PS] 8: IIS (Web服务器) - 需要管理员权限
[2026-06-29 14:12:17] [PS] 💡 提示：可选择多个日志类型，用逗号或空格分隔（如：1,2 或 1 2）
[2026-06-29 14:12:17] [PS] [14:12:16] > 请进行输入: 
[2026-06-29 14:12:17] [PS] 请输入选项 (1-8)，直接回车则使用默认: System
[2026-06-29 14:13:13] [syncHash] SessionRestarted = true
[2026-06-29 14:13:43] 👤 [14:13:43] 你: [按下了回车 / 使用默认值]
[2026-06-29 14:13:43] [PS] : 日期范围导出（起止日期，格式：YYYY-MM-DD）
[2026-06-29 14:13:43] [PS] [14:13:43] > 请进行输入: 
[2026-06-29 14:13:43] [PS] 请输入选项 (1 或 2)
[2026-06-29 14:13:50] 👤 [14:13:50] 你: 2
[2026-06-29 14:13:50] [PS] [14:13:50] > 请进行输入: 
[2026-06-29 14:13:50] [PS] 请输入起始日期 (格式：YYYY-MM-DD)
[2026-06-29 14:14:00] 👤 [14:14:00] 你: [按下了回车 / 使用默认值]
[2026-06-29 14:14:00] [PS] [14:14:00] > 请进行输入: 请输入结束日期 (格式：YYYY-MM-DD)
[2026-06-29 14:14:01] 👤 [14:14:01] 你: [按下了回车 / 使用默认值]
[2026-06-29 14:14:01] [PS] 或 2)
[2026-06-29 14:14:01] 👤 [14:14:01] 你: [按下了回车 / 使用默认值]
[2026-06-29 14:14:02] [PS] 例如：2026-01-21）
[2026-06-29 14:14:02] [PS] 2: 日期范围导出（起止日期，格式：YYYY-MM-DD）
[2026-06-29 14:14:02] [PS] [14:14:01] > 请进行输入: 
[2026-06-29 14:14:02] [PS] 请输入选项 (1 或 2)
[2026-06-29 14:14:03] 👤 [14:14:03] 你: [按下了回车 / 使用默认值]
[2026-06-29 14:14:03] [PS] 例如：2026-01-21）
[2026-06-29 14:14:03] [PS] 2: 日期范围导出（起止日期，格式：YYYY-MM-DD）
[2026-06-29 14:14:03] [PS] [14:14:03] > 请进行输入: 
[2026-06-29 14:14:03] [PS] 请输入选项 (1 或 2)
[2026-06-29 14:14:06] 👤 [14:14:06] 你: 1
[2026-06-29 14:14:06] [PS] [14:14:06] > 请进行输入: 
[2026-06-29 14:14:06] [PS] 请输入日期 (格式：YYYY-MM-DD)，直接回车则导出今日日志
[2026-06-29 14:14:08] 👤 [14:14:08] 你: [按下了回车 / 使用默认值]
[2026-06-29 14:14:08] [PS] ，直接回车则使用默认: 1
[2026-06-29 14:14:47] 👤 [14:14:47] 你: [按下了回车 / 使用默认值]
[2026-06-29 14:14:48] WARNING: 尝试写入会话文件：G:\PowerShellBat\AURORA-Analyzer\AURORA-Analyzer-Factory-Dev\AURORA-Analyzer-Factory\Scripts\SessionCache\active\SESSION_20260629_141215_1211.json (尝试 1/3)
[2026-06-29 14:14:48] WARNING: 保存进度： (0%) [尝试 1/3]
[2026-06-29 14:14:48] WARNING: 尝试写入会话文件：G:\PowerShellBat\AURORA-Analyzer\AURORA-Analyzer-Factory-Dev\AURORA-Analyzer-Factory\Scripts\SessionCache\active\SESSION_20260629_141215_1211.json (尝试 1/3)
[2026-06-29 14:14:48] WARNING: 保存进度： (0%) [尝试 1/3]
[2026-06-29 14:14:48] [PS] 个范围
[2026-06-29 14:14:48] [PS] ━━━━━━━━━━━━━━━━━━━━━━━━ 评估系统性能 ━━━━━━━━━━━━━━━━━━━━━━━━
[2026-06-29 14:14:48] [PS] 【正在评估系统性能...】
[2026-06-29 14:14:54] PROGRESS: 正在准备首次使用模块。 -  
[2026-06-29 14:14:55] [PS] 处理器：11th Gen Intel(R) Core(TM) i7-11800H @ 2.30GHz 8 核心 @ 4009 MHz (基础: 2304 MHz)
[2026-06-29 14:14:55] [PS] 内存容量：31.74 GB
[2026-06-29 14:14:55] [PS] 磁盘性能分数: 50/50
[2026-06-29 14:14:55] [PS] 磁盘配置：2 个 SSD, 0 个 HDD
[2026-06-29 14:14:55] [PS] 正在计算性能分数...
[2026-06-29 14:14:55] [PS] 您的性能分数为：100/100
[2026-06-29 14:15:01] [PS] 使用最佳分块大小：7 小时/块
[2026-06-29 14:15:01] [PS] 根据系统负载使用 11/16 个线程
[2026-06-29 14:15:06] [PS] ✅ 知识图谱索引创建成功
[2026-06-29 14:15:06] [PS] ✅ 知识图谱加载成功，包含 9 个分类
[2026-06-29 14:15:06] [PS] 【资源优化策略】
[2026-06-29 14:15:06] [PS] 性能等级: HighPerformance
[2026-06-29 14:15:06] [PS] 日志扫描并行度: 16
[2026-06-29 14:15:06] [PS] 报告生成并行度: 12.8
[2026-06-29 14:15:06] WARNING: 尝试写入会话文件：G:\PowerShellBat\AURORA-Analyzer\AURORA-Analyzer-Factory-Dev\AURORA-Analyzer-Factory\Scripts\SessionCache\active\SESSION_20260629_141215_1211.json (尝试 1/3)
[2026-06-29 14:15:06] WARNING: 保存进度： (0%) [尝试 1/3]
[2026-06-29 14:15:06] PROGRESS: 【正在扫描所选范围内的高危事件...】 - 初始化...
[2026-06-29 14:15:06] PROGRESS: 【正在扫描所选范围内的高危事件...】 - 正在获取总日志数...
[2026-06-29 14:15:06] PROGRESS: 【正在扫描所选范围内的高危事件...】 - 初始化完成，开始扫描...
[2026-06-29 14:15:08] [PS] 缓存压缩: False
[2026-06-29 14:15:08] [PS] I/O 缓冲区大小：131072 bytes
[2026-06-29 14:15:08] [PS] ━━━━━━━━━━━━━━━━━━━━━━ 扫描高危事件 + 导出 ━━━━━━━━━━━━━━━━━━━━━━
[2026-06-29 14:15:08] [PS] ========================================
[2026-06-29 14:15:08] [PS]   [1/1] 正在处理：System
[2026-06-29 14:15:08] [PS] ========================================
[2026-06-29 14:15:08] [PS] 【无匹配缓存，正在扫描所选范围内的高危事件...】
[2026-06-29 14:15:11] [PS] [系统资源监控] 并行线程数: 4, 内存使用率: 41.57%
[2026-06-29 14:15:11] PROGRESS: 【正在扫描所选范围内的高危事件...】 - 已扫描 4/4 块，发现 119 条高危事件
[2026-06-29 14:15:12] [PS] [知识库分析] 正在批量处理 119 条事件的知识库查询...
[2026-06-29 14:15:13] [PS] [知识库分析] 批量处理完成
[2026-06-29 14:15:13] PROGRESS: 正在准备首次使用模块。 -  
[2026-06-29 14:15:13] PROGRESS: 正在准备首次使用模块。 -  
[2026-06-29 14:15:14] [PS] 【高危事件扫描完成】共发现 119 条高危事件
[2026-06-29 14:15:15] WARNING: 尝试写入会话文件：G:\PowerShellBat\AURORA-Analyzer\AURORA-Analyzer-Factory-Dev\AURORA-Analyzer-Factory\Scripts\SessionCache\active\SESSION_20260629_141215_1211.json (尝试 1/3)
[2026-06-29 14:15:15] WARNING: 保存进度：高危事件扫描完成，发现 119 条高危事件 (60%) [尝试 1/3]
[2026-06-29 14:15:15] WARNING: 尝试写入会话文件：G:\PowerShellBat\AURORA-Analyzer\AURORA-Analyzer-Factory-Dev\AURORA-Analyzer-Factory\Scripts\SessionCache\active\SESSION_20260629_141215_1211.json (尝试 1/3)
[2026-06-29 14:15:15] WARNING: 保存进度：系统健康评估完成 (70%) [尝试 1/3]
[2026-06-29 14:15:16] [PS] 【扫描完成】
[2026-06-29 14:15:16] [PS] 发现：0 条严重事件，29 条错误，90 条警告（共 119 条高危事件）
[2026-06-29 14:15:16] [PS] 总日志数：369 条
[2026-06-29 14:15:16] [PS] 【系统健康评估】
[2026-06-29 14:15:16] [PS] 错误: 29 | 警告: 90 | 严重: 0
[2026-06-29 14:15:16] [PS] 健康评分: 60/100 | 健康等级: 一般
[2026-06-29 14:15:16] [PS] 系统状态：一般 —— 存在较多异常，需要关注！
[2026-06-29 14:15:16] [PS] [14:15:15] > 请进行输入: 
[2026-06-29 14:15:16] [PS] 按 Enter 仅导出高危事件，或输入 '1' 导出完整日志
[2026-06-29 14:16:01] 👤 [14:16:01] 你: 1
[2026-06-29 14:16:01] WARNING: 尝试写入会话文件：G:\PowerShellBat\AURORA-Analyzer\AURORA-Analyzer-Factory-Dev\AURORA-Analyzer-Factory\Scripts\SessionCache\active\SESSION_20260629_141215_1211.json (尝试 1/3)
[2026-06-29 14:16:01] WARNING: 保存进度：正在获取完整 System 日志 (75%) [尝试 1/3]
[2026-06-29 14:16:01] PROGRESS: 【完整 System 日志读取完成】 - 初始化...
[2026-06-29 14:16:01] PROGRESS: 【完整 System 日志读取完成】 - 使用已获取的总日志数: 369
[2026-06-29 14:16:01] PROGRESS: 【完整 System 日志读取完成】 - 正在直接获取所有事件...
[2026-06-29 14:16:02] PROGRESS: 【完整 System 日志读取完成】 - 已采集 369/369 条事件 | 读取完成
[2026-06-29 14:16:02] PROGRESS: 处理缓存 - 正在清理内存...
[2026-06-29 14:16:02] PROGRESS: 处理缓存 - 正在监控内存使用... 42.08%
[2026-06-29 14:16:02] PROGRESS: 处理缓存 - 正在评估数据大小... 369 条事件
[2026-06-29 14:16:02] PROGRESS: 处理缓存 - 正在分析数据大小...
[2026-06-29 14:16:02] PROGRESS: 正在准备首次使用模块。 -  
[2026-06-29 14:16:02] PROGRESS: 正在准备首次使用模块。 -  
[2026-06-29 14:16:03] PROGRESS: 处理缓存 - 数据较小或内存充足，直接存储
[2026-06-29 14:16:03] PROGRESS: 处理缓存 - 正在存储到缓存...
[2026-06-29 14:16:03] PROGRESS: 处理缓存 - 缓存处理完成！
[2026-06-29 14:16:03] WARNING: 尝试写入会话文件：G:\PowerShellBat\AURORA-Analyzer\AURORA-Analyzer-Factory-Dev\AURORA-Analyzer-Factory\Scripts\SessionCache\active\SESSION_20260629_141215_1211.json (尝试 1/3)
[2026-06-29 14:16:03] WARNING: 保存进度：已获取完整 System 日志，共 369 条事件 (80%) [尝试 1/3]
[2026-06-29 14:16:03] WARNING: 尝试写入会话文件：G:\PowerShellBat\AURORA-Analyzer\AURORA-Analyzer-Factory-Dev\AURORA-Analyzer-Factory\Scripts\SessionCache\active\SESSION_20260629_141215_1211.json (尝试 1/3)
[2026-06-29 14:16:03] WARNING: 保存进度：正在导出：完整 System 日志 (85%) [尝试 1/3]
[2026-06-29 14:16:04] PROGRESS: 📄 正在生成报告... - 正在分析事件数据 37/369
[2026-06-29 14:16:04] PROGRESS: 📄 正在生成报告... - 正在分析事件数据 74/369
[2026-06-29 14:16:04] PROGRESS: 📄 正在生成报告... - 正在分析事件数据 111/369
[2026-06-29 14:16:04] PROGRESS: 📄 正在生成报告... - 正在分析事件数据 148/369
[2026-06-29 14:16:04] PROGRESS: 📄 正在生成报告... - 正在分析事件数据 185/369
[2026-06-29 14:16:04] PROGRESS: 📄 正在生成报告... - 正在分析事件数据 222/369
[2026-06-29 14:16:04] PROGRESS: 📄 正在生成报告... - 正在分析事件数据 259/369
[2026-06-29 14:16:04] PROGRESS: 📄 正在生成报告... - 正在分析事件数据 296/369
[2026-06-29 14:16:04] PROGRESS: 📄 正在生成报告... - 正在分析事件数据 333/369
[2026-06-29 14:16:04] PROGRESS: 保存报告 - CSV导出完成
[2026-06-29 14:16:04] PROGRESS: 保存报告 - 正在生成JSON数据 0/369
[2026-06-29 14:16:04] PROGRESS: 保存报告 - 正在生成JSON数据 100/369
[2026-06-29 14:16:04] PROGRESS: 保存报告 - 正在生成JSON数据 200/369
[2026-06-29 14:16:04] PROGRESS: 保存报告 - 正在生成JSON数据 300/369
[2026-06-29 14:16:04] PROGRESS: 保存报告 - JSON导出完成
[2026-06-29 14:16:04] PROGRESS: 保存报告 - 正在生成XML数据 0/369
[2026-06-29 14:16:04] PROGRESS: 保存报告 - 正在生成XML数据 100/369
[2026-06-29 14:16:04] PROGRESS: 保存报告 - 正在生成XML数据 200/369
[2026-06-29 14:16:04] PROGRESS: 保存报告 - 正在生成XML数据 300/369
[2026-06-29 14:16:04] PROGRESS: 保存报告 - XML导出完成
[2026-06-29 14:16:04] WARNING: 尝试写入会话文件：G:\PowerShellBat\AURORA-Analyzer\AURORA-Analyzer-Factory-Dev\AURORA-Analyzer-Factory\Scripts\SessionCache\active\SESSION_20260629_141215_1211.json (尝试 1/3)
[2026-06-29 14:16:04] WARNING: 保存进度： (0%) [尝试 1/3]
[2026-06-29 14:16:07] [PS] tem 日志】
[2026-06-29 14:16:07] [PS] 【正在执行高级日志模式分析...】
[2026-06-29 14:16:12] [PS] 摘要报告已保存至：G:\PowerShellBat\AURORA-Analyzer\AURORA-Analyzer-Factory-Dev\AURORA-Analyzer-Factory\UserLogs\系统_日志_20260629_摘要.txt
[2026-06-29 14:16:14] [PS] 已导出:
[2026-06-29 14:16:14] [PS]   CSV: G:\PowerShellBat\AURORA-Analyzer\AURORA-Analyzer-Factory-Dev\AURORA-Analyzer-Factory\UserLogs\系统_日志_20260629.csv
[2026-06-29 14:16:14] [PS]   JSON: G:\PowerShellBat\AURORA-Analyzer\AURORA-Analyzer-Factory-Dev\AURORA-Analyzer-Factory\UserLogs\系统_日志_20260629.json
[2026-06-29 14:16:14] [PS]   XML: G:\PowerShellBat\AURORA-Analyzer\AURORA-Analyzer-Factory-Dev\AURORA-Analyzer-Factory\UserLogs\系统_日志_20260629.xml
[2026-06-29 14:16:14] [PS] [14:16:04] > 请进行输入: 是否进行日志趋势分析？(Y/N) [默认: N]
[2026-06-29 14:16:47] 👤 [14:16:47] 你: y
[2026-06-29 14:16:47] PROGRESS: 分析日志趋势 - 正在分析 2026-06-29 至 2026-06-29 的日志
[2026-06-29 14:16:49] PROGRESS: 分析日志趋势 - 分析完成
[2026-06-29 14:16:49] WARNING: 尝试写入会话文件：G:\PowerShellBat\AURORA-Analyzer\AURORA-Analyzer-Factory-Dev\AURORA-Analyzer-Factory\Scripts\SessionCache\active\SESSION_20260629_141215_1211.json (尝试 1/3)
[2026-06-29 14:16:49] WARNING: 保存进度： (0%) [尝试 1/3]
[2026-06-29 14:16:49] WARNING: 尝试写入会话文件：G:\PowerShellBat\AURORA-Analyzer\AURORA-Analyzer-Factory-Dev\AURORA-Analyzer-Factory\Scripts\SessionCache\active\SESSION_20260629_141215_1211.json (尝试 1/3)
[2026-06-29 14:16:49] WARNING: 保存进度： (0%) [尝试 1/3]
[2026-06-29 14:16:51] [PS] URORA-Analyzer-Factory-Dev\AURORA-Analyzer-Factory\UserLogs\系统_日志_20260629_to_20260629_趋势分析.txt
[2026-06-29 14:16:51] [PS] 趋势数据已保存至：G:\PowerShellBat\AURORA-Analyzer\AURORA-Analyzer-Factory-Dev\AURORA-Analyzer-Factory\UserLogs\系统_日志_20260629_to_20260629_趋势数据.csv
[2026-06-29 14:16:51] [PS] 【趋势分析完成】
[2026-06-29 14:16:51] [PS] 🧠 正在调用 AURORA 智能诊断引擎...
[2026-06-29 14:16:51] [PS] ========================================
[2026-06-29 14:16:51] [PS]   智能诊断分析可用
[2026-06-29 14:16:51] [PS] ========================================
[2026-06-29 14:16:51] [PS] 📊 已检测到导出的 CSV 文件：
[2026-06-29 14:16:51] [PS]    位置：G:\PowerShellBat\AURORA-Analyzer\AURORA-Analyzer-Factory-Dev\AURORA-Analyzer-Factory\UserLogs
[2026-06-29 14:16:51] [PS]    文件：找到 7 个 CSV 文件
[2026-06-29 14:16:51] [PS] 🔍 智能模式将执行：
[2026-06-29 14:16:51] [PS]    ✓ 加载已导出的 CSV 文件
[2026-06-29 14:16:51] [PS]    ✓ 知识库靶向碰撞分析
[2026-06-29 14:16:51] [PS]    ✓ 提供自主修复方案
[2026-06-29 14:16:51] [PS] ⚡ 是否立即启动智能诊断分析？
[2026-06-29 14:16:51] [PS] ========================================
[2026-06-29 14:16:51] [PS] 📋 正在等待用户确认...
[2026-06-29 14:17:01] [syncHash] SmartAnalysisAuthorized = true
[2026-06-29 14:17:02] [PS] ✅ GUI 已响应智能分析请求（等待了 11650ms）
[2026-06-29 14:17:02] [PS] ✅ 用户确认，开始智能分析...
[2026-06-29 14:17:02] [PS] 📖 正在加载智能引擎...
[2026-06-29 14:17:02] [PS] [14:17:01] 🤖 正在初始化 AURORA 智能诊断与自主修复引擎...
[2026-06-29 14:17:04] [PS] [14:17:02] 🖥️ 操作系统: Microsoft Windows 11 教育版
[2026-06-29 14:17:04] [PS] [14:17:02] ⏱️ 系统连续运行时间: 5.39 小时
[2026-06-29 14:17:04] [PS] [14:17:02] ✅ 运行时间达标且未见近期崩溃。
[2026-06-29 14:17:04] [PS] 🎯 靶向锁定: 常规 24H 健康巡检 (范围: 06-28 14:17 ~ 06-29 14:17)
[2026-06-29 14:17:04] [PS] [14:17:02] ⚡ 正在从内核提取高危日志 (Critical/Error/Warning)...
[2026-06-29 14:17:04] [PS] [14:17:02] 📖 检测到 PRO 模式导出，正在读取：G:\PowerShellBat\AURORA-Analyzer\AURORA-Analyzer-Factory-Dev\AURORA-Analyzer-Factory\UserLogs
[2026-06-29 14:17:04] [PS] [14:17:02] ✅ 找到 4 个导出的 CSV 文件，正在加载...
[2026-06-29 14:17:04] [PS] [14:17:02] 📂 分析的日志类型：System
[2026-06-29 14:17:04] [PS] [14:17:02] ⚠️ 警告：未找到以下日志文件 - 应用程序日志
[2026-06-29 14:17:04] [PS] [14:17:02] 💡 提示：请在 PRO 模式中也导出这些日志以获得完整分析
[2026-06-29 14:17:04] [PS] [14:17:02]    正在加载：系统_日志_20260101___20260501.csv
[2026-06-29 14:17:04] [PS] [14:17:02]    正在加载：系统_日志_20260626.csv
[2026-06-29 14:17:04] [PS] [14:17:02]    正在加载：系统_日志_20260627.csv
[2026-06-29 14:17:04] [PS] [14:17:02]    正在加载：系统_日志_20260629.csv
[2026-06-29 14:17:04] [PS] [14:17:02] ✅ 已加载 0 个事件
[2026-06-29 14:17:04] [PS] [14:17:02] 🔍 正在从系统实时提取日志...
[2026-06-29 14:17:04] [PS] [14:17:03] 📦 成功提取并轻量化 136 条异常事件记录。
[2026-06-29 14:17:04] [PS] [14:17:03] 🧠 正在装载并预编译 AURORA-TechData 知识图谱...
[2026-06-29 14:17:04] [PS] [14:17:03] Knowledge base cached (10.283203125.ToString('F1') KB)
[2026-06-29 14:17:04] [PS] [14:17:03] ✅ 图谱装载完成，激活 32 条诊断规则。开始极速碰撞...
[2026-06-29 14:17:04] [PS] [14:17:03] 🎯 碰撞分析完成！发现 5 类已知高危问题。
[2026-06-29 14:17:04] [PS] [14:17:03] 
[2026-06-29 14:17:04] [PS] ================== [ 靶向自主修复方案 ] ==================
[2026-06-29 14:17:04] [PS] [14:17:03] 🚨 [H-001] TLS/SSL 安全协议错误
[2026-06-29 14:17:04] [PS]    [ 1 ] 查看 Schannel 错误 (Low)  [Auth]
[2026-06-29 14:17:04] [PS]    [ 2 ] 启用 TLS 1.2 (Medium) [Admin] [Auth]
[2026-06-29 14:17:04] [PS]    [ 3 ] 清除 SSL 状态 (Low)  [Auth]
[2026-06-29 14:17:04] [PS] 🚨 [A-003] 程序崩溃
[2026-06-29 14:17:04] [PS]    [ 4 ] 查看应用程序崩溃事件 (Low) [Admin] [Auth]
[2026-06-29 14:17:04] [PS]    [ 5 ] 检查系统内存使用 (Low)  [Auto]
[2026-06-29 14:17:04] [PS]    [ 6 ] 清理应用程序临时文件 (Low)  [Auto]
[2026-06-29 14:17:04] [PS] 🚨 [A-004] 托管代码异常
[2026-06-29 14:17:04] [PS]    [ 7 ] 查看.NET异常事件 (Low) [Admin] [Auth]
[2026-06-29 14:17:04] [PS]    [ 8 ] 检查已安装的.NET版本 (Low)  [Auto]
[2026-06-29 14:17:04] [PS]    [ 9 ] 修复.NET Framework (Medium) [Admin] [Auth]
[2026-06-29 14:17:04] [PS] 🚨 [F-012] 服务启动失败
[2026-06-29 14:17:04] [PS]    [ 10 ] 查看所有服务状态 (Low) [Admin] [Auth]
[2026-06-29 14:17:04] [PS]    [ 11 ] 查看服务详细信息 (Low) [Admin] [Auth]
[2026-06-29 14:17:04] [PS]    [ 12 ] 查看服务控制管理器事件 (Low) [Admin] [Auth]
[2026-06-29 14:17:04] [PS]    [ 13 ] 打开服务管理器 (Low)  [Auto]
[2026-06-29 14:17:04] [PS]    [ 14 ] 启动特定服务 (Medium) [Admin] [Auth]
[2026-06-29 14:17:04] [PS] 🚨 [B-022] 外部设备无法识别
[2026-06-29 14:17:04] [PS]    [ 15 ] 查看USB设备 (Low) [Admin] [Auth]
[2026-06-29 14:17:04] [PS]    [ 16 ] 查看所有有问题的设备 (Low) [Admin] [Auth]
[2026-06-29 14:17:04] [PS]    [ 17 ] 重置USB集线器 (Low) [Admin] [Auth]
[2026-06-29 14:17:04] [PS] [14:17:03] 
[2026-06-29 14:17:04] [PS] >>> 请在下方输入 [序号] 执行修复，或直接按 [Enter] 退出引擎：
[2026-06-29 14:17:04] [PS] [14:17:03] 
[2026-06-29 14:17:04] [PS] ================== [ 靶向自主修复方案 ] ==================
[2026-06-29 14:17:04] [PS] [14:17:03] 🚨 [H-001] TLS/SSL 安全协议错误
[2026-06-29 14:17:04] [PS]    [ 1 ] 查看 Schannel 错误 (Low)  [Auth]
[2026-06-29 14:17:04] [PS]    [ 2 ] 启用 TLS 1.2 (Medium) [Admin] [Auth]
[2026-06-29 14:17:04] [PS]    [ 3 ] 清除 SSL 状态 (Low)  [Auth]
[2026-06-29 14:17:04] [PS] 🚨 [A-003] 程序崩溃
[2026-06-29 14:17:04] [PS]    [ 4 ] 查看应用程序崩溃事件 (Low) [Admin] [Auth]
[2026-06-29 14:17:04] [PS]    [ 5 ] 检查系统内存使用 (Low)  [Auto]
[2026-06-29 14:17:04] [PS]    [ 6 ] 清理应用程序临时文件 (Low)  [Auto]
[2026-06-29 14:17:04] [PS] 🚨 [A-004] 托管代码异常
[2026-06-29 14:17:04] [PS]    [ 7 ] 查看.NET异常事件 (Low) [Admin] [Auth]
[2026-06-29 14:17:04] [PS]    [ 8 ] 检查已安装的.NET版本 (Low)  [Auto]
[2026-06-29 14:17:04] [PS]    [ 9 ] 修复.NET Framework (Medium) [Admin] [Auth]
[2026-06-29 14:17:04] [PS] 🚨 [F-012] 服务启动失败
[2026-06-29 14:17:04] [PS]    [ 10 ] 查看所有服务状态 (Low) [Admin] [Auth]
[2026-06-29 14:17:04] [PS]    [ 11 ] 查看服务详细信息 (Low) [Admin] [Auth]
[2026-06-29 14:17:04] [PS]    [ 12 ] 查看服务控制管理器事件 (Low) [Admin] [Auth]
[2026-06-29 14:17:04] [PS]    [ 13 ] 打开服务管理器 (Low)  [Auto]
[2026-06-29 14:17:04] [PS]    [ 14 ] 启动特定服务 (Medium) [Admin] [Auth]
[2026-06-29 14:17:04] [PS] 🚨 [B-022] 外部设备无法识别
[2026-06-29 14:17:04] [PS]    [ 15 ] 查看USB设备 (Low) [Admin] [Auth]
[2026-06-29 14:17:04] [PS]    [ 16 ] 查看所有有问题的设备 (Low) [Admin] [Auth]
[2026-06-29 14:17:04] [PS]    [ 17 ] 重置USB集线器 (Low) [Admin] [Auth]
[2026-06-29 14:17:04] [PS] [14:17:03] 
[2026-06-29 14:17:04] [PS] >>> 请在下方输入 [序号] 执行修复，或直接按 [Enter] 退出引擎：
[2026-06-29 14:22:05] >>> 正在终止...
[2026-06-29 14:22:05] [已取消]
[2026-06-29 16:14:51] >>> StartAnalysisAsync entered
[2026-06-29 16:14:51] >>> [安全警告] 引擎完整性检查失败: FILE_MISSING:CoreEngine
[2026-06-29 16:14:51] 💻 硬件评估层级: [Extreme]
[2026-06-29 16:14:51] ⚠️ 管理员权限：未获取 - 部分功能受限
[2026-06-29 16:14:51] >>> 正在执行分析...
[2026-06-29 16:14:51] [安全守卫] 正在初始化 (第 1 次)...
[2026-06-29 16:14:52] [安全守卫] baseForGuard: G:\PowerShellBat\AURORA-Analyzer\AURORA-Analyzer-Factory-Dev\AURORA-Analyzer-Factory\Scripts\Security
[2026-06-29 16:14:52] [安全守卫] rootDir: G:\PowerShellBat\AURORA-Analyzer\AURORA-Analyzer-Factory-Dev\AURORA-Analyzer-Factory
[2026-06-29 16:14:52] [安全守卫] 初始化成功
[2026-06-29 16:14:52] [诊断] 正在执行环境安全扫描...
[2026-06-29 16:14:52] [诊断] 扫描结果: NONE
[2026-06-29 16:14:52] [安全守卫] 启动环境扫描完成 - 安全
[2026-06-29 16:14:52] [安全守卫] 已启动持续性检测（每 3 秒）
[2026-06-29 16:14:52] [安全守卫] WMI 实时监控启动失败，将仅使用轮询模式
[2026-06-29 16:14:52] [PRO] Starting AURORA PRO Mode (Language: CHS)
[2026-06-29 16:14:52] [PRO] Loading Unified PRO Engine...
[2026-06-29 16:14:52] [安全守卫] 正在初始化 (第 1 次)...
[2026-06-29 16:14:52] [安全守卫] baseForGuard: G:\PowerShellBat\AURORA-Analyzer\AURORA-Analyzer-Factory-Dev\AURORA-Analyzer-Factory\Scripts\Security
[2026-06-29 16:14:52] [安全守卫] rootDir: G:\PowerShellBat\AURORA-Analyzer\AURORA-Analyzer-Factory-Dev\AURORA-Analyzer-Factory
[2026-06-29 16:14:52] [安全守卫] 初始化成功
[2026-06-29 16:14:52] [诊断] 正在执行环境安全扫描...
[2026-06-29 16:14:52] [诊断] 扫描结果: NONE
[2026-06-29 16:14:52] [安全守卫] 启动环境扫描完成 - 安全
[2026-06-29 16:14:52] [安全守卫] 已启动持续性检测（每 3 秒）
[2026-06-29 16:14:52] [安全守卫] WMI 实时监控启动失败，将仅使用轮询模式
[2026-06-29 16:14:52] [16:14:52] [Info] 正在初始化 AURORA Core Engine...
[2026-06-29 16:14:53] [16:14:53] [Info] 系统：Microsoft Windows 11 教育版 (10.0.26200)
[2026-06-29 16:14:53] [16:14:53] [Info] PowerShell: v5.1.26100.8737
[2026-06-29 16:14:53] [16:14:53] [Info] 架构：x64
[2026-06-29 16:14:53] [16:14:53] [Success] Core Engine 初始化完成
[2026-06-29 16:14:53] [安全守卫] 正在初始化 (第 1 次)...
[2026-06-29 16:14:53] [安全守卫] baseForGuard: G:\PowerShellBat\AURORA-Analyzer\AURORA-Analyzer-Factory-Dev\AURORA-Analyzer-Factory\Scripts\Security
[2026-06-29 16:14:53] [安全守卫] rootDir: G:\PowerShellBat\AURORA-Analyzer\AURORA-Analyzer-Factory-Dev\AURORA-Analyzer-Factory
[2026-06-29 16:14:53] [安全守卫] 初始化成功
[2026-06-29 16:14:53] [诊断] 正在执行环境安全扫描...
[2026-06-29 16:14:53] [诊断] 扫描结果: NONE
[2026-06-29 16:14:53] [安全守卫] 启动环境扫描完成 - 安全
[2026-06-29 16:14:53] [安全守卫] 已启动持续性检测（每 3 秒）
[2026-06-29 16:14:53] [安全守卫] WMI 实时监控启动失败，将仅使用轮询模式
[2026-06-29 16:14:53] [PRO] Starting AURORA PRO Mode (Language: CHS)
[2026-06-29 16:14:53] [PRO] Loading Unified PRO Engine...
[2026-06-29 16:14:53] [安全守卫] 正在初始化 (第 1 次)...
[2026-06-29 16:14:53] [安全守卫] baseForGuard: G:\PowerShellBat\AURORA-Analyzer\AURORA-Analyzer-Factory-Dev\AURORA-Analyzer-Factory\Scripts\Security
[2026-06-29 16:14:53] [安全守卫] rootDir: G:\PowerShellBat\AURORA-Analyzer\AURORA-Analyzer-Factory-Dev\AURORA-Analyzer-Factory
[2026-06-29 16:14:53] [安全守卫] 初始化成功
[2026-06-29 16:14:53] [诊断] 正在执行环境安全扫描...
[2026-06-29 16:14:53] [诊断] 扫描结果: NONE
[2026-06-29 16:14:53] [安全守卫] 启动环境扫描完成 - 安全
[2026-06-29 16:14:53] [安全守卫] 已启动持续性检测（每 3 秒）
[2026-06-29 16:14:53] [安全守卫] WMI 实时监控启动失败，将仅使用轮询模式
[2026-06-29 16:14:53] /// AURORA Analyzer Release Version ///
[2026-06-29 16:14:53] /// AURORA 2026 VelociRaptor-GR 版权所有 ///
[2026-06-29 16:14:53] /// Windows 系统事件日志导出与智能分析工具 ///
[2026-06-29 16:14:53] ///请稍后... 正在检测当前系统日期...///
[2026-06-29 16:14:54] 📅 检测完成! 当前日期为: 2026-06-29///
[2026-06-29 16:14:54] ///正在检查缓存状态...///
[2026-06-29 16:14:54] ///缓存状态检查完成!///
[2026-06-29 16:14:54] 【请选择日志类型】
[2026-06-29 16:14:54] 1: System (系统)
[2026-06-29 16:14:54] 2: Application (应用程序)
[2026-06-29 16:14:54] 3: Security (安全) - 需要管理员权限
[2026-06-29 16:14:54] 4: Setup (安装) - 需要管理员权限
[2026-06-29 16:14:54] 5: DNS Server (DNS服务器) - 需要管理员权限
[2026-06-29 16:14:54] 6: DHCP Server (DHCP服务器) - 需要管理员权限
[2026-06-29 16:14:54] 7: Active Directory (活动目录) - 需要管理员权限
[2026-06-29 16:14:54] 8: IIS (Web服务器) - 需要管理员权限
[2026-06-29 16:14:54] 💡 提示：可选择多个日志类型，用逗号或空格分隔（如：1,2 或 1 2）
[2026-06-29 16:14:54] [16:14:54] > 请进行输入: 
[2026-06-29 16:14:54] 请输入选项 (1-8)，直接回车则使用默认: System
[2026-06-29 16:15:51] 👤 [16:15:51] 你: [按下了回车 / 使用默认值]
[2026-06-29 16:15:51] : 日期范围导出（起止日期，格式：YYYY-MM-DD）
[2026-06-29 16:15:51] [16:15:51] > 请进行输入: 
[2026-06-29 16:15:51] 请输入选项 (1 或 2)
[2026-06-29 16:15:55] 👤 [16:15:55] 你: 2
[2026-06-29 16:15:55] [16:15:55] > 请进行输入: 
[2026-06-29 16:15:55] 请输入起始日期 (格式：YYYY-MM-DD)
[2026-06-29 16:16:00] 👤 [16:16:00] 你: 2026-01-01
[2026-06-29 16:16:00] [16:16:00] > 请进行输入: 请输入结束日期 (格式：YYYY-MM-DD)
[2026-06-29 16:16:04] 👤 [16:16:04] 你: 2026-03-01
[2026-06-29 16:16:04] [安全守卫] 正在初始化 (第 1 次)...
[2026-06-29 16:16:04] [安全守卫] baseForGuard: G:\PowerShellBat\AURORA-Analyzer\AURORA-Analyzer-Factory-Dev\AURORA-Analyzer-Factory\Scripts\Security
[2026-06-29 16:16:04] [安全守卫] rootDir: G:\PowerShellBat\AURORA-Analyzer\AURORA-Analyzer-Factory-Dev\AURORA-Analyzer-Factory
[2026-06-29 16:16:04] [安全守卫] 初始化成功
[2026-06-29 16:16:04] [诊断] 正在执行环境安全扫描...
[2026-06-29 16:16:04] [诊断] 扫描结果: NONE
[2026-06-29 16:16:04] [安全守卫] 启动环境扫描完成 - 安全
[2026-06-29 16:16:04] [安全守卫] 已启动持续性检测（每 3 秒）
[2026-06-29 16:16:04] [安全守卫] WMI 实时监控启动失败，将仅使用轮询模式
[2026-06-29 16:16:04] [PRO] Starting AURORA PRO Mode (Language: CHS)
[2026-06-29 16:16:04] [PRO] Loading Unified PRO Engine...
[2026-06-29 16:16:04] [安全守卫] 正在初始化 (第 1 次)...
[2026-06-29 16:16:04] [安全守卫] baseForGuard: G:\PowerShellBat\AURORA-Analyzer\AURORA-Analyzer-Factory-Dev\AURORA-Analyzer-Factory\Scripts\Security
[2026-06-29 16:16:04] [安全守卫] rootDir: G:\PowerShellBat\AURORA-Analyzer\AURORA-Analyzer-Factory-Dev\AURORA-Analyzer-Factory
[2026-06-29 16:16:04] [安全守卫] 初始化成功
[2026-06-29 16:16:04] [诊断] 正在执行环境安全扫描...
[2026-06-29 16:16:04] [诊断] 扫描结果: NONE
[2026-06-29 16:16:04] [安全守卫] 启动环境扫描完成 - 安全
[2026-06-29 16:16:04] [安全守卫] 已启动持续性检测（每 3 秒）
[2026-06-29 16:16:04] [安全守卫] WMI 实时监控启动失败，将仅使用轮询模式
[2026-06-29 16:16:04] /// AURORA Analyzer Release Version ///
[2026-06-29 16:16:04] /// AURORA 2026 VelociRaptor-GR 版权所有 ///
[2026-06-29 16:16:04] /// Windows 系统事件日志导出与智能分析工具 ///
[2026-06-29 16:16:04] ///请稍后... 正在检测当前系统日期...///
[2026-06-29 16:16:04] 📅 检测完成! 当前日期为: 2026-06-29///
[2026-06-29 16:16:04] ///正在检查缓存状态...///
[2026-06-29 16:16:04] ///缓存状态检查完成!///
[2026-06-29 16:16:04] 【请选择日志类型】
[2026-06-29 16:16:04] 1: System (系统)
[2026-06-29 16:16:04] 2: Application (应用程序)
[2026-06-29 16:16:04] 3: Security (安全) - 需要管理员权限
[2026-06-29 16:16:04] 4: Setup (安装) - 需要管理员权限
[2026-06-29 16:16:04] 5: DNS Server (DNS服务器) - 需要管理员权限
[2026-06-29 16:16:04] 6: DHCP Server (DHCP服务器) - 需要管理员权限
[2026-06-29 16:16:04] 7: Active Directory (活动目录) - 需要管理员权限
[2026-06-29 16:16:04] 8: IIS (Web服务器) - 需要管理员权限
[2026-06-29 16:16:04] 💡 提示：可选择多个日志类型，用逗号或空格分隔（如：1,2 或 1 2）
[2026-06-29 16:16:04] ✅ 已选择日志类型: System
[2026-06-29 16:16:04] 【请选择导出模式】
[2026-06-29 16:16:04] 1: 单日导出（例如：2026-01-21）
[2026-06-29 16:16:04] 2: 日期范围导出（起止日期，格式：YYYY-MM-DD）
[2026-06-29 16:16:04] 【事件过滤选项】
[2026-06-29 16:16:04] 1: 无过滤（默认）
[2026-06-29 16:16:04] 2: 按事件 ID 过滤
[2026-06-29 16:16:04] 3: 按事件提供程序过滤
[2026-06-29 16:16:04] 4: 按事件级别过滤
[2026-06-29 16:16:04] [16:16:04] > 请进行输入: 
[2026-06-29 16:16:04] 请选择过滤选项 (1-4)，直接回车则使用默认: 1
[2026-06-29 16:16:12] 👤 [16:16:12] 你: [按下了回车 / 使用默认值]
[2026-06-29 16:16:12] 个范围
[2026-06-29 16:16:12] ━━━━━━━━━━━━━━━━━━━━━━━━ 评估系统性能 ━━━━━━━━━━━━━━━━━━━━━━━━
[2026-06-29 16:16:12] 【正在评估系统性能...】
[2026-06-29 16:16:18] 处理器：11th Gen Intel(R) Core(TM) i7-11800H @ 2.30GHz 8 核心 @ 4055 MHz (基础: 2304 MHz)
[2026-06-29 16:16:18] 内存容量：31.74 GB
[2026-06-29 16:16:18] 磁盘性能分数: 50/50
[2026-06-29 16:16:18] 磁盘配置：2 个 SSD, 0 个 HDD
[2026-06-29 16:16:18] 正在计算性能分数...
[2026-06-29 16:16:18] 您的性能分数为：100/100
[2026-06-29 16:16:24] 使用最佳分块大小：7 小时/块
[2026-06-29 16:16:24] 根据系统负载使用 13/16 个线程
[2026-06-29 16:16:29] ✅ 知识图谱索引创建成功
[2026-06-29 16:16:29] ✅ 知识图谱加载成功，包含 9 个分类
[2026-06-29 16:16:29] 【资源优化策略】
[2026-06-29 16:16:29] 性能等级: HighPerformance
[2026-06-29 16:16:29] 日志扫描并行度: 16
[2026-06-29 16:16:29] 报告生成并行度: 12.8
[2026-06-29 16:16:29] 缓存压缩: False
[2026-06-29 16:16:29] I/O 缓冲区大小：131072 bytes
[2026-06-29 16:16:29] ━━━━━━━━━━━━━━━━━━━━━━ 扫描高危事件 + 导出 ━━━━━━━━━━━━━━━━━━━━━━
[2026-06-29 16:16:29] ========================================
[2026-06-29 16:16:29]   [1/1] 正在处理：System
[2026-06-29 16:16:29] ========================================
[2026-06-29 16:16:29] 【无匹配缓存，正在扫描所选范围内的高危事件...】
[2026-06-29 16:16:34] [系统资源监控] 并行线程数: 13, 内存使用率: 37.45%
[2026-06-29 16:16:40] [知识库分析] 正在批量处理 3480 条事件的知识库查询...
[2026-06-29 16:16:42] [知识库分析] 批量处理完成
[2026-06-29 16:16:45] 【高危事件扫描完成】共发现 3480 条高危事件
[2026-06-29 16:16:49] 【扫描完成】
[2026-06-29 16:16:49] 发现：5 条严重事件，1101 条错误，2374 条警告（共 3480 条高危事件）
[2026-06-29 16:16:49] 总日志数：8420 条
[2026-06-29 16:16:49] 【系统健康评估】
[2026-06-29 16:16:49] 错误: 1101 | 警告: 2374 | 严重: 5
[2026-06-29 16:16:49] 健康评分: 45/100 | 健康等级: 较差
[2026-06-29 16:16:49] 系统状态：较差 —— 存在大量异常，建议立即检查！
[2026-06-29 16:16:50] [16:16:49] > 请进行输入: 
[2026-06-29 16:16:50] 按 Enter 仅导出高危事件，或输入 '1' 导出完整日志
[2026-06-29 16:16:53] 👤 [16:16:53] 你: 1
[2026-06-29 16:17:08] stem 日志】
[2026-06-29 16:17:09] 【正在执行高级日志模式分析...】
[2026-06-29 16:17:11] 摘要报告已保存至：G:\PowerShellBat\AURORA-Analyzer\AURORA-Analyzer-Factory-Dev\AURORA-Analyzer-Factory\UserLogs\系统_日志_20260101___20260301_摘要.txt
[2026-06-29 16:17:11] 使用并行处理加速CSV数据生成...
[2026-06-29 16:17:13] 已导出:
[2026-06-29 16:17:13]   CSV: G:\PowerShellBat\AURORA-Analyzer\AURORA-Analyzer-Factory-Dev\AURORA-Analyzer-Factory\UserLogs\系统_日志_20260101___20260301.csv
[2026-06-29 16:17:13]   JSON: G:\PowerShellBat\AURORA-Analyzer\AURORA-Analyzer-Factory-Dev\AURORA-Analyzer-Factory\UserLogs\系统_日志_20260101___20260301.json
[2026-06-29 16:17:13]   XML: G:\PowerShellBat\AURORA-Analyzer\AURORA-Analyzer-Factory-Dev\AURORA-Analyzer-Factory\UserLogs\系统_日志_20260101___20260301.xml
[2026-06-29 16:17:13] [16:17:13] > 请进行输入: 是否进行日志趋势分析？(Y/N) [默认: N]
[2026-06-29 16:17:16] 👤 [16:17:16] 你: y
[2026-06-29 16:17:38] URORA-Analyzer-Factory-Dev\AURORA-Analyzer-Factory\UserLogs\系统_日志_20260101_to_20260301_趋势分析.txt
[2026-06-29 16:17:38] 趋势数据已保存至：G:\PowerShellBat\AURORA-Analyzer\AURORA-Analyzer-Factory-Dev\AURORA-Analyzer-Factory\UserLogs\系统_日志_20260101_to_20260301_趋势数据.csv
[2026-06-29 16:17:38] 【趋势分析完成】
[2026-06-29 16:17:39] 🧠 正在调用 AURORA 智能诊断引擎...
[2026-06-29 16:17:39] ========================================
[2026-06-29 16:17:39]   智能诊断分析可用
[2026-06-29 16:17:39] ========================================
[2026-06-29 16:17:39] 📊 已检测到导出的 CSV 文件：
[2026-06-29 16:17:39]    位置：G:\PowerShellBat\AURORA-Analyzer\AURORA-Analyzer-Factory-Dev\AURORA-Analyzer-Factory\UserLogs
[2026-06-29 16:17:39]    文件：找到 9 个 CSV 文件
[2026-06-29 16:17:39] 🔍 智能模式将执行：
[2026-06-29 16:17:39]    ✓ 加载已导出的 CSV 文件
[2026-06-29 16:17:39]    ✓ 知识库靶向碰撞分析
[2026-06-29 16:17:39]    ✓ 提供自主修复方案
[2026-06-29 16:17:39] ⚡ 是否立即启动智能诊断分析？
[2026-06-29 16:17:39] ========================================
[2026-06-29 16:17:39] 📋 正在等待用户确认...
[2026-06-29 16:17:45] [syncHash] SmartAnalysisAuthorized = true
[2026-06-29 16:17:45] ✅ GUI 已响应智能分析请求（等待了 6300ms）
[2026-06-29 16:17:45] ✅ 用户确认，开始智能分析...
[2026-06-29 16:17:45] 📖 正在加载智能引擎...
[2026-06-29 16:17:45] [16:17:45] 🤖 正在初始化 AURORA 智能诊断与自主修复引擎...
[2026-06-29 16:17:46] [16:17:46] 🖥️ 操作系统: Microsoft Windows 11 教育版
[2026-06-29 16:17:46] [16:17:46] ⏱️ 系统连续运行时间: 7.4 小时
[2026-06-29 16:17:46] [16:17:46] ✅ 运行时间达标且未见近期崩溃。
[2026-06-29 16:17:46] 🎯 靶向锁定: 常规 24H 健康巡检 (范围: 06-28 16:17 ~ 06-29 16:17)
[2026-06-29 16:17:46] [16:17:46] ⚡ 正在从内核提取高危日志 (Critical/Error/Warning)...
[2026-06-29 16:17:46] [16:17:46] 📖 检测到 PRO 模式导出，正在读取：G:\PowerShellBat\AURORA-Analyzer\AURORA-Analyzer-Factory-Dev\AURORA-Analyzer-Factory\UserLogs
[2026-06-29 16:17:47] [16:17:46] ✅ 找到 5 个导出的 CSV 文件，正在加载...
[2026-06-29 16:17:47] [16:17:46] 📂 分析的日志类型：System
[2026-06-29 16:17:47] [16:17:46] ⚠️ 警告：未找到以下日志文件 - 应用程序日志
[2026-06-29 16:17:47] [16:17:46] 💡 提示：请在 PRO 模式中也导出这些日志以获得完整分析
[2026-06-29 16:17:47] [16:17:46]    正在加载：系统_日志_20260101___20260301.csv
[2026-06-29 16:17:47] [16:17:46]    正在加载：系统_日志_20260101___20260501.csv
[2026-06-29 16:17:47] [16:17:46]    正在加载：系统_日志_20260626.csv
[2026-06-29 16:17:47] [16:17:46]    正在加载：系统_日志_20260627.csv
[2026-06-29 16:17:47] [16:17:46]    正在加载：系统_日志_20260629.csv
[2026-06-29 16:17:47] [16:17:46] ✅ 已加载 0 个事件
[2026-06-29 16:17:47] [16:17:46] 🔍 正在从系统实时提取日志...
[2026-06-29 16:17:47] [16:17:46] 📦 成功提取并轻量化 154 条异常事件记录。
[2026-06-29 16:17:47] [16:17:46] 🧠 正在装载并预编译 AURORA-TechData 知识图谱...
[2026-06-29 16:17:47] [16:17:46] Knowledge base cached (10.283203125.ToString('F1') KB)
[2026-06-29 16:17:47] [16:17:46] ✅ 图谱装载完成，激活 32 条诊断规则。开始极速碰撞...
[2026-06-29 16:17:47] [16:17:46] 🎯 碰撞分析完成！发现 5 类已知高危问题。
[2026-06-29 16:17:47] [16:17:46] 
[2026-06-29 16:17:47] ================== [ 靶向自主修复方案 ] ==================
[2026-06-29 16:17:47] [16:17:46] 🚨 [H-001] TLS/SSL 安全协议错误
[2026-06-29 16:17:47]    [ 1 ] 查看 Schannel 错误 (Low)  [Auth]
[2026-06-29 16:17:47]    [ 2 ] 启用 TLS 1.2 (Medium) [Admin] [Auth]
[2026-06-29 16:17:47]    [ 3 ] 清除 SSL 状态 (Low)  [Auth]
[2026-06-29 16:17:47] 🚨 [A-003] 程序崩溃
[2026-06-29 16:17:47]    [ 4 ] 查看应用程序崩溃事件 (Low) [Admin] [Auth]
[2026-06-29 16:17:47]    [ 5 ] 检查系统内存使用 (Low)  [Auto]
[2026-06-29 16:17:47]    [ 6 ] 清理应用程序临时文件 (Low)  [Auto]
[2026-06-29 16:17:47] 🚨 [A-004] 托管代码异常
[2026-06-29 16:17:47]    [ 7 ] 查看.NET异常事件 (Low) [Admin] [Auth]
[2026-06-29 16:17:47]    [ 8 ] 检查已安装的.NET版本 (Low)  [Auto]
[2026-06-29 16:17:47]    [ 9 ] 修复.NET Framework (Medium) [Admin] [Auth]
[2026-06-29 16:17:47] 🚨 [F-012] 服务启动失败
[2026-06-29 16:17:47]    [ 10 ] 查看所有服务状态 (Low) [Admin] [Auth]
[2026-06-29 16:17:47]    [ 11 ] 查看服务详细信息 (Low) [Admin] [Auth]
[2026-06-29 16:17:47]    [ 12 ] 查看服务控制管理器事件 (Low) [Admin] [Auth]
[2026-06-29 16:17:47]    [ 13 ] 打开服务管理器 (Low)  [Auto]
[2026-06-29 16:17:47]    [ 14 ] 启动特定服务 (Medium) [Admin] [Auth]
[2026-06-29 16:17:47] 🚨 [B-022] 外部设备无法识别
[2026-06-29 16:17:47]    [ 15 ] 查看USB设备 (Low) [Admin] [Auth]
[2026-06-29 16:17:47]    [ 16 ] 查看所有有问题的设备 (Low) [Admin] [Auth]
[2026-06-29 16:17:47]    [ 17 ] 重置USB集线器 (Low) [Admin] [Auth]
[2026-06-29 16:17:47] [16:17:46] 
[2026-06-29 16:17:47] >>> 请在下方输入 [序号] 执行修复，或直接按 [Enter] 退出引擎：
[2026-06-29 16:17:47] [16:17:46] 
[2026-06-29 16:17:47] ================== [ 靶向自主修复方案 ] ==================
[2026-06-29 16:17:47] [16:17:46] 🚨 [H-001] TLS/SSL 安全协议错误
[2026-06-29 16:17:47]    [ 1 ] 查看 Schannel 错误 (Low)  [Auth]
[2026-06-29 16:17:47]    [ 2 ] 启用 TLS 1.2 (Medium) [Admin] [Auth]
[2026-06-29 16:17:47]    [ 3 ] 清除 SSL 状态 (Low)  [Auth]
[2026-06-29 16:17:47] 🚨 [A-003] 程序崩溃
[2026-06-29 16:17:47]    [ 4 ] 查看应用程序崩溃事件 (Low) [Admin] [Auth]
[2026-06-29 16:17:47]    [ 5 ] 检查系统内存使用 (Low)  [Auto]
[2026-06-29 16:17:47]    [ 6 ] 清理应用程序临时文件 (Low)  [Auto]
[2026-06-29 16:17:47] 🚨 [A-004] 托管代码异常
[2026-06-29 16:17:47]    [ 7 ] 查看.NET异常事件 (Low) [Admin] [Auth]
[2026-06-29 16:17:47]    [ 8 ] 检查已安装的.NET版本 (Low)  [Auto]
[2026-06-29 16:17:47]    [ 9 ] 修复.NET Framework (Medium) [Admin] [Auth]
[2026-06-29 16:17:47] 🚨 [F-012] 服务启动失败
[2026-06-29 16:17:47]    [ 10 ] 查看所有服务状态 (Low) [Admin] [Auth]
[2026-06-29 16:17:47]    [ 11 ] 查看服务详细信息 (Low) [Admin] [Auth]
[2026-06-29 16:17:47]    [ 12 ] 查看服务控制管理器事件 (Low) [Admin] [Auth]
[2026-06-29 16:17:47]    [ 13 ] 打开服务管理器 (Low)  [Auto]
[2026-06-29 16:17:47]    [ 14 ] 启动特定服务 (Medium) [Admin] [Auth]
[2026-06-29 16:17:47] 🚨 [B-022] 外部设备无法识别
[2026-06-29 16:17:47]    [ 15 ] 查看USB设备 (Low) [Admin] [Auth]
[2026-06-29 16:17:47]    [ 16 ] 查看所有有问题的设备 (Low) [Admin] [Auth]
[2026-06-29 16:17:47]    [ 17 ] 重置USB集线器 (Low) [Admin] [Auth]
[2026-06-29 16:17:47] [16:17:46] 
[2026-06-29 16:17:47] >>> 请在下方输入 [序号] 执行修复，或直接按 [Enter] 退出引擎：
[2026-06-29 16:18:37] 👤 [16:18:37] 你: 6
[2026-06-29 16:18:38] [16:18:37] ⚙️ 正在执行防线修复: 清理应用程序临时文件 ...
[2026-06-29 16:18:38] [安全守卫] 正在初始化 (第 1 次)...
[2026-06-29 16:18:38] [安全守卫] baseForGuard: G:\PowerShellBat\AURORA-Analyzer\AURORA-Analyzer-Factory-Dev\AURORA-Analyzer-Factory\Scripts\Security
[2026-06-29 16:18:38] [安全守卫] rootDir: G:\PowerShellBat\AURORA-Analyzer\AURORA-Analyzer-Factory-Dev\AURORA-Analyzer-Factory
[2026-06-29 16:18:38] [安全守卫] 初始化成功
[2026-06-29 16:18:38] [诊断] 正在执行环境安全扫描...
[2026-06-29 16:18:38] [诊断] 扫描结果: NONE
[2026-06-29 16:18:38] [安全守卫] 启动环境扫描完成 - 安全
[2026-06-29 16:18:38] [安全守卫] 已启动持续性检测（每 3 秒）
[2026-06-29 16:18:38] [安全守卫] WMI 实时监控启动失败，将仅使用轮询模式
[2026-06-29 16:18:38] [PRO] Starting AURORA PRO Mode (Language: CHS)
[2026-06-29 16:18:38] [PRO] Loading Unified PRO Engine...
[2026-06-29 16:18:38] [安全守卫] 正在初始化 (第 1 次)...
[2026-06-29 16:18:38] [安全守卫] baseForGuard: G:\PowerShellBat\AURORA-Analyzer\AURORA-Analyzer-Factory-Dev\AURORA-Analyzer-Factory\Scripts\Security
[2026-06-29 16:18:38] [安全守卫] rootDir: G:\PowerShellBat\AURORA-Analyzer\AURORA-Analyzer-Factory-Dev\AURORA-Analyzer-Factory
[2026-06-29 16:18:38] [安全守卫] 初始化成功
[2026-06-29 16:18:38] [诊断] 正在执行环境安全扫描...
[2026-06-29 16:18:38] [诊断] 扫描结果: NONE
[2026-06-29 16:18:38] [安全守卫] 启动环境扫描完成 - 安全
[2026-06-29 16:18:38] [安全守卫] 已启动持续性检测（每 3 秒）
[2026-06-29 16:18:38] [安全守卫] WMI 实时监控启动失败，将仅使用轮询模式
[2026-06-29 16:18:38] /// AURORA Analyzer Release Version ///
[2026-06-29 16:18:38] /// AURORA 2026 VelociRaptor-GR 版权所有 ///
[2026-06-29 16:18:38] /// Windows 系统事件日志导出与智能分析工具 ///
[2026-06-29 16:18:38] ///请稍后... 正在检测当前系统日期...///
[2026-06-29 16:18:38] 📅 检测完成! 当前日期为: 2026-06-29///
[2026-06-29 16:18:38] ///正在检查缓存状态...///
[2026-06-29 16:18:38] ///缓存状态检查完成!///
[2026-06-29 16:18:38] 【请选择日志类型】
[2026-06-29 16:18:38] 1: System (系统)
[2026-06-29 16:18:38] 2: Application (应用程序)
[2026-06-29 16:18:38] 3: Security (安全) - 需要管理员权限
[2026-06-29 16:18:38] 4: Setup (安装) - 需要管理员权限
[2026-06-29 16:18:38] 5: DNS Server (DNS服务器) - 需要管理员权限
[2026-06-29 16:18:38] 6: DHCP Server (DHCP服务器) - 需要管理员权限
[2026-06-29 16:18:38] 7: Active Directory (活动目录) - 需要管理员权限
[2026-06-29 16:18:38] 8: IIS (Web服务器) - 需要管理员权限
[2026-06-29 16:18:38] 💡 提示：可选择多个日志类型，用逗号或空格分隔（如：1,2 或 1 2）
[2026-06-29 16:18:38] ✅ 已选择日志类型: System
[2026-06-29 16:18:38] 【请选择导出模式】
[2026-06-29 16:18:38] 1: 单日导出（例如：2026-01-21）
[2026-06-29 16:18:38] 2: 日期范围导出（起止日期，格式：YYYY-MM-DD）
[2026-06-29 16:18:38] 【事件过滤选项】
[2026-06-29 16:18:38] 1: 无过滤（默认）
[2026-06-29 16:18:38] 2: 按事件 ID 过滤
[2026-06-29 16:18:38] 3: 按事件提供程序过滤
[2026-06-29 16:18:38] 4: 按事件级别过滤
[2026-06-29 16:18:38] ⚠️ 检测到 scopes 是单个对象，正在转换为数组...
[2026-06-29 16:18:38] ✅ scopes 验证完成，共 1 个范围
[2026-06-29 16:18:38] ━━━━━━━━━━━━━━━━━━━━━━━━ 评估系统性能 ━━━━━━━━━━━━━━━━━━━━━━━━
[2026-06-29 16:18:38] 【正在评估系统性能...】
[2026-06-29 16:18:38] 处理器：11th Gen Intel(R) Core(TM) i7-11800H @ 2.30GHz 8 核心 @ 4055 MHz (基础: 2304 MHz)
[2026-06-29 16:18:38] 内存容量：31.74 GB
[2026-06-29 16:18:38] 磁盘性能分数: 50/50
[2026-06-29 16:18:38] 磁盘配置：2 个 SSD, 0 个 HDD
[2026-06-29 16:18:38] 正在计算性能分数...
[2026-06-29 16:18:38] 您的性能分数为：100/100
[2026-06-29 16:18:38] 使用最佳分块大小：7 小时/块
[2026-06-29 16:18:38] 根据系统负载使用 13/16 个线程
[2026-06-29 16:18:38] ✅ 知识图谱索引创建成功
[2026-06-29 16:18:38] ✅ 知识图谱加载成功，包含 9 个分类
[2026-06-29 16:18:38] 【资源优化策略】
[2026-06-29 16:18:38] 性能等级: HighPerformance
[2026-06-29 16:18:38] 日志扫描并行度: 16
[2026-06-29 16:18:38] 报告生成并行度: 12.8
[2026-06-29 16:18:38] 缓存压缩: False
[2026-06-29 16:18:38] I/O 缓冲区大小：131072 bytes
[2026-06-29 16:18:38] ━━━━━━━━━━━━━━━━━━━━━━ 扫描高危事件 + 导出 ━━━━━━━━━━━━━━━━━━━━━━
[2026-06-29 16:18:38] ========================================
[2026-06-29 16:18:38]   [1/1] 正在处理：System
[2026-06-29 16:18:38] ========================================
[2026-06-29 16:18:38] 【无匹配缓存，正在扫描所选范围内的高危事件...】
[2026-06-29 16:18:38] [系统资源监控] 并行线程数: 13, 内存使用率: 37.45%
[2026-06-29 16:18:38] [知识库分析] 正在批量处理 3480 条事件的知识库查询...
[2026-06-29 16:18:38] [知识库分析] 批量处理完成
[2026-06-29 16:18:38] 【高危事件扫描完成】共发现 3480 条高危事件
[2026-06-29 16:18:38] 【扫描完成】
[2026-06-29 16:18:38] 发现：5 条严重事件，1101 条错误，2374 条警告（共 3480 条高危事件）
[2026-06-29 16:18:38] 总日志数：8420 条
[2026-06-29 16:18:38] 【系统健康评估】
[2026-06-29 16:18:38] 错误: 1101 | 警告: 2374 | 严重: 5
[2026-06-29 16:18:38] 健康评分: 45/100 | 健康等级: 较差
[2026-06-29 16:18:38] 系统状态：较差 —— 存在大量异常，建议立即检查！
[2026-06-29 16:18:38] 数据已存入缓存...
[2026-06-29 16:18:38] 【完整 System 日志读取完成】共采集 8420 条事件
[2026-06-29 16:18:38] 【正在导出：完整 System 日志】
[2026-06-29 16:18:38] 【正在执行高级日志模式分析...】
[2026-06-29 16:18:38] 摘要报告已保存至：G:\PowerShellBat\AURORA-Analyzer\AURORA-Analyzer-Factory-Dev\AURORA-Analyzer-Factory\UserLogs\系统_日志_20260101___20260301_摘要.txt
[2026-06-29 16:18:38] 使用并行处理加速CSV数据生成...
[2026-06-29 16:18:38] 已导出:
[2026-06-29 16:18:38]   CSV: G:\PowerShellBat\AURORA-Analyzer\AURORA-Analyzer-Factory-Dev\AURORA-Analyzer-Factory\UserLogs\系统_日志_20260101___20260301.csv
[2026-06-29 16:18:38]   JSON: G:\PowerShellBat\AURORA-Analyzer\AURORA-Analyzer-Factory-Dev\AURORA-Analyzer-Factory\UserLogs\系统_日志_20260101___20260301.json
[2026-06-29 16:18:38]   XML: G:\PowerShellBat\AURORA-Analyzer\AURORA-Analyzer-Factory-Dev\AURORA-Analyzer-Factory\UserLogs\系统_日志_20260101___20260301.xml
[2026-06-29 16:18:38] 趋势分析报告已保存至：G:\PowerShellBat\AURORA-Analyzer\AURORA-Analyzer-Factory-Dev\AURORA-Analyzer-Factory\UserLogs\系统_日志_20260101_to_20260301_趋势分析.txt
[2026-06-29 16:18:38] 趋势数据已保存至：G:\PowerShellBat\AURORA-Analyzer\AURORA-Analyzer-Factory-Dev\AURORA-Analyzer-Factory\UserLogs\系统_日志_20260101_to_20260301_趋势数据.csv
[2026-06-29 16:18:38] 【趋势分析完成】
[2026-06-29 16:18:38] 🧠 正在调用 AURORA 智能诊断引擎...
[2026-06-29 16:18:38] ========================================
[2026-06-29 16:18:38]   智能诊断分析可用
[2026-06-29 16:18:38] ========================================
[2026-06-29 16:18:38] 📊 已检测到导出的 CSV 文件：
[2026-06-29 16:18:38]    位置：G:\PowerShellBat\AURORA-Analyzer\AURORA-Analyzer-Factory-Dev\AURORA-Analyzer-Factory\UserLogs
[2026-06-29 16:18:38]    文件：找到 9 个 CSV 文件
[2026-06-29 16:18:38] 🔍 智能模式将执行：
[2026-06-29 16:18:38]    ✓ 加载已导出的 CSV 文件
[2026-06-29 16:18:38]    ✓ 知识库靶向碰撞分析
[2026-06-29 16:18:38]    ✓ 提供自主修复方案
[2026-06-29 16:18:38] ⚡ 是否立即启动智能诊断分析？
[2026-06-29 16:18:38] ========================================
[2026-06-29 16:18:38] 📋 正在等待用户确认...
[2026-06-29 16:18:38] ✅ GUI 已响应智能分析请求（等待了 6300ms）
[2026-06-29 16:18:38] ✅ 用户确认，开始智能分析...
[2026-06-29 16:18:38] 📖 正在加载智能引擎...
[2026-06-29 16:18:38] ✅ AURORA Undo 管理器初始化完成
[2026-06-29 16:18:38]    备份目录：G:\PowerShellBat\AURORA-Analyzer\AURORA-Analyzer-Factory-Dev\AURORA-Analyzer-Factory\Scripts\Session\..\SessionCache\backup
[2026-06-29 16:18:38] [16:18:38] 🔍 执行前置检查...
[2026-06-29 16:18:48] [16:18:38] ✅ 前置检查通过
[2026-06-29 16:18:48] 序临时文件
[2026-06-29 16:18:48]    目标：清理应用程序临时文件
[2026-06-29 16:18:48] ✅ 修复会话完成：RS_20260629_161838_473
[2026-06-29 16:18:48]    状态：Success
[2026-06-29 16:18:48]    执行命令数：0
[2026-06-29 16:18:48]    可撤销：❌ 否
[2026-06-29 16:18:48] [16:18:38] 
[2026-06-29 16:18:48] [16:18:39] ⚙️ 正在执行...
[2026-06-29 16:18:48] [16:18:40] ✅ 执行成功
[2026-06-29 16:18:48] [16:18:40] ⏱️ 执行时间: 1.23 秒
[2026-06-29 16:18:48] [16:18:43] ✅ 指令下发成功。
[2026-06-29 16:18:48] [16:18:44] 
[2026-06-29 16:18:48] ================== [ 靶向自主修复方案 ] ==================
[2026-06-29 16:18:48] [16:18:44] 🚨 [H-001] TLS/SSL 安全协议错误
[2026-06-29 16:18:48]    [ 1 ] 查看 Schannel 错误 (Low)  [Auth]
[2026-06-29 16:18:48]    [ 2 ] 启用 TLS 1.2 (Medium) [Admin] [Auth]
[2026-06-29 16:18:48]    [ 3 ] 清除 SSL 状态 (Low)  [Auth]
[2026-06-29 16:18:48] 🚨 [A-003] 程序崩溃
[2026-06-29 16:18:48]    [ 4 ] 查看应用程序崩溃事件 (Low) [Admin] [Auth]
[2026-06-29 16:18:48]    [ 5 ] 检查系统内存使用 (Low)  [Auto]
[2026-06-29 16:18:48]    [ 6 ] 清理应用程序临时文件 (Low)  [Auto]
[2026-06-29 16:18:48] 🚨 [A-004] 托管代码异常
[2026-06-29 16:18:48]    [ 7 ] 查看.NET异常事件 (Low) [Admin] [Auth]
[2026-06-29 16:18:48]    [ 8 ] 检查已安装的.NET版本 (Low)  [Auto]
[2026-06-29 16:18:48]    [ 9 ] 修复.NET Framework (Medium) [Admin] [Auth]
[2026-06-29 16:18:48] 🚨 [F-012] 服务启动失败
[2026-06-29 16:18:48]    [ 10 ] 查看所有服务状态 (Low) [Admin] [Auth]
[2026-06-29 16:18:48]    [ 11 ] 查看服务详细信息 (Low) [Admin] [Auth]
[2026-06-29 16:18:48]    [ 12 ] 查看服务控制管理器事件 (Low) [Admin] [Auth]
[2026-06-29 16:18:48]    [ 13 ] 打开服务管理器 (Low)  [Auto]
[2026-06-29 16:18:48]    [ 14 ] 启动特定服务 (Medium) [Admin] [Auth]
[2026-06-29 16:18:48] 🚨 [B-022] 外部设备无法识别
[2026-06-29 16:18:48]    [ 15 ] 查看USB设备 (Low) [Admin] [Auth]
[2026-06-29 16:18:48]    [ 16 ] 查看所有有问题的设备 (Low) [Admin] [Auth]
[2026-06-29 16:18:48]    [ 17 ] 重置USB集线器 (Low) [Admin] [Auth]
[2026-06-29 16:18:48] [16:18:44] 
[2026-06-29 16:18:48] >>> 请在下方输入 [序号] 执行修复，或直接按 [Enter] 退出引擎：
[2026-06-29 16:19:56] 👤 [16:19:56] 你: [按下了回车 / 使用默认值]
[2026-06-29 16:19:56] [安全守卫] 正在初始化 (第 1 次)...
[2026-06-29 16:19:56] [安全守卫] baseForGuard: G:\PowerShellBat\AURORA-Analyzer\AURORA-Analyzer-Factory-Dev\AURORA-Analyzer-Factory\Scripts\Security
[2026-06-29 16:19:56] [安全守卫] rootDir: G:\PowerShellBat\AURORA-Analyzer\AURORA-Analyzer-Factory-Dev\AURORA-Analyzer-Factory
[2026-06-29 16:19:56] [安全守卫] 初始化成功
[2026-06-29 16:19:56] [诊断] 正在执行环境安全扫描...
[2026-06-29 16:19:56] [诊断] 扫描结果: NONE
[2026-06-29 16:19:56] [安全守卫] 启动环境扫描完成 - 安全
[2026-06-29 16:19:56] [安全守卫] 已启动持续性检测（每 3 秒）
[2026-06-29 16:19:56] [安全守卫] WMI 实时监控启动失败，将仅使用轮询模式
[2026-06-29 16:19:56] [PRO] Starting AURORA PRO Mode (Language: CHS)
[2026-06-29 16:19:56] [PRO] Loading Unified PRO Engine...
[2026-06-29 16:19:56] [安全守卫] 正在初始化 (第 1 次)...
[2026-06-29 16:19:56] [安全守卫] baseForGuard: G:\PowerShellBat\AURORA-Analyzer\AURORA-Analyzer-Factory-Dev\AURORA-Analyzer-Factory\Scripts\Security
[2026-06-29 16:19:56] [安全守卫] rootDir: G:\PowerShellBat\AURORA-Analyzer\AURORA-Analyzer-Factory-Dev\AURORA-Analyzer-Factory
[2026-06-29 16:19:56] [安全守卫] 初始化成功
[2026-06-29 16:19:56] [诊断] 正在执行环境安全扫描...
[2026-06-29 16:19:56] [诊断] 扫描结果: NONE
[2026-06-29 16:19:56] [安全守卫] 启动环境扫描完成 - 安全
[2026-06-29 16:19:56] [安全守卫] 已启动持续性检测（每 3 秒）
[2026-06-29 16:19:56] [安全守卫] WMI 实时监控启动失败，将仅使用轮询模式
[2026-06-29 16:19:56] /// AURORA Analyzer Release Version ///
[2026-06-29 16:19:56] /// AURORA 2026 VelociRaptor-GR 版权所有 ///
[2026-06-29 16:19:56] /// Windows 系统事件日志导出与智能分析工具 ///
[2026-06-29 16:19:56] ///请稍后... 正在检测当前系统日期...///
[2026-06-29 16:19:56] 📅 检测完成! 当前日期为: 2026-06-29///
[2026-06-29 16:19:56] ///正在检查缓存状态...///
[2026-06-29 16:19:56] ///缓存状态检查完成!///
[2026-06-29 16:19:56] 【请选择日志类型】
[2026-06-29 16:19:56] 1: System (系统)
[2026-06-29 16:19:56] 2: Application (应用程序)
[2026-06-29 16:19:56] 3: Security (安全) - 需要管理员权限
[2026-06-29 16:19:56] 4: Setup (安装) - 需要管理员权限
[2026-06-29 16:19:56] 5: DNS Server (DNS服务器) - 需要管理员权限
[2026-06-29 16:19:56] 6: DHCP Server (DHCP服务器) - 需要管理员权限
[2026-06-29 16:19:56] 7: Active Directory (活动目录) - 需要管理员权限
[2026-06-29 16:19:56] 8: IIS (Web服务器) - 需要管理员权限
[2026-06-29 16:19:56] 💡 提示：可选择多个日志类型，用逗号或空格分隔（如：1,2 或 1 2）
[2026-06-29 16:19:56] ✅ 已选择日志类型: System
[2026-06-29 16:19:56] 【请选择导出模式】
[2026-06-29 16:19:56] 1: 单日导出（例如：2026-01-21）
[2026-06-29 16:19:56] 2: 日期范围导出（起止日期，格式：YYYY-MM-DD）
[2026-06-29 16:19:56] 【事件过滤选项】
[2026-06-29 16:19:56] 1: 无过滤（默认）
[2026-06-29 16:19:56] 2: 按事件 ID 过滤
[2026-06-29 16:19:56] 3: 按事件提供程序过滤
[2026-06-29 16:19:56] 4: 按事件级别过滤
[2026-06-29 16:19:56] ⚠️ 检测到 scopes 是单个对象，正在转换为数组...
[2026-06-29 16:19:56] ✅ scopes 验证完成，共 1 个范围
[2026-06-29 16:19:56] ━━━━━━━━━━━━━━━━━━━━━━━━ 评估系统性能 ━━━━━━━━━━━━━━━━━━━━━━━━
[2026-06-29 16:19:56] 【正在评估系统性能...】
[2026-06-29 16:19:56] 处理器：11th Gen Intel(R) Core(TM) i7-11800H @ 2.30GHz 8 核心 @ 4055 MHz (基础: 2304 MHz)
[2026-06-29 16:19:56] 内存容量：31.74 GB
[2026-06-29 16:19:56] 磁盘性能分数: 50/50
[2026-06-29 16:19:56] 磁盘配置：2 个 SSD, 0 个 HDD
[2026-06-29 16:19:56] 正在计算性能分数...
[2026-06-29 16:19:56] 您的性能分数为：100/100
[2026-06-29 16:19:56] 使用最佳分块大小：7 小时/块
[2026-06-29 16:19:56] 根据系统负载使用 13/16 个线程
[2026-06-29 16:19:56] ✅ 知识图谱索引创建成功
[2026-06-29 16:19:56] ✅ 知识图谱加载成功，包含 9 个分类
[2026-06-29 16:19:56] 【资源优化策略】
[2026-06-29 16:19:56] 性能等级: HighPerformance
[2026-06-29 16:19:56] 日志扫描并行度: 16
[2026-06-29 16:19:56] 报告生成并行度: 12.8
[2026-06-29 16:19:56] 缓存压缩: False
[2026-06-29 16:19:56] I/O 缓冲区大小：131072 bytes
[2026-06-29 16:19:56] ━━━━━━━━━━━━━━━━━━━━━━ 扫描高危事件 + 导出 ━━━━━━━━━━━━━━━━━━━━━━
[2026-06-29 16:19:56] ========================================
[2026-06-29 16:19:56]   [1/1] 正在处理：System
[2026-06-29 16:19:56] ========================================
[2026-06-29 16:19:56] 【无匹配缓存，正在扫描所选范围内的高危事件...】
[2026-06-29 16:19:56] [系统资源监控] 并行线程数: 13, 内存使用率: 37.45%
[2026-06-29 16:19:56] [知识库分析] 正在批量处理 3480 条事件的知识库查询...
[2026-06-29 16:19:56] [知识库分析] 批量处理完成
[2026-06-29 16:19:56] 【高危事件扫描完成】共发现 3480 条高危事件
[2026-06-29 16:19:56] 【扫描完成】
[2026-06-29 16:19:56] 发现：5 条严重事件，1101 条错误，2374 条警告（共 3480 条高危事件）
[2026-06-29 16:19:56] 总日志数：8420 条
[2026-06-29 16:19:56] 【系统健康评估】
[2026-06-29 16:19:56] 错误: 1101 | 警告: 2374 | 严重: 5
[2026-06-29 16:19:56] 健康评分: 45/100 | 健康等级: 较差
[2026-06-29 16:19:56] 系统状态：较差 —— 存在大量异常，建议立即检查！
[2026-06-29 16:19:56] 数据已存入缓存...
[2026-06-29 16:19:56] 【完整 System 日志读取完成】共采集 8420 条事件
[2026-06-29 16:19:56] 【正在导出：完整 System 日志】
[2026-06-29 16:19:56] 【正在执行高级日志模式分析...】
[2026-06-29 16:19:56] 摘要报告已保存至：G:\PowerShellBat\AURORA-Analyzer\AURORA-Analyzer-Factory-Dev\AURORA-Analyzer-Factory\UserLogs\系统_日志_20260101___20260301_摘要.txt
[2026-06-29 16:19:56] 使用并行处理加速CSV数据生成...
[2026-06-29 16:19:56] 已导出:
[2026-06-29 16:19:56]   CSV: G:\PowerShellBat\AURORA-Analyzer\AURORA-Analyzer-Factory-Dev\AURORA-Analyzer-Factory\UserLogs\系统_日志_20260101___20260301.csv
[2026-06-29 16:19:56]   JSON: G:\PowerShellBat\AURORA-Analyzer\AURORA-Analyzer-Factory-Dev\AURORA-Analyzer-Factory\UserLogs\系统_日志_20260101___20260301.json
[2026-06-29 16:19:56]   XML: G:\PowerShellBat\AURORA-Analyzer\AURORA-Analyzer-Factory-Dev\AURORA-Analyzer-Factory\UserLogs\系统_日志_20260101___20260301.xml
[2026-06-29 16:19:56] 趋势分析报告已保存至：G:\PowerShellBat\AURORA-Analyzer\AURORA-Analyzer-Factory-Dev\AURORA-Analyzer-Factory\UserLogs\系统_日志_20260101_to_20260301_趋势分析.txt
[2026-06-29 16:19:56] 趋势数据已保存至：G:\PowerShellBat\AURORA-Analyzer\AURORA-Analyzer-Factory-Dev\AURORA-Analyzer-Factory\UserLogs\系统_日志_20260101_to_20260301_趋势数据.csv
[2026-06-29 16:19:56] 【趋势分析完成】
[2026-06-29 16:19:56] 🧠 正在调用 AURORA 智能诊断引擎...
[2026-06-29 16:19:56] ========================================
[2026-06-29 16:19:56]   智能诊断分析可用
[2026-06-29 16:19:56] ========================================
[2026-06-29 16:19:56] 📊 已检测到导出的 CSV 文件：
[2026-06-29 16:19:56]    位置：G:\PowerShellBat\AURORA-Analyzer\AURORA-Analyzer-Factory-Dev\AURORA-Analyzer-Factory\UserLogs
[2026-06-29 16:19:56]    文件：找到 9 个 CSV 文件
[2026-06-29 16:19:56] 🔍 智能模式将执行：
[2026-06-29 16:19:56]    ✓ 加载已导出的 CSV 文件
[2026-06-29 16:19:56]    ✓ 知识库靶向碰撞分析
[2026-06-29 16:19:56]    ✓ 提供自主修复方案
[2026-06-29 16:19:56] ⚡ 是否立即启动智能诊断分析？
[2026-06-29 16:19:56] ========================================
[2026-06-29 16:19:56] 📋 正在等待用户确认...
[2026-06-29 16:19:56] ✅ GUI 已响应智能分析请求（等待了 6300ms）
[2026-06-29 16:19:56] ✅ 用户确认，开始智能分析...
[2026-06-29 16:19:56] 📖 正在加载智能引擎...
[2026-06-29 16:19:56] ✅ AURORA Undo 管理器初始化完成
[2026-06-29 16:19:56]    备份目录：G:\PowerShellBat\AURORA-Analyzer\AURORA-Analyzer-Factory-Dev\AURORA-Analyzer-Factory\Scripts\Session\..\SessionCache\backup
[2026-06-29 16:19:56] 🔧 开始修复会话：RS_20260629_161838_473
[2026-06-29 16:19:56]    类型：清理应用程序临时文件
[2026-06-29 16:19:56]    目标：清理应用程序临时文件
[2026-06-29 16:19:56] ✅ 修复会话完成：RS_20260629_161838_473
[2026-06-29 16:19:56]    状态：Success
[2026-06-29 16:19:56]    执行命令数：0
[2026-06-29 16:19:56]    可撤销：❌ 否
[2026-06-29 16:19:56] ✅ 智能诊断分析完成！
[2026-06-29 16:19:56] >>> 分析完成
[2026-06-29 16:19:56] True
[2026-06-29 16:19:56] True
[2026-06-29 16:19:56] True
[2026-06-29 16:19:56] True
[2026-06-29 16:19:56] True
[2026-06-29 16:19:56] [分析完成]
[2026-06-29 17:12:34] >>> StartAnalysisAsync entered
[2026-06-29 17:12:34] >>> [安全警告] 引擎完整性检查失败: FILE_MISSING:CoreEngine
[2026-06-29 17:12:34] 💻 硬件评估层级: [Extreme]
[2026-06-29 17:12:34] ⚠️ 管理员权限：未获取 - 部分功能受限
[2026-06-29 17:12:34] >>> 正在执行分析...
[2026-06-29 17:12:35] [安全守卫] 正在初始化 (第 1 次)...
[2026-06-29 17:12:35] [安全守卫] baseForGuard: G:\PowerShellBat\AURORA-Analyzer\AURORA-Analyzer-Factory-Dev\AURORA-Analyzer-Factory\Scripts\Security
[2026-06-29 17:12:35] [安全守卫] rootDir: G:\PowerShellBat\AURORA-Analyzer\AURORA-Analyzer-Factory-Dev\AURORA-Analyzer-Factory
[2026-06-29 17:12:35] [安全守卫] 初始化成功
[2026-06-29 17:12:35] [诊断] 正在执行环境安全扫描...
[2026-06-29 17:12:35] [诊断] 扫描结果: NONE
[2026-06-29 17:12:35] [安全守卫] 启动环境扫描完成 - 安全
[2026-06-29 17:12:35] [安全守卫] 已启动持续性检测（每 3 秒）
[2026-06-29 17:12:35] [安全守卫] WMI 实时监控启动失败，将仅使用轮询模式
[2026-06-29 17:12:35] [PRO] Starting AURORA PRO Mode (Language: CHS)
[2026-06-29 17:12:35] [PRO] Loading Unified PRO Engine...
[2026-06-29 17:12:35] [安全守卫] 正在初始化 (第 1 次)...
[2026-06-29 17:12:35] [安全守卫] baseForGuard: G:\PowerShellBat\AURORA-Analyzer\AURORA-Analyzer-Factory-Dev\AURORA-Analyzer-Factory\Scripts\Security
[2026-06-29 17:12:35] [安全守卫] rootDir: G:\PowerShellBat\AURORA-Analyzer\AURORA-Analyzer-Factory-Dev\AURORA-Analyzer-Factory
[2026-06-29 17:12:35] [安全守卫] 初始化成功
[2026-06-29 17:12:35] [诊断] 正在执行环境安全扫描...
[2026-06-29 17:12:35] [诊断] 扫描结果: NONE
[2026-06-29 17:12:35] [安全守卫] 启动环境扫描完成 - 安全
[2026-06-29 17:12:35] [安全守卫] 已启动持续性检测（每 3 秒）
[2026-06-29 17:12:35] [安全守卫] WMI 实时监控启动失败，将仅使用轮询模式
[2026-06-29 17:12:36] [17:12:35] [Info] 正在初始化 AURORA Core Engine...
[2026-06-29 17:12:36] [17:12:36] [Info] 系统：Microsoft Windows 11 教育版 (10.0.26200)
[2026-06-29 17:12:36] [17:12:36] [Info] PowerShell: v5.1.26100.8737
[2026-06-29 17:12:36] [17:12:36] [Info] 架构：x64
[2026-06-29 17:12:36] [17:12:36] [Success] Core Engine 初始化完成
[2026-06-29 17:12:37] /// AURORA Analyzer Release Version ///
[2026-06-29 17:12:37] /// AURORA 2026 VelociRaptor-GR 版权所有 ///
[2026-06-29 17:12:37] /// Windows 系统事件日志导出与智能分析工具 ///
[2026-06-29 17:12:37] ///请稍后... 正在检测当前系统日期...///
[2026-06-29 17:12:37] 📅 检测完成! 当前日期为: 2026-06-29///
[2026-06-29 17:12:37] ///正在检查缓存状态...///
[2026-06-29 17:12:37] ///缓存状态检查完成!///
[2026-06-29 17:12:37] 【请选择日志类型】
[2026-06-29 17:12:37] 1: System (系统)
[2026-06-29 17:12:37] 2: Application (应用程序)
[2026-06-29 17:12:37] 3: Security (安全) - 需要管理员权限
[2026-06-29 17:12:37] 4: Setup (安装) - 需要管理员权限
[2026-06-29 17:12:37] 5: DNS Server (DNS服务器) - 需要管理员权限
[2026-06-29 17:12:37] 6: DHCP Server (DHCP服务器) - 需要管理员权限
[2026-06-29 17:12:37] 7: Active Directory (活动目录) - 需要管理员权限
[2026-06-29 17:12:37] 8: IIS (Web服务器) - 需要管理员权限
[2026-06-29 17:12:37] 💡 提示：可选择多个日志类型，用逗号或空格分隔（如：1,2 或 1 2）
[2026-06-29 17:12:37] [17:12:37] > 请进行输入: 
[2026-06-29 17:12:37] 请输入选项 (1-8)，直接回车则使用默认: System
[2026-06-29 17:12:46] 👤 [17:12:46] 你: [按下了回车 / 使用默认值]
[2026-06-29 17:12:46] ✅ 已选择日志类型: System
[2026-06-29 17:12:46] 【请选择导出模式】
[2026-06-29 17:12:46] 1: 单日导出（例如：2026-01-21）
[2026-06-29 17:12:46] 2: 日期范围导出（起止日期，格式：YYYY-MM-DD）
[2026-06-29 17:12:46] [17:12:46] > 请进行输入: 
[2026-06-29 17:12:46] 请输入选项 (1 或 2)
[2026-06-29 17:12:55] 👤 [17:12:55] 你: 2
[2026-06-29 17:12:55] [17:12:55] > 请进行输入: 
[2026-06-29 17:12:55] 请输入起始日期 (格式：YYYY-MM-DD)
[2026-06-29 17:13:01] 👤 [17:13:01] 你: 2026-01-01
[2026-06-29 17:13:01] [17:13:01] > 请进行输入: 请输入结束日期 (格式：YYYY-MM-DD)
[2026-06-29 17:13:05] 👤 [17:13:05] 你: 2026-03-01
[2026-06-29 17:13:05] 【事件过滤选项】
[2026-06-29 17:13:05] 1: 无过滤（默认）
[2026-06-29 17:13:05] 2: 按事件 ID 过滤
[2026-06-29 17:13:05] 3: 按事件提供程序过滤
[2026-06-29 17:13:05] 4: 按事件级别过滤
[2026-06-29 17:13:05] [17:13:05] > 请进行输入: 
[2026-06-29 17:13:05] 请选择过滤选项 (1-4)，直接回车则使用默认: 1
[2026-06-29 17:13:07] 👤 [17:13:07] 你: [按下了回车 / 使用默认值]
[2026-06-29 17:13:07] ⚠️ 检测到 scopes 是单个对象，正在转换为数组...
[2026-06-29 17:13:07] ✅ scopes 验证完成，共 1 个范围
[2026-06-29 17:13:07] ━━━━━━━━━━━━━━━━━━━━━━━━ 评估系统性能 ━━━━━━━━━━━━━━━━━━━━━━━━
[2026-06-29 17:13:07] 【正在评估系统性能...】
[2026-06-29 17:13:13] 处理器：11th Gen Intel(R) Core(TM) i7-11800H @ 2.30GHz 8 核心 @ 4078 MHz (基础: 2304 MHz)
[2026-06-29 17:13:13] 内存容量：31.74 GB
[2026-06-29 17:13:13] 磁盘性能分数: 50/50
[2026-06-29 17:13:13] 磁盘配置：2 个 SSD, 0 个 HDD
[2026-06-29 17:13:13] 正在计算性能分数...
[2026-06-29 17:13:13] 您的性能分数为：100/100
[2026-06-29 17:13:19] 使用最佳分块大小：7 小时/块
[2026-06-29 17:13:19] 根据系统负载使用 13/16 个线程
[2026-06-29 17:13:24] ✅ 知识图谱索引创建成功
[2026-06-29 17:13:24] ✅ 知识图谱加载成功，包含 9 个分类
[2026-06-29 17:13:24] 【资源优化策略】
[2026-06-29 17:13:24] 性能等级: HighPerformance
[2026-06-29 17:13:24] 日志扫描并行度: 16
[2026-06-29 17:13:24] 报告生成并行度: 12.8
[2026-06-29 17:13:24] 缓存压缩: False
[2026-06-29 17:13:24] I/O 缓冲区大小：131072 bytes
[2026-06-29 17:13:24] ━━━━━━━━━━━━━━━━━━━━━━ 扫描高危事件 + 导出 ━━━━━━━━━━━━━━━━━━━━━━
[2026-06-29 17:13:24] ========================================
[2026-06-29 17:13:24]   [1/1] 正在处理：System
[2026-06-29 17:13:24] ========================================
[2026-06-29 17:13:24] 【无匹配缓存，正在扫描所选范围内的高危事件...】
[2026-06-29 17:13:29] [系统资源监控] 并行线程数: 13, 内存使用率: 37.15%
[2026-06-29 17:13:34] [知识库分析] 正在批量处理 3480 条事件的知识库查询...
[2026-06-29 17:13:36] [知识库分析] 批量处理完成
[2026-06-29 17:13:40] 【高危事件扫描完成】共发现 3480 条高危事件
[2026-06-29 17:13:44] 【扫描完成】
[2026-06-29 17:13:44] 发现：5 条严重事件，1101 条错误，2374 条警告（共 3480 条高危事件）
[2026-06-29 17:13:44] 总日志数：8420 条
[2026-06-29 17:13:44] 【系统健康评估】
[2026-06-29 17:13:44] 错误: 1101 | 警告: 2374 | 严重: 5
[2026-06-29 17:13:44] 健康评分: 45/100 | 健康等级: 较差
[2026-06-29 17:13:44] 系统状态：较差 —— 存在大量异常，建议立即检查！
[2026-06-29 17:13:44] [17:13:44] > 请进行输入: 
[2026-06-29 17:13:44] 按 Enter 仅导出高危事件，或输入 '1' 导出完整日志
[2026-06-29 17:13:51] 👤 [17:13:51] 你: 1
[2026-06-29 17:14:06] 数据已存入缓存...
[2026-06-29 17:14:06] 【完整 System 日志读取完成】共采集 8420 条事件
[2026-06-29 17:14:07] 【正在导出：完整 System 日志】
[2026-06-29 17:14:07] 【正在执行高级日志模式分析...】
[2026-06-29 17:14:09] 摘要报告已保存至：G:\PowerShellBat\AURORA-Analyzer\AURORA-Analyzer-Factory-Dev\AURORA-Analyzer-Factory\UserLogs\系统_日志_20260101___20260301_摘要.txt
[2026-06-29 17:14:09] 使用并行处理加速CSV数据生成...
[2026-06-29 17:14:11] 已导出:
[2026-06-29 17:14:11]   CSV: G:\PowerShellBat\AURORA-Analyzer\AURORA-Analyzer-Factory-Dev\AURORA-Analyzer-Factory\UserLogs\系统_日志_20260101___20260301.csv
[2026-06-29 17:14:11]   JSON: G:\PowerShellBat\AURORA-Analyzer\AURORA-Analyzer-Factory-Dev\AURORA-Analyzer-Factory\UserLogs\系统_日志_20260101___20260301.json
[2026-06-29 17:14:11]   XML: G:\PowerShellBat\AURORA-Analyzer\AURORA-Analyzer-Factory-Dev\AURORA-Analyzer-Factory\UserLogs\系统_日志_20260101___20260301.xml
[2026-06-29 17:14:11] [17:14:11] > 请进行输入: 是否进行日志趋势分析？(Y/N) [默认: N]
[2026-06-29 17:14:17] 👤 [17:14:17] 你: y
[2026-06-29 17:14:39] 趋势分析报告已保存至：G:\PowerShellBat\AURORA-Analyzer\AURORA-Analyzer-Factory-Dev\AURORA-Analyzer-Factory\UserLogs\系统_日志_20260101_to_20260301_趋势分析.txt
[2026-06-29 17:14:39] 趋势数据已保存至：G:\PowerShellBat\AURORA-Analyzer\AURORA-Analyzer-Factory-Dev\AURORA-Analyzer-Factory\UserLogs\系统_日志_20260101_to_20260301_趋势数据.csv
[2026-06-29 17:14:39] 【趋势分析完成】
[2026-06-29 17:14:39] 🧠 正在调用 AURORA 智能诊断引擎...
[2026-06-29 17:14:39] ========================================
[2026-06-29 17:14:39]   智能诊断分析可用
[2026-06-29 17:14:39] ========================================
[2026-06-29 17:14:39] 📊 已检测到导出的 CSV 文件：
[2026-06-29 17:14:39]    位置：G:\PowerShellBat\AURORA-Analyzer\AURORA-Analyzer-Factory-Dev\AURORA-Analyzer-Factory\UserLogs
[2026-06-29 17:14:39]    文件：找到 9 个 CSV 文件
[2026-06-29 17:14:39] 🔍 智能模式将执行：
[2026-06-29 17:14:39]    ✓ 加载已导出的 CSV 文件
[2026-06-29 17:14:39]    ✓ 知识库靶向碰撞分析
[2026-06-29 17:14:39]    ✓ 提供自主修复方案
[2026-06-29 17:14:39] ⚡ 是否立即启动智能诊断分析？
[2026-06-29 17:14:39] ========================================
[2026-06-29 17:14:39] 📋 正在等待用户确认...
[2026-06-29 17:14:47] [syncHash] SmartAnalysisAuthorized = true
[2026-06-29 17:14:47] ✅ GUI 已响应智能分析请求（等待了 8350ms）
[2026-06-29 17:14:47] ✅ 用户确认，开始智能分析...
[2026-06-29 17:14:47] 📖 正在加载智能引擎...
[2026-06-29 17:14:48] [17:14:47] 🤖 正在初始化 AURORA 智能诊断与自主修复引擎...
[2026-06-29 17:14:48] [17:14:48] 🖥️ 操作系统: Microsoft Windows 11 教育版
[2026-06-29 17:14:48] [17:14:48] ⏱️ 系统连续运行时间: 8.36 小时
[2026-06-29 17:14:49] [17:14:48] ✅ 运行时间达标且未见近期崩溃。
[2026-06-29 17:14:49] 🎯 靶向锁定: 常规 24H 健康巡检 (范围: 06-28 17:14 ~ 06-29 17:14)
[2026-06-29 17:14:49] [17:14:48] ⚡ 正在从内核提取高危日志 (Critical/Error/Warning)...
[2026-06-29 17:14:49] [17:14:48] 📖 检测到 PRO 模式导出，正在读取：G:\PowerShellBat\AURORA-Analyzer\AURORA-Analyzer-Factory-Dev\AURORA-Analyzer-Factory\UserLogs
[2026-06-29 17:14:49] [17:14:48] ✅ 找到 5 个导出的 CSV 文件，正在加载...
[2026-06-29 17:14:49] [17:14:48] 📂 分析的日志类型：System
[2026-06-29 17:14:49] [17:14:48] ⚠️ 警告：未找到以下日志文件 - 应用程序日志
[2026-06-29 17:14:49] [17:14:48] 💡 提示：请在 PRO 模式中也导出这些日志以获得完整分析
[2026-06-29 17:14:49] [17:14:48]    正在加载：系统_日志_20260101___20260301.csv
[2026-06-29 17:14:49] [17:14:48]    正在加载：系统_日志_20260101___20260501.csv
[2026-06-29 17:14:49] [17:14:48]    正在加载：系统_日志_20260626.csv
[2026-06-29 17:14:49] [17:14:48]    正在加载：系统_日志_20260627.csv
[2026-06-29 17:14:49] [17:14:48]    正在加载：系统_日志_20260629.csv
[2026-06-29 17:14:49] [17:14:48] ✅ 已加载 0 个事件
[2026-06-29 17:14:49] [17:14:48] 🔍 正在从系统实时提取日志...
[2026-06-29 17:14:49] [17:14:49] 📦 成功提取并轻量化 166 条异常事件记录。
[2026-06-29 17:14:49] [17:14:49] 🧠 正在装载并预编译 AURORA-TechData 知识图谱...
[2026-06-29 17:14:49] [17:14:49] Knowledge base cached (10.283203125.ToString('F1') KB)
[2026-06-29 17:14:49] [17:14:49] ✅ 图谱装载完成，激活 32 条诊断规则。开始极速碰撞...
[2026-06-29 17:14:49] [17:14:49] 🎯 碰撞分析完成！发现 5 类已知高危问题。
[2026-06-29 17:14:49] [17:14:49] 
[2026-06-29 17:14:49] ================== [ 靶向自主修复方案 ] ==================
[2026-06-29 17:14:49] [17:14:49] 🚨 [H-001] TLS/SSL 安全协议错误
[2026-06-29 17:14:49]    [ 1 ] 查看 Schannel 错误 (Low)  [Auth]
[2026-06-29 17:14:49]    [ 2 ] 启用 TLS 1.2 (Medium) [Admin] [Auth]
[2026-06-29 17:14:49]    [ 3 ] 清除 SSL 状态 (Low)  [Auth]
[2026-06-29 17:14:49] 🚨 [A-003] 程序崩溃
[2026-06-29 17:14:49]    [ 4 ] 查看应用程序崩溃事件 (Low) [Admin] [Auth]
[2026-06-29 17:14:49]    [ 5 ] 检查系统内存使用 (Low)  [Auto]
[2026-06-29 17:14:49]    [ 6 ] 清理应用程序临时文件 (Low)  [Auto]
[2026-06-29 17:14:49] 🚨 [A-004] 托管代码异常
[2026-06-29 17:14:49]    [ 7 ] 查看.NET异常事件 (Low) [Admin] [Auth]
[2026-06-29 17:14:49]    [ 8 ] 检查已安装的.NET版本 (Low)  [Auto]
[2026-06-29 17:14:49]    [ 9 ] 修复.NET Framework (Medium) [Admin] [Auth]
[2026-06-29 17:14:49] 🚨 [F-012] 服务启动失败
[2026-06-29 17:14:49]    [ 10 ] 查看所有服务状态 (Low) [Admin] [Auth]
[2026-06-29 17:14:49]    [ 11 ] 查看服务详细信息 (Low) [Admin] [Auth]
[2026-06-29 17:14:49]    [ 12 ] 查看服务控制管理器事件 (Low) [Admin] [Auth]
[2026-06-29 17:14:49]    [ 13 ] 打开服务管理器 (Low)  [Auto]
[2026-06-29 17:14:49]    [ 14 ] 启动特定服务 (Medium) [Admin] [Auth]
[2026-06-29 17:14:49] 🚨 [B-022] 外部设备无法识别
[2026-06-29 17:14:49]    [ 15 ] 查看USB设备 (Low) [Admin] [Auth]
[2026-06-29 17:14:49]    [ 16 ] 查看所有有问题的设备 (Low) [Admin] [Auth]
[2026-06-29 17:14:49]    [ 17 ] 重置USB集线器 (Low) [Admin] [Auth]
[2026-06-29 17:14:49] [17:14:49] 
[2026-06-29 17:14:49] >>> 请在下方输入 [序号] 执行修复，或直接按 [Enter] 退出引擎：
[2026-06-29 17:14:49] [17:14:49] 
[2026-06-29 17:14:49] ================== [ 靶向自主修复方案 ] ==================
[2026-06-29 17:14:49] [17:14:49] 🚨 [H-001] TLS/SSL 安全协议错误
[2026-06-29 17:14:49]    [ 1 ] 查看 Schannel 错误 (Low)  [Auth]
[2026-06-29 17:14:49]    [ 2 ] 启用 TLS 1.2 (Medium) [Admin] [Auth]
[2026-06-29 17:14:49]    [ 3 ] 清除 SSL 状态 (Low)  [Auth]
[2026-06-29 17:14:49] 🚨 [A-003] 程序崩溃
[2026-06-29 17:14:49]    [ 4 ] 查看应用程序崩溃事件 (Low) [Admin] [Auth]
[2026-06-29 17:14:49]    [ 5 ] 检查系统内存使用 (Low)  [Auto]
[2026-06-29 17:14:49]    [ 6 ] 清理应用程序临时文件 (Low)  [Auto]
[2026-06-29 17:14:49] 🚨 [A-004] 托管代码异常
[2026-06-29 17:14:49]    [ 7 ] 查看.NET异常事件 (Low) [Admin] [Auth]
[2026-06-29 17:14:49]    [ 8 ] 检查已安装的.NET版本 (Low)  [Auto]
[2026-06-29 17:14:49]    [ 9 ] 修复.NET Framework (Medium) [Admin] [Auth]
[2026-06-29 17:14:49] 🚨 [F-012] 服务启动失败
[2026-06-29 17:14:49]    [ 10 ] 查看所有服务状态 (Low) [Admin] [Auth]
[2026-06-29 17:14:49]    [ 11 ] 查看服务详细信息 (Low) [Admin] [Auth]
[2026-06-29 17:14:49]    [ 12 ] 查看服务控制管理器事件 (Low) [Admin] [Auth]
[2026-06-29 17:14:49]    [ 13 ] 打开服务管理器 (Low)  [Auto]
[2026-06-29 17:14:49]    [ 14 ] 启动特定服务 (Medium) [Admin] [Auth]
[2026-06-29 17:14:49] 🚨 [B-022] 外部设备无法识别
[2026-06-29 17:14:49]    [ 15 ] 查看USB设备 (Low) [Admin] [Auth]
[2026-06-29 17:14:49]    [ 16 ] 查看所有有问题的设备 (Low) [Admin] [Auth]
[2026-06-29 17:14:49]    [ 17 ] 重置USB集线器 (Low) [Admin] [Auth]
[2026-06-29 17:14:49] [17:14:49] 
[2026-06-29 17:14:49] >>> 请在下方输入 [序号] 执行修复，或直接按 [Enter] 退出引擎：
[2026-06-29 17:15:21] [syncHash] ElevationAuthorized = false
[2026-06-29 17:15:23] [syncHash] ElevationAuthorized = false
[2026-06-29 17:15:26] [syncHash] ElevationAuthorized = false
[2026-06-29 17:15:28] [syncHash] ElevationAuthorized = false
[2026-06-29 17:15:47] 👤 [17:15:47] 你: 6
[2026-06-29 17:15:47] [17:15:47] ⚙️ 正在执行防线修复: 清理应用程序临时文件 ...
[2026-06-29 17:15:47] ✅ AURORA Undo 管理器初始化完成
[2026-06-29 17:15:47]    备份目录：G:\PowerShellBat\AURORA-Analyzer\AURORA-Analyzer-Factory-Dev\AURORA-Analyzer-Factory\Scripts\Session\..\SessionCache\backup
[2026-06-29 17:15:48] [17:15:47] 🔍 执行前置检查...
[2026-06-29 17:15:48] [17:15:47] ✅ 前置检查通过
[2026-06-29 17:15:48] [17:15:48] 
[2026-06-29 17:15:48] [17:15:48] 📦 Phase 4.2: 正在创建撤销保护（Undo Support）...
[2026-06-29 17:15:48] 🔧 开始修复会话：RS_20260629_171548_600
[2026-06-29 17:15:48]    类型：清理应用程序临时文件
[2026-06-29 17:15:48]    目标：清理应用程序临时文件
[2026-06-29 17:15:48] [17:15:48]    ✅ 修复会话已创建：RS_20260629_171548_600
[2026-06-29 17:15:48] ✅ 修复会话完成：RS_20260629_171548_600
[2026-06-29 17:15:48]    状态：Success
[2026-06-29 17:15:48]    执行命令数：0
[2026-06-29 17:15:48]    可撤销：❌ 否
[2026-06-29 17:15:48] [17:15:48] 
[2026-06-29 17:15:48] [17:15:48] ⚙️ 正在执行...
[2026-06-29 17:15:48] [17:15:48] ✅ 执行成功
[2026-06-29 17:15:48] [17:15:48] ⏱️ 执行时间: 0.12 秒
[2026-06-29 17:15:54] [17:15:51] ✅ 指令下发成功。
[2026-06-29 17:15:54] [17:15:52] 
[2026-06-29 17:15:54] ================== [ 靶向自主修复方案 ] ==================
[2026-06-29 17:15:54] [17:15:52] 🚨 [H-001] TLS/SSL 安全协议错误
[2026-06-29 17:15:54]    [ 1 ] 查看 Schannel 错误 (Low)  [Auth]
[2026-06-29 17:15:54]    [ 2 ] 启用 TLS 1.2 (Medium) [Admin] [Auth]
[2026-06-29 17:15:54]    [ 3 ] 清除 SSL 状态 (Low)  [Auth]
[2026-06-29 17:15:54] 🚨 [A-003] 程序崩溃
[2026-06-29 17:15:54]    [ 4 ] 查看应用程序崩溃事件 (Low) [Admin] [Auth]
[2026-06-29 17:15:54]    [ 5 ] 检查系统内存使用 (Low)  [Auto]
[2026-06-29 17:15:54]    [ 6 ] 清理应用程序临时文件 (Low)  [Auto]
[2026-06-29 17:15:54] 🚨 [A-004] 托管代码异常
[2026-06-29 17:15:54]    [ 7 ] 查看.NET异常事件 (Low) [Admin] [Auth]
[2026-06-29 17:15:54]    [ 8 ] 检查已安装的.NET版本 (Low)  [Auto]
[2026-06-29 17:15:54]    [ 9 ] 修复.NET Framework (Medium) [Admin] [Auth]
[2026-06-29 17:15:54] 🚨 [F-012] 服务启动失败
[2026-06-29 17:15:54]    [ 10 ] 查看所有服务状态 (Low) [Admin] [Auth]
[2026-06-29 17:15:54]    [ 11 ] 查看服务详细信息 (Low) [Admin] [Auth]
[2026-06-29 17:15:54]    [ 12 ] 查看服务控制管理器事件 (Low) [Admin] [Auth]
[2026-06-29 17:15:54]    [ 13 ] 打开服务管理器 (Low)  [Auto]
[2026-06-29 17:15:54]    [ 14 ] 启动特定服务 (Medium) [Admin] [Auth]
[2026-06-29 17:15:54] 🚨 [B-022] 外部设备无法识别
[2026-06-29 17:15:54]    [ 15 ] 查看USB设备 (Low) [Admin] [Auth]
[2026-06-29 17:15:54]    [ 16 ] 查看所有有问题的设备 (Low) [Admin] [Auth]
[2026-06-29 17:15:54]    [ 17 ] 重置USB集线器 (Low) [Admin] [Auth]
[2026-06-29 17:15:54] [17:15:52] 
[2026-06-29 17:15:54] >>> 请在下方输入 [序号] 执行修复，或直接按 [Enter] 退出引擎：
[2026-06-29 17:24:09] >>> 正在终止...
[2026-06-29 17:24:09] [已取消]
[2026-06-29 17:37:13] >>> StartAnalysisAsync entered
[2026-06-29 17:37:13] >>> [安全警告] 引擎完整性检查失败: FILE_MISSING:CoreEngine
[2026-06-29 17:37:13] 💻 硬件评估层级: [Extreme]
[2026-06-29 17:37:13] ⚠️ 管理员权限：未获取 - 部分功能受限
[2026-06-29 17:37:13] >>> 正在执行分析...
[2026-06-29 17:37:14] [安全守卫] 正在初始化 (第 1 次)...
[2026-06-29 17:37:14] [安全守卫] baseForGuard: G:\PowerShellBat\AURORA-Analyzer\AURORA-Analyzer-Factory-Dev\AURORA-Analyzer-Factory\Scripts\Security
[2026-06-29 17:37:14] [安全守卫] rootDir: G:\PowerShellBat\AURORA-Analyzer\AURORA-Analyzer-Factory-Dev\AURORA-Analyzer-Factory
[2026-06-29 17:37:14] [安全守卫] 初始化成功
[2026-06-29 17:37:14] [诊断] 正在执行环境安全扫描...
[2026-06-29 17:37:14] [诊断] 扫描结果: NONE
[2026-06-29 17:37:14] [安全守卫] 启动环境扫描完成 - 安全
[2026-06-29 17:37:14] [安全守卫] 已启动持续性检测（每 3 秒）
[2026-06-29 17:37:14] [安全守卫] WMI 实时监控启动失败，将仅使用轮询模式
[2026-06-29 17:37:15] [PRO] Starting AURORA PRO Mode (Language: CHS)
[2026-06-29 17:37:15] [PRO] Loading Unified PRO Engine...
[2026-06-29 17:37:15] [安全守卫] 正在初始化 (第 1 次)...
[2026-06-29 17:37:15] [安全守卫] baseForGuard: G:\PowerShellBat\AURORA-Analyzer\AURORA-Analyzer-Factory-Dev\AURORA-Analyzer-Factory\Scripts\Security
[2026-06-29 17:37:15] [安全守卫] rootDir: G:\PowerShellBat\AURORA-Analyzer\AURORA-Analyzer-Factory-Dev\AURORA-Analyzer-Factory
[2026-06-29 17:37:15] [安全守卫] 初始化成功
[2026-06-29 17:37:15] [诊断] 正在执行环境安全扫描...
[2026-06-29 17:37:15] [诊断] 扫描结果: NONE
[2026-06-29 17:37:15] [安全守卫] 启动环境扫描完成 - 安全
[2026-06-29 17:37:15] [安全守卫] 已启动持续性检测（每 3 秒）
[2026-06-29 17:37:15] [安全守卫] WMI 实时监控启动失败，将仅使用轮询模式
[2026-06-29 17:37:15] [17:37:15] [Info] 正在初始化 AURORA Core Engine...
[2026-06-29 17:37:16] [17:37:16] [Info] 系统：Microsoft Windows 11 教育版 (10.0.26200)
[2026-06-29 17:37:16] [17:37:16] [Info] PowerShell: v5.1.26100.8737
[2026-06-29 17:37:16] [17:37:16] [Info] 架构：x64
[2026-06-29 17:37:16] [17:37:16] [Success] Core Engine 初始化完成
[2026-06-29 17:37:16] 🔄 检测到未完成的会话
[2026-06-29 17:37:16] ========================================
[2026-06-29 17:37:16] 会话 ID: SESSION_20260629_171236_4085
[2026-06-29 17:37:16] 已保存进度：0%
[2026-06-29 17:37:16] 当前阶段：正在导出：完整 System 日志
[2026-06-29 17:37:16] 保存时间：2026-06-29T17:14:39.1580413+08:00
[2026-06-29 17:37:16] 已挂起天数：0 天
[2026-06-29 17:37:16] ⏳ 等待用户在 GUI 上做出选择...
[2026-06-29 17:37:17] [syncHash] SessionRestarted = true
[2026-06-29 17:37:17] 🔄 用户选择重新开始，清除会话...
[2026-06-29 17:37:18] /// AURORA Analyzer Release Version ///
[2026-06-29 17:37:18] /// AURORA 2026 VelociRaptor-GR 版权所有 ///
[2026-06-29 17:37:18] /// Windows 系统事件日志导出与智能分析工具 ///
[2026-06-29 17:37:18] ///请稍后... 正在检测当前系统日期...///
[2026-06-29 17:37:18] 📅 检测完成! 当前日期为: 2026-06-29///
[2026-06-29 17:37:18] ///正在检查缓存状态...///
[2026-06-29 17:37:19] ///缓存状态检查完成!///
[2026-06-29 17:37:19] 【请选择日志类型】
[2026-06-29 17:37:19] 1: System (系统)
[2026-06-29 17:37:19] 2: Application (应用程序)
[2026-06-29 17:37:19] 3: Security (安全) - 需要管理员权限
[2026-06-29 17:37:19] 4: Setup (安装) - 需要管理员权限
[2026-06-29 17:37:19] 5: DNS Server (DNS服务器) - 需要管理员权限
[2026-06-29 17:37:19] 6: DHCP Server (DHCP服务器) - 需要管理员权限
[2026-06-29 17:37:19] 7: Active Directory (活动目录) - 需要管理员权限
[2026-06-29 17:37:19] 8: IIS (Web服务器) - 需要管理员权限
[2026-06-29 17:37:19] 💡 提示：可选择多个日志类型，用逗号或空格分隔（如：1,2 或 1 2）
[2026-06-29 17:37:19] [17:37:19] > 请进行输入: 
[2026-06-29 17:37:19] 请输入选项 (1-8)，直接回车则使用默认: System
[2026-06-29 17:37:23] 👤 [17:37:23] 你: [按下了回车 / 使用默认值]
[2026-06-29 17:37:23] ✅ 已选择日志类型: System
[2026-06-29 17:37:23] 【请选择导出模式】
[2026-06-29 17:37:23] 1: 单日导出（例如：2026-01-21）
[2026-06-29 17:37:23] 2: 日期范围导出（起止日期，格式：YYYY-MM-DD）
[2026-06-29 17:37:23] [17:37:23] > 请进行输入: 
[2026-06-29 17:37:23] 请输入选项 (1 或 2)
[2026-06-29 17:37:33] 👤 [17:37:33] 你: 1
[2026-06-29 17:37:33] [17:37:33] > 请进行输入: 
[2026-06-29 17:37:33] 请输入日期 (格式：YYYY-MM-DD)，直接回车则导出今日日志
[2026-06-29 17:37:36] 👤 [17:37:36] 你: [按下了回车 / 使用默认值]
[2026-06-29 17:37:36] 【事件过滤选项】
[2026-06-29 17:37:36] 1: 无过滤（默认）
[2026-06-29 17:37:36] 2: 按事件 ID 过滤
[2026-06-29 17:37:36] 3: 按事件提供程序过滤
[2026-06-29 17:37:36] 4: 按事件级别过滤
[2026-06-29 17:37:36] [17:37:36] > 请进行输入: 
[2026-06-29 17:37:36] 请选择过滤选项 (1-4)，直接回车则使用默认: 1
[2026-06-29 17:37:39] 👤 [17:37:39] 你: [按下了回车 / 使用默认值]
[2026-06-29 17:37:39] ⚠️ 检测到 scopes 是单个对象，正在转换为数组...
[2026-06-29 17:37:39] ✅ scopes 验证完成，共 1 个范围
[2026-06-29 17:37:39] ━━━━━━━━━━━━━━━━━━━━━━━━ 评估系统性能 ━━━━━━━━━━━━━━━━━━━━━━━━
[2026-06-29 17:37:39] 【正在评估系统性能...】
[2026-06-29 17:37:45] 处理器：11th Gen Intel(R) Core(TM) i7-11800H @ 2.30GHz 8 核心 @ 4078 MHz (基础: 2304 MHz)
[2026-06-29 17:37:45] 内存容量：31.74 GB
[2026-06-29 17:37:45] 磁盘性能分数: 50/50
[2026-06-29 17:37:45] 磁盘配置：2 个 SSD, 0 个 HDD
[2026-06-29 17:37:45] 正在计算性能分数...
[2026-06-29 17:37:45] 您的性能分数为：100/100
[2026-06-29 17:37:52] 使用最佳分块大小：7 小时/块
[2026-06-29 17:37:52] 根据系统负载使用 13/16 个线程
[2026-06-29 17:37:57] ✅ 知识图谱索引创建成功
[2026-06-29 17:37:57] ✅ 知识图谱加载成功，包含 9 个分类
[2026-06-29 17:37:57] 【资源优化策略】
[2026-06-29 17:37:57] 性能等级: HighPerformance
[2026-06-29 17:37:57] 日志扫描并行度: 16
[2026-06-29 17:37:57] 报告生成并行度: 12.8
[2026-06-29 17:37:57] 缓存压缩: False
[2026-06-29 17:37:57] I/O 缓冲区大小：131072 bytes
[2026-06-29 17:37:57] ━━━━━━━━━━━━━━━━━━━━━━ 扫描高危事件 + 导出 ━━━━━━━━━━━━━━━━━━━━━━
[2026-06-29 17:37:57] ========================================
[2026-06-29 17:37:57]   [1/1] 正在处理：System
[2026-06-29 17:37:57] ========================================
[2026-06-29 17:37:57] 【无匹配缓存，正在扫描所选范围内的高危事件...】
[2026-06-29 17:38:02] [系统资源监控] 并行线程数: 4, 内存使用率: 31.43%
[2026-06-29 17:38:03] [知识库分析] 正在批量处理 145 条事件的知识库查询...
[2026-06-29 17:38:04] [知识库分析] 批量处理完成
[2026-06-29 17:38:05] 【高危事件扫描完成】共发现 145 条高危事件
[2026-06-29 17:38:06] 【扫描完成】
[2026-06-29 17:38:06] 发现：0 条严重事件，35 条错误，110 条警告（共 145 条高危事件）
[2026-06-29 17:38:06] 总日志数：408 条
[2026-06-29 17:38:06] 【系统健康评估】
[2026-06-29 17:38:06] 错误: 35 | 警告: 110 | 严重: 0
[2026-06-29 17:38:06] 健康评分: 56/100 | 健康等级: 一般
[2026-06-29 17:38:06] 系统状态：一般 —— 存在较多异常，需要关注！
[2026-06-29 17:38:07] [17:38:06] > 请进行输入: 
[2026-06-29 17:38:07] 按 Enter 仅导出高危事件，或输入 '1' 导出完整日志
[2026-06-29 17:38:10] 👤 [17:38:10] 你: 1
[2026-06-29 17:38:13] 数据已存入缓存...
[2026-06-29 17:38:13] 【完整 System 日志读取完成】共采集 408 条事件
[2026-06-29 17:38:13] 【正在导出：完整 System 日志】
[2026-06-29 17:38:13] 【正在执行高级日志模式分析...】
[2026-06-29 17:38:13] 摘要报告已保存至：G:\PowerShellBat\AURORA-Analyzer\AURORA-Analyzer-Factory-Dev\AURORA-Analyzer-Factory\UserLogs\系统_日志_20260629_摘要.txt
[2026-06-29 17:38:13] 已导出:
[2026-06-29 17:38:13]   CSV: G:\PowerShellBat\AURORA-Analyzer\AURORA-Analyzer-Factory-Dev\AURORA-Analyzer-Factory\UserLogs\系统_日志_20260629.csv
[2026-06-29 17:38:13]   JSON: G:\PowerShellBat\AURORA-Analyzer\AURORA-Analyzer-Factory-Dev\AURORA-Analyzer-Factory\UserLogs\系统_日志_20260629.json
[2026-06-29 17:38:13]   XML: G:\PowerShellBat\AURORA-Analyzer\AURORA-Analyzer-Factory-Dev\AURORA-Analyzer-Factory\UserLogs\系统_日志_20260629.xml
[2026-06-29 17:38:13] [17:38:13] > 请进行输入: 是否进行日志趋势分析？(Y/N) [默认: N]
[2026-06-29 17:38:17] 👤 [17:38:17] 你: y
[2026-06-29 17:38:19] 趋势分析报告已保存至：G:\PowerShellBat\AURORA-Analyzer\AURORA-Analyzer-Factory-Dev\AURORA-Analyzer-Factory\UserLogs\系统_日志_20260629_to_20260629_趋势分析.txt
[2026-06-29 17:38:19] 趋势数据已保存至：G:\PowerShellBat\AURORA-Analyzer\AURORA-Analyzer-Factory-Dev\AURORA-Analyzer-Factory\UserLogs\系统_日志_20260629_to_20260629_趋势数据.csv
[2026-06-29 17:38:19] 【趋势分析完成】
[2026-06-29 17:38:19] 🧠 正在调用 AURORA 智能诊断引擎...
[2026-06-29 17:38:19] ========================================
[2026-06-29 17:38:19]   智能诊断分析可用
[2026-06-29 17:38:19] ========================================
[2026-06-29 17:38:19] 📊 已检测到导出的 CSV 文件：
[2026-06-29 17:38:19]    位置：G:\PowerShellBat\AURORA-Analyzer\AURORA-Analyzer-Factory-Dev\AURORA-Analyzer-Factory\UserLogs
[2026-06-29 17:38:19]    文件：找到 9 个 CSV 文件
[2026-06-29 17:38:19] 🔍 智能模式将执行：
[2026-06-29 17:38:19]    ✓ 加载已导出的 CSV 文件
[2026-06-29 17:38:19]    ✓ 知识库靶向碰撞分析
[2026-06-29 17:38:19]    ✓ 提供自主修复方案
[2026-06-29 17:38:19] ⚡ 是否立即启动智能诊断分析？
[2026-06-29 17:38:19] ========================================
[2026-06-29 17:38:19] 📋 正在等待用户确认...
[2026-06-29 17:38:26] [syncHash] SmartAnalysisAuthorized = true
[2026-06-29 17:38:26] ✅ GUI 已响应智能分析请求（等待了 5950ms）
[2026-06-29 17:38:26] ✅ 用户确认，开始智能分析...
[2026-06-29 17:38:26] 📖 正在加载智能引擎...
[2026-06-29 17:38:26] [17:38:26] 🤖 正在初始化 AURORA 智能诊断与自主修复引擎...
[2026-06-29 17:38:27] [17:38:27] 🖥️ 操作系统: Microsoft Windows 11 教育版
[2026-06-29 17:38:27] [17:38:27] ⏱️ 系统连续运行时间: 8.75 小时
[2026-06-29 17:38:27] [17:38:27] ✅ 运行时间达标且未见近期崩溃。
[2026-06-29 17:38:27] 🎯 靶向锁定: 常规 24H 健康巡检 (范围: 06-28 17:38 ~ 06-29 17:38)
[2026-06-29 17:38:27] [17:38:27] ⚡ 正在从内核提取高危日志 (Critical/Error/Warning)...
[2026-06-29 17:38:27] [17:38:27] 📖 检测到 PRO 模式导出，正在读取：G:\PowerShellBat\AURORA-Analyzer\AURORA-Analyzer-Factory-Dev\AURORA-Analyzer-Factory\UserLogs
[2026-06-29 17:38:27] [17:38:27] ✅ 找到 5 个导出的 CSV 文件，正在加载...
[2026-06-29 17:38:27] [17:38:27] 📂 分析的日志类型：System
[2026-06-29 17:38:27] [17:38:27] ⚠️ 警告：未找到以下日志文件 - 应用程序日志
[2026-06-29 17:38:27] [17:38:27] 💡 提示：请在 PRO 模式中也导出这些日志以获得完整分析
[2026-06-29 17:38:27] [17:38:27]    正在加载：系统_日志_20260101___20260301.csv
[2026-06-29 17:38:27] [17:38:27]    正在加载：系统_日志_20260101___20260501.csv
[2026-06-29 17:38:27] [17:38:27]    正在加载：系统_日志_20260626.csv
[2026-06-29 17:38:27] [17:38:27]    正在加载：系统_日志_20260627.csv
[2026-06-29 17:38:27] [17:38:27]    正在加载：系统_日志_20260629.csv
[2026-06-29 17:38:27] [17:38:27] ✅ 已加载 0 个事件
[2026-06-29 17:38:27] [17:38:27] 🔍 正在从系统实时提取日志...
[2026-06-29 17:38:27] [17:38:27] 📦 成功提取并轻量化 166 条异常事件记录。
[2026-06-29 17:38:27] [17:38:27] 🧠 正在装载并预编译 AURORA-TechData 知识图谱...
[2026-06-29 17:38:27] [17:38:27] Knowledge base cached (10.283203125.ToString('F1') KB)
[2026-06-29 17:38:27] [17:38:27] ✅ 图谱装载完成，激活 32 条诊断规则。开始极速碰撞...
[2026-06-29 17:38:27] [17:38:27] 🎯 碰撞分析完成！发现 5 类已知高危问题。
[2026-06-29 17:38:27] [17:38:27] 
[2026-06-29 17:38:27] ================== [ 靶向自主修复方案 ] ==================
[2026-06-29 17:38:27] [17:38:27] 🚨 [H-001] TLS/SSL 安全协议错误
[2026-06-29 17:38:27]    [ 1 ] 查看 Schannel 错误 (Low)  [Auth]
[2026-06-29 17:38:27]    [ 2 ] 启用 TLS 1.2 (Medium) [Admin] [Auth]
[2026-06-29 17:38:27]    [ 3 ] 清除 SSL 状态 (Low)  [Auth]
[2026-06-29 17:38:27] 🚨 [A-003] 程序崩溃
[2026-06-29 17:38:27]    [ 4 ] 查看应用程序崩溃事件 (Low) [Admin] [Auth]
[2026-06-29 17:38:27]    [ 5 ] 检查系统内存使用 (Low)  [Auto]
[2026-06-29 17:38:27]    [ 6 ] 清理应用程序临时文件 (Low)  [Auto]
[2026-06-29 17:38:27] 🚨 [A-004] 托管代码异常
[2026-06-29 17:38:27]    [ 7 ] 查看.NET异常事件 (Low) [Admin] [Auth]
[2026-06-29 17:38:27]    [ 8 ] 检查已安装的.NET版本 (Low)  [Auto]
[2026-06-29 17:38:27]    [ 9 ] 修复.NET Framework (Medium) [Admin] [Auth]
[2026-06-29 17:38:27] 🚨 [F-012] 服务启动失败
[2026-06-29 17:38:27]    [ 10 ] 查看所有服务状态 (Low) [Admin] [Auth]
[2026-06-29 17:38:27]    [ 11 ] 查看服务详细信息 (Low) [Admin] [Auth]
[2026-06-29 17:38:27]    [ 12 ] 查看服务控制管理器事件 (Low) [Admin] [Auth]
[2026-06-29 17:38:27]    [ 13 ] 打开服务管理器 (Low)  [Auto]
[2026-06-29 17:38:27]    [ 14 ] 启动特定服务 (Medium) [Admin] [Auth]
[2026-06-29 17:38:27] 🚨 [B-022] 外部设备无法识别
[2026-06-29 17:38:27]    [ 15 ] 查看USB设备 (Low) [Admin] [Auth]
[2026-06-29 17:38:27]    [ 16 ] 查看所有有问题的设备 (Low) [Admin] [Auth]
[2026-06-29 17:38:27]    [ 17 ] 重置USB集线器 (Low) [Admin] [Auth]
[2026-06-29 17:38:27] [17:38:27] 
[2026-06-29 17:38:27] >>> 请在下方输入 [序号] 执行修复，或直接按 [Enter] 退出引擎：
[2026-06-29 17:38:27] [17:38:27] 
[2026-06-29 17:38:27] ================== [ 靶向自主修复方案 ] ==================
[2026-06-29 17:38:27] [17:38:27] 🚨 [H-001] TLS/SSL 安全协议错误
[2026-06-29 17:38:27]    [ 1 ] 查看 Schannel 错误 (Low)  [Auth]
[2026-06-29 17:38:27]    [ 2 ] 启用 TLS 1.2 (Medium) [Admin] [Auth]
[2026-06-29 17:38:27]    [ 3 ] 清除 SSL 状态 (Low)  [Auth]
[2026-06-29 17:38:27] 🚨 [A-003] 程序崩溃
[2026-06-29 17:38:27]    [ 4 ] 查看应用程序崩溃事件 (Low) [Admin] [Auth]
[2026-06-29 17:38:27]    [ 5 ] 检查系统内存使用 (Low)  [Auto]
[2026-06-29 17:38:27]    [ 6 ] 清理应用程序临时文件 (Low)  [Auto]
[2026-06-29 17:38:27] 🚨 [A-004] 托管代码异常
[2026-06-29 17:38:27]    [ 7 ] 查看.NET异常事件 (Low) [Admin] [Auth]
[2026-06-29 17:38:27]    [ 8 ] 检查已安装的.NET版本 (Low)  [Auto]
[2026-06-29 17:38:27]    [ 9 ] 修复.NET Framework (Medium) [Admin] [Auth]
[2026-06-29 17:38:27] 🚨 [F-012] 服务启动失败
[2026-06-29 17:38:27]    [ 10 ] 查看所有服务状态 (Low) [Admin] [Auth]
[2026-06-29 17:38:27]    [ 11 ] 查看服务详细信息 (Low) [Admin] [Auth]
[2026-06-29 17:38:27]    [ 12 ] 查看服务控制管理器事件 (Low) [Admin] [Auth]
[2026-06-29 17:38:27]    [ 13 ] 打开服务管理器 (Low)  [Auto]
[2026-06-29 17:38:27]    [ 14 ] 启动特定服务 (Medium) [Admin] [Auth]
[2026-06-29 17:38:27] 🚨 [B-022] 外部设备无法识别
[2026-06-29 17:38:27]    [ 15 ] 查看USB设备 (Low) [Admin] [Auth]
[2026-06-29 17:38:27]    [ 16 ] 查看所有有问题的设备 (Low) [Admin] [Auth]
[2026-06-29 17:38:27]    [ 17 ] 重置USB集线器 (Low) [Admin] [Auth]
[2026-06-29 17:38:27] [17:38:27] 
[2026-06-29 17:38:27] >>> 请在下方输入 [序号] 执行修复，或直接按 [Enter] 退出引擎：
[2026-06-29 17:38:53] 👤 [17:38:53] 你: [按下了回车 / 使用默认值]
[2026-06-29 17:38:54] True
[2026-06-29 17:38:54] True
[2026-06-29 17:38:54] True
[2026-06-29 17:38:54] True
[2026-06-29 17:38:54] True
[2026-06-29 17:38:54] [分析完成]
[2026-06-29 17:38:56] [17:38:53] ⏭️ 用户跳过修复，引擎准备退出。
[2026-06-29 17:38:56] [17:38:53] 👋 智能引擎分析完毕，进程安全退出。
[2026-06-29 17:38:56] ✅ 智能诊断分析完成！
[2026-06-29 17:38:56] ✅ 操作完成！感谢使用本工具。
[2026-06-29 17:39:05] >>> StartAnalysisAsync entered
[2026-06-29 17:39:05] >>> [安全警告] 引擎完整性检查失败: FILE_MISSING:CoreEngine
[2026-06-29 17:39:05] 💻 硬件评估层级: [Extreme]
[2026-06-29 17:39:05] ⚠️ 管理员权限：未获取 - 部分功能受限
[2026-06-29 17:39:05] >>> 正在执行分析...
[2026-06-29 17:39:06] [安全守卫] 正在初始化 (第 1 次)...
[2026-06-29 17:39:06] [安全守卫] baseForGuard: G:\PowerShellBat\AURORA-Analyzer\AURORA-Analyzer-Factory-Dev\AURORA-Analyzer-Factory\Scripts\Security
[2026-06-29 17:39:06] [安全守卫] rootDir: G:\PowerShellBat\AURORA-Analyzer\AURORA-Analyzer-Factory-Dev\AURORA-Analyzer-Factory
[2026-06-29 17:39:06] [安全守卫] 初始化成功
[2026-06-29 17:39:06] [诊断] 正在执行环境安全扫描...
[2026-06-29 17:39:06] [诊断] 扫描结果: NONE
[2026-06-29 17:39:06] [安全守卫] 启动环境扫描完成 - 安全
[2026-06-29 17:39:06] [安全守卫] 已启动持续性检测（每 3 秒）
[2026-06-29 17:39:06] ERROR: 无法将“Initialize-CacheDirectory”项识别为 cmdlet、函数、脚本文件或可运行程序的名称。请检查名称的拼写，如果包括路径，请确保路径正确，然后再试一次。
[2026-06-29 17:39:06] [安全守卫] WMI 实时监控启动失败，将仅使用轮询模式
[2026-06-29 17:39:06] [PRO] Starting AURORA PRO Mode (Language: CHS)
[2026-06-29 17:39:06] [PRO] Loading Unified PRO Engine...
[2026-06-29 17:39:06] [安全守卫] 正在初始化 (第 1 次)...
[2026-06-29 17:39:06] [安全守卫] baseForGuard: G:\PowerShellBat\AURORA-Analyzer\AURORA-Analyzer-Factory-Dev\AURORA-Analyzer-Factory\Scripts\Security
[2026-06-29 17:39:06] [安全守卫] rootDir: G:\PowerShellBat\AURORA-Analyzer\AURORA-Analyzer-Factory-Dev\AURORA-Analyzer-Factory
[2026-06-29 17:39:06] [安全守卫] 初始化成功
[2026-06-29 17:39:06] [诊断] 正在执行环境安全扫描...
[2026-06-29 17:39:06] ERROR: 无法将“Initialize-CacheDirectory”项识别为 cmdlet、函数、脚本文件或可运行程序的名称。请检查名称的拼写，如果包括路径，请确保路径正确，然后再试一次。
[2026-06-29 17:39:06] ERROR: 无法将“Test-PendingSession”项识别为 cmdlet、函数、脚本文件或可运行程序的名称。请检查名称的拼写，如果包括路径，请确保路径正确，然后再试一次。
[2026-06-29 17:39:06] ERROR: 无法将“New-Session”项识别为 cmdlet、函数、脚本文件或可运行程序的名称。请检查名称的拼写，如果包括路径，请确保路径正确，然后再试一次。
[2026-06-29 17:39:06] ERROR: 无法将参数绑定到参数“SessionId”，因为该参数为空字符串。
[2026-06-29 17:39:07] [诊断] 扫描结果: NONE
[2026-06-29 17:39:07] [安全守卫] 启动环境扫描完成 - 安全
[2026-06-29 17:39:07] [安全守卫] 已启动持续性检测（每 3 秒）
[2026-06-29 17:39:07] [安全守卫] WMI 实时监控启动失败，将仅使用轮询模式
[2026-06-29 17:39:07] /// AURORA Analyzer Release Version ///
[2026-06-29 17:39:07] /// AURORA 2026 VelociRaptor-GR 版权所有 ///
[2026-06-29 17:39:07] /// Windows 系统事件日志导出与智能分析工具 ///
[2026-06-29 17:39:07] ///请稍后... 正在检测当前系统日期...///
[2026-06-29 17:39:07] 📅 检测完成! 当前日期为: 2026-06-29///
[2026-06-29 17:39:07] ///正在检查缓存状态...///
[2026-06-29 17:39:08] ///缓存状态检查完成!///
[2026-06-29 17:39:08] 【请选择日志类型】
[2026-06-29 17:39:08] 1: System (系统)
[2026-06-29 17:39:08] 2: Application (应用程序)
[2026-06-29 17:39:08] 3: Security (安全) - 需要管理员权限
[2026-06-29 17:39:08] 4: Setup (安装) - 需要管理员权限
[2026-06-29 17:39:08] 5: DNS Server (DNS服务器) - 需要管理员权限
[2026-06-29 17:39:08] 6: DHCP Server (DHCP服务器) - 需要管理员权限
[2026-06-29 17:39:08] 7: Active Directory (活动目录) - 需要管理员权限
[2026-06-29 17:39:08] 8: IIS (Web服务器) - 需要管理员权限
[2026-06-29 17:39:08] 💡 提示：可选择多个日志类型，用逗号或空格分隔（如：1,2 或 1 2）
[2026-06-29 17:39:08] [17:39:07] > 请进行输入: 
[2026-06-29 17:39:08] 请输入选项 (1-8)，直接回车则使用默认: System
[2026-06-29 17:39:19] 👤 [17:39:19] 你: [按下了回车 / 使用默认值]
[2026-06-29 17:39:19] ✅ 已选择日志类型: System
[2026-06-29 17:39:19] 【请选择导出模式】
[2026-06-29 17:39:19] 1: 单日导出（例如：2026-01-21）
[2026-06-29 17:39:19] 2: 日期范围导出（起止日期，格式：YYYY-MM-DD）
[2026-06-29 17:39:19] [17:39:19] > 请进行输入: 
[2026-06-29 17:39:19] 请输入选项 (1 或 2)
[2026-06-29 17:39:21] 👤 [17:39:21] 你: [按下了回车 / 使用默认值]
[2026-06-29 17:39:21] ❌ 无效选项！请输入 1 或 2。
[2026-06-29 17:39:21] 【请选择导出模式】
[2026-06-29 17:39:21] 1: 单日导出（例如：2026-01-21）
[2026-06-29 17:39:21] 2: 日期范围导出（起止日期，格式：YYYY-MM-DD）
[2026-06-29 17:39:21] [17:39:21] > 请进行输入: 
[2026-06-29 17:39:21] 请输入选项 (1 或 2)
[2026-06-29 17:39:24] 👤 [17:39:24] 你: [按下了回车 / 使用默认值]
[2026-06-29 17:39:24] ❌ 无效选项！请输入 1 或 2。
[2026-06-29 17:39:24] 【请选择导出模式】
[2026-06-29 17:39:24] 1: 单日导出（例如：2026-01-21）
[2026-06-29 17:39:24] 2: 日期范围导出（起止日期，格式：YYYY-MM-DD）
[2026-06-29 17:39:24] [17:39:24] > 请进行输入: 
[2026-06-29 17:39:24] 请输入选项 (1 或 2)
[2026-06-29 17:39:27] 👤 [17:39:27] 你: [按下了回车 / 使用默认值]
[2026-06-29 17:39:27] ❌ 无效选项！请输入 1 或 2。
[2026-06-29 17:39:27] 【请选择导出模式】
[2026-06-29 17:39:27] 1: 单日导出（例如：2026-01-21）
[2026-06-29 17:39:27] 2: 日期范围导出（起止日期，格式：YYYY-MM-DD）
[2026-06-29 17:39:27] [17:39:27] > 请进行输入: 
[2026-06-29 17:39:27] 请输入选项 (1 或 2)
[2026-06-29 17:39:29] 👤 [17:39:29] 你: [按下了回车 / 使用默认值]
[2026-06-29 17:39:29] ❌ 无效选项！请输入 1 或 2。
[2026-06-29 17:39:29] 【请选择导出模式】
[2026-06-29 17:39:29] 1: 单日导出（例如：2026-01-21）
[2026-06-29 17:39:29] 2: 日期范围导出（起止日期，格式：YYYY-MM-DD）
[2026-06-29 17:39:29] [17:39:29] > 请进行输入: 
[2026-06-29 17:39:29] 请输入选项 (1 或 2)
[2026-06-29 17:39:31] 👤 [17:39:31] 你: [按下了回车 / 使用默认值]
[2026-06-29 17:39:32] ERROR: 无法将“Invoke-SafeExit”项识别为 cmdlet、函数、脚本文件或可运行程序的名称。请检查名称的拼写，如果包括路径，请确保路径正确，然后再试一次。
[2026-06-29 17:39:32] [执行出错]
[2026-06-29 17:39:32] ERROR: 无法将“Initialize-CacheDirectory”项识别为 cmdlet、函数、脚本文件或可运行程序的名称。请检查名称的拼写，如果包括路径，请确保路径正确，然后再试一次。
[2026-06-29 17:39:32] ERROR: 无法将“Initialize-CacheDirectory”项识别为 cmdlet、函数、脚本文件或可运行程序的名称。请检查名称的拼写，如果包括路径，请确保路径正确，然后再试一次。
[2026-06-29 17:39:32] ERROR: 无法将“Test-PendingSession”项识别为 cmdlet、函数、脚本文件或可运行程序的名称。请检查名称的拼写，如果包括路径，请确保路径正确，然后再试一次。
[2026-06-29 17:39:32] ERROR: 无法将“New-Session”项识别为 cmdlet、函数、脚本文件或可运行程序的名称。请检查名称的拼写，如果包括路径，请确保路径正确，然后再试一次。
[2026-06-29 17:39:32] ERROR: 无法将参数绑定到参数“SessionId”，因为该参数为空字符串。
[2026-06-29 17:39:32] ERROR: 无法将“Invoke-SafeExit”项识别为 cmdlet、函数、脚本文件或可运行程序的名称。请检查名称的拼写，如果包括路径，请确保路径正确，然后再试一次。
[2026-06-29 17:39:33] ❌ 无效选项！请输入 1 或 2。
[2026-06-29 17:39:33] 🛑 输入错误次数过多，程序即将退出...
[2026-06-29 17:39:33] 按 Enter 键退出
[2026-06-29 17:39:33] ========================================
[2026-06-29 17:39:33]  AURORA-Analyzer PRO 运行异常终止
[2026-06-29 17:39:33] ========================================
[2026-06-29 17:39:33] ❌ 发生错误：提示用户的命令失败，因为主机程序或命令类型不支持用户交互。请尝试支持用户交互的主机程序(如 Windows PowerShell 控制台或 Windows PowerShell ISE)，然后从不支持用户交互的命令类型中删除与提示有关的命令，如 Windows PowerShell 工作流。
[2026-06-29 17:39:33] 异常堆栈: 在 Get-UserDateScope、G:\PowerShellBat\AURORA-Analyzer\AURORA-Analyzer-Factory-Dev\AURORA-Analyzer-Factory\Scripts\PRO\AURORA-AnalyzerPRO-Engine.ps1 中: 第 4531 行
[2026-06-29 17:39:33] 在 <ScriptBlock>、G:\PowerShellBat\AURORA-Analyzer\AURORA-Analyzer-Factory-Dev\AURORA-Analyzer-Factory\Scripts\PRO\AURORA-AnalyzerPRO-Engine.ps1 中: 第 6242 行
[2026-06-29 17:39:33] 在 <ScriptBlock>、G:\PowerShellBat\AURORA-Analyzer\AURORA-Analyzer-Factory-Dev\AURORA-Analyzer-Factory\Scripts\PRO\AURORA-AnalyzerPRO.ps1 中: 第 203 行
[2026-06-29 17:39:33] 在 <ScriptBlock>、<无文件> 中: 第 1 行
[2026-06-29 17:39:33] 崩溃日志已保存至: G:\PowerShellBat\AURORA-Analyzer\AURORA-Analyzer-Factory-Dev\AURORA-Analyzer-Factory\UserLogs\CrashLog_20260629_173931.log
[2026-06-29 22:39:17] >>> StartAnalysisAsync entered
[2026-06-29 22:39:17] >>> [安全警告] 引擎完整性检查失败: FILE_MISSING:CoreEngine
[2026-06-29 22:39:17] 💻 硬件评估层级: [Extreme]
[2026-06-29 22:39:17] ⚠️ 管理员权限：未获取 - 部分功能受限
[2026-06-29 22:39:17] >>> 正在执行分析...
[2026-06-29 22:39:18] [安全守卫] 正在初始化 (第 1 次)...
[2026-06-29 22:39:18] [安全守卫] baseForGuard: E:\PowerShellBat\AURORA-Analyzer\AURORA-Analyzer-Factory-Dev\AURORA-Analyzer-Factory\Scripts\Security
[2026-06-29 22:39:18] [安全守卫] rootDir: E:\PowerShellBat\AURORA-Analyzer\AURORA-Analyzer-Factory-Dev\AURORA-Analyzer-Factory
[2026-06-29 22:39:18] [安全守卫] 初始化成功
[2026-06-29 22:39:18] [诊断] 正在执行环境安全扫描...
[2026-06-29 22:39:18] [诊断] 扫描结果: INTEGRITY_FAILURE
[2026-06-29 22:39:18] [安全守卫] 启动时检测到威胁：INTEGRITY_FAILURE
[2026-06-29 22:39:18] [Security Alert] 启动时检测到调试或注入，程序将在 15 秒后退出...
[2026-06-29 22:39:34] [WARN] 主动健康检查失败，通知引擎停止
[2026-06-29 22:39:34] [WARN] 主动健康检查失败，通知引擎停止
[2026-06-29 22:39:35] [WARN] 主动健康检查失败，通知引擎停止
[2026-06-29 22:39:35] [WARN] 主动健康检查失败，通知引擎停止
[2026-06-29 22:39:35] [WARN] 主动健康检查失败，通知引擎停止
[2026-06-29 22:49:41] >>> StartAnalysisAsync entered
[2026-06-29 22:49:41] >>> [安全警告] 引擎完整性检查失败: FILE_MISSING:CoreEngine
[2026-06-29 22:49:41] 💻 硬件评估层级: [Extreme]
[2026-06-29 22:49:42] ⚠️ 管理员权限：未获取 - 部分功能受限
[2026-06-29 22:49:42] >>> 正在执行分析...
[2026-06-29 22:49:42] [安全守卫] 正在初始化 (第 1 次)...
[2026-06-29 22:49:43] [安全守卫] baseForGuard: E:\PowerShellBat\AURORA-Analyzer\AURORA-Analyzer-Factory-Dev\AURORA-Analyzer-Factory\Scripts\Security
[2026-06-29 22:49:43] [安全守卫] rootDir: E:\PowerShellBat\AURORA-Analyzer\AURORA-Analyzer-Factory-Dev\AURORA-Analyzer-Factory
[2026-06-29 22:49:43] [安全守卫] 初始化成功
[2026-06-29 22:49:43] [诊断] 正在执行环境安全扫描...
[2026-06-29 22:49:43] [诊断] 扫描结果: INTEGRITY_FAILURE
[2026-06-29 22:49:43] [安全守卫] 启动时检测到威胁：INTEGRITY_FAILURE
[2026-06-29 22:49:43] [Security Alert] 启动时检测到调试或注入，程序将在 15 秒后退出...
[2026-06-29 22:52:56] >>> StartAnalysisAsync entered
[2026-06-29 22:52:57] >>> [安全警告] 引擎完整性检查失败: FILE_MISSING:CoreEngine
[2026-06-29 22:52:57] 💻 硬件评估层级: [Extreme]
[2026-06-29 22:52:57] ⚠️ 管理员权限：未获取 - 部分功能受限
[2026-06-29 22:52:57] >>> 正在执行分析...
[2026-06-29 22:52:57] [安全守卫] 正在初始化 (第 1 次)...
[2026-06-29 22:52:58] [安全守卫] baseForGuard: E:\PowerShellBat\AURORA-Analyzer\AURORA-Analyzer-Factory-Dev\AURORA-Analyzer-Factory\Scripts\Security
[2026-06-29 22:52:58] [安全守卫] rootDir: E:\PowerShellBat\AURORA-Analyzer\AURORA-Analyzer-Factory-Dev\AURORA-Analyzer-Factory
[2026-06-29 22:52:58] [安全守卫] 初始化成功
[2026-06-29 22:52:58] [诊断] 正在执行环境安全扫描...
[2026-06-29 22:52:58] [诊断] 扫描结果: NONE
[2026-06-29 22:52:58] [安全守卫] 启动环境扫描完成 - 安全
[2026-06-29 22:52:58] [安全守卫] 已启动持续性检测（每 3 秒）
[2026-06-29 22:52:58] [安全守卫] WMI 实时监控启动失败，将仅使用轮询模式
[2026-06-29 22:52:58] [PRO] Starting AURORA PRO Mode (Language: CHS)
[2026-06-29 22:52:58] [PRO] Loading Unified PRO Engine...
[2026-06-29 22:52:58] [安全守卫] 正在初始化 (第 1 次)...
[2026-06-29 22:52:58] [安全守卫] baseForGuard: E:\PowerShellBat\AURORA-Analyzer\AURORA-Analyzer-Factory-Dev\AURORA-Analyzer-Factory\Scripts\Security
[2026-06-29 22:52:58] [安全守卫] rootDir: E:\PowerShellBat\AURORA-Analyzer\AURORA-Analyzer-Factory-Dev\AURORA-Analyzer-Factory
[2026-06-29 22:52:58] [安全守卫] 初始化成功
[2026-06-29 22:52:58] [诊断] 正在执行环境安全扫描...
[2026-06-29 22:52:58] [诊断] 扫描结果: NONE
[2026-06-29 22:52:58] [安全守卫] 启动环境扫描完成 - 安全
[2026-06-29 22:52:58] [安全守卫] 已启动持续性检测（每 3 秒）
[2026-06-29 22:52:58] [安全守卫] WMI 实时监控启动失败，将仅使用轮询模式
[2026-06-29 22:52:58] [22:52:58] [Info] 正在初始化 AURORA Core Engine...
[2026-06-29 22:52:59] [22:52:59] [Info] 系统：Microsoft Windows 11 专业版 (10.0.26200)
[2026-06-29 22:52:59] [22:52:59] [Info] PowerShell: v5.1.26100.7920
[2026-06-29 22:52:59] [22:52:59] [Info] 架构：x64
[2026-06-29 22:52:59] [22:52:59] [Success] Core Engine 初始化完成
[2026-06-29 22:52:59] /// AURORA Analyzer Release Version ///
[2026-06-29 22:52:59] /// AURORA 2026 VelociRaptor-GR 版权所有 ///
[2026-06-29 22:52:59] /// Windows 系统事件日志导出与智能分析工具 ///
[2026-06-29 22:52:59] ///请稍后... 正在检测当前系统日期...///
[2026-06-29 22:52:59] 📅 检测完成! 当前日期为: 2026-06-29///
[2026-06-29 22:52:59] ///正在检查缓存状态...///
[2026-06-29 22:53:00] ///缓存状态检查完成!///
[2026-06-29 22:53:00] 【请选择日志类型】
[2026-06-29 22:53:00] 1: System (系统)
[2026-06-29 22:53:00] 2: Application (应用程序)
[2026-06-29 22:53:00] 3: Security (安全) - 需要管理员权限
[2026-06-29 22:53:00] 4: Setup (安装) - 需要管理员权限
[2026-06-29 22:53:00] 5: DNS Server (DNS服务器) - 需要管理员权限
[2026-06-29 22:53:00] 6: DHCP Server (DHCP服务器) - 需要管理员权限
[2026-06-29 22:53:00] 7: Active Directory (活动目录) - 需要管理员权限
[2026-06-29 22:53:00] 8: IIS (Web服务器) - 需要管理员权限
[2026-06-29 22:53:00] 💡 提示：可选择多个日志类型，用逗号或空格分隔（如：1,2 或 1 2）
[2026-06-29 22:53:00] [22:53:00] > 请进行输入: 
[2026-06-29 22:53:00] 请输入选项 (1-8)，直接回车则使用默认: System
[2026-06-29 22:56:37] >>> 正在终止...
[2026-06-29 22:56:37] [已取消]
[2026-06-29 22:58:29] >>> StartAnalysisAsync entered
[2026-06-29 22:58:29] >>> [安全警告] 引擎完整性检查失败: FILE_MISSING:CoreEngine
[2026-06-29 22:58:29] 💻 硬件评估层级: [Extreme]
[2026-06-29 22:58:29] ⚠️ 管理员权限：未获取 - 部分功能受限
[2026-06-29 22:58:29] >>> 正在执行分析...
[2026-06-29 22:58:30] [安全守卫] 正在初始化 (第 1 次)...
[2026-06-29 22:58:30] [安全守卫] baseForGuard: E:\PowerShellBat\AURORA-Analyzer\AURORA-Analyzer-Factory-Dev\AURORA-Analyzer-Factory\Scripts\Security
[2026-06-29 22:58:30] [安全守卫] rootDir: E:\PowerShellBat\AURORA-Analyzer\AURORA-Analyzer-Factory-Dev\AURORA-Analyzer-Factory
[2026-06-29 22:58:30] [安全守卫] 初始化成功
[2026-06-29 22:58:30] [诊断] 正在执行环境安全扫描...
[2026-06-29 22:58:30] [诊断] 扫描结果: NONE
[2026-06-29 22:58:30] [安全守卫] 启动环境扫描完成 - 安全
[2026-06-29 22:58:30] [安全守卫] 已启动持续性检测（每 3 秒）
[2026-06-29 22:58:30] [安全守卫] WMI 实时监控启动失败，将仅使用轮询模式
[2026-06-29 22:58:30] [PRO] Starting AURORA PRO Mode (Language: CHS)
[2026-06-29 22:58:30] [PRO] Loading Unified PRO Engine...
[2026-06-29 22:58:30] [安全守卫] 正在初始化 (第 1 次)...
[2026-06-29 22:58:30] [安全守卫] baseForGuard: E:\PowerShellBat\AURORA-Analyzer\AURORA-Analyzer-Factory-Dev\AURORA-Analyzer-Factory\Scripts\Security
[2026-06-29 22:58:30] [安全守卫] rootDir: E:\PowerShellBat\AURORA-Analyzer\AURORA-Analyzer-Factory-Dev\AURORA-Analyzer-Factory
[2026-06-29 22:58:30] [安全守卫] 初始化成功
[2026-06-29 22:58:30] [诊断] 正在执行环境安全扫描...
[2026-06-29 22:58:30] [诊断] 扫描结果: NONE
[2026-06-29 22:58:30] [安全守卫] 启动环境扫描完成 - 安全
[2026-06-29 22:58:30] [安全守卫] 已启动持续性检测（每 3 秒）
[2026-06-29 22:58:30] [安全守卫] WMI 实时监控启动失败，将仅使用轮询模式
[2026-06-29 22:58:31] [22:58:30] [Info] 正在初始化 AURORA Core Engine...
[2026-06-29 22:58:31] [22:58:31] [Info] 系统：Microsoft Windows 11 专业版 (10.0.26200)
[2026-06-29 22:58:31] [22:58:31] [Info] PowerShell: v5.1.26100.7920
[2026-06-29 22:58:31] [22:58:31] [Info] 架构：x64
[2026-06-29 22:58:31] [22:58:31] [Success] Core Engine 初始化完成
[2026-06-29 22:58:31] 🔄 检测到未完成的会话
[2026-06-29 22:58:31] ========================================
[2026-06-29 22:58:31] 会话 ID: SESSION_20260629_225259_2707
[2026-06-29 22:58:31] 已保存进度：0%
[2026-06-29 22:58:31] 当前阶段：Initialized
[2026-06-29 22:58:31] 保存时间：2026-06-29T22:52:59.2884703+08:00
[2026-06-29 22:58:31] 已挂起天数：0 天
[2026-06-29 22:58:31] ⏳ 等待用户在 GUI 上做出选择...
[2026-06-29 22:58:33] [syncHash] SessionRestarted = true
[2026-06-29 22:58:33] 🔄 用户选择重新开始，清除会话...
[2026-06-29 22:58:33] /// AURORA Analyzer Release Version ///
[2026-06-29 22:58:33] /// AURORA 2026 VelociRaptor-GR 版权所有 ///
[2026-06-29 22:58:33] /// Windows 系统事件日志导出与智能分析工具 ///
[2026-06-29 22:58:33] ///请稍后... 正在检测当前系统日期...///
[2026-06-29 22:58:33] 📅 检测完成! 当前日期为: 2026-06-29///
[2026-06-29 22:58:33] ///正在检查缓存状态...///
[2026-06-29 22:58:34] ///缓存状态检查完成!///
[2026-06-29 22:58:34] 【请选择日志类型】
[2026-06-29 22:58:34] 1: System (系统)
[2026-06-29 22:58:34] 2: Application (应用程序)
[2026-06-29 22:58:34] 3: Security (安全) - 需要管理员权限
[2026-06-29 22:58:34] 4: Setup (安装) - 需要管理员权限
[2026-06-29 22:58:34] 5: DNS Server (DNS服务器) - 需要管理员权限
[2026-06-29 22:58:34] 6: DHCP Server (DHCP服务器) - 需要管理员权限
[2026-06-29 22:58:34] 7: Active Directory (活动目录) - 需要管理员权限
[2026-06-29 22:58:34] 8: IIS (Web服务器) - 需要管理员权限
[2026-06-29 22:58:34] 💡 提示：可选择多个日志类型，用逗号或空格分隔（如：1,2 或 1 2）
[2026-06-29 22:58:34] [22:58:34] > 请进行输入: 
[2026-06-29 22:58:34] 请输入选项 (1-8)，直接回车则使用默认: System
[2026-06-29 22:58:55] 👤 [22:58:55] 你: [按下了回车 / 使用默认值]
[2026-06-29 22:58:55] ✅ 已选择日志类型: System
[2026-06-29 22:58:55] 【请选择导出模式】
[2026-06-29 22:58:55] 1: 单日导出（例如：2026-01-21）
[2026-06-29 22:58:55] 2: 日期范围导出（起止日期，格式：YYYY-MM-DD）
[2026-06-29 22:58:55] [22:58:55] > 请进行输入: 
[2026-06-29 22:58:55] 请输入选项 (1 或 2)
[2026-06-29 22:59:00] 👤 [22:59:00] 你: 1
[2026-06-29 22:59:00] [22:59:00] > 请进行输入: 
[2026-06-29 22:59:00] 请输入日期 (格式：YYYY-MM-DD)，直接回车则导出今日日志
[2026-06-29 22:59:02] 👤 [22:59:02] 你: [按下了回车 / 使用默认值]
[2026-06-29 22:59:02] 【事件过滤选项】
[2026-06-29 22:59:02] 1: 无过滤（默认）
[2026-06-29 22:59:02] 2: 按事件 ID 过滤
[2026-06-29 22:59:02] 3: 按事件提供程序过滤
[2026-06-29 22:59:02] 4: 按事件级别过滤
[2026-06-29 22:59:02] [22:59:02] > 请进行输入: 
[2026-06-29 22:59:02] 请选择过滤选项 (1-4)，直接回车则使用默认: 1
[2026-06-29 23:00:22] 👤 [23:00:22] 你: [按下了回车 / 使用默认值]
[2026-06-29 23:00:22] ⚠️ 检测到 scopes 是单个对象，正在转换为数组...
[2026-06-29 23:00:22] ✅ scopes 验证完成，共 1 个范围
[2026-06-29 23:00:22] ━━━━━━━━━━━━━━━━━━━━━━━━ 评估系统性能 ━━━━━━━━━━━━━━━━━━━━━━━━
[2026-06-29 23:00:22] 【正在评估系统性能...】
[2026-06-29 23:00:29] 处理器：11th Gen Intel(R) Core(TM) i7-11700K @ 3.60GHz 8 核心 @ 4621 MHz (基础: 3501 MHz)
[2026-06-29 23:00:29] 内存容量：31.58 GB
[2026-06-29 23:00:29] 磁盘性能分数: 50/50
[2026-06-29 23:00:29] 磁盘配置：2 个 SSD, 0 个 HDD
[2026-06-29 23:00:29] 正在计算性能分数...
[2026-06-29 23:00:29] 您的性能分数为：100/100
[2026-06-29 23:00:35] 使用最佳分块大小：5 小时/块
[2026-06-29 23:00:35] 根据系统负载使用 13/16 个线程
[2026-06-29 23:00:35] 内存使用：63.81%，已调整分块大小以减少内存占用
[2026-06-29 23:00:40] ✅ 知识图谱索引创建成功
[2026-06-29 23:00:40] ✅ 知识图谱加载成功，包含 9 个分类
[2026-06-29 23:00:40] 【资源优化策略】
[2026-06-29 23:00:40] 性能等级: HighPerformance
[2026-06-29 23:00:40] 日志扫描并行度: 16
[2026-06-29 23:00:40] 报告生成并行度: 12.8
[2026-06-29 23:00:40] 缓存压缩: False
[2026-06-29 23:00:40] I/O 缓冲区大小：131072 bytes
[2026-06-29 23:00:40] ━━━━━━━━━━━━━━━━━━━━━━ 扫描高危事件 + 导出 ━━━━━━━━━━━━━━━━━━━━━━
[2026-06-29 23:00:40] ========================================
[2026-06-29 23:00:40]   [1/1] 正在处理：System
[2026-06-29 23:00:40] ========================================
[2026-06-29 23:00:40] 【无匹配缓存，正在扫描所选范围内的高危事件...】
[2026-06-29 23:00:44] [系统资源监控] 并行线程数: 5, 内存使用率: 63.8%
[2026-06-29 23:00:46] [知识库分析] 正在批量处理 33 条事件的知识库查询...
[2026-06-29 23:00:46] [知识库分析] 批量处理完成
[2026-06-29 23:00:47] 【高危事件扫描完成】共发现 33 条高危事件
[2026-06-29 23:00:48] 【扫描完成】
[2026-06-29 23:00:48] 发现：0 条严重事件，0 条错误，33 条警告（共 33 条高危事件）
[2026-06-29 23:00:48] 总日志数：94 条
[2026-06-29 23:00:48] 【系统健康评估】
[2026-06-29 23:00:48] 错误: 0 | 警告: 33 | 严重: 0
[2026-06-29 23:00:48] 健康评分: 65/100 | 健康等级: 一般
[2026-06-29 23:00:48] 系统状态：一般 —— 存在较多异常，需要关注！
[2026-06-29 23:00:48] [23:00:48] > 请进行输入: 
[2026-06-29 23:00:48] 按 Enter 仅导出高危事件，或输入 '1' 导出完整日志
[2026-06-29 23:00:51] 👤 [23:00:51] 你: 1
[2026-06-29 23:00:53] 数据已存入缓存...
[2026-06-29 23:00:53] 【完整 System 日志读取完成】共采集 94 条事件
[2026-06-29 23:00:53] 【正在导出：完整 System 日志】
[2026-06-29 23:00:53] 【正在执行高级日志模式分析...】
[2026-06-29 23:00:53] 摘要报告已保存至：E:\PowerShellBat\AURORA-Analyzer\AURORA-Analyzer-Factory-Dev\AURORA-Analyzer-Factory\UserLogs\系统_日志_20260629_摘要.txt
[2026-06-29 23:00:53] 已导出:
[2026-06-29 23:00:53]   CSV: E:\PowerShellBat\AURORA-Analyzer\AURORA-Analyzer-Factory-Dev\AURORA-Analyzer-Factory\UserLogs\系统_日志_20260629.csv
[2026-06-29 23:00:53]   JSON: E:\PowerShellBat\AURORA-Analyzer\AURORA-Analyzer-Factory-Dev\AURORA-Analyzer-Factory\UserLogs\系统_日志_20260629.json
[2026-06-29 23:00:53]   XML: E:\PowerShellBat\AURORA-Analyzer\AURORA-Analyzer-Factory-Dev\AURORA-Analyzer-Factory\UserLogs\系统_日志_20260629.xml
[2026-06-29 23:00:53] [23:00:53] > 请进行输入: 是否进行日志趋势分析？(Y/N) [默认: N]
[2026-06-29 23:00:59] 👤 [23:00:59] 你: y
[2026-06-29 23:01:01] 趋势分析报告已保存至：E:\PowerShellBat\AURORA-Analyzer\AURORA-Analyzer-Factory-Dev\AURORA-Analyzer-Factory\UserLogs\系统_日志_20260629_to_20260629_趋势分析.txt
[2026-06-29 23:01:01] 趋势数据已保存至：E:\PowerShellBat\AURORA-Analyzer\AURORA-Analyzer-Factory-Dev\AURORA-Analyzer-Factory\UserLogs\系统_日志_20260629_to_20260629_趋势数据.csv
[2026-06-29 23:01:01] 【趋势分析完成】
[2026-06-29 23:01:01] 🧠 正在调用 AURORA 智能诊断引擎...
[2026-06-29 23:01:01] ========================================
[2026-06-29 23:01:01]   智能诊断分析可用
[2026-06-29 23:01:01] ========================================
[2026-06-29 23:01:01] 📊 已检测到导出的 CSV 文件：
[2026-06-29 23:01:01]    位置：E:\PowerShellBat\AURORA-Analyzer\AURORA-Analyzer-Factory-Dev\AURORA-Analyzer-Factory\UserLogs
[2026-06-29 23:01:01]    文件：找到 9 个 CSV 文件
[2026-06-29 23:01:01] 🔍 智能模式将执行：
[2026-06-29 23:01:01]    ✓ 加载已导出的 CSV 文件
[2026-06-29 23:01:01]    ✓ 知识库靶向碰撞分析
[2026-06-29 23:01:01]    ✓ 提供自主修复方案
[2026-06-29 23:01:01] ⚡ 是否立即启动智能诊断分析？
[2026-06-29 23:01:01] ========================================
[2026-06-29 23:01:01] 📋 正在等待用户确认...
[2026-06-29 23:01:06] [syncHash] SmartAnalysisAuthorized = true
[2026-06-29 23:01:06] ✅ GUI 已响应智能分析请求（等待了 5150ms）
[2026-06-29 23:01:06] ✅ 用户确认，开始智能分析...
[2026-06-29 23:01:06] 📖 正在加载智能引擎...
[2026-06-29 23:01:06] [23:01:06] 🤖 正在初始化 AURORA 智能诊断与自主修复引擎...
[2026-06-29 23:01:07] [23:01:07] 🖥️ 操作系统: Microsoft Windows 11 专业版
[2026-06-29 23:01:07] [23:01:07] ⏱️ 系统连续运行时间: 174.23 小时
[2026-06-29 23:01:07] [23:01:07] ✅ 运行时间达标且未见近期崩溃。
[2026-06-29 23:01:07] 🎯 靶向锁定: 常规 24H 健康巡检 (范围: 06-28 23:01 ~ 06-29 23:01)
[2026-06-29 23:01:07] [23:01:07] 📋 发现 5 个蓝屏转储文件，正在解析关键信息...
[2026-06-29 23:01:07] [23:01:07]   ⚠️ 无法解析 052826-12875-01.dmp: 使用“3”个参数调用“Open”时发生异常:“对路径“C:\Windows\Minidump\052826-12875-01.dmp”的访问被拒绝。”
[2026-06-29 23:01:07] [23:01:07]   ⚠️ 无法解析 030826-13500-01.dmp: 使用“3”个参数调用“Open”时发生异常:“对路径“C:\Windows\Minidump\030826-13500-01.dmp”的访问被拒绝。”
[2026-06-29 23:01:07] [23:01:07]   ⚠️ 无法解析 120225-11890-01.dmp: 使用“3”个参数调用“Open”时发生异常:“对路径“C:\Windows\Minidump\120225-11890-01.dmp”的访问被拒绝。”
[2026-06-29 23:01:07] [23:01:07]   ⚠️ 无法解析 112525-11609-01.dmp: 使用“3”个参数调用“Open”时发生异常:“对路径“C:\Windows\Minidump\112525-11609-01.dmp”的访问被拒绝。”
[2026-06-29 23:01:07] [23:01:07]   ⚠️ 无法解析 091625-11750-01.dmp: 使用“3”个参数调用“Open”时发生异常:“对路径“C:\Windows\Minidump\091625-11750-01.dmp”的访问被拒绝。”
[2026-06-29 23:01:07] [23:01:07] ✅ Minidump 分析完成，共分析 5 个文件
[2026-06-29 23:01:07] [23:01:07] ⚡ 正在从内核提取高危日志 (Critical/Error/Warning)...
[2026-06-29 23:01:07] [23:01:07] 📖 检测到 PRO 模式导出，正在读取：E:\PowerShellBat\AURORA-Analyzer\AURORA-Analyzer-Factory-Dev\AURORA-Analyzer-Factory\UserLogs
[2026-06-29 23:01:07] [23:01:07] ✅ 找到 5 个导出的 CSV 文件，正在加载...
[2026-06-29 23:01:07] [23:01:07] 📂 分析的日志类型：System
[2026-06-29 23:01:07] [23:01:07] ⚠️ 警告：未找到以下日志文件 - 应用程序日志
[2026-06-29 23:01:07] [23:01:07] 💡 提示：请在 PRO 模式中也导出这些日志以获得完整分析
[2026-06-29 23:01:07] [23:01:07]    正在加载：系统_日志_20260101___20260301.csv
[2026-06-29 23:01:07] [23:01:07]    正在加载：系统_日志_20260101___20260501.csv
[2026-06-29 23:01:07] [23:01:07]    正在加载：系统_日志_20260626.csv
[2026-06-29 23:01:07] [23:01:07]    正在加载：系统_日志_20260627.csv
[2026-06-29 23:01:07] [23:01:07]    正在加载：系统_日志_20260629.csv
[2026-06-29 23:01:07] [23:01:07] ✅ 已加载 0 个事件
[2026-06-29 23:01:07] [23:01:07] 🔍 正在从系统实时提取日志...
[2026-06-29 23:01:13] [23:01:07] 📦 成功提取并轻量化 43 条异常事件记录。
[2026-06-29 23:01:13] [23:01:07] 🧠 正在装载并预编译 AURORA-TechData 知识图谱...
[2026-06-29 23:01:13] [23:01:07] Knowledge base cached (10.283203125.ToString('F1') KB)
[2026-06-29 23:01:13] [23:01:07] ✅ 图谱装载完成，激活 32 条诊断规则。开始极速碰撞...
[2026-06-29 23:01:13] [23:01:07] 🎯 碰撞分析完成！发现  类已知高危问题。
[2026-06-29 23:01:13] [23:01:07] 
[2026-06-29 23:01:13] ================== [ 靶向自主修复方案 ] ==================
[2026-06-29 23:01:13] [23:01:07] 🚨 [A-003] 程序崩溃
[2026-06-29 23:01:13]    [ 1 ] 查看应用程序崩溃事件 (Low) [Admin] [Auth]
[2026-06-29 23:01:13]    [ 2 ] 检查系统内存使用 (Low)  [Auto]
[2026-06-29 23:01:13]    [ 3 ] 清理应用程序临时文件 (Low)  [Auto]
[2026-06-29 23:01:13] [23:01:07] 
[2026-06-29 23:01:13] >>> 请在下方输入 [序号] 执行修复，或直接按 [Enter] 退出引擎：
[2026-06-29 23:01:13] [23:01:07] 
[2026-06-29 23:01:13] ================== [ 靶向自主修复方案 ] ==================
[2026-06-29 23:01:13] [23:01:07] 🚨 [A-003] 程序崩溃
[2026-06-29 23:01:13]    [ 1 ] 查看应用程序崩溃事件 (Low) [Admin] [Auth]
[2026-06-29 23:01:13]    [ 2 ] 检查系统内存使用 (Low)  [Auto]
[2026-06-29 23:01:13]    [ 3 ] 清理应用程序临时文件 (Low)  [Auto]
[2026-06-29 23:01:13] [23:01:07] 
[2026-06-29 23:01:13] >>> 请在下方输入 [序号] 执行修复，或直接按 [Enter] 退出引擎：
[2026-06-29 23:01:24] [syncHash] ElevationAuthorized = false
[2026-06-29 23:01:29] [syncHash] ElevationAuthorized = false
[2026-06-29 23:01:36] [syncHash] ElevationAuthorized = false
[2026-06-29 23:01:43] [syncHash] ElevationAuthorized = false
[2026-06-29 23:01:52] [syncHash] ElevationAuthorized = false
[2026-06-29 23:02:02] >>> 正在终止...
[2026-06-29 23:02:02] [已取消]
[2026-06-29 23:02:14] [syncHash] ElevationAuthorized = false
[2026-06-29 23:04:52] >>> StartAnalysisAsync entered
[2026-06-29 23:04:52] >>> [安全警告] 引擎完整性检查失败: FILE_MISSING:CoreEngine
[2026-06-29 23:04:52] 💻 硬件评估层级: [Extreme]
[2026-06-29 23:04:52] ⚠️ 管理员权限：未获取 - 部分功能受限
[2026-06-29 23:04:52] >>> 正在执行分析...
[2026-06-29 23:04:53] [安全守卫] 正在初始化 (第 1 次)...
[2026-06-29 23:04:53] [安全守卫] baseForGuard: E:\PowerShellBat\AURORA-Analyzer\AURORA-Analyzer-Factory-Dev\AURORA-Analyzer-Factory\Scripts\Security
[2026-06-29 23:04:53] [安全守卫] rootDir: E:\PowerShellBat\AURORA-Analyzer\AURORA-Analyzer-Factory-Dev\AURORA-Analyzer-Factory
[2026-06-29 23:04:53] [安全守卫] 初始化成功
[2026-06-29 23:04:53] [诊断] 正在执行环境安全扫描...
[2026-06-29 23:04:53] [诊断] 扫描结果: NONE
[2026-06-29 23:04:53] [安全守卫] 启动环境扫描完成 - 安全
[2026-06-29 23:04:53] [安全守卫] 已启动持续性检测（每 3 秒）
[2026-06-29 23:04:54] [安全守卫] WMI 实时监控启动失败，将仅使用轮询模式
[2026-06-29 23:04:54] [PRO] Starting AURORA PRO Mode (Language: CHS)
[2026-06-29 23:04:54] [PRO] Loading Unified PRO Engine...
[2026-06-29 23:04:54] [安全守卫] 正在初始化 (第 1 次)...
[2026-06-29 23:04:54] [安全守卫] baseForGuard: E:\PowerShellBat\AURORA-Analyzer\AURORA-Analyzer-Factory-Dev\AURORA-Analyzer-Factory\Scripts\Security
[2026-06-29 23:04:54] [安全守卫] rootDir: E:\PowerShellBat\AURORA-Analyzer\AURORA-Analyzer-Factory-Dev\AURORA-Analyzer-Factory
[2026-06-29 23:04:54] [安全守卫] 初始化成功
[2026-06-29 23:04:54] [诊断] 正在执行环境安全扫描...
[2026-06-29 23:04:54] [诊断] 扫描结果: NONE
[2026-06-29 23:04:54] [安全守卫] 启动环境扫描完成 - 安全
[2026-06-29 23:04:54] [安全守卫] 已启动持续性检测（每 3 秒）
[2026-06-29 23:04:54] [安全守卫] WMI 实时监控启动失败，将仅使用轮询模式
[2026-06-29 23:04:54] [23:04:54] [Info] 正在初始化 AURORA Core Engine...
[2026-06-29 23:04:54] [23:04:54] [Info] 系统：Microsoft Windows 11 专业版 (10.0.26200)
[2026-06-29 23:04:54] [23:04:54] [Info] PowerShell: v5.1.26100.7920
[2026-06-29 23:04:54] [23:04:54] [Info] 架构：x64
[2026-06-29 23:04:54] [23:04:54] [Success] Core Engine 初始化完成
[2026-06-29 23:04:54] 🔄 检测到未完成的会话
[2026-06-29 23:04:54] ========================================
[2026-06-29 23:04:54] 会话 ID: SESSION_20260629_225833_6005
[2026-06-29 23:04:54] 已保存进度：0%
[2026-06-29 23:04:54] 当前阶段：正在导出：完整 System 日志
[2026-06-29 23:04:54] 保存时间：2026-06-29T23:01:01.0474461+08:00
[2026-06-29 23:04:54] 已挂起天数：0 天
[2026-06-29 23:04:54] ⏳ 等待用户在 GUI 上做出选择...
[2026-06-29 23:04:56] [syncHash] SessionRestarted = true
[2026-06-29 23:04:56] 🔄 用户选择重新开始，清除会话...
[2026-06-29 23:04:56] /// AURORA Analyzer Release Version ///
[2026-06-29 23:04:56] /// AURORA 2026 VelociRaptor-GR 版权所有 ///
[2026-06-29 23:04:56] /// Windows 系统事件日志导出与智能分析工具 ///
[2026-06-29 23:04:56] ///请稍后... 正在检测当前系统日期...///
[2026-06-29 23:04:56] 📅 检测完成! 当前日期为: 2026-06-29///
[2026-06-29 23:04:56] ///正在检查缓存状态...///
[2026-06-29 23:04:57] ///缓存状态检查完成!///
[2026-06-29 23:04:57] 【请选择日志类型】
[2026-06-29 23:04:57] 1: System (系统)
[2026-06-29 23:04:57] 2: Application (应用程序)
[2026-06-29 23:04:57] 3: Security (安全) - 需要管理员权限
[2026-06-29 23:04:57] 4: Setup (安装) - 需要管理员权限
[2026-06-29 23:04:57] 5: DNS Server (DNS服务器) - 需要管理员权限
[2026-06-29 23:04:57] 6: DHCP Server (DHCP服务器) - 需要管理员权限
[2026-06-29 23:04:57] 7: Active Directory (活动目录) - 需要管理员权限
[2026-06-29 23:04:57] 8: IIS (Web服务器) - 需要管理员权限
[2026-06-29 23:04:57] 💡 提示：可选择多个日志类型，用逗号或空格分隔（如：1,2 或 1 2）
[2026-06-29 23:04:57] [23:04:57] > 请进行输入: 
[2026-06-29 23:04:57] 请输入选项 (1-8)，直接回车则使用默认: System
[2026-06-29 23:04:59] 👤 [23:04:59] 你: [按下了回车 / 使用默认值]
[2026-06-29 23:04:59] ✅ 已选择日志类型: System
[2026-06-29 23:04:59] 【请选择导出模式】
[2026-06-29 23:04:59] 1: 单日导出（例如：2026-01-21）
[2026-06-29 23:04:59] 2: 日期范围导出（起止日期，格式：YYYY-MM-DD）
[2026-06-29 23:04:59] [23:04:59] > 请进行输入: 
[2026-06-29 23:04:59] 请输入选项 (1 或 2)
[2026-06-29 23:05:02] 👤 [23:05:02] 你: 1
[2026-06-29 23:05:02] [23:05:02] > 请进行输入: 
[2026-06-29 23:05:02] 请输入日期 (格式：YYYY-MM-DD)，直接回车则导出今日日志
[2026-06-29 23:05:05] 👤 [23:05:05] 你: [按下了回车 / 使用默认值]
[2026-06-29 23:05:06] 【事件过滤选项】
[2026-06-29 23:05:06] 1: 无过滤（默认）
[2026-06-29 23:05:06] 2: 按事件 ID 过滤
[2026-06-29 23:05:06] 3: 按事件提供程序过滤
[2026-06-29 23:05:06] 4: 按事件级别过滤
[2026-06-29 23:05:06] [23:05:06] > 请进行输入: 
[2026-06-29 23:05:06] 请选择过滤选项 (1-4)，直接回车则使用默认: 1
[2026-06-29 23:05:09] 👤 [23:05:09] 你: [按下了回车 / 使用默认值]
[2026-06-29 23:05:09] ⚠️ 检测到 scopes 是单个对象，正在转换为数组...
[2026-06-29 23:05:09] ✅ scopes 验证完成，共 1 个范围
[2026-06-29 23:05:09] ━━━━━━━━━━━━━━━━━━━━━━━━ 评估系统性能 ━━━━━━━━━━━━━━━━━━━━━━━━
[2026-06-29 23:05:09] 【正在评估系统性能...】
[2026-06-29 23:05:13] 处理器：11th Gen Intel(R) Core(TM) i7-11700K @ 3.60GHz 8 核心 @ 4481 MHz (基础: 3501 MHz)
[2026-06-29 23:05:13] 内存容量：31.58 GB
[2026-06-29 23:05:13] 磁盘性能分数: 50/50
[2026-06-29 23:05:13] 磁盘配置：2 个 SSD, 0 个 HDD
[2026-06-29 23:05:13] 正在计算性能分数...
[2026-06-29 23:05:13] 您的性能分数为：100/100
[2026-06-29 23:05:19] 使用最佳分块大小：4 小时/块
[2026-06-29 23:05:19] 根据系统负载使用 6/16 个线程
[2026-06-29 23:05:19] 内存使用：63.25%，已调整分块大小以减少内存占用
[2026-06-29 23:05:19] 系统负载：66%，已调整分块大小以减少系统压力
[2026-06-29 23:05:24] ✅ 知识图谱索引创建成功
[2026-06-29 23:05:24] ✅ 知识图谱加载成功，包含 9 个分类
[2026-06-29 23:05:24] 【资源优化策略】
[2026-06-29 23:05:24] 性能等级: HighPerformance
[2026-06-29 23:05:24] 日志扫描并行度: 16
[2026-06-29 23:05:24] 报告生成并行度: 12.8
[2026-06-29 23:05:24] 缓存压缩: False
[2026-06-29 23:05:24] I/O 缓冲区大小：131072 bytes
[2026-06-29 23:05:24] ━━━━━━━━━━━━━━━━━━━━━━ 扫描高危事件 + 导出 ━━━━━━━━━━━━━━━━━━━━━━
[2026-06-29 23:05:24] ========================================
[2026-06-29 23:05:24]   [1/1] 正在处理：System
[2026-06-29 23:05:24] ========================================
[2026-06-29 23:05:24] 【无匹配缓存，正在扫描所选范围内的高危事件...】
[2026-06-29 23:05:27] >>> 正在终止...
[2026-06-29 23:05:27] [已取消]
[2026-06-29 23:09:53] >>> StartAnalysisAsync entered
[2026-06-29 23:09:53] >>> [安全警告] 引擎完整性检查失败: FILE_MISSING:CoreEngine
[2026-06-29 23:09:53] 💻 硬件评估层级: [Extreme]
[2026-06-29 23:09:53] ⚠️ 管理员权限：未获取 - 部分功能受限
[2026-06-29 23:09:53] >>> 正在执行分析...
[2026-06-29 23:09:54] [安全守卫] 正在初始化 (第 1 次)...
[2026-06-29 23:09:54] [安全守卫] baseForGuard: E:\PowerShellBat\AURORA-Analyzer\AURORA-Analyzer-Factory-Dev\AURORA-Analyzer-Factory\Scripts\Security
[2026-06-29 23:09:54] [安全守卫] rootDir: E:\PowerShellBat\AURORA-Analyzer\AURORA-Analyzer-Factory-Dev\AURORA-Analyzer-Factory
[2026-06-29 23:09:54] [安全守卫] 初始化成功
[2026-06-29 23:09:54] [诊断] 正在执行环境安全扫描...
[2026-06-29 23:09:54] [诊断] 扫描结果: NONE
[2026-06-29 23:09:54] [安全守卫] 启动环境扫描完成 - 安全
[2026-06-29 23:09:54] [安全守卫] 已启动持续性检测（每 3 秒）
[2026-06-29 23:09:55] [安全守卫] WMI 实时监控启动失败，将仅使用轮询模式
[2026-06-29 23:09:55] [PRO] Starting AURORA PRO Mode (Language: CHS)
[2026-06-29 23:09:55] [PRO] Loading Unified PRO Engine...
[2026-06-29 23:09:55] [安全守卫] 正在初始化 (第 1 次)...
[2026-06-29 23:09:55] [安全守卫] baseForGuard: E:\PowerShellBat\AURORA-Analyzer\AURORA-Analyzer-Factory-Dev\AURORA-Analyzer-Factory\Scripts\Security
[2026-06-29 23:09:55] [安全守卫] rootDir: E:\PowerShellBat\AURORA-Analyzer\AURORA-Analyzer-Factory-Dev\AURORA-Analyzer-Factory
[2026-06-29 23:09:55] [安全守卫] 初始化成功
[2026-06-29 23:09:55] [诊断] 正在执行环境安全扫描...
[2026-06-29 23:09:55] [诊断] 扫描结果: NONE
[2026-06-29 23:09:55] [安全守卫] 启动环境扫描完成 - 安全
[2026-06-29 23:09:55] [安全守卫] 已启动持续性检测（每 3 秒）
[2026-06-29 23:09:55] [安全守卫] WMI 实时监控启动失败，将仅使用轮询模式
[2026-06-29 23:09:55] [23:09:55] [Info] 正在初始化 AURORA Core Engine...
[2026-06-29 23:09:55] [23:09:55] [Info] 系统：Microsoft Windows 11 专业版 (10.0.26200)
[2026-06-29 23:09:55] [23:09:55] [Info] PowerShell: v5.1.26100.7920
[2026-06-29 23:09:55] [23:09:55] [Info] 架构：x64
[2026-06-29 23:09:55] [23:09:55] [Success] Core Engine 初始化完成
[2026-06-29 23:09:55] 🔄 检测到未完成的会话
[2026-06-29 23:09:55] ========================================
[2026-06-29 23:09:55] 会话 ID: SESSION_20260629_230456_6606
[2026-06-29 23:09:55] 已保存进度：0%
[2026-06-29 23:09:55] 当前阶段：Initialized
[2026-06-29 23:09:55] 保存时间：2026-06-29T23:05:24.4044984+08:00
[2026-06-29 23:09:55] 已挂起天数：0 天
[2026-06-29 23:09:55] ⏳ 等待用户在 GUI 上做出选择...
[2026-06-29 23:09:57] [syncHash] SessionRestarted = true
[2026-06-29 23:09:57] 🔄 用户选择重新开始，清除会话...
[2026-06-29 23:09:58] /// AURORA Analyzer Release Version ///
[2026-06-29 23:09:58] /// AURORA 2026 VelociRaptor-GR 版权所有 ///
[2026-06-29 23:09:58] /// Windows 系统事件日志导出与智能分析工具 ///
[2026-06-29 23:09:58] ///请稍后... 正在检测当前系统日期...///
[2026-06-29 23:09:58] 📅 检测完成! 当前日期为: 2026-06-29///
[2026-06-29 23:09:58] ///正在检查缓存状态...///
[2026-06-29 23:09:58] ///缓存状态检查完成!///
[2026-06-29 23:09:58] 【请选择日志类型】
[2026-06-29 23:09:58] 1: System (系统)
[2026-06-29 23:09:58] 2: Application (应用程序)
[2026-06-29 23:09:58] 3: Security (安全) - 需要管理员权限
[2026-06-29 23:09:58] 4: Setup (安装) - 需要管理员权限
[2026-06-29 23:09:58] 5: DNS Server (DNS服务器) - 需要管理员权限
[2026-06-29 23:09:58] 6: DHCP Server (DHCP服务器) - 需要管理员权限
[2026-06-29 23:09:58] 7: Active Directory (活动目录) - 需要管理员权限
[2026-06-29 23:09:58] 8: IIS (Web服务器) - 需要管理员权限
[2026-06-29 23:09:58] 💡 提示：可选择多个日志类型，用逗号或空格分隔（如：1,2 或 1 2）
[2026-06-29 23:09:58] [23:09:58] > 请进行输入: 
[2026-06-29 23:09:58] 请输入选项 (1-8)，直接回车则使用默认: System
[2026-06-29 23:10:01] 👤 [23:10:01] 你: [按下了回车 / 使用默认值]
[2026-06-29 23:10:01] ✅ 已选择日志类型: System
[2026-06-29 23:10:01] 【请选择导出模式】
[2026-06-29 23:10:01] 1: 单日导出（例如：2026-01-21）
[2026-06-29 23:10:01] 2: 日期范围导出（起止日期，格式：YYYY-MM-DD）
[2026-06-29 23:10:01] [23:10:01] > 请进行输入: 
[2026-06-29 23:10:01] 请输入选项 (1 或 2)
[2026-06-29 23:10:07] 👤 [23:10:07] 你: 1
[2026-06-29 23:10:07] [23:10:07] > 请进行输入: 
[2026-06-29 23:10:07] 请输入日期 (格式：YYYY-MM-DD)，直接回车则导出今日日志
[2026-06-29 23:10:09] 👤 [23:10:09] 你: [按下了回车 / 使用默认值]
[2026-06-29 23:10:09] 【事件过滤选项】
[2026-06-29 23:10:09] 1: 无过滤（默认）
[2026-06-29 23:10:09] 2: 按事件 ID 过滤
[2026-06-29 23:10:09] 3: 按事件提供程序过滤
[2026-06-29 23:10:09] 4: 按事件级别过滤
[2026-06-29 23:10:09] [23:10:09] > 请进行输入: 
[2026-06-29 23:10:09] 请选择过滤选项 (1-4)，直接回车则使用默认: 1
[2026-06-29 23:10:14] 👤 [23:10:14] 你: [按下了回车 / 使用默认值]
[2026-06-29 23:10:14] ⚠️ 检测到 scopes 是单个对象，正在转换为数组...
[2026-06-29 23:10:14] ✅ scopes 验证完成，共 1 个范围
[2026-06-29 23:10:14] ━━━━━━━━━━━━━━━━━━━━━━━━ 评估系统性能 ━━━━━━━━━━━━━━━━━━━━━━━━
[2026-06-29 23:10:14] 【正在评估系统性能...】
[2026-06-29 23:10:18] 处理器：11th Gen Intel(R) Core(TM) i7-11700K @ 3.60GHz 8 核心 @ 4516 MHz (基础: 3501 MHz)
[2026-06-29 23:10:18] 内存容量：31.58 GB
[2026-06-29 23:10:18] 磁盘性能分数: 50/50
[2026-06-29 23:10:18] 磁盘配置：2 个 SSD, 0 个 HDD
[2026-06-29 23:10:18] 正在计算性能分数...
[2026-06-29 23:10:18] 您的性能分数为：100/100
[2026-06-29 23:10:23] 使用最佳分块大小：4 小时/块
[2026-06-29 23:10:23] 根据系统负载使用 6/16 个线程
[2026-06-29 23:10:23] 内存使用：63.63%，已调整分块大小以减少内存占用
[2026-06-29 23:10:23] 系统负载：64%，已调整分块大小以减少系统压力
[2026-06-29 23:10:28] ✅ 知识图谱索引创建成功
[2026-06-29 23:10:28] ✅ 知识图谱加载成功，包含 9 个分类
[2026-06-29 23:10:28] 【资源优化策略】
[2026-06-29 23:10:28] 性能等级: HighPerformance
[2026-06-29 23:10:28] 日志扫描并行度: 16
[2026-06-29 23:10:28] 报告生成并行度: 12.8
[2026-06-29 23:10:28] 缓存压缩: False
[2026-06-29 23:10:28] I/O 缓冲区大小：131072 bytes
[2026-06-29 23:10:28] ━━━━━━━━━━━━━━━━━━━━━━ 扫描高危事件 + 导出 ━━━━━━━━━━━━━━━━━━━━━━
[2026-06-29 23:10:28] ========================================
[2026-06-29 23:10:28]   [1/1] 正在处理：System
[2026-06-29 23:10:28] ========================================
[2026-06-29 23:10:28] 【无匹配缓存，正在扫描所选范围内的高危事件...】
[2026-06-29 23:10:33] [系统资源监控] 并行线程数: 6, 内存使用率: 63.67%
[2026-06-29 23:10:35] [知识库分析] 正在批量处理 33 条事件的知识库查询...
[2026-06-29 23:10:35] [知识库分析] 批量处理完成
[2026-06-29 23:10:35] 【高危事件扫描完成】共发现 33 条高危事件
[2026-06-29 23:10:36] 【扫描完成】
[2026-06-29 23:10:36] 发现：0 条严重事件，0 条错误，33 条警告（共 33 条高危事件）
[2026-06-29 23:10:36] 总日志数：94 条
[2026-06-29 23:10:36] 【系统健康评估】
[2026-06-29 23:10:36] 错误: 0 | 警告: 33 | 严重: 0
[2026-06-29 23:10:36] 健康评分: 65/100 | 健康等级: 一般
[2026-06-29 23:10:36] 系统状态：一般 —— 存在较多异常，需要关注！
[2026-06-29 23:10:36] [23:10:36] > 请进行输入: 
[2026-06-29 23:10:36] 按 Enter 仅导出高危事件，或输入 '1' 导出完整日志
[2026-06-29 23:10:39] 👤 [23:10:39] 你: 1
[2026-06-29 23:10:40] 数据已存入缓存...
[2026-06-29 23:10:40] 【完整 System 日志读取完成】共采集 94 条事件
[2026-06-29 23:10:40] 【正在导出：完整 System 日志】
[2026-06-29 23:10:40] 【正在执行高级日志模式分析...】
[2026-06-29 23:10:41] 摘要报告已保存至：E:\PowerShellBat\AURORA-Analyzer\AURORA-Analyzer-Factory-Dev\AURORA-Analyzer-Factory\UserLogs\系统_日志_20260629_摘要.txt
[2026-06-29 23:10:41] 已导出:
[2026-06-29 23:10:41]   CSV: E:\PowerShellBat\AURORA-Analyzer\AURORA-Analyzer-Factory-Dev\AURORA-Analyzer-Factory\UserLogs\系统_日志_20260629.csv
[2026-06-29 23:10:41]   JSON: E:\PowerShellBat\AURORA-Analyzer\AURORA-Analyzer-Factory-Dev\AURORA-Analyzer-Factory\UserLogs\系统_日志_20260629.json
[2026-06-29 23:10:41]   XML: E:\PowerShellBat\AURORA-Analyzer\AURORA-Analyzer-Factory-Dev\AURORA-Analyzer-Factory\UserLogs\系统_日志_20260629.xml
[2026-06-29 23:10:41] [23:10:41] > 请进行输入: 是否进行日志趋势分析？(Y/N) [默认: N]
[2026-06-29 23:10:45] 👤 [23:10:45] 你: y
[2026-06-29 23:10:47] 趋势分析报告已保存至：E:\PowerShellBat\AURORA-Analyzer\AURORA-Analyzer-Factory-Dev\AURORA-Analyzer-Factory\UserLogs\系统_日志_20260629_to_20260629_趋势分析.txt
[2026-06-29 23:10:47] 趋势数据已保存至：E:\PowerShellBat\AURORA-Analyzer\AURORA-Analyzer-Factory-Dev\AURORA-Analyzer-Factory\UserLogs\系统_日志_20260629_to_20260629_趋势数据.csv
[2026-06-29 23:10:47] 【趋势分析完成】
[2026-06-29 23:10:47] 🧠 正在调用 AURORA 智能诊断引擎...
[2026-06-29 23:10:47] ========================================
[2026-06-29 23:10:47]   智能诊断分析可用
[2026-06-29 23:10:47] ========================================
[2026-06-29 23:10:47] 📊 已检测到导出的 CSV 文件：
[2026-06-29 23:10:47]    位置：E:\PowerShellBat\AURORA-Analyzer\AURORA-Analyzer-Factory-Dev\AURORA-Analyzer-Factory\UserLogs
[2026-06-29 23:10:47]    文件：找到 9 个 CSV 文件
[2026-06-29 23:10:47] 🔍 智能模式将执行：
[2026-06-29 23:10:47]    ✓ 加载已导出的 CSV 文件
[2026-06-29 23:10:47]    ✓ 知识库靶向碰撞分析
[2026-06-29 23:10:47]    ✓ 提供自主修复方案
[2026-06-29 23:10:47] ⚡ 是否立即启动智能诊断分析？
[2026-06-29 23:10:47] ========================================
[2026-06-29 23:10:47] 📋 正在等待用户确认...
[2026-06-29 23:10:51] [syncHash] SmartAnalysisAuthorized = true
[2026-06-29 23:10:51] ✅ GUI 已响应智能分析请求（等待了 4050ms）
[2026-06-29 23:10:51] ✅ 用户确认，开始智能分析...
[2026-06-29 23:10:51] 📖 正在加载智能引擎...
[2026-06-29 23:10:51] [23:10:51] 🤖 正在初始化 AURORA 智能诊断与自主修复引擎...
[2026-06-29 23:10:52] [23:10:52] 🖥️ 操作系统: Microsoft Windows 11 专业版
[2026-06-29 23:10:52] [23:10:52] ⏱️ 系统连续运行时间: 174.39 小时
[2026-06-29 23:10:52] [23:10:52] ✅ 运行时间达标且未见近期崩溃。
[2026-06-29 23:10:52] 🎯 靶向锁定: 常规 24H 健康巡检 (范围: 06-28 23:10 ~ 06-29 23:10)
[2026-06-29 23:10:52] [23:10:52] 📋 发现 5 个蓝屏转储文件，正在解析关键信息...
[2026-06-29 23:10:52] [23:10:52]   ⚠️ 无法解析 052826-12875-01.dmp: 使用“3”个参数调用“Open”时发生异常:“对路径“C:\Windows\Minidump\052826-12875-01.dmp”的访问被拒绝。”
[2026-06-29 23:10:52] [23:10:52]   ⚠️ 无法解析 030826-13500-01.dmp: 使用“3”个参数调用“Open”时发生异常:“对路径“C:\Windows\Minidump\030826-13500-01.dmp”的访问被拒绝。”
[2026-06-29 23:10:52] [23:10:52]   ⚠️ 无法解析 120225-11890-01.dmp: 使用“3”个参数调用“Open”时发生异常:“对路径“C:\Windows\Minidump\120225-11890-01.dmp”的访问被拒绝。”
[2026-06-29 23:10:52] [23:10:52]   ⚠️ 无法解析 112525-11609-01.dmp: 使用“3”个参数调用“Open”时发生异常:“对路径“C:\Windows\Minidump\112525-11609-01.dmp”的访问被拒绝。”
[2026-06-29 23:10:52] [23:10:52]   ⚠️ 无法解析 091625-11750-01.dmp: 使用“3”个参数调用“Open”时发生异常:“对路径“C:\Windows\Minidump\091625-11750-01.dmp”的访问被拒绝。”
[2026-06-29 23:10:52] [23:10:52] ✅ Minidump 分析完成，共分析 5 个文件
[2026-06-29 23:10:52] [23:10:52] ⚡ 正在从内核提取高危日志 (Critical/Error/Warning)...
[2026-06-29 23:10:52] [23:10:52] 📖 检测到 PRO 模式导出，正在读取：E:\PowerShellBat\AURORA-Analyzer\AURORA-Analyzer-Factory-Dev\AURORA-Analyzer-Factory\UserLogs
[2026-06-29 23:10:52] [23:10:52] ✅ 找到 5 个导出的 CSV 文件，正在加载...
[2026-06-29 23:10:52] [23:10:52] 📂 分析的日志类型：System
[2026-06-29 23:10:52] [23:10:52] ⚠️ 警告：未找到以下日志文件 - 应用程序日志
[2026-06-29 23:10:52] [23:10:52] 💡 提示：请在 PRO 模式中也导出这些日志以获得完整分析
[2026-06-29 23:10:52] [23:10:52]    正在加载：系统_日志_20260101___20260301.csv
[2026-06-29 23:10:52] [23:10:52]    正在加载：系统_日志_20260101___20260501.csv
[2026-06-29 23:10:52] [23:10:52]    正在加载：系统_日志_20260626.csv
[2026-06-29 23:10:52] [23:10:52]    正在加载：系统_日志_20260627.csv
[2026-06-29 23:10:52] [23:10:52]    正在加载：系统_日志_20260629.csv
[2026-06-29 23:10:52] [23:10:52] ✅ 已加载 0 个事件
[2026-06-29 23:10:52] [23:10:52] 🔍 正在从系统实时提取日志...
[2026-06-29 23:10:52] [23:10:52] 📦 成功提取并轻量化 43 条异常事件记录。
[2026-06-29 23:10:52] [23:10:52] 🧠 正在装载并预编译 AURORA-TechData 知识图谱...
[2026-06-29 23:10:53] [23:10:53] Knowledge base cached (10.283203125.ToString('F1') KB)
[2026-06-29 23:10:53] [23:10:53] ✅ 图谱装载完成，激活 32 条诊断规则。开始极速碰撞...
[2026-06-29 23:10:53] [23:10:53] 🎯 碰撞分析完成！发现  类已知高危问题。
[2026-06-29 23:10:53] [23:10:53] 
[2026-06-29 23:10:53] ================== [ 靶向自主修复方案 ] ==================
[2026-06-29 23:10:53] [23:10:53] 🚨 [A-003] 程序崩溃
[2026-06-29 23:10:53]    [ 1 ] 查看应用程序崩溃事件 (Low) [Admin] [Auth]
[2026-06-29 23:10:53]    [ 2 ] 检查系统内存使用 (Low)  [Auto]
[2026-06-29 23:10:53]    [ 3 ] 清理应用程序临时文件 (Low)  [Auto]
[2026-06-29 23:10:53] [23:10:53] 
[2026-06-29 23:10:53] >>> 请在下方输入 [序号] 执行修复，或直接按 [Enter] 退出引擎：
[2026-06-29 23:10:53] [23:10:53] 
[2026-06-29 23:10:53] ================== [ 靶向自主修复方案 ] ==================
[2026-06-29 23:10:53] [23:10:53] 🚨 [A-003] 程序崩溃
[2026-06-29 23:10:53]    [ 1 ] 查看应用程序崩溃事件 (Low) [Admin] [Auth]
[2026-06-29 23:10:53]    [ 2 ] 检查系统内存使用 (Low)  [Auto]
[2026-06-29 23:10:53]    [ 3 ] 清理应用程序临时文件 (Low)  [Auto]
[2026-06-29 23:10:53] [23:10:53] 
[2026-06-29 23:10:53] >>> 请在下方输入 [序号] 执行修复，或直接按 [Enter] 退出引擎：
[2026-06-29 23:11:06] 👤 [23:11:06] 你: [按下了回车 / 使用默认值]
[2026-06-29 23:11:06] [23:11:06] ⏭️ 用户跳过修复，引擎准备退出。
[2026-06-29 23:11:06] [23:11:06] 👋 智能引擎分析完毕，进程安全退出。
[2026-06-29 23:11:06] ✅ 智能诊断分析完成！
[2026-06-29 23:11:06] ✅ 操作完成！感谢使用本工具。
[2026-06-29 23:11:06] >>> 分析完成
[2026-06-29 23:11:06] True
[2026-06-29 23:11:06] True
[2026-06-29 23:11:06] True
[2026-06-29 23:11:06] True
[2026-06-29 23:11:06] True
[2026-06-29 23:11:06] [分析完成]
[2026-06-29 23:20:46] >>> StartAnalysisAsync entered
[2026-06-29 23:20:46] >>> [安全警告] 引擎完整性检查失败: FILE_MISSING:CoreEngine
[2026-06-29 23:20:46] 💻 硬件评估层级: [Extreme]
[2026-06-29 23:20:46] ⚠️ 管理员权限：未获取 - 部分功能受限
[2026-06-29 23:20:46] >>> 正在执行分析...
[2026-06-29 23:20:46] [安全守卫] 正在初始化 (第 1 次)...
[2026-06-29 23:20:47] [安全守卫] baseForGuard: E:\PowerShellBat\AURORA-Analyzer\AURORA-Analyzer-Factory-Dev\AURORA-Analyzer-Factory\Scripts\Security
[2026-06-29 23:20:47] [安全守卫] rootDir: E:\PowerShellBat\AURORA-Analyzer\AURORA-Analyzer-Factory-Dev\AURORA-Analyzer-Factory
[2026-06-29 23:20:47] [安全守卫] 初始化成功
[2026-06-29 23:20:47] [诊断] 正在执行环境安全扫描...
[2026-06-29 23:20:47] [诊断] 扫描结果: NONE
[2026-06-29 23:20:47] [安全守卫] 启动环境扫描完成 - 安全
[2026-06-29 23:20:47] [安全守卫] 已启动持续性检测（每 3 秒）
[2026-06-29 23:20:47] [安全守卫] WMI 实时监控启动失败，将仅使用轮询模式
[2026-06-29 23:20:47] [PRO] Starting AURORA PRO Mode (Language: CHS)
[2026-06-29 23:20:47] [PRO] Loading Unified PRO Engine...
[2026-06-29 23:20:47] [安全守卫] 正在初始化 (第 1 次)...
[2026-06-29 23:20:47] [安全守卫] baseForGuard: E:\PowerShellBat\AURORA-Analyzer\AURORA-Analyzer-Factory-Dev\AURORA-Analyzer-Factory\Scripts\Security
[2026-06-29 23:20:47] [安全守卫] rootDir: E:\PowerShellBat\AURORA-Analyzer\AURORA-Analyzer-Factory-Dev\AURORA-Analyzer-Factory
[2026-06-29 23:20:47] [安全守卫] 初始化成功
[2026-06-29 23:20:47] [诊断] 正在执行环境安全扫描...
[2026-06-29 23:20:47] [诊断] 扫描结果: NONE
[2026-06-29 23:20:47] [安全守卫] 启动环境扫描完成 - 安全
[2026-06-29 23:20:47] [安全守卫] 已启动持续性检测（每 3 秒）
[2026-06-29 23:20:47] [安全守卫] WMI 实时监控启动失败，将仅使用轮询模式
[2026-06-29 23:20:47] [23:20:47] [Info] 正在初始化 AURORA Core Engine...
[2026-06-29 23:20:48] [23:20:48] [Info] 系统：Microsoft Windows 11 专业版 (10.0.26200)
[2026-06-29 23:20:48] [23:20:48] [Info] PowerShell: v5.1.26100.7920
[2026-06-29 23:20:48] [23:20:48] [Info] 架构：x64
[2026-06-29 23:20:48] [23:20:48] [Success] Core Engine 初始化完成
[2026-06-29 23:20:48] /// AURORA Analyzer Release Version ///
[2026-06-29 23:20:48] /// AURORA 2026 VelociRaptor-GR 版权所有 ///
[2026-06-29 23:20:48] /// Windows 系统事件日志导出与智能分析工具 ///
[2026-06-29 23:20:48] ///请稍后... 正在检测当前系统日期...///
[2026-06-29 23:20:48] 📅 检测完成! 当前日期为: 2026-06-29///
[2026-06-29 23:20:48] ///正在检查缓存状态...///
[2026-06-29 23:20:48] ///缓存状态检查完成!///
[2026-06-29 23:20:48] 【请选择日志类型】
[2026-06-29 23:20:48] 1: System (系统)
[2026-06-29 23:20:48] 2: Application (应用程序)
[2026-06-29 23:20:48] 3: Security (安全) - 需要管理员权限
[2026-06-29 23:20:48] 4: Setup (安装) - 需要管理员权限
[2026-06-29 23:20:48] 5: DNS Server (DNS服务器) - 需要管理员权限
[2026-06-29 23:20:48] 6: DHCP Server (DHCP服务器) - 需要管理员权限
[2026-06-29 23:20:48] 7: Active Directory (活动目录) - 需要管理员权限
[2026-06-29 23:20:48] 8: IIS (Web服务器) - 需要管理员权限
[2026-06-29 23:20:48] 💡 提示：可选择多个日志类型，用逗号或空格分隔（如：1,2 或 1 2）
[2026-06-29 23:20:48] [23:20:48] > 请进行输入: 
[2026-06-29 23:20:48] 请输入选项 (1-8)，直接回车则使用默认: System
[2026-06-29 23:21:03] 👤 [23:21:03] 你: 1 2
[2026-06-29 23:21:03] ✅ 已选择日志类型: System, Application
[2026-06-29 23:21:03] 【请选择导出模式】
[2026-06-29 23:21:03] 1: 单日导出（例如：2026-01-21）
[2026-06-29 23:21:03] 2: 日期范围导出（起止日期，格式：YYYY-MM-DD）
[2026-06-29 23:21:03] [23:21:03] > 请进行输入: 
[2026-06-29 23:21:03] 请输入选项 (1 或 2)
[2026-06-29 23:21:05] 👤 [23:21:05] 你: 2
[2026-06-29 23:21:05] [23:21:05] > 请进行输入: 
[2026-06-29 23:21:05] 请输入起始日期 (格式：YYYY-MM-DD)
[2026-06-29 23:21:10] 👤 [23:21:10] 你: 2026-01-01
[2026-06-29 23:21:10] [23:21:10] > 请进行输入: 请输入结束日期 (格式：YYYY-MM-DD)
[2026-06-29 23:21:16] 👤 [23:21:16] 你: 2026-03-01
[2026-06-29 23:21:16] 【事件过滤选项】
[2026-06-29 23:21:16] 1: 无过滤（默认）
[2026-06-29 23:21:16] 2: 按事件 ID 过滤
[2026-06-29 23:21:16] 3: 按事件提供程序过滤
[2026-06-29 23:21:16] 4: 按事件级别过滤
[2026-06-29 23:21:16] [23:21:16] > 请进行输入: 
[2026-06-29 23:21:16] 请选择过滤选项 (1-4)，直接回车则使用默认: 1
[2026-06-29 23:21:18] 👤 [23:21:18] 你: [按下了回车 / 使用默认值]
[2026-06-29 23:21:18] ✅ scopes 验证完成，共 2 个范围
[2026-06-29 23:21:18] ━━━━━━━━━━━━━━━━━━━━━━━━ 评估系统性能 ━━━━━━━━━━━━━━━━━━━━━━━━
[2026-06-29 23:21:18] 【正在评估系统性能...】
[2026-06-29 23:21:23] 处理器：11th Gen Intel(R) Core(TM) i7-11700K @ 3.60GHz 8 核心 @ 4551 MHz (基础: 3501 MHz)
[2026-06-29 23:21:23] 内存容量：31.58 GB
[2026-06-29 23:21:23] 磁盘性能分数: 50/50
[2026-06-29 23:21:23] 磁盘配置：2 个 SSD, 0 个 HDD
[2026-06-29 23:21:23] 正在计算性能分数...
[2026-06-29 23:21:23] 您的性能分数为：100/100
[2026-06-29 23:21:29] 使用最佳分块大小：4 小时/块
[2026-06-29 23:21:29] 根据系统负载使用 10/16 个线程
[2026-06-29 23:21:29] 内存使用：65.3%，已调整分块大小以减少内存占用
[2026-06-29 23:21:29] 系统负载：67%，已调整分块大小以减少系统压力
[2026-06-29 23:21:34] ✅ 知识图谱索引创建成功
[2026-06-29 23:21:34] ✅ 知识图谱加载成功，包含 9 个分类
[2026-06-29 23:21:34] 【资源优化策略】
[2026-06-29 23:21:34] 性能等级: HighPerformance
[2026-06-29 23:21:34] 日志扫描并行度: 16
[2026-06-29 23:21:34] 报告生成并行度: 12.8
[2026-06-29 23:21:34] 缓存压缩: False
[2026-06-29 23:21:34] I/O 缓冲区大小：131072 bytes
[2026-06-29 23:21:34] ━━━━━━━━━━━━━━━━━━━━━━ 扫描高危事件 + 导出 ━━━━━━━━━━━━━━━━━━━━━━
[2026-06-29 23:21:34] 🚀 Phase 3.4 并发优化：检测到多个日志类型，启用并发处理模式...
[2026-06-29 23:21:34]    日志类型数量：2
[2026-06-29 23:21:34]    预计加速比：2x
[2026-06-29 23:21:34]    最大并发线程数：2
[2026-06-29 23:21:34] 📦 正在启动并发任务...
[2026-06-29 23:21:34] [TPL并行处理] 初始线程数: 2, 任务数: 2
[2026-06-29 23:21:34] [TPL] 开始执行任务...
[2026-06-29 23:21:34] [TPL任务] 开始执行，日志类型: System
[2026-06-29 23:21:34] [TPL任务] 参数验证通过，开始调用 Get-HighRiskEvents...
[2026-06-29 23:21:57] [TPL任务] Get-HighRiskEvents 调用完成，获取 596 条事件
[2026-06-29 23:21:57] [TPL任务] 事件统计完成: 严重=0, 错误=169, 警告=355
[2026-06-29 23:21:57] [TPL] 任务执行完成
[2026-06-29 23:21:57] [TPL] 开始执行任务...
[2026-06-29 23:21:57] [TPL任务] 开始执行，日志类型: Application
[2026-06-29 23:21:57] [TPL任务] 参数验证通过，开始调用 Get-HighRiskEvents...
[2026-06-29 23:22:17] [TPL任务] Get-HighRiskEvents 调用完成，获取 96 条事件
[2026-06-29 23:22:17] [TPL任务] 事件统计完成: 严重=0, 错误=0, 警告=0
[2026-06-29 23:22:17] [TPL] 任务执行完成
[2026-06-29 23:22:17] 📊 并发任务完成，正在合并结果...
[2026-06-29 23:22:18] ✅ 并发处理完成
[2026-06-29 23:22:18] ========================================
[2026-06-29 23:22:18]   [1/2] 正在处理：System
[2026-06-29 23:22:18] ========================================
[2026-06-29 23:22:18] 【缓存信息】
[2026-06-29 23:22:18] 创建时间: 2026-06-29 23:21:56
[2026-06-29 23:22:18] 数据数量: 524 条事件
[2026-06-29 23:22:18] 原始大小: 0.6 MB
[2026-06-29 23:22:18] 压缩大小: 0.6 MB
[2026-06-29 23:22:18] 缓存过期时间: 2026-06-29 23:51:56
[2026-06-29 23:22:18] [23:22:17] > 请进行输入: 是否使用缓存数据？(Y/N) [默认: Y]
[2026-06-29 23:22:24] 👤 [23:22:24] 你: y
[2026-06-29 23:22:24] 【使用缓存数据】
[2026-06-29 23:22:25] 【扫描完成】
[2026-06-29 23:22:25] 发现：0 条严重事件，169 条错误，355 条警告（共 524 条高危事件）
[2026-06-29 23:22:25] 总日志数：1268 条
[2026-06-29 23:22:25] 【系统健康评估】
[2026-06-29 23:22:25] 错误: 169 | 警告: 355 | 严重: 0
[2026-06-29 23:22:25] 健康评分: 45/100 | 健康等级: 较差
[2026-06-29 23:22:25] 系统状态：较差 —— 存在大量异常，建议立即检查！
[2026-06-29 23:22:25] [23:22:25] > 请进行输入: 
[2026-06-29 23:22:25] 按 Enter 仅导出高危事件，或输入 '1' 导出完整日志
[2026-06-29 23:22:28] 👤 [23:22:28] 你: 1
[2026-06-29 23:22:33] 数据已存入缓存...
[2026-06-29 23:22:33] 【完整 System 日志读取完成】共采集 1268 条事件
[2026-06-29 23:22:33] 【正在导出：完整 System 日志】
[2026-06-29 23:22:33] 【正在执行高级日志模式分析...】
[2026-06-29 23:22:33] 摘要报告已保存至：E:\PowerShellBat\AURORA-Analyzer\AURORA-Analyzer-Factory-Dev\AURORA-Analyzer-Factory\UserLogs\系统_日志_20260101___20260301_摘要.txt
[2026-06-29 23:22:33] 使用并行处理加速CSV数据生成...
[2026-06-29 23:22:34] 已导出:
[2026-06-29 23:22:34]   CSV: E:\PowerShellBat\AURORA-Analyzer\AURORA-Analyzer-Factory-Dev\AURORA-Analyzer-Factory\UserLogs\系统_日志_20260101___20260301.csv
[2026-06-29 23:22:34]   JSON: E:\PowerShellBat\AURORA-Analyzer\AURORA-Analyzer-Factory-Dev\AURORA-Analyzer-Factory\UserLogs\系统_日志_20260101___20260301.json
[2026-06-29 23:22:34]   XML: E:\PowerShellBat\AURORA-Analyzer\AURORA-Analyzer-Factory-Dev\AURORA-Analyzer-Factory\UserLogs\系统_日志_20260101___20260301.xml
[2026-06-29 23:22:34] [23:22:34] > 请进行输入: 是否进行日志趋势分析？(Y/N) [默认: N]
[2026-06-29 23:22:37] 👤 [23:22:37] 你: y
[2026-06-29 23:22:56] 趋势分析报告已保存至：E:\PowerShellBat\AURORA-Analyzer\AURORA-Analyzer-Factory-Dev\AURORA-Analyzer-Factory\UserLogs\系统_日志_20260101_to_20260301_趋势分析.txt
[2026-06-29 23:22:56] 趋势数据已保存至：E:\PowerShellBat\AURORA-Analyzer\AURORA-Analyzer-Factory-Dev\AURORA-Analyzer-Factory\UserLogs\系统_日志_20260101_to_20260301_趋势数据.csv
[2026-06-29 23:22:56] 【趋势分析完成】
[2026-06-29 23:22:56] ========================================
[2026-06-29 23:22:56]   [2/2] 正在处理：Application
[2026-06-29 23:22:56] ========================================
[2026-06-29 23:22:56] 【无匹配缓存，正在扫描所选范围内的高危事件...】
[2026-06-29 23:23:00] [系统资源监控] 并行线程数: 6, 内存使用率: 65.79%
[2026-06-29 23:23:06] 【高危事件扫描完成】共发现 0 条高危事件
[2026-06-29 23:23:06] 【扫描完成】
[2026-06-29 23:23:06] 发现：0 条严重事件，0 条错误，0 条警告（共 0 条高危事件）
[2026-06-29 23:23:06] 【系统健康评估】
[2026-06-29 23:23:06] 错误: 0 | 警告: 0 | 严重: 0
[2026-06-29 23:23:06] 健康评分: 100/100 | 健康等级: 优秀
[2026-06-29 23:23:06] 系统状态：优秀 —— 运行稳定，无明显异常！
[2026-06-29 23:23:06] 💡 使用之前选择的导出模式：Full
[2026-06-29 23:23:07] 读取事件时出错: 指定的队列无效。
[2026-06-29 23:23:07] 数据已存入缓存...
[2026-06-29 23:23:07] 【完整 Application 日志读取完成】共采集 0 条事件
[2026-06-29 23:23:07] 读取过程中遇到 1 个错误，但已尽力收集所有可用事件。
[2026-06-29 23:23:07] 【正在导出：完整 Application 日志】
[2026-06-29 23:23:07] ========================================
[2026-06-29 23:23:07]  AURORA-Analyzer PRO 运行异常终止
[2026-06-29 23:23:07] ========================================
[2026-06-29 23:23:07] ❌ 发生错误：无法对参数“Events”执行参数验证。参数为 Null。请为参数提供一个有效的值，然后再次尝试运行该命令。
[2026-06-29 23:23:07] 异常堆栈: 在 <ScriptBlock>、E:\PowerShellBat\AURORA-Analyzer\AURORA-Analyzer-Factory-Dev\AURORA-Analyzer-Factory\Scripts\PRO\AURORA-AnalyzerPRO-Engine.ps1 中: 第 6921 行
[2026-06-29 23:23:07] 在 <ScriptBlock>、E:\PowerShellBat\AURORA-Analyzer\AURORA-Analyzer-Factory-Dev\AURORA-Analyzer-Factory\Scripts\PRO\AURORA-AnalyzerPRO.ps1 中: 第 203 行
[2026-06-29 23:23:07] 在 <ScriptBlock>、<无文件> 中: 第 1 行
[2026-06-29 23:23:08] [WARN] 主动健康检查失败，通知引擎停止
[2026-06-29 23:23:08] [WARN] 主动健康检查失败，通知引擎停止
[2026-06-29 23:23:08] [WARN] 主动健康检查失败，通知引擎停止
[2026-06-29 23:23:09] [WARN] 主动健康检查失败，通知引擎停止
[2026-06-29 23:23:09] [WARN] 主动健康检查失败，通知引擎停止
[2026-06-29 23:30:08] >>> StartAnalysisAsync entered
[2026-06-29 23:30:08] >>> [安全警告] 引擎完整性检查失败: FILE_MISSING:CoreEngine
[2026-06-29 23:30:08] 💻 硬件评估层级: [Extreme]
[2026-06-29 23:30:08] ⚠️ 管理员权限：未获取 - 部分功能受限
[2026-06-29 23:30:08] >>> 正在执行分析...
[2026-06-29 23:30:09] [安全守卫] 正在初始化 (第 1 次)...
[2026-06-29 23:30:09] [安全守卫] baseForGuard: E:\PowerShellBat\AURORA-Analyzer\AURORA-Analyzer-Factory-Dev\AURORA-Analyzer-Factory\Scripts\Security
[2026-06-29 23:30:09] [安全守卫] rootDir: E:\PowerShellBat\AURORA-Analyzer\AURORA-Analyzer-Factory-Dev\AURORA-Analyzer-Factory
[2026-06-29 23:30:09] [安全守卫] 初始化成功
[2026-06-29 23:30:09] [诊断] 正在执行环境安全扫描...
[2026-06-29 23:30:09] [诊断] 扫描结果: NONE
[2026-06-29 23:30:09] [安全守卫] 启动环境扫描完成 - 安全
[2026-06-29 23:30:09] [安全守卫] 已启动持续性检测（每 3 秒）
[2026-06-29 23:30:09] [安全守卫] WMI 实时监控启动失败，将仅使用轮询模式
[2026-06-29 23:30:09] [PRO] Starting AURORA PRO Mode (Language: CHS)
[2026-06-29 23:30:09] [PRO] Loading Unified PRO Engine...
[2026-06-29 23:30:09] [安全守卫] 正在初始化 (第 1 次)...
[2026-06-29 23:30:09] [安全守卫] baseForGuard: E:\PowerShellBat\AURORA-Analyzer\AURORA-Analyzer-Factory-Dev\AURORA-Analyzer-Factory\Scripts\Security
[2026-06-29 23:30:09] [安全守卫] rootDir: E:\PowerShellBat\AURORA-Analyzer\AURORA-Analyzer-Factory-Dev\AURORA-Analyzer-Factory
[2026-06-29 23:30:09] [安全守卫] 初始化成功
[2026-06-29 23:30:09] [诊断] 正在执行环境安全扫描...
[2026-06-29 23:30:09] [诊断] 扫描结果: NONE
[2026-06-29 23:30:09] [安全守卫] 启动环境扫描完成 - 安全
[2026-06-29 23:30:09] [安全守卫] 已启动持续性检测（每 3 秒）
[2026-06-29 23:30:09] [安全守卫] WMI 实时监控启动失败，将仅使用轮询模式
[2026-06-29 23:30:09] [23:30:09] [Info] 正在初始化 AURORA Core Engine...
[2026-06-29 23:30:10] [23:30:10] [Info] 系统：Microsoft Windows 11 专业版 (10.0.26200)
[2026-06-29 23:30:10] [23:30:10] [Info] PowerShell: v5.1.26100.7920
[2026-06-29 23:30:10] [23:30:10] [Info] 架构：x64
[2026-06-29 23:30:10] [23:30:10] [Success] Core Engine 初始化完成
[2026-06-29 23:30:10] 🔄 检测到未完成的会话
[2026-06-29 23:30:10] ========================================
[2026-06-29 23:30:10] 会话 ID: SESSION_20260629_232048_8592
[2026-06-29 23:30:10] 已保存进度：85%
[2026-06-29 23:30:10] 当前阶段：正在导出：完整 Application 日志
[2026-06-29 23:30:10] 保存时间：2026-06-29T23:23:07.9067215+08:00
[2026-06-29 23:30:10] 已挂起天数：0 天
[2026-06-29 23:30:10] ⏳ 等待用户在 GUI 上做出选择...
[2026-06-29 23:30:40] ⚠️ 等待用户选择超时，假设重新开始...
[2026-06-29 23:30:41] /// AURORA Analyzer Release Version ///
[2026-06-29 23:30:41] /// AURORA 2026 VelociRaptor-GR 版权所有 ///
[2026-06-29 23:30:41] /// Windows 系统事件日志导出与智能分析工具 ///
[2026-06-29 23:30:41] ///请稍后... 正在检测当前系统日期...///
[2026-06-29 23:30:41] 📅 检测完成! 当前日期为: 2026-06-29///
[2026-06-29 23:30:41] ///正在检查缓存状态...///
[2026-06-29 23:30:41] ///缓存状态检查完成!///
[2026-06-29 23:30:41] 【请选择日志类型】
[2026-06-29 23:30:41] 1: System (系统)
[2026-06-29 23:30:41] 2: Application (应用程序)
[2026-06-29 23:30:41] 3: Security (安全) - 需要管理员权限
[2026-06-29 23:30:41] 4: Setup (安装) - 需要管理员权限
[2026-06-29 23:30:41] 5: DNS Server (DNS服务器) - 需要管理员权限
[2026-06-29 23:30:41] 6: DHCP Server (DHCP服务器) - 需要管理员权限
[2026-06-29 23:30:41] 7: Active Directory (活动目录) - 需要管理员权限
[2026-06-29 23:30:41] 8: IIS (Web服务器) - 需要管理员权限
[2026-06-29 23:30:41] 💡 提示：可选择多个日志类型，用逗号或空格分隔（如：1,2 或 1 2）
[2026-06-29 23:30:41] [23:30:41] > 请进行输入: 
[2026-06-29 23:30:41] 请输入选项 (1-8)，直接回车则使用默认: System
[2026-06-29 23:30:46] [syncHash] SessionRestarted = true
[2026-06-29 23:31:03] 👤 [23:31:03] 你: [按下了回车 / 使用默认值]
[2026-06-29 23:31:04] ✅ 已选择日志类型: System
[2026-06-29 23:31:04] 【请选择导出模式】
[2026-06-29 23:31:04] 1: 单日导出（例如：2026-01-21）
[2026-06-29 23:31:04] 2: 日期范围导出（起止日期，格式：YYYY-MM-DD）
[2026-06-29 23:31:04] [23:31:04] > 请进行输入: 
[2026-06-29 23:31:04] 请输入选项 (1 或 2)
[2026-06-29 23:31:08] >>> 正在终止...
[2026-06-29 23:31:08] [已取消]
[2026-06-29 23:31:16] [syncHash] ElevationAuthorized = false
[2026-06-29 23:31:25] [syncHash] ElevationAuthorized = false
[2026-06-29 23:31:30] [syncHash] ElevationAuthorized = false
[2026-06-29 23:31:33] [syncHash] ElevationAuthorized = false
[2026-06-30 01:18:21] [syncHash] ElevationAuthorized = false
[2026-06-30 01:18:24] [syncHash] ElevationAuthorized = false
[2026-06-30 01:18:32] [syncHash] ElevationAuthorized = false
[2026-06-30 01:25:44] [syncHash] ElevationAuthorized = false
[2026-06-30 01:25:46] >>> StartAnalysisAsync entered
[2026-06-30 01:25:46] >>> [安全警告] 引擎完整性检查失败: FILE_MISSING:CoreEngine
[2026-06-30 01:25:46] 💻 硬件评估层级: [Extreme]
[2026-06-30 01:25:46] ⚠️ 管理员权限：未获取 - 部分功能受限
[2026-06-30 01:25:46] >>> 正在执行分析...
[2026-06-30 01:25:47] [安全守卫] 正在初始化 (第 1 次)...
[2026-06-30 01:25:47] [安全守卫] baseForGuard: E:\PowerShellBat\AURORA-Analyzer\AURORA-Analyzer-Factory-Dev\AURORA-Analyzer-Factory\Scripts\Security
[2026-06-30 01:25:47] [安全守卫] rootDir: E:\PowerShellBat\AURORA-Analyzer\AURORA-Analyzer-Factory-Dev\AURORA-Analyzer-Factory
[2026-06-30 01:25:47] [安全守卫] 初始化成功
[2026-06-30 01:25:47] [诊断] 正在执行环境安全扫描...
[2026-06-30 01:25:47] [诊断] 扫描结果: NONE
[2026-06-30 01:25:47] [安全守卫] 启动环境扫描完成 - 安全
[2026-06-30 01:25:47] [安全守卫] 已启动持续性检测（每 3 秒）
[2026-06-30 01:25:47] [安全守卫] WMI 实时监控启动失败，将仅使用轮询模式
[2026-06-30 01:25:47] [PRO] Starting AURORA PRO Mode (Language: CHS)
[2026-06-30 01:25:47] [PRO] Loading Unified PRO Engine...
[2026-06-30 01:25:47] [安全守卫] 正在初始化 (第 1 次)...
[2026-06-30 01:25:47] [安全守卫] baseForGuard: E:\PowerShellBat\AURORA-Analyzer\AURORA-Analyzer-Factory-Dev\AURORA-Analyzer-Factory\Scripts\Security
[2026-06-30 01:25:47] [安全守卫] rootDir: E:\PowerShellBat\AURORA-Analyzer\AURORA-Analyzer-Factory-Dev\AURORA-Analyzer-Factory
[2026-06-30 01:25:47] [安全守卫] 初始化成功
[2026-06-30 01:25:47] [诊断] 正在执行环境安全扫描...
[2026-06-30 01:25:47] [诊断] 扫描结果: NONE
[2026-06-30 01:25:47] [安全守卫] 启动环境扫描完成 - 安全
[2026-06-30 01:25:47] [安全守卫] 已启动持续性检测（每 3 秒）
[2026-06-30 01:25:48] [安全守卫] WMI 实时监控启动失败，将仅使用轮询模式
[2026-06-30 01:25:48] [01:25:48] [Info] 正在初始化 AURORA Core Engine...
[2026-06-30 01:25:48] [01:25:48] [Info] 系统：Microsoft Windows 11 专业版 (10.0.26200)
[2026-06-30 01:25:48] [01:25:48] [Info] PowerShell: v5.1.26100.7920
[2026-06-30 01:25:48] [01:25:48] [Info] 架构：x64
[2026-06-30 01:25:48] [01:25:48] [Success] Core Engine 初始化完成
[2026-06-30 01:25:48] 🔄 检测到未完成的会话
[2026-06-30 01:25:48] ========================================
[2026-06-30 01:25:48] 会话 ID: SESSION_20260629_233040_3309
[2026-06-30 01:25:48] 已保存进度：0%
[2026-06-30 01:25:48] 当前阶段：Initialized
[2026-06-30 01:25:48] 保存时间：2026-06-29T23:30:40.3081672+08:00
[2026-06-30 01:25:48] 已挂起天数：0.1 天
[2026-06-30 01:25:48] ⏳ 等待用户在 GUI 上做出选择...
[2026-06-30 01:25:51] [syncHash] SessionRestarted = true
[2026-06-30 01:25:51] 🔄 用户选择重新开始，清除会话...
[2026-06-30 01:25:52] /// AURORA Analyzer Release Version ///
[2026-06-30 01:25:52] /// AURORA 2026 VelociRaptor-GR 版权所有 ///
[2026-06-30 01:25:52] /// Windows 系统事件日志导出与智能分析工具 ///
[2026-06-30 01:25:52] ///请稍后... 正在检测当前系统日期...///
[2026-06-30 01:25:52] 📅 检测完成! 当前日期为: 2026-06-30///
[2026-06-30 01:25:52] ///正在检查缓存状态...///
[2026-06-30 01:25:52] ///缓存状态检查完成!///
[2026-06-30 01:25:52] 【请选择日志类型】
[2026-06-30 01:25:52] 1: System (系统)
[2026-06-30 01:25:52] 2: Application (应用程序)
[2026-06-30 01:25:52] 3: Security (安全) - 需要管理员权限
[2026-06-30 01:25:52] 4: Setup (安装) - 需要管理员权限
[2026-06-30 01:25:52] 5: DNS Server (DNS服务器) - 需要管理员权限
[2026-06-30 01:25:52] 6: DHCP Server (DHCP服务器) - 需要管理员权限
[2026-06-30 01:25:52] 7: Active Directory (活动目录) - 需要管理员权限
[2026-06-30 01:25:52] 8: IIS (Web服务器) - 需要管理员权限
[2026-06-30 01:25:52] 💡 提示：可选择多个日志类型，用逗号或空格分隔（如：1,2 或 1 2）
[2026-06-30 01:25:52] [01:25:52] > 请进行输入: 
[2026-06-30 01:25:52] 请输入选项 (1-8)，直接回车则使用默认: System
[2026-06-30 01:25:56] 👤 [01:25:56] 你: [按下了回车 / 使用默认值]
[2026-06-30 01:25:56] ✅ 已选择日志类型: System
[2026-06-30 01:25:56] 【请选择导出模式】
[2026-06-30 01:25:56] 1: 单日导出（例如：2026-01-21）
[2026-06-30 01:25:56] 2: 日期范围导出（起止日期，格式：YYYY-MM-DD）
[2026-06-30 01:25:56] [01:25:56] > 请进行输入: 
[2026-06-30 01:25:56] 请输入选项 (1 或 2)
[2026-06-30 01:26:03] 👤 [01:26:03] 你: 2
[2026-06-30 01:26:03] [01:26:03] > 请进行输入: 
[2026-06-30 01:26:03] 请输入起始日期 (格式：YYYY-MM-DD)
[2026-06-30 01:26:10] 👤 [01:26:10] 你: 2026-01-01
[2026-06-30 01:26:10] [01:26:10] > 请进行输入: 请输入结束日期 (格式：YYYY-MM-DD)
[2026-06-30 01:26:15] 👤 [01:26:15] 你: 2026-05-01
[2026-06-30 01:26:15] 【事件过滤选项】
[2026-06-30 01:26:15] 1: 无过滤（默认）
[2026-06-30 01:26:15] 2: 按事件 ID 过滤
[2026-06-30 01:26:15] 3: 按事件提供程序过滤
[2026-06-30 01:26:15] 4: 按事件级别过滤
[2026-06-30 01:26:15] [01:26:15] > 请进行输入: 
[2026-06-30 01:26:15] 请选择过滤选项 (1-4)，直接回车则使用默认: 1
[2026-06-30 01:26:17] 👤 [01:26:17] 你: [按下了回车 / 使用默认值]
[2026-06-30 01:26:17] ⚠️ 检测到 scopes 是单个对象，正在转换为数组...
[2026-06-30 01:26:17] ✅ scopes 验证完成，共 1 个范围
[2026-06-30 01:26:17] ━━━━━━━━━━━━━━━━━━━━━━━━ 评估系统性能 ━━━━━━━━━━━━━━━━━━━━━━━━
[2026-06-30 01:26:17] 【正在评估系统性能...】
[2026-06-30 01:26:23] 处理器：11th Gen Intel(R) Core(TM) i7-11700K @ 3.60GHz 8 核心 @ 4621 MHz (基础: 3501 MHz)
[2026-06-30 01:26:23] 内存容量：31.58 GB
[2026-06-30 01:26:23] 磁盘性能分数: 50/50
[2026-06-30 01:26:23] 磁盘配置：2 个 SSD, 0 个 HDD
[2026-06-30 01:26:23] 正在计算性能分数...
[2026-06-30 01:26:23] 您的性能分数为：100/100
[2026-06-30 01:26:28] 使用最佳分块大小：5 小时/块
[2026-06-30 01:26:28] 根据系统负载使用 6/16 个线程
[2026-06-30 01:26:28] 内存使用：63.68%，已调整分块大小以减少内存占用
[2026-06-30 01:26:33] ✅ 知识图谱索引创建成功
[2026-06-30 01:26:33] ✅ 知识图谱加载成功，包含 9 个分类
[2026-06-30 01:26:33] 【资源优化策略】
[2026-06-30 01:26:33] 性能等级: MediumPerformance
[2026-06-30 01:26:33] 日志扫描并行度: 12
[2026-06-30 01:26:33] 报告生成并行度: 8
[2026-06-30 01:26:33] 缓存压缩: False
[2026-06-30 01:26:33] I/O 缓冲区大小：131072 bytes
[2026-06-30 01:26:34] ━━━━━━━━━━━━━━━━━━━━━━ 扫描高危事件 + 导出 ━━━━━━━━━━━━━━━━━━━━━━
[2026-06-30 01:26:34] ========================================
[2026-06-30 01:26:34]   [1/1] 正在处理：System
[2026-06-30 01:26:34] ========================================
[2026-06-30 01:26:34] 【无匹配缓存，正在扫描所选范围内的高危事件...】
[2026-06-30 01:26:38] [系统资源监控] 并行线程数: 6, 内存使用率: 63.7%
[2026-06-30 01:26:52] [知识库分析] 正在批量处理 4496 条事件的知识库查询...
[2026-06-30 01:26:54] [知识库分析] 批量处理完成
[2026-06-30 01:26:59] 【高危事件扫描完成】共发现 4496 条高危事件
[2026-06-30 01:27:09] 【扫描完成】
[2026-06-30 01:27:09] 发现：13 条严重事件，1423 条错误，3060 条警告（共 4496 条高危事件）
[2026-06-30 01:27:09] 总日志数：13622 条
[2026-06-30 01:27:09] 【系统健康评估】
[2026-06-30 01:27:09] 错误: 1423 | 警告: 3060 | 严重: 13
[2026-06-30 01:27:09] 健康评分: 56/100 | 健康等级: 一般
[2026-06-30 01:27:09] 系统状态：一般 —— 存在较多异常，需要关注！
[2026-06-30 01:27:09] [01:27:09] > 请进行输入: 
[2026-06-30 01:27:09] 按 Enter 仅导出高危事件，或输入 '1' 导出完整日志
[2026-06-30 01:27:12] 👤 [01:27:12] 你: 1
[2026-06-30 01:27:55] 数据已存入缓存...
[2026-06-30 01:27:55] 【完整 System 日志读取完成】共采集 13622 条事件
[2026-06-30 01:27:55] 【正在导出：完整 System 日志】
[2026-06-30 01:27:56] 【正在执行高级日志模式分析...】
[2026-06-30 01:27:59] 摘要报告已保存至：E:\PowerShellBat\AURORA-Analyzer\AURORA-Analyzer-Factory-Dev\AURORA-Analyzer-Factory\UserLogs\系统_日志_20260101___20260501_摘要.txt
[2026-06-30 01:27:59] 使用并行处理加速CSV数据生成...
[2026-06-30 01:28:03] 已导出:
[2026-06-30 01:28:03]   CSV: E:\PowerShellBat\AURORA-Analyzer\AURORA-Analyzer-Factory-Dev\AURORA-Analyzer-Factory\UserLogs\系统_日志_20260101___20260501.csv
[2026-06-30 01:28:03]   JSON: E:\PowerShellBat\AURORA-Analyzer\AURORA-Analyzer-Factory-Dev\AURORA-Analyzer-Factory\UserLogs\系统_日志_20260101___20260501.json
[2026-06-30 01:28:03]   XML: E:\PowerShellBat\AURORA-Analyzer\AURORA-Analyzer-Factory-Dev\AURORA-Analyzer-Factory\UserLogs\系统_日志_20260101___20260501.xml
[2026-06-30 01:28:03] [01:28:03] > 请进行输入: 是否进行日志趋势分析？(Y/N) [默认: N]
[2026-06-30 01:28:07] 👤 [01:28:07] 你: y
[2026-06-30 01:28:43] 趋势分析报告已保存至：E:\PowerShellBat\AURORA-Analyzer\AURORA-Analyzer-Factory-Dev\AURORA-Analyzer-Factory\UserLogs\系统_日志_20260101_to_20260501_趋势分析.txt
[2026-06-30 01:28:43] 趋势数据已保存至：E:\PowerShellBat\AURORA-Analyzer\AURORA-Analyzer-Factory-Dev\AURORA-Analyzer-Factory\UserLogs\系统_日志_20260101_to_20260501_趋势数据.csv
[2026-06-30 01:28:43] 【趋势分析完成】
[2026-06-30 01:28:43] 🧠 正在调用 AURORA 智能诊断引擎...
[2026-06-30 01:28:43] ========================================
[2026-06-30 01:28:43]   智能诊断分析可用
[2026-06-30 01:28:43] ========================================
[2026-06-30 01:28:43] 📊 已检测到导出的 CSV 文件：
[2026-06-30 01:28:43]    位置：E:\PowerShellBat\AURORA-Analyzer\AURORA-Analyzer-Factory-Dev\AURORA-Analyzer-Factory\UserLogs
[2026-06-30 01:28:43]    文件：找到 10 个 CSV 文件
[2026-06-30 01:28:43] 🔍 智能模式将执行：
[2026-06-30 01:28:43]    ✓ 加载已导出的 CSV 文件
[2026-06-30 01:28:43]    ✓ 知识库靶向碰撞分析
[2026-06-30 01:28:43]    ✓ 提供自主修复方案
[2026-06-30 01:28:43] ⚡ 是否立即启动智能诊断分析？
[2026-06-30 01:28:43] ========================================
[2026-06-30 01:28:43] 📋 正在等待用户确认...
[2026-06-30 01:28:47] [syncHash] SmartAnalysisAuthorized = true
[2026-06-30 01:28:47] ✅ GUI 已响应智能分析请求（等待了 3450ms）
[2026-06-30 01:28:47] ✅ 用户确认，开始智能分析...
[2026-06-30 01:28:47] 📖 正在加载智能引擎...
[2026-06-30 01:28:47] [01:28:47] 🤖 正在初始化 AURORA 智能诊断与自主修复引擎...
[2026-06-30 01:28:48] [01:28:48] 🖥️ 操作系统: Microsoft Windows 11 专业版
[2026-06-30 01:28:48] [01:28:48] ⏱️ 系统连续运行时间: 176.69 小时
[2026-06-30 01:28:48] [01:28:48] ✅ 运行时间达标且未见近期崩溃。
[2026-06-30 01:28:48] 🎯 靶向锁定: 常规 24H 健康巡检 (范围: 06-29 01:28 ~ 06-30 01:28)
[2026-06-30 01:28:48] [01:28:48] 📋 发现 5 个蓝屏转储文件，正在解析关键信息...
[2026-06-30 01:28:48] [01:28:48]   ⚠️ 无法解析 052826-12875-01.dmp: 使用“3”个参数调用“Open”时发生异常:“对路径“C:\Windows\Minidump\052826-12875-01.dmp”的访问被拒绝。”
[2026-06-30 01:28:48] [01:28:48]   ⚠️ 无法解析 030826-13500-01.dmp: 使用“3”个参数调用“Open”时发生异常:“对路径“C:\Windows\Minidump\030826-13500-01.dmp”的访问被拒绝。”
[2026-06-30 01:28:48] [01:28:48]   ⚠️ 无法解析 120225-11890-01.dmp: 使用“3”个参数调用“Open”时发生异常:“对路径“C:\Windows\Minidump\120225-11890-01.dmp”的访问被拒绝。”
[2026-06-30 01:28:48] [01:28:48]   ⚠️ 无法解析 112525-11609-01.dmp: 使用“3”个参数调用“Open”时发生异常:“对路径“C:\Windows\Minidump\112525-11609-01.dmp”的访问被拒绝。”
[2026-06-30 01:28:48] [01:28:48]   ⚠️ 无法解析 091625-11750-01.dmp: 使用“3”个参数调用“Open”时发生异常:“对路径“C:\Windows\Minidump\091625-11750-01.dmp”的访问被拒绝。”
[2026-06-30 01:28:48] [01:28:48] ✅ Minidump 分析完成，共分析 5 个文件
[2026-06-30 01:28:48] [01:28:48] ⚡ 正在从内核提取高危日志 (Critical/Error/Warning)...
[2026-06-30 01:28:48] [01:28:48] 📖 检测到 PRO 模式导出，正在读取：E:\PowerShellBat\AURORA-Analyzer\AURORA-Analyzer-Factory-Dev\AURORA-Analyzer-Factory\UserLogs
[2026-06-30 01:28:48] [01:28:48] ✅ 找到 5 个导出的 CSV 文件，正在加载...
[2026-06-30 01:28:48] [01:28:48] 📂 分析的日志类型：System
[2026-06-30 01:28:48] [01:28:48] ⚠️ 警告：未找到以下日志文件 - 应用程序日志
[2026-06-30 01:28:48] [01:28:48] 💡 提示：请在 PRO 模式中也导出这些日志以获得完整分析
[2026-06-30 01:28:48] [01:28:48]    正在加载：系统_日志_20260101___20260301.csv
[2026-06-30 01:28:48] [01:28:48]    正在加载：系统_日志_20260101___20260501.csv
[2026-06-30 01:28:48] [01:28:48]    正在加载：系统_日志_20260626.csv
[2026-06-30 01:28:48] [01:28:48]    正在加载：系统_日志_20260627.csv
[2026-06-30 01:28:48] [01:28:48]    正在加载：系统_日志_20260629.csv
[2026-06-30 01:28:48] [01:28:48] ✅ 已加载 2 个事件
[2026-06-30 01:28:48] [01:28:48] 📦 成功提取并轻量化 2 条异常事件记录。
[2026-06-30 01:28:48] [01:28:48] 🧠 正在装载并预编译 AURORA-TechData 知识图谱...
[2026-06-30 01:28:48] True
[2026-06-30 01:28:48] True
[2026-06-30 01:28:48] True
[2026-06-30 01:28:48] True
[2026-06-30 01:28:48] True
[2026-06-30 01:28:48] [分析完成]
[2026-06-30 01:29:05] >>> StartAnalysisAsync entered
[2026-06-30 01:29:05] >>> [安全警告] 引擎完整性检查失败: FILE_MISSING:CoreEngine
[2026-06-30 01:29:05] 💻 硬件评估层级: [Extreme]
[2026-06-30 01:29:05] ⚠️ 管理员权限：未获取 - 部分功能受限
[2026-06-30 01:29:05] >>> 正在执行分析...
[2026-06-30 01:29:05] [安全守卫] 正在初始化 (第 1 次)...
[2026-06-30 01:29:05] [安全守卫] baseForGuard: E:\PowerShellBat\AURORA-Analyzer\AURORA-Analyzer-Factory-Dev\AURORA-Analyzer-Factory\Scripts\Security
[2026-06-30 01:29:05] [安全守卫] rootDir: E:\PowerShellBat\AURORA-Analyzer\AURORA-Analyzer-Factory-Dev\AURORA-Analyzer-Factory
[2026-06-30 01:29:05] [安全守卫] 初始化成功
[2026-06-30 01:29:05] [诊断] 正在执行环境安全扫描...
[2026-06-30 01:29:05] ERROR: 无法将“Initialize-CacheDirectory”项识别为 cmdlet、函数、脚本文件或可运行程序的名称。请检查名称的拼写，如果包括路径，请确保路径正确，然后再试一次。
[2026-06-30 01:29:05] [诊断] 扫描结果: NONE
[2026-06-30 01:29:05] [安全守卫] 启动环境扫描完成 - 安全
[2026-06-30 01:29:05] [安全守卫] 已启动持续性检测（每 3 秒）
[2026-06-30 01:29:05] [安全守卫] WMI 实时监控启动失败，将仅使用轮询模式
[2026-06-30 01:29:05] [PRO] Starting AURORA PRO Mode (Language: CHS)
[2026-06-30 01:29:05] [PRO] Loading Unified PRO Engine...
[2026-06-30 01:29:05] [安全守卫] 正在初始化 (第 1 次)...
[2026-06-30 01:29:05] [安全守卫] baseForGuard: E:\PowerShellBat\AURORA-Analyzer\AURORA-Analyzer-Factory-Dev\AURORA-Analyzer-Factory\Scripts\Security
[2026-06-30 01:29:05] [安全守卫] rootDir: E:\PowerShellBat\AURORA-Analyzer\AURORA-Analyzer-Factory-Dev\AURORA-Analyzer-Factory
[2026-06-30 01:29:05] [安全守卫] 初始化成功
[2026-06-30 01:29:05] [诊断] 正在执行环境安全扫描...
[2026-06-30 01:29:05] [诊断] 扫描结果: NONE
[2026-06-30 01:29:05] [安全守卫] 启动环境扫描完成 - 安全
[2026-06-30 01:29:05] [安全守卫] 已启动持续性检测（每 3 秒）
[2026-06-30 01:29:05] [安全守卫] WMI 实时监控启动失败，将仅使用轮询模式
[2026-06-30 01:29:05] ERROR: 无法将“Initialize-CacheDirectory”项识别为 cmdlet、函数、脚本文件或可运行程序的名称。请检查名称的拼写，如果包括路径，请确保路径正确，然后再试一次。
[2026-06-30 01:29:05] ERROR: 无法将“Test-PendingSession”项识别为 cmdlet、函数、脚本文件或可运行程序的名称。请检查名称的拼写，如果包括路径，请确保路径正确，然后再试一次。
[2026-06-30 01:29:05] ERROR: 无法将“New-Session”项识别为 cmdlet、函数、脚本文件或可运行程序的名称。请检查名称的拼写，如果包括路径，请确保路径正确，然后再试一次。
[2026-06-30 01:29:05] ERROR: 无法将参数绑定到参数“SessionId”，因为该参数为空字符串。
[2026-06-30 01:29:05] /// AURORA Analyzer Release Version ///
[2026-06-30 01:29:05] /// AURORA 2026 VelociRaptor-GR 版权所有 ///
[2026-06-30 01:29:05] /// Windows 系统事件日志导出与智能分析工具 ///
[2026-06-30 01:29:05] ///请稍后... 正在检测当前系统日期...///
[2026-06-30 01:29:05] 📅 检测完成! 当前日期为: 2026-06-30///
[2026-06-30 01:29:05] ///正在检查缓存状态...///
[2026-06-30 01:29:06] ///缓存状态检查完成!///
[2026-06-30 01:29:06] 【请选择日志类型】
[2026-06-30 01:29:06] 1: System (系统)
[2026-06-30 01:29:06] 2: Application (应用程序)
[2026-06-30 01:29:06] 3: Security (安全) - 需要管理员权限
[2026-06-30 01:29:06] 4: Setup (安装) - 需要管理员权限
[2026-06-30 01:29:06] 5: DNS Server (DNS服务器) - 需要管理员权限
[2026-06-30 01:29:06] 6: DHCP Server (DHCP服务器) - 需要管理员权限
[2026-06-30 01:29:06] 7: Active Directory (活动目录) - 需要管理员权限
[2026-06-30 01:29:06] 8: IIS (Web服务器) - 需要管理员权限
[2026-06-30 01:29:06] 💡 提示：可选择多个日志类型，用逗号或空格分隔（如：1,2 或 1 2）
[2026-06-30 01:29:06] [01:29:06] > 请进行输入: 
[2026-06-30 01:29:06] 请输入选项 (1-8)，直接回车则使用默认: System
[2026-06-30 01:29:12] >>> 正在终止...
[2026-06-30 01:29:12] [已取消]
[2026-06-30 10:15:23] >>> StartAnalysisAsync entered
[2026-06-30 10:15:23] >>> [安全警告] 引擎完整性检查失败: FILE_MISSING:CoreEngine
[2026-06-30 10:15:23] 💻 硬件评估层级: [Extreme]
[2026-06-30 10:15:23] ⚠️ 管理员权限：未获取 - 部分功能受限
[2026-06-30 10:15:23] >>> 正在执行分析...
[2026-06-30 10:15:24] [安全守卫] 正在初始化 (第 1 次)...
[2026-06-30 10:15:24] [安全守卫] baseForGuard: G:\PowerShellBat\AURORA-Analyzer\AURORA-Analyzer-Factory-Dev\AURORA-Analyzer-Factory\Scripts\Security
[2026-06-30 10:15:24] [安全守卫] rootDir: G:\PowerShellBat\AURORA-Analyzer\AURORA-Analyzer-Factory-Dev\AURORA-Analyzer-Factory
[2026-06-30 10:15:24] [安全守卫] 初始化成功
[2026-06-30 10:15:24] [诊断] 正在执行环境安全扫描...
[2026-06-30 10:15:24] [诊断] 扫描结果: INTEGRITY_FAILURE
[2026-06-30 10:15:24] [安全守卫] 启动时检测到威胁：INTEGRITY_FAILURE
[2026-06-30 10:15:24] [Security Alert] 启动时检测到调试或注入，程序将在 15 秒后退出...
[2026-06-30 10:15:39] [WARN] 主动健康检查失败，通知引擎停止
[2026-06-30 10:15:40] [WARN] 主动健康检查失败，通知引擎停止
[2026-06-30 10:15:40] [WARN] 主动健康检查失败，通知引擎停止
[2026-06-30 10:15:40] [WARN] 主动健康检查失败，通知引擎停止
[2026-06-30 10:15:41] [WARN] 主动健康检查失败，通知引擎停止
[2026-06-30 10:15:41] [WARN] 主动健康检查失败，通知引擎停止
[2026-06-30 11:28:25] >>> StartAnalysisAsync entered
[2026-06-30 11:28:25] >>> [安全警告] 引擎完整性检查失败: FILE_MISSING:CoreEngine
[2026-06-30 11:28:25] 💻 硬件评估层级: [Extreme]
[2026-06-30 11:28:25] ⚠️ 管理员权限：未获取 - 部分功能受限
[2026-06-30 11:28:25] >>> 正在执行分析...
[2026-06-30 11:28:26] [安全守卫] 正在初始化 (第 1 次)...
[2026-06-30 11:28:26] [安全守卫] baseForGuard: G:\PowerShellBat\AURORA-Analyzer\AURORA-Analyzer-Factory-Dev\AURORA-Analyzer-Factory\Scripts\Security
[2026-06-30 11:28:26] [安全守卫] rootDir: G:\PowerShellBat\AURORA-Analyzer\AURORA-Analyzer-Factory-Dev\AURORA-Analyzer-Factory
[2026-06-30 11:28:26] [安全守卫] 初始化成功
[2026-06-30 11:28:26] [诊断] 正在执行环境安全扫描...
[2026-06-30 11:28:26] [诊断] 扫描结果: INTEGRITY_FAILURE
[2026-06-30 11:28:26] [安全守卫] 启动时检测到威胁：INTEGRITY_FAILURE
[2026-06-30 11:28:26] [Security Alert] 启动时检测到调试或注入，程序将在 15 秒后退出...
[2026-06-30 11:28:42] [WARN] 主动健康检查失败，通知引擎停止
[2026-06-30 11:28:42] [WARN] 主动健康检查失败，通知引擎停止
[2026-06-30 11:28:42] [WARN] 主动健康检查失败，通知引擎停止
[2026-06-30 11:28:43] [WARN] 主动健康检查失败，通知引擎停止
[2026-06-30 11:28:43] [WARN] 主动健康检查失败，通知引擎停止
[2026-06-30 11:35:16] >>> StartAnalysisAsync entered
[2026-06-30 11:35:16] >>> [安全警告] 引擎完整性检查失败: FILE_MISSING:CoreEngine
[2026-06-30 11:35:16] 💻 硬件评估层级: [Extreme]
[2026-06-30 11:35:16] ⚠️ 管理员权限：未获取 - 部分功能受限
[2026-06-30 11:35:16] >>> 正在执行分析...
[2026-06-30 11:35:17] [安全守卫] 正在初始化 (第 1 次)...
[2026-06-30 11:35:17] [安全守卫] baseForGuard: G:\PowerShellBat\AURORA-Analyzer\AURORA-Analyzer-Factory-Dev\AURORA-Analyzer-Factory\Scripts\Security
[2026-06-30 11:35:17] [安全守卫] rootDir: G:\PowerShellBat\AURORA-Analyzer\AURORA-Analyzer-Factory-Dev\AURORA-Analyzer-Factory
[2026-06-30 11:35:17] [安全守卫] 初始化成功
[2026-06-30 11:35:17] [诊断] 正在执行环境安全扫描...
[2026-06-30 11:35:17] [诊断] 扫描结果: INTEGRITY_FAILURE
[2026-06-30 11:35:17] [安全守卫] 启动时检测到威胁：INTEGRITY_FAILURE
[2026-06-30 11:35:17] [Security Alert] 启动时检测到调试或注入，程序将在 15 秒后退出...
[2026-06-30 12:39:45] >>> StartAnalysisAsync entered
[2026-06-30 12:39:45] >>> [安全警告] 引擎完整性检查失败: FILE_MISSING:CoreEngine
[2026-06-30 12:39:45] 💻 硬件评估层级: [Extreme]
[2026-06-30 12:39:45] ⚠️ 管理员权限：未获取 - 部分功能受限
[2026-06-30 12:39:45] >>> 正在执行分析...
[2026-06-30 12:39:46] [安全守卫] 正在初始化 (第 1 次)...
[2026-06-30 12:39:46] [安全守卫] baseForGuard: G:\PowerShellBat\AURORA-Analyzer\AURORA-Analyzer-Factory-Dev\AURORA-Analyzer-Factory\Scripts\Security
[2026-06-30 12:39:46] [安全守卫] rootDir: G:\PowerShellBat\AURORA-Analyzer\AURORA-Analyzer-Factory-Dev\AURORA-Analyzer-Factory
[2026-06-30 12:39:46] [安全守卫] 初始化成功
[2026-06-30 12:39:46] [诊断] 正在执行环境安全扫描...
[2026-06-30 12:39:46] [诊断] 扫描结果: NONE
[2026-06-30 12:39:46] [安全守卫] 启动环境扫描完成 - 安全
[2026-06-30 12:39:46] [安全守卫] 已启动持续性检测（每 3 秒）
[2026-06-30 12:39:46] [安全守卫] WMI 实时监控启动失败，将仅使用轮询模式
[2026-06-30 12:39:46] [PRO] Starting AURORA PRO Mode (Language: CHS)
[2026-06-30 12:39:46] [PRO] Loading Unified PRO Engine...
[2026-06-30 12:39:46] [安全守卫] 正在初始化 (第 1 次)...
[2026-06-30 12:39:46] [安全守卫] baseForGuard: G:\PowerShellBat\AURORA-Analyzer\AURORA-Analyzer-Factory-Dev\AURORA-Analyzer-Factory\Scripts\Security
[2026-06-30 12:39:46] [安全守卫] rootDir: G:\PowerShellBat\AURORA-Analyzer\AURORA-Analyzer-Factory-Dev\AURORA-Analyzer-Factory
[2026-06-30 12:39:46] [安全守卫] 初始化成功
[2026-06-30 12:39:46] [诊断] 正在执行环境安全扫描...
[2026-06-30 12:39:46] [诊断] 扫描结果: NONE
[2026-06-30 12:39:46] [安全守卫] 启动环境扫描完成 - 安全
[2026-06-30 12:39:46] [安全守卫] 已启动持续性检测（每 3 秒）
[2026-06-30 12:39:46] [安全守卫] WMI 实时监控启动失败，将仅使用轮询模式
[2026-06-30 12:39:46] [12:39:46] [Info] 正在初始化 AURORA Core Engine...
[2026-06-30 12:39:48] [12:39:48] [Info] 系统：Microsoft Windows 11 教育版 (10.0.26200)
[2026-06-30 12:39:48] [12:39:48] [Info] PowerShell: v5.1.26100.8737
[2026-06-30 12:39:48] [12:39:48] [Info] 架构：x64
[2026-06-30 12:39:48] [12:39:48] [Success] Core Engine 初始化完成
[2026-06-30 12:39:48] 🔄 检测到未完成的会话
[2026-06-30 12:39:48] ========================================
[2026-06-30 12:39:48] 会话 ID: SESSION_20260629_232048_8592
[2026-06-30 12:39:48] 已保存进度：85%
[2026-06-30 12:39:48] 当前阶段：正在导出：完整 Application 日志
[2026-06-30 12:39:48] 保存时间：2026-06-29T23:23:07.9067215+08:00
[2026-06-30 12:39:48] 已挂起天数：0.6 天
[2026-06-30 12:39:48] ⏳ 等待用户在 GUI 上做出选择...
[2026-06-30 12:39:54] [syncHash] SessionRestarted = true
[2026-06-30 12:39:54] 🔄 用户选择重新开始，清除会话...
[2026-06-30 12:39:55] /// AURORA Analyzer Release Version ///
[2026-06-30 12:39:55] /// AURORA 2026 VelociRaptor-GR 版权所有 ///
[2026-06-30 12:39:55] /// Windows 系统事件日志导出与智能分析工具 ///
[2026-06-30 12:39:55] ///请稍后... 正在检测当前系统日期...///
[2026-06-30 12:39:55] 📅 检测完成! 当前日期为: 2026-06-30///
[2026-06-30 12:39:55] ///正在检查缓存状态...///
[2026-06-30 12:39:56] ///缓存状态检查完成!///
[2026-06-30 12:39:56] 【请选择日志类型】
[2026-06-30 12:39:56] 1: System (系统)
[2026-06-30 12:39:56] 2: Application (应用程序)
[2026-06-30 12:39:56] 3: Security (安全) - 需要管理员权限
[2026-06-30 12:39:56] 4: Setup (安装) - 需要管理员权限
[2026-06-30 12:39:56] 5: DNS Server (DNS服务器) - 需要管理员权限
[2026-06-30 12:39:56] 6: DHCP Server (DHCP服务器) - 需要管理员权限
[2026-06-30 12:39:56] 7: Active Directory (活动目录) - 需要管理员权限
[2026-06-30 12:39:56] 8: IIS (Web服务器) - 需要管理员权限
[2026-06-30 12:39:56] 💡 提示：可选择多个日志类型，用逗号或空格分隔（如：1,2 或 1 2）
[2026-06-30 12:39:56] [12:39:56] > 请进行输入: 
[2026-06-30 12:39:56] 请输入选项 (1-8)，直接回车则使用默认: System
[2026-06-30 12:39:59] 👤 [12:39:59] 你: [按下了回车 / 使用默认值]
[2026-06-30 12:39:59] ✅ 已选择日志类型: System
[2026-06-30 12:39:59] 【请选择导出模式】
[2026-06-30 12:39:59] 1: 单日导出（例如：2026-01-21）
[2026-06-30 12:39:59] 2: 日期范围导出（起止日期，格式：YYYY-MM-DD）
[2026-06-30 12:39:59] [12:39:59] > 请进行输入: 
[2026-06-30 12:39:59] 请输入选项 (1 或 2)
[2026-06-30 12:40:07] 👤 [12:40:07] 你: 2
[2026-06-30 12:40:07] [12:40:07] > 请进行输入: 
[2026-06-30 12:40:07] 请输入起始日期 (格式：YYYY-MM-DD)
[2026-06-30 12:40:15] 👤 [12:40:15] 你: 2026-01-01
[2026-06-30 12:40:15] [12:40:15] > 请进行输入: 请输入结束日期 (格式：YYYY-MM-DD)
[2026-06-30 12:40:20] 👤 [12:40:20] 你: 2026-03-01
[2026-06-30 12:40:21] 【事件过滤选项】
[2026-06-30 12:40:21] 1: 无过滤（默认）
[2026-06-30 12:40:21] 2: 按事件 ID 过滤
[2026-06-30 12:40:21] 3: 按事件提供程序过滤
[2026-06-30 12:40:21] 4: 按事件级别过滤
[2026-06-30 12:40:21] [12:40:20] > 请进行输入: 
[2026-06-30 12:40:21] 请选择过滤选项 (1-4)，直接回车则使用默认: 1
[2026-06-30 12:40:21] 👤 [12:40:21] 你: [按下了回车 / 使用默认值]
[2026-06-30 12:40:21] ⚠️ 检测到 scopes 是单个对象，正在转换为数组...
[2026-06-30 12:40:21] ✅ scopes 验证完成，共 1 个范围
[2026-06-30 12:40:21] ━━━━━━━━━━━━━━━━━━━━━━━━ 评估系统性能 ━━━━━━━━━━━━━━━━━━━━━━━━
[2026-06-30 12:40:21] 【正在评估系统性能...】
[2026-06-30 12:40:24] 👤 [12:40:24] 你: [按下了回车 / 使用默认值]
[2026-06-30 12:40:30] 处理器：11th Gen Intel(R) Core(TM) i7-11800H @ 2.30GHz 8 核心 @ 4239 MHz (基础: 2304 MHz)
[2026-06-30 12:40:30] 内存容量：31.74 GB
[2026-06-30 12:40:30] 磁盘性能分数: 50/50
[2026-06-30 12:40:30] 磁盘配置：2 个 SSD, 0 个 HDD
[2026-06-30 12:40:30] 正在计算性能分数...
[2026-06-30 12:40:30] 您的性能分数为：100/100
[2026-06-30 12:40:37] 使用最佳分块大小：7 小时/块
[2026-06-30 12:40:37] 根据系统负载使用 13/16 个线程
[2026-06-30 12:40:43] ✅ 知识图谱索引创建成功
[2026-06-30 12:40:43] ✅ 知识图谱加载成功，包含 9 个分类
[2026-06-30 12:40:43] 【资源优化策略】
[2026-06-30 12:40:43] 性能等级: HighPerformance
[2026-06-30 12:40:43] 日志扫描并行度: 16
[2026-06-30 12:40:43] 报告生成并行度: 12.8
[2026-06-30 12:40:43] 缓存压缩: False
[2026-06-30 12:40:43] I/O 缓冲区大小：131072 bytes
[2026-06-30 12:40:43] ━━━━━━━━━━━━━━━━━━━━━━ 扫描高危事件 + 导出 ━━━━━━━━━━━━━━━━━━━━━━
[2026-06-30 12:40:43] ========================================
[2026-06-30 12:40:43]   [1/1] 正在处理：System
[2026-06-30 12:40:43] ========================================
[2026-06-30 12:40:43] 【无匹配缓存，正在扫描所选范围内的高危事件...】
[2026-06-30 12:40:44] >>> 正在终止...
[2026-06-30 12:40:44] [已取消]
[2026-06-30 12:46:43] [syncHash] ElevationAuthorized = false
[2026-06-30 12:46:46] [syncHash] ElevationAuthorized = false
[2026-06-30 12:46:48] [syncHash] ElevationAuthorized = false
[2026-06-30 12:48:36] >>> StartAnalysisAsync entered
[2026-06-30 12:48:36] >>> [安全警告] 引擎完整性检查失败: FILE_MISSING:CoreEngine
[2026-06-30 12:48:36] 💻 硬件评估层级: [Extreme]
[2026-06-30 12:48:36] ⚠️ 管理员权限：未获取 - 部分功能受限
[2026-06-30 12:48:36] >>> 正在执行分析...
[2026-06-30 12:48:37] [安全守卫] 正在初始化 (第 1 次)...
[2026-06-30 12:48:37] [安全守卫] baseForGuard: G:\PowerShellBat\AURORA-Analyzer\AURORA-Analyzer-Factory-Dev\AURORA-Analyzer-Factory\Scripts\Security
[2026-06-30 12:48:37] [安全守卫] rootDir: G:\PowerShellBat\AURORA-Analyzer\AURORA-Analyzer-Factory-Dev\AURORA-Analyzer-Factory
[2026-06-30 12:48:37] [安全守卫] 初始化成功
[2026-06-30 12:48:37] [诊断] 正在执行环境安全扫描...
[2026-06-30 12:48:37] [诊断] 扫描结果: NONE
[2026-06-30 12:48:37] [安全守卫] 启动环境扫描完成 - 安全
[2026-06-30 12:48:37] [安全守卫] 已启动持续性检测（每 3 秒）
[2026-06-30 12:48:37] [安全守卫] WMI 实时监控启动失败，将仅使用轮询模式
[2026-06-30 12:48:37] [PRO] Starting AURORA PRO Mode (Language: CHS)
[2026-06-30 12:48:37] [PRO] Loading Unified PRO Engine...
[2026-06-30 12:48:37] [安全守卫] 正在初始化 (第 1 次)...
[2026-06-30 12:48:37] [安全守卫] baseForGuard: G:\PowerShellBat\AURORA-Analyzer\AURORA-Analyzer-Factory-Dev\AURORA-Analyzer-Factory\Scripts\Security
[2026-06-30 12:48:37] [安全守卫] rootDir: G:\PowerShellBat\AURORA-Analyzer\AURORA-Analyzer-Factory-Dev\AURORA-Analyzer-Factory
[2026-06-30 12:48:37] [安全守卫] 初始化成功
[2026-06-30 12:48:37] [诊断] 正在执行环境安全扫描...
[2026-06-30 12:48:37] [诊断] 扫描结果: NONE
[2026-06-30 12:48:37] [安全守卫] 启动环境扫描完成 - 安全
[2026-06-30 12:48:37] [安全守卫] 已启动持续性检测（每 3 秒）
[2026-06-30 12:48:37] [安全守卫] WMI 实时监控启动失败，将仅使用轮询模式
[2026-06-30 12:48:37] [12:48:37] [Info] 正在初始化 AURORA Core Engine...
[2026-06-30 12:48:39] [12:48:39] [Info] 系统：Microsoft Windows 11 教育版 (10.0.26200)
[2026-06-30 12:48:39] [12:48:39] [Info] PowerShell: v5.1.26100.8737
[2026-06-30 12:48:39] [12:48:39] [Info] 架构：x64
[2026-06-30 12:48:39] [12:48:39] [Success] Core Engine 初始化完成
[2026-06-30 12:48:39] 🔄 检测到未完成的会话
[2026-06-30 12:48:39] ========================================
[2026-06-30 12:48:39] 会话 ID: SESSION_20260630_123954_7794
[2026-06-30 12:48:39] 已保存进度：0%
[2026-06-30 12:48:39] 当前阶段：Initialized
[2026-06-30 12:48:39] 保存时间：2026-06-30T12:40:43.3465532+08:00
[2026-06-30 12:48:39] 已挂起天数：0 天
[2026-06-30 12:48:39] ⏳ 等待用户在 GUI 上做出选择...
[2026-06-30 12:48:42] [syncHash] SessionRestarted = true
[2026-06-30 12:48:42] 🔄 用户选择重新开始，清除会话...
[2026-06-30 12:48:43] /// AURORA Analyzer Release Version ///
[2026-06-30 12:48:43] /// AURORA 2026 VelociRaptor-GR 版权所有 ///
[2026-06-30 12:48:43] /// Windows 系统事件日志导出与智能分析工具 ///
[2026-06-30 12:48:43] ///请稍后... 正在检测当前系统日期...///
[2026-06-30 12:48:43] 📅 检测完成! 当前日期为: 2026-06-30///
[2026-06-30 12:48:43] ///正在检查缓存状态...///
[2026-06-30 12:48:44] ///缓存状态检查完成!///
[2026-06-30 12:48:44] 【请选择日志类型】
[2026-06-30 12:48:44] 1: System (系统)
[2026-06-30 12:48:44] 2: Application (应用程序)
[2026-06-30 12:48:44] 3: Security (安全) - 需要管理员权限
[2026-06-30 12:48:44] 4: Setup (安装) - 需要管理员权限
[2026-06-30 12:48:44] 5: DNS Server (DNS服务器) - 需要管理员权限
[2026-06-30 12:48:44] 6: DHCP Server (DHCP服务器) - 需要管理员权限
[2026-06-30 12:48:44] 7: Active Directory (活动目录) - 需要管理员权限
[2026-06-30 12:48:44] 8: IIS (Web服务器) - 需要管理员权限
[2026-06-30 12:48:44] 💡 提示：可选择多个日志类型，用逗号或空格分隔（如：1,2 或 1 2）
[2026-06-30 12:48:44] [12:48:44] > 请进行输入: 
[2026-06-30 12:48:44] 请输入选项 (1-8)，直接回车则使用默认: System
[2026-06-30 12:50:00] >>> 正在终止...
[2026-06-30 12:50:00] [已取消]
[2026-06-30 12:54:29] >>> StartAnalysisAsync entered
[2026-06-30 12:54:29] >>> [安全警告] 引擎完整性检查失败: FILE_MISSING:CoreEngine
[2026-06-30 12:54:29] 💻 硬件评估层级: [Extreme]
[2026-06-30 12:54:29] ⚠️ 管理员权限：未获取 - 部分功能受限
[2026-06-30 12:54:29] >>> 正在执行分析...
[2026-06-30 12:54:30] [安全守卫] 正在初始化 (第 1 次)...
[2026-06-30 12:54:30] [安全守卫] baseForGuard: G:\PowerShellBat\AURORA-Analyzer\AURORA-Analyzer-Factory-Dev\AURORA-Analyzer-Factory\Scripts\Security
[2026-06-30 12:54:30] [安全守卫] rootDir: G:\PowerShellBat\AURORA-Analyzer\AURORA-Analyzer-Factory-Dev\AURORA-Analyzer-Factory
[2026-06-30 12:54:30] [安全守卫] 初始化成功
[2026-06-30 12:54:30] [诊断] 正在执行环境安全扫描...
[2026-06-30 12:54:31] [诊断] 扫描结果: NONE
[2026-06-30 12:54:31] [安全守卫] 启动环境扫描完成 - 安全
[2026-06-30 12:54:31] [安全守卫] 已启动持续性检测（每 3 秒）
[2026-06-30 12:54:31] [安全守卫] WMI 实时监控启动失败，将仅使用轮询模式
[2026-06-30 12:54:31] [PRO] Starting AURORA PRO Mode (Language: CHS)
[2026-06-30 12:54:31] [PRO] Loading Unified PRO Engine...
[2026-06-30 12:54:31] [安全守卫] 正在初始化 (第 1 次)...
[2026-06-30 12:54:31] [安全守卫] baseForGuard: G:\PowerShellBat\AURORA-Analyzer\AURORA-Analyzer-Factory-Dev\AURORA-Analyzer-Factory\Scripts\Security
[2026-06-30 12:54:31] [安全守卫] rootDir: G:\PowerShellBat\AURORA-Analyzer\AURORA-Analyzer-Factory-Dev\AURORA-Analyzer-Factory
[2026-06-30 12:54:31] [安全守卫] 初始化成功
[2026-06-30 12:54:31] [诊断] 正在执行环境安全扫描...
[2026-06-30 12:54:31] [诊断] 扫描结果: NONE
[2026-06-30 12:54:31] [安全守卫] 启动环境扫描完成 - 安全
[2026-06-30 12:54:31] [安全守卫] 已启动持续性检测（每 3 秒）
[2026-06-30 12:54:31] [安全守卫] WMI 实时监控启动失败，将仅使用轮询模式
[2026-06-30 12:54:31] [12:54:31] [Info] 正在初始化 AURORA Core Engine...
[2026-06-30 12:54:32] [12:54:32] [Info] 系统：Microsoft Windows 11 教育版 (10.0.26200)
[2026-06-30 12:54:32] [12:54:32] [Info] PowerShell: v5.1.26100.8737
[2026-06-30 12:54:32] [12:54:32] [Info] 架构：x64
[2026-06-30 12:54:32] [12:54:32] [Success] Core Engine 初始化完成
[2026-06-30 12:54:32] 🔄 检测到未完成的会话
[2026-06-30 12:54:32] ========================================
[2026-06-30 12:54:32] 会话 ID: SESSION_20260630_124842_3327
[2026-06-30 12:54:32] 已保存进度：0%
[2026-06-30 12:54:32] 当前阶段：Initialized
[2026-06-30 12:54:32] 保存时间：2026-06-30T12:48:42.2717860+08:00
[2026-06-30 12:54:32] 已挂起天数：0 天
[2026-06-30 12:54:32] ⏳ 等待用户在 GUI 上做出选择...
[2026-06-30 12:54:35] [syncHash] SessionRestarted = true
[2026-06-30 12:54:35] 🔄 用户选择重新开始，清除会话...
[2026-06-30 12:54:36] /// AURORA Analyzer Release Version ///
[2026-06-30 12:54:36] /// AURORA 2026 VelociRaptor-GR 版权所有 ///
[2026-06-30 12:54:36] /// Windows 系统事件日志导出与智能分析工具 ///
[2026-06-30 12:54:36] ///请稍后... 正在检测当前系统日期...///
[2026-06-30 12:54:36] 📅 检测完成! 当前日期为: 2026-06-30///
[2026-06-30 12:54:36] ///正在检查缓存状态...///
[2026-06-30 12:54:37] ///缓存状态检查完成!///
[2026-06-30 12:54:37] 【请选择日志类型】
[2026-06-30 12:54:37] 1: System (系统)
[2026-06-30 12:54:37] 2: Application (应用程序)
[2026-06-30 12:54:37] 3: Security (安全) - 需要管理员权限
[2026-06-30 12:54:37] 4: Setup (安装) - 需要管理员权限
[2026-06-30 12:54:37] 5: DNS Server (DNS服务器) - 需要管理员权限
[2026-06-30 12:54:37] 6: DHCP Server (DHCP服务器) - 需要管理员权限
[2026-06-30 12:54:37] 7: Active Directory (活动目录) - 需要管理员权限
[2026-06-30 12:54:37] 8: IIS (Web服务器) - 需要管理员权限
[2026-06-30 12:54:37] 💡 提示：可选择多个日志类型，用逗号或空格分隔（如：1,2 或 1 2）
[2026-06-30 12:54:37] [12:54:37] > 请进行输入: 
[2026-06-30 12:54:37] 请输入选项 (1-8)，直接回车则使用默认: System
[2026-06-30 12:54:48] >>> 正在终止...
[2026-06-30 12:54:48] [已取消]
[2026-06-30 13:06:04] >>> StartAnalysisAsync entered
[2026-06-30 13:06:04] >>> [安全警告] 引擎完整性检查失败: FILE_MISSING:CoreEngine
[2026-06-30 13:06:04] 💻 硬件评估层级: [Extreme]
[2026-06-30 13:06:04] ⚠️ 管理员权限：未获取 - 部分功能受限
[2026-06-30 13:06:04] >>> 正在执行分析...
[2026-06-30 13:06:04] >>> 启动智能诊断与自主修复模式引擎...
[2026-06-30 13:06:05] [13:06:05] 🤖 正在初始化 AURORA 智能诊断与自主修复引擎...
[2026-06-30 13:06:07] [13:06:07] 🖥️ 操作系统: Microsoft Windows 11 教育版
[2026-06-30 13:06:07] [13:06:07] ⏱️ 系统连续运行时间: 28.21 小时
[2026-06-30 13:06:07] [13:06:07] ✅ 运行时间达标且未见近期崩溃。
[2026-06-30 13:06:07] 🎯 靶向锁定: 常规 24H 健康巡检 (范围: 06-29 13:06 ~ 06-30 13:06)
[2026-06-30 13:06:07] [13:06:07] ⚡ 正在从内核提取高危日志 (Critical/Error/Warning)...
[2026-06-30 13:06:07] [13:06:07] 🔍 正在从系统实时提取日志...
[2026-06-30 13:06:07] [13:06:07] 📦 成功提取并轻量化 114 条异常事件记录。
[2026-06-30 13:06:07] [13:06:07] 🧠 正在装载并预编译 AURORA-TechData 知识图谱...
[2026-06-30 13:06:07] [13:06:07] Knowledge base cached (10.283203125.ToString('F1') KB)
[2026-06-30 13:06:07] [13:06:07] ✅ 图谱装载完成，激活 32 条诊断规则。开始极速碰撞...
[2026-06-30 13:06:07] [13:06:07] 🎯 碰撞分析完成！发现 3 类已知高危问题。
[2026-06-30 13:06:07] [13:06:07] 
[2026-06-30 13:06:07] ================== [ 靶向自主修复方案 ] ==================
[2026-06-30 13:06:07] [13:06:07] 🚨 [H-001] TLS/SSL 安全协议错误
[2026-06-30 13:06:07]    [ 1 ] 查看 Schannel 错误 (Low)  [Auth]
[2026-06-30 13:06:07]    [ 2 ] 启用 TLS 1.2 (Medium) [Admin] [Auth]
[2026-06-30 13:06:07]    [ 3 ] 清除 SSL 状态 (Low)  [Auth]
[2026-06-30 13:06:07] 🚨 [A-003] 程序崩溃
[2026-06-30 13:06:07]    [ 4 ] 查看应用程序崩溃事件 (Low) [Admin] [Auth]
[2026-06-30 13:06:07]    [ 5 ] 检查系统内存使用 (Low)  [Auto]
[2026-06-30 13:06:07]    [ 6 ] 清理应用程序临时文件 (Low)  [Auto]
[2026-06-30 13:06:07] 🚨 [A-004] 托管代码异常
[2026-06-30 13:06:07]    [ 7 ] 查看.NET异常事件 (Low) [Admin] [Auth]
[2026-06-30 13:06:07]    [ 8 ] 检查已安装的.NET版本 (Low)  [Auto]
[2026-06-30 13:06:07]    [ 9 ] 修复.NET Framework (Medium) [Admin] [Auth]
[2026-06-30 13:06:07] [13:06:07] 
[2026-06-30 13:06:07] >>> 请在下方输入 [序号] 执行修复，或直接按 [Enter] 退出引擎：
[2026-06-30 13:06:07] [13:06:07] 
[2026-06-30 13:06:07] ================== [ 靶向自主修复方案 ] ==================
[2026-06-30 13:06:07] [13:06:07] 🚨 [H-001] TLS/SSL 安全协议错误
[2026-06-30 13:06:07]    [ 1 ] 查看 Schannel 错误 (Low)  [Auth]
[2026-06-30 13:06:07]    [ 2 ] 启用 TLS 1.2 (Medium) [Admin] [Auth]
[2026-06-30 13:06:07]    [ 3 ] 清除 SSL 状态 (Low)  [Auth]
[2026-06-30 13:06:07] 🚨 [A-003] 程序崩溃
[2026-06-30 13:06:07]    [ 4 ] 查看应用程序崩溃事件 (Low) [Admin] [Auth]
[2026-06-30 13:06:07]    [ 5 ] 检查系统内存使用 (Low)  [Auto]
[2026-06-30 13:06:07]    [ 6 ] 清理应用程序临时文件 (Low)  [Auto]
[2026-06-30 13:06:07] 🚨 [A-004] 托管代码异常
[2026-06-30 13:06:07]    [ 7 ] 查看.NET异常事件 (Low) [Admin] [Auth]
[2026-06-30 13:06:07]    [ 8 ] 检查已安装的.NET版本 (Low)  [Auto]
[2026-06-30 13:06:07]    [ 9 ] 修复.NET Framework (Medium) [Admin] [Auth]
[2026-06-30 13:06:07] [13:06:07] 
[2026-06-30 13:06:07] >>> 请在下方输入 [序号] 执行修复，或直接按 [Enter] 退出引擎：
[2026-06-30 13:06:15] 👤 [13:06:15] 你: 5
[2026-06-30 13:06:15] [13:06:15] ⚙️ 正在执行防线修复: 检查系统内存使用 ...
[2026-06-30 13:06:16] ✅ AURORA Undo 管理器初始化完成
[2026-06-30 13:06:16]    备份目录：G:\PowerShellBat\AURORA-Analyzer\AURORA-Analyzer-Factory-Dev\AURORA-Analyzer-Factory\Scripts\Session\..\SessionCache\backup
[2026-06-30 13:06:16] [13:06:16] 🔍 执行前置检查...
[2026-06-30 13:06:16] [13:06:16] ✅ 前置检查通过
[2026-06-30 13:06:17] [13:06:17] 
[2026-06-30 13:06:17] [13:06:17] 📦 Phase 4.2: 正在创建撤销保护（Undo Support）...
[2026-06-30 13:06:17] 🔧 开始修复会话：RS_20260630_130617_1
[2026-06-30 13:06:17]    类型：检查系统内存使用
[2026-06-30 13:06:17]    目标：检查系统内存使用
[2026-06-30 13:06:17] [13:06:17]    ✅ 修复会话已创建：RS_20260630_130617_1
[2026-06-30 13:06:17] ✅ 修复会话完成：RS_20260630_130617_1
[2026-06-30 13:06:17]    状态：Success
[2026-06-30 13:06:17]    执行命令数：0
[2026-06-30 13:06:17]    可撤销：❌ 否
[2026-06-30 13:06:17] [13:06:17] 
[2026-06-30 13:06:17] [13:06:17] ⚙️ 正在执行...
[2026-06-30 13:06:17] [13:06:17] ✅ 执行成功
[2026-06-30 13:06:17] [13:06:17] ⏱️ 执行时间: 0.09 秒
[2026-06-30 13:06:17] [13:06:17] 📋 执行输出:
[2026-06-30 13:06:17] [13:06:17]   Name               Memory(MB)
[2026-06-30 13:06:17] [13:06:17]   ----               ----------
[2026-06-30 13:06:17] [13:06:17]   Memory Compression     848.27
[2026-06-30 13:06:17] [13:06:17]   Trae CN                589.05
[2026-06-30 13:06:17] [13:06:17]   Trae CN                511.49
[2026-06-30 13:06:17] [13:06:17]   dotnet                 340.11
[2026-06-30 13:06:17] [13:06:17]   Lingma                 254.92
[2026-06-30 13:06:17] [13:06:17]   explorer               231.83
[2026-06-30 13:06:17] [13:06:17]   msedge                 209.52
[2026-06-30 13:06:17] [13:06:17]   Weixin                  201.2
[2026-06-30 13:06:17] [13:06:17]    ...还有 2 行输出未显示
[2026-06-30 13:06:20] [13:06:20] ✅ 指令下发成功。
[2026-06-30 13:06:21] [13:06:21] 
[2026-06-30 13:06:21] ================== [ 靶向自主修复方案 ] ==================
[2026-06-30 13:06:21] [13:06:21] 🚨 [H-001] TLS/SSL 安全协议错误
[2026-06-30 13:06:21]    [ 1 ] 查看 Schannel 错误 (Low)  [Auth]
[2026-06-30 13:06:21]    [ 2 ] 启用 TLS 1.2 (Medium) [Admin] [Auth]
[2026-06-30 13:06:21]    [ 3 ] 清除 SSL 状态 (Low)  [Auth]
[2026-06-30 13:06:21] 🚨 [A-003] 程序崩溃
[2026-06-30 13:06:21]    [ 4 ] 查看应用程序崩溃事件 (Low) [Admin] [Auth]
[2026-06-30 13:06:21]    [ 5 ] 检查系统内存使用 (Low)  [Auto]
[2026-06-30 13:06:21]    [ 6 ] 清理应用程序临时文件 (Low)  [Auto]
[2026-06-30 13:06:21] 🚨 [A-004] 托管代码异常
[2026-06-30 13:06:21]    [ 7 ] 查看.NET异常事件 (Low) [Admin] [Auth]
[2026-06-30 13:06:21]    [ 8 ] 检查已安装的.NET版本 (Low)  [Auto]
[2026-06-30 13:06:21]    [ 9 ] 修复.NET Framework (Medium) [Admin] [Auth]
[2026-06-30 13:06:21] [13:06:21] 
[2026-06-30 13:06:21] >>> 请在下方输入 [序号] 执行修复，或直接按 [Enter] 退出引擎：
[2026-06-30 13:06:25] 👤 [13:06:25] 你: [按下了回车 / 使用默认值]
[2026-06-30 13:06:25] True
[2026-06-30 13:06:25] [分析完成]
[2026-06-30 13:37:15] >>> StartAnalysisAsync entered
[2026-06-30 13:37:15] >>> [安全警告] 引擎完整性检查失败: FILE_MISSING:CoreEngine
[2026-06-30 13:37:15] 💻 硬件评估层级: [Extreme]
[2026-06-30 13:37:15] ⚠️ 管理员权限：未获取 - 部分功能受限
[2026-06-30 13:37:15] >>> 正在执行分析...
[2026-06-30 13:37:15] [安全守卫] 正在初始化 (第 1 次)...
[2026-06-30 13:37:16] [安全守卫] baseForGuard: G:\PowerShellBat\AURORA-Analyzer\AURORA-Analyzer-Factory-Dev\AURORA-Analyzer-Factory\Scripts\Security
[2026-06-30 13:37:16] [安全守卫] rootDir: G:\PowerShellBat\AURORA-Analyzer\AURORA-Analyzer-Factory-Dev\AURORA-Analyzer-Factory
[2026-06-30 13:37:16] [安全守卫] 初始化成功
[2026-06-30 13:37:16] [诊断] 正在执行环境安全扫描...
[2026-06-30 13:37:16] [诊断] 扫描结果: NONE
[2026-06-30 13:37:16] [安全守卫] 启动环境扫描完成 - 安全
[2026-06-30 13:37:16] [安全守卫] 已启动持续性检测（每 3 秒）
[2026-06-30 13:37:16] [安全守卫] WMI 实时监控启动失败，将仅使用轮询模式
[2026-06-30 13:37:16] [PRO] Starting AURORA PRO Mode (Language: CHS)
[2026-06-30 13:37:16] [PRO] Loading Unified PRO Engine...
[2026-06-30 13:37:16] [安全守卫] 正在初始化 (第 1 次)...
[2026-06-30 13:37:16] [安全守卫] baseForGuard: G:\PowerShellBat\AURORA-Analyzer\AURORA-Analyzer-Factory-Dev\AURORA-Analyzer-Factory\Scripts\Security
[2026-06-30 13:37:16] [安全守卫] rootDir: G:\PowerShellBat\AURORA-Analyzer\AURORA-Analyzer-Factory-Dev\AURORA-Analyzer-Factory
[2026-06-30 13:37:16] [安全守卫] 初始化成功
[2026-06-30 13:37:16] [诊断] 正在执行环境安全扫描...
[2026-06-30 13:37:16] [诊断] 扫描结果: NONE
[2026-06-30 13:37:16] [安全守卫] 启动环境扫描完成 - 安全
[2026-06-30 13:37:16] [安全守卫] 已启动持续性检测（每 3 秒）
[2026-06-30 13:37:16] [安全守卫] WMI 实时监控启动失败，将仅使用轮询模式
[2026-06-30 13:37:16] [13:37:16] [Info] 正在初始化 AURORA Core Engine...
[2026-06-30 13:37:17] [13:37:17] [Info] 系统：Microsoft Windows 11 教育版 (10.0.26200)
[2026-06-30 13:37:17] [13:37:17] [Info] PowerShell: v5.1.26100.8737
[2026-06-30 13:37:17] [13:37:17] [Info] 架构：x64
[2026-06-30 13:37:17] [13:37:17] [Success] Core Engine 初始化完成
[2026-06-30 13:37:17] 🔄 检测到未完成的会话
[2026-06-30 13:37:17] ========================================
[2026-06-30 13:37:17] 会话 ID: SESSION_20260630_125435_8349
[2026-06-30 13:37:17] 已保存进度：0%
[2026-06-30 13:37:17] 当前阶段：Initialized
[2026-06-30 13:37:17] 保存时间：2026-06-30T12:54:35.4780032+08:00
[2026-06-30 13:37:17] 已挂起天数：0 天
[2026-06-30 13:37:17] ⏳ 等待用户在 GUI 上做出选择...
[2026-06-30 13:37:20] [syncHash] SessionRestarted = true
[2026-06-30 13:37:20] 🔄 用户选择重新开始，清除会话...
[2026-06-30 13:37:21] /// AURORA Analyzer Release Version ///
[2026-06-30 13:37:21] /// AURORA 2026 VelociRaptor-GR 版权所有 ///
[2026-06-30 13:37:21] /// Windows 系统事件日志导出与智能分析工具 ///
[2026-06-30 13:37:21] ///请稍后... 正在检测当前系统日期...///
[2026-06-30 13:37:21] 📅 检测完成! 当前日期为: 2026-06-30///
[2026-06-30 13:37:21] ///正在检查缓存状态...///
[2026-06-30 13:37:22] ///缓存状态检查完成!///
[2026-06-30 13:37:22] 【请选择日志类型】
[2026-06-30 13:37:22] 1: System (系统)
[2026-06-30 13:37:22] 2: Application (应用程序)
[2026-06-30 13:37:22] 3: Security (安全) - 需要管理员权限
[2026-06-30 13:37:22] 4: Setup (安装) - 需要管理员权限
[2026-06-30 13:37:22] 5: DNS Server (DNS服务器) - 需要管理员权限
[2026-06-30 13:37:22] 6: DHCP Server (DHCP服务器) - 需要管理员权限
[2026-06-30 13:37:22] 7: Active Directory (活动目录) - 需要管理员权限
[2026-06-30 13:37:22] 8: IIS (Web服务器) - 需要管理员权限
[2026-06-30 13:37:22] 💡 提示：可选择多个日志类型，用逗号或空格分隔（如：1,2 或 1 2）
[2026-06-30 13:37:22] [13:37:22] > 请进行输入: 
[2026-06-30 13:37:22] 请输入选项 (1-8)，直接回车则使用默认: System
[2026-06-30 13:37:36] >>> 正在终止...
[2026-06-30 13:37:36] [已取消]
[2026-06-30 13:37:46] >>> StartAnalysisAsync entered
[2026-06-30 13:37:46] >>> [安全警告] 引擎完整性检查失败: FILE_MISSING:CoreEngine
[2026-06-30 13:37:46] 💻 硬件评估层级: [Extreme]
[2026-06-30 13:37:46] ⚠️ 管理员权限：未获取 - 部分功能受限
[2026-06-30 13:37:46] >>> 正在执行分析...
[2026-06-30 13:37:46] [安全守卫] 正在初始化 (第 1 次)...
[2026-06-30 13:37:46] [安全守卫] baseForGuard: G:\PowerShellBat\AURORA-Analyzer\AURORA-Analyzer-Factory-Dev\AURORA-Analyzer-Factory\Scripts\Security
[2026-06-30 13:37:46] [安全守卫] rootDir: G:\PowerShellBat\AURORA-Analyzer\AURORA-Analyzer-Factory-Dev\AURORA-Analyzer-Factory
[2026-06-30 13:37:46] [安全守卫] 初始化成功
[2026-06-30 13:37:46] [诊断] 正在执行环境安全扫描...
[2026-06-30 13:37:47] [诊断] 扫描结果: NONE
[2026-06-30 13:37:47] [安全守卫] 启动环境扫描完成 - 安全
[2026-06-30 13:37:47] [安全守卫] 已启动持续性检测（每 3 秒）
[2026-06-30 13:37:47] [安全守卫] WMI 实时监控启动失败，将仅使用轮询模式
[2026-06-30 13:37:47] ERROR: 无法将“Initialize-CacheDirectory”项识别为 cmdlet、函数、脚本文件或可运行程序的名称。请检查名称的拼写，如果包括路径，请确保路径正确，然后再试一次。
[2026-06-30 13:37:47] [PRO] Starting AURORA PRO Mode (Language: CHS)
[2026-06-30 13:37:47] [PRO] Loading Unified PRO Engine...
[2026-06-30 13:37:47] [安全守卫] 正在初始化 (第 1 次)...
[2026-06-30 13:37:47] [安全守卫] baseForGuard: G:\PowerShellBat\AURORA-Analyzer\AURORA-Analyzer-Factory-Dev\AURORA-Analyzer-Factory\Scripts\Security
[2026-06-30 13:37:47] [安全守卫] rootDir: G:\PowerShellBat\AURORA-Analyzer\AURORA-Analyzer-Factory-Dev\AURORA-Analyzer-Factory
[2026-06-30 13:37:47] [安全守卫] 初始化成功
[2026-06-30 13:37:47] [诊断] 正在执行环境安全扫描...
[2026-06-30 13:37:47] [诊断] 扫描结果: NONE
[2026-06-30 13:37:47] [安全守卫] 启动环境扫描完成 - 安全
[2026-06-30 13:37:47] [安全守卫] 已启动持续性检测（每 3 秒）
[2026-06-30 13:37:47] [安全守卫] WMI 实时监控启动失败，将仅使用轮询模式
[2026-06-30 13:37:47] ERROR: 无法将“Initialize-CacheDirectory”项识别为 cmdlet、函数、脚本文件或可运行程序的名称。请检查名称的拼写，如果包括路径，请确保路径正确，然后再试一次。
[2026-06-30 13:37:47] ERROR: 无法将“Test-PendingSession”项识别为 cmdlet、函数、脚本文件或可运行程序的名称。请检查名称的拼写，如果包括路径，请确保路径正确，然后再试一次。
[2026-06-30 13:37:47] ERROR: 无法将“New-Session”项识别为 cmdlet、函数、脚本文件或可运行程序的名称。请检查名称的拼写，如果包括路径，请确保路径正确，然后再试一次。
[2026-06-30 13:37:47] ERROR: 无法将参数绑定到参数“SessionId”，因为该参数为空字符串。
[2026-06-30 13:37:48] /// AURORA Analyzer Release Version ///
[2026-06-30 13:37:48] /// AURORA 2026 VelociRaptor-GR 版权所有 ///
[2026-06-30 13:37:48] /// Windows 系统事件日志导出与智能分析工具 ///
[2026-06-30 13:37:48] ///请稍后... 正在检测当前系统日期...///
[2026-06-30 13:37:48] 📅 检测完成! 当前日期为: 2026-06-30///
[2026-06-30 13:37:48] ///正在检查缓存状态...///
[2026-06-30 13:37:49] ///缓存状态检查完成!///
[2026-06-30 13:37:49] 【请选择日志类型】
[2026-06-30 13:37:49] 1: System (系统)
[2026-06-30 13:37:49] 2: Application (应用程序)
[2026-06-30 13:37:49] 3: Security (安全) - 需要管理员权限
[2026-06-30 13:37:49] 4: Setup (安装) - 需要管理员权限
[2026-06-30 13:37:49] 5: DNS Server (DNS服务器) - 需要管理员权限
[2026-06-30 13:37:49] 6: DHCP Server (DHCP服务器) - 需要管理员权限
[2026-06-30 13:37:49] 7: Active Directory (活动目录) - 需要管理员权限
[2026-06-30 13:37:49] 8: IIS (Web服务器) - 需要管理员权限
[2026-06-30 13:37:49] 💡 提示：可选择多个日志类型，用逗号或空格分隔（如：1,2 或 1 2）
[2026-06-30 13:37:49] [13:37:49] > 请进行输入: 
[2026-06-30 13:37:49] 请输入选项 (1-8)，直接回车则使用默认: System
[2026-06-30 13:37:55] >>> 正在终止...
[2026-06-30 13:37:55] [已取消]
[2026-06-30 13:47:40] >>> StartAnalysisAsync entered
[2026-06-30 13:47:40] >>> [安全警告] 引擎完整性检查失败: FILE_MISSING:CoreEngine
[2026-06-30 13:47:40] 💻 硬件评估层级: [Extreme]
[2026-06-30 13:47:40] ⚠️ 管理员权限：未获取 - 部分功能受限
[2026-06-30 13:47:40] >>> 正在执行分析...
[2026-06-30 13:47:40] [安全守卫] 正在初始化 (第 1 次)...
[2026-06-30 13:47:41] [安全守卫] baseForGuard: G:\PowerShellBat\AURORA-Analyzer\AURORA-Analyzer-Factory-Dev\AURORA-Analyzer-Factory\Scripts\Security
[2026-06-30 13:47:41] [安全守卫] rootDir: G:\PowerShellBat\AURORA-Analyzer\AURORA-Analyzer-Factory-Dev\AURORA-Analyzer-Factory
[2026-06-30 13:47:41] [安全守卫] 初始化成功
[2026-06-30 13:47:41] [诊断] 正在执行环境安全扫描...
[2026-06-30 13:47:41] [诊断] 扫描结果: NONE
[2026-06-30 13:47:41] [安全守卫] 启动环境扫描完成 - 安全
[2026-06-30 13:47:41] [安全守卫] 已启动持续性检测（每 3 秒）
[2026-06-30 13:47:41] [安全守卫] WMI 实时监控启动失败，将仅使用轮询模式
[2026-06-30 13:47:41] [PRO] Starting AURORA PRO Mode (Language: CHS)
[2026-06-30 13:47:41] [PRO] Loading Unified PRO Engine...
[2026-06-30 13:47:41] [安全守卫] 正在初始化 (第 1 次)...
[2026-06-30 13:47:41] [安全守卫] baseForGuard: G:\PowerShellBat\AURORA-Analyzer\AURORA-Analyzer-Factory-Dev\AURORA-Analyzer-Factory\Scripts\Security
[2026-06-30 13:47:41] [安全守卫] rootDir: G:\PowerShellBat\AURORA-Analyzer\AURORA-Analyzer-Factory-Dev\AURORA-Analyzer-Factory
[2026-06-30 13:47:41] [安全守卫] 初始化成功
[2026-06-30 13:47:41] [诊断] 正在执行环境安全扫描...
[2026-06-30 13:47:41] [诊断] 扫描结果: NONE
[2026-06-30 13:47:41] [安全守卫] 启动环境扫描完成 - 安全
[2026-06-30 13:47:41] [安全守卫] 已启动持续性检测（每 3 秒）
[2026-06-30 13:47:41] [安全守卫] WMI 实时监控启动失败，将仅使用轮询模式
[2026-06-30 13:47:41] [13:47:41] [Info] 正在初始化 AURORA Core Engine...
[2026-06-30 13:47:43] [13:47:43] [Info] 系统：Microsoft Windows 11 教育版 (10.0.26200)
[2026-06-30 13:47:43] [13:47:43] [Info] PowerShell: v5.1.26100.8737
[2026-06-30 13:47:43] [13:47:43] [Info] 架构：x64
[2026-06-30 13:47:43] [13:47:43] [Success] Core Engine 初始化完成
[2026-06-30 13:47:43] 🔄 检测到未完成的会话
[2026-06-30 13:47:43] ========================================
[2026-06-30 13:47:43] 会话 ID: SESSION_20260630_133720_4609
[2026-06-30 13:47:43] 已保存进度：0%
[2026-06-30 13:47:43] 当前阶段：Initialized
[2026-06-30 13:47:43] 保存时间：2026-06-30T13:37:20.1704541+08:00
[2026-06-30 13:47:43] 已挂起天数：0 天
[2026-06-30 13:47:43] ⏳ 等待用户在 GUI 上做出选择...
[2026-06-30 13:47:46] [syncHash] SessionRestarted = true
[2026-06-30 13:47:46] 🔄 用户选择重新开始，清除会话...
[2026-06-30 13:47:48] /// AURORA Analyzer Release Version ///
[2026-06-30 13:47:48] /// AURORA 2026 VelociRaptor-GR 版权所有 ///
[2026-06-30 13:47:48] /// Windows 系统事件日志导出与智能分析工具 ///
[2026-06-30 13:47:48] ///请稍后... 正在检测当前系统日期...///
[2026-06-30 13:47:48] 📅 检测完成! 当前日期为: 2026-06-30///
[2026-06-30 13:47:48] ///正在检查缓存状态...///
[2026-06-30 13:47:48] ///缓存状态检查完成!///
[2026-06-30 13:47:49] 【请选择日志类型】
[2026-06-30 13:47:49] 1: System (系统)
[2026-06-30 13:47:49] 2: Application (应用程序)
[2026-06-30 13:47:49] 3: Security (安全) - 需要管理员权限
[2026-06-30 13:47:49] 4: Setup (安装) - 需要管理员权限
[2026-06-30 13:47:49] 5: DNS Server (DNS服务器) - 需要管理员权限
[2026-06-30 13:47:49] 6: DHCP Server (DHCP服务器) - 需要管理员权限
[2026-06-30 13:47:49] 7: Active Directory (活动目录) - 需要管理员权限
[2026-06-30 13:47:49] 8: IIS (Web服务器) - 需要管理员权限
[2026-06-30 13:47:49] 💡 提示：可选择多个日志类型，用逗号或空格分隔（如：1,2 或 1 2）
[2026-06-30 13:47:49] [13:47:48] > 请进行输入: 
[2026-06-30 13:47:49] 请输入选项 (1-8)，直接回车则使用默认: System
[2026-06-30 13:47:55] >>> 正在终止...
[2026-06-30 13:47:55] [已取消]
[2026-06-30 13:48:02] >>> StartAnalysisAsync entered
[2026-06-30 13:48:02] >>> [安全警告] 引擎完整性检查失败: FILE_MISSING:CoreEngine
[2026-06-30 13:48:02] 💻 硬件评估层级: [Extreme]
[2026-06-30 13:48:02] ⚠️ 管理员权限：未获取 - 部分功能受限
[2026-06-30 13:48:02] >>> 正在执行分析...
[2026-06-30 13:48:02] [安全守卫] 正在初始化 (第 1 次)...
[2026-06-30 13:48:02] [安全守卫] baseForGuard: G:\PowerShellBat\AURORA-Analyzer\AURORA-Analyzer-Factory-Dev\AURORA-Analyzer-Factory\Scripts\Security
[2026-06-30 13:48:02] [安全守卫] rootDir: G:\PowerShellBat\AURORA-Analyzer\AURORA-Analyzer-Factory-Dev\AURORA-Analyzer-Factory
[2026-06-30 13:48:02] [安全守卫] 初始化成功
[2026-06-30 13:48:02] [诊断] 正在执行环境安全扫描...
[2026-06-30 13:48:02] [诊断] 扫描结果: NONE
[2026-06-30 13:48:02] [安全守卫] 启动环境扫描完成 - 安全
[2026-06-30 13:48:02] [安全守卫] 已启动持续性检测（每 3 秒）
[2026-06-30 13:48:02] [安全守卫] WMI 实时监控启动失败，将仅使用轮询模式
[2026-06-30 13:48:03] ERROR: 无法将“Initialize-CacheDirectory”项识别为 cmdlet、函数、脚本文件或可运行程序的名称。请检查名称的拼写，如果包括路径，请确保路径正确，然后再试一次。
[2026-06-30 13:48:03] [PRO] Starting AURORA PRO Mode (Language: CHS)
[2026-06-30 13:48:03] [PRO] Loading Unified PRO Engine...
[2026-06-30 13:48:03] [安全守卫] 正在初始化 (第 1 次)...
[2026-06-30 13:48:03] [安全守卫] baseForGuard: G:\PowerShellBat\AURORA-Analyzer\AURORA-Analyzer-Factory-Dev\AURORA-Analyzer-Factory\Scripts\Security
[2026-06-30 13:48:03] [安全守卫] rootDir: G:\PowerShellBat\AURORA-Analyzer\AURORA-Analyzer-Factory-Dev\AURORA-Analyzer-Factory
[2026-06-30 13:48:03] [安全守卫] 初始化成功
[2026-06-30 13:48:03] [诊断] 正在执行环境安全扫描...
[2026-06-30 13:48:03] [诊断] 扫描结果: NONE
[2026-06-30 13:48:03] [安全守卫] 启动环境扫描完成 - 安全
[2026-06-30 13:48:03] [安全守卫] 已启动持续性检测（每 3 秒）
[2026-06-30 13:48:03] [安全守卫] WMI 实时监控启动失败，将仅使用轮询模式
[2026-06-30 13:48:04] ERROR: 无法将“Initialize-CacheDirectory”项识别为 cmdlet、函数、脚本文件或可运行程序的名称。请检查名称的拼写，如果包括路径，请确保路径正确，然后再试一次。
[2026-06-30 13:48:04] ERROR: 无法将“Test-PendingSession”项识别为 cmdlet、函数、脚本文件或可运行程序的名称。请检查名称的拼写，如果包括路径，请确保路径正确，然后再试一次。
[2026-06-30 13:48:04] ERROR: 无法将“New-Session”项识别为 cmdlet、函数、脚本文件或可运行程序的名称。请检查名称的拼写，如果包括路径，请确保路径正确，然后再试一次。
[2026-06-30 13:48:04] ERROR: 无法将参数绑定到参数“SessionId”，因为该参数为空字符串。
[2026-06-30 13:48:05] /// AURORA Analyzer Release Version ///
[2026-06-30 13:48:05] /// AURORA 2026 VelociRaptor-GR 版权所有 ///
[2026-06-30 13:48:05] /// Windows 系统事件日志导出与智能分析工具 ///
[2026-06-30 13:48:05] ///请稍后... 正在检测当前系统日期...///
[2026-06-30 13:48:05] 📅 检测完成! 当前日期为: 2026-06-30///
[2026-06-30 13:48:05] ///正在检查缓存状态...///
[2026-06-30 13:48:05] ///缓存状态检查完成!///
[2026-06-30 13:48:05] 【请选择日志类型】
[2026-06-30 13:48:05] 1: System (系统)
[2026-06-30 13:48:05] 2: Application (应用程序)
[2026-06-30 13:48:05] 3: Security (安全) - 需要管理员权限
[2026-06-30 13:48:05] 4: Setup (安装) - 需要管理员权限
[2026-06-30 13:48:05] 5: DNS Server (DNS服务器) - 需要管理员权限
[2026-06-30 13:48:05] 6: DHCP Server (DHCP服务器) - 需要管理员权限
[2026-06-30 13:48:05] 7: Active Directory (活动目录) - 需要管理员权限
[2026-06-30 13:48:05] 8: IIS (Web服务器) - 需要管理员权限
[2026-06-30 13:48:05] 💡 提示：可选择多个日志类型，用逗号或空格分隔（如：1,2 或 1 2）
[2026-06-30 13:48:05] [13:48:05] > 请进行输入: 
[2026-06-30 13:48:05] 请输入选项 (1-8)，直接回车则使用默认: System
[2026-06-30 13:48:11] >>> 正在终止...
[2026-06-30 13:48:11] [已取消]
[2026-06-30 13:51:00] >>> StartAnalysisAsync entered
[2026-06-30 13:51:00] >>> [安全警告] 引擎完整性检查失败: FILE_MISSING:CoreEngine
[2026-06-30 13:51:00] 💻 硬件评估层级: [Extreme]
[2026-06-30 13:51:00] ⚠️ 管理员权限：未获取 - 部分功能受限
[2026-06-30 13:51:00] >>> 正在执行分析...
[2026-06-30 13:51:01] [安全守卫] 正在初始化 (第 1 次)...
[2026-06-30 13:51:01] [安全守卫] baseForGuard: G:\PowerShellBat\AURORA-Analyzer\AURORA-Analyzer-Factory-Dev\AURORA-Analyzer-Factory\Scripts\Security
[2026-06-30 13:51:01] [安全守卫] rootDir: G:\PowerShellBat\AURORA-Analyzer\AURORA-Analyzer-Factory-Dev\AURORA-Analyzer-Factory
[2026-06-30 13:51:01] [安全守卫] 初始化成功
[2026-06-30 13:51:01] [诊断] 正在执行环境安全扫描...
[2026-06-30 13:51:01] [诊断] 扫描结果: NONE
[2026-06-30 13:51:01] [安全守卫] 启动环境扫描完成 - 安全
[2026-06-30 13:51:02] [安全守卫] 已启动持续性检测（每 3 秒）
[2026-06-30 13:51:02] [安全守卫] WMI 实时监控启动失败，将仅使用轮询模式
[2026-06-30 13:51:02] [PRO] Starting AURORA PRO Mode (Language: CHS)
[2026-06-30 13:51:02] [PRO] Loading Unified PRO Engine...
[2026-06-30 13:51:02] [安全守卫] 正在初始化 (第 1 次)...
[2026-06-30 13:51:02] [安全守卫] baseForGuard: G:\PowerShellBat\AURORA-Analyzer\AURORA-Analyzer-Factory-Dev\AURORA-Analyzer-Factory\Scripts\Security
[2026-06-30 13:51:02] [安全守卫] rootDir: G:\PowerShellBat\AURORA-Analyzer\AURORA-Analyzer-Factory-Dev\AURORA-Analyzer-Factory
[2026-06-30 13:51:02] [安全守卫] 初始化成功
[2026-06-30 13:51:02] [诊断] 正在执行环境安全扫描...
[2026-06-30 13:51:02] [诊断] 扫描结果: NONE
[2026-06-30 13:51:02] [安全守卫] 启动环境扫描完成 - 安全
[2026-06-30 13:51:02] [安全守卫] 已启动持续性检测（每 3 秒）
[2026-06-30 13:51:02] [安全守卫] WMI 实时监控启动失败，将仅使用轮询模式
[2026-06-30 13:51:02] [13:51:02] [Info] 正在初始化 AURORA Core Engine...
[2026-06-30 13:51:04] [13:51:04] [Info] 系统：Microsoft Windows 11 教育版 (10.0.26200)
[2026-06-30 13:51:04] [13:51:04] [Info] PowerShell: v5.1.26100.8737
[2026-06-30 13:51:04] [13:51:04] [Info] 架构：x64
[2026-06-30 13:51:04] [13:51:04] [Success] Core Engine 初始化完成
[2026-06-30 13:51:04] 🔄 检测到未完成的会话
[2026-06-30 13:51:04] ========================================
[2026-06-30 13:51:04] 会话 ID: SESSION_20260630_134746_5583
[2026-06-30 13:51:04] 已保存进度：0%
[2026-06-30 13:51:04] 当前阶段：Initialized
[2026-06-30 13:51:04] 保存时间：2026-06-30T13:47:46.7004961+08:00
[2026-06-30 13:51:04] 已挂起天数：0 天
[2026-06-30 13:51:04] ⏳ 等待用户在 GUI 上做出选择...
[2026-06-30 13:51:18] [syncHash] SessionRestarted = true
[2026-06-30 13:51:18] 🔄 用户选择重新开始，清除会话...
[2026-06-30 13:51:20] /// AURORA Analyzer Release Version ///
[2026-06-30 13:51:20] /// AURORA 2026 VelociRaptor-GR 版权所有 ///
[2026-06-30 13:51:20] /// Windows 系统事件日志导出与智能分析工具 ///
[2026-06-30 13:51:20] ///请稍后... 正在检测当前系统日期...///
[2026-06-30 13:51:20] 📅 检测完成! 当前日期为: 2026-06-30///
[2026-06-30 13:51:20] ///正在检查缓存状态...///
[2026-06-30 13:51:22] ///缓存状态检查完成!///
[2026-06-30 13:51:22] 【请选择日志类型】
[2026-06-30 13:51:22] 1: System (系统)
[2026-06-30 13:51:22] 2: Application (应用程序)
[2026-06-30 13:51:22] 3: Security (安全) - 需要管理员权限
[2026-06-30 13:51:22] 4: Setup (安装) - 需要管理员权限
[2026-06-30 13:51:22] 5: DNS Server (DNS服务器) - 需要管理员权限
[2026-06-30 13:51:22] 6: DHCP Server (DHCP服务器) - 需要管理员权限
[2026-06-30 13:51:22] 7: Active Directory (活动目录) - 需要管理员权限
[2026-06-30 13:51:22] 8: IIS (Web服务器) - 需要管理员权限
[2026-06-30 13:51:22] 💡 提示：可选择多个日志类型，用逗号或空格分隔（如：1,2 或 1 2）
[2026-06-30 13:51:22] [13:51:22] > 请进行输入: 
[2026-06-30 13:51:22] 请输入选项 (1-8)，直接回车则使用默认: System
[2026-06-30 13:51:34] >>> 正在终止...
[2026-06-30 13:51:34] [已取消]
[2026-06-30 14:05:27] >>> StartAnalysisAsync entered
[2026-06-30 14:05:27] >>> [安全警告] 引擎完整性检查失败: FILE_MISSING:CoreEngine
[2026-06-30 14:05:27] 💻 硬件评估层级: [Extreme]
[2026-06-30 14:05:27] ⚠️ 管理员权限：未获取 - 部分功能受限
[2026-06-30 14:05:27] >>> 正在执行分析...
[2026-06-30 14:05:28] [安全守卫] 正在初始化 (第 1 次)...
[2026-06-30 14:05:28] [安全守卫] baseForGuard: G:\PowerShellBat\AURORA-Analyzer\AURORA-Analyzer-Factory-Dev\AURORA-Analyzer-Factory\Scripts\Security
[2026-06-30 14:05:28] [安全守卫] rootDir: G:\PowerShellBat\AURORA-Analyzer\AURORA-Analyzer-Factory-Dev\AURORA-Analyzer-Factory
[2026-06-30 14:05:28] [安全守卫] 初始化成功
[2026-06-30 14:05:28] [诊断] 正在执行环境安全扫描...
[2026-06-30 14:05:28] [诊断] 扫描结果: NONE
[2026-06-30 14:05:28] [安全守卫] 启动环境扫描完成 - 安全
[2026-06-30 14:05:28] [安全守卫] 已启动持续性检测（每 3 秒）
[2026-06-30 14:05:28] [安全守卫] WMI 实时监控启动失败，将仅使用轮询模式
[2026-06-30 14:05:28] [PRO] Starting AURORA PRO Mode (Language: CHS)
[2026-06-30 14:05:28] [PRO] Loading Unified PRO Engine...
[2026-06-30 14:05:28] [安全守卫] 正在初始化 (第 1 次)...
[2026-06-30 14:05:28] [安全守卫] baseForGuard: G:\PowerShellBat\AURORA-Analyzer\AURORA-Analyzer-Factory-Dev\AURORA-Analyzer-Factory\Scripts\Security
[2026-06-30 14:05:28] [安全守卫] rootDir: G:\PowerShellBat\AURORA-Analyzer\AURORA-Analyzer-Factory-Dev\AURORA-Analyzer-Factory
[2026-06-30 14:05:28] [安全守卫] 初始化成功
[2026-06-30 14:05:28] [诊断] 正在执行环境安全扫描...
[2026-06-30 14:05:28] [诊断] 扫描结果: NONE
[2026-06-30 14:05:28] [安全守卫] 启动环境扫描完成 - 安全
[2026-06-30 14:05:28] [安全守卫] 已启动持续性检测（每 3 秒）
[2026-06-30 14:05:28] [安全守卫] WMI 实时监控启动失败，将仅使用轮询模式
[2026-06-30 14:05:28] [14:05:28] [Info] 正在初始化 AURORA Core Engine...
[2026-06-30 14:05:29] [14:05:29] [Info] 系统：Microsoft Windows 11 教育版 (10.0.26200)
[2026-06-30 14:05:29] [14:05:29] [Info] PowerShell: v5.1.26100.8737
[2026-06-30 14:05:29] [14:05:29] [Info] 架构：x64
[2026-06-30 14:05:29] [14:05:29] [Success] Core Engine 初始化完成
[2026-06-30 14:05:29] 🔄 检测到未完成的会话
[2026-06-30 14:05:29] ========================================
[2026-06-30 14:05:30] 会话 ID: SESSION_20260630_135118_9196
[2026-06-30 14:05:30] 已保存进度：0%
[2026-06-30 14:05:30] 当前阶段：Initialized
[2026-06-30 14:05:30] 保存时间：2026-06-30T13:51:18.9058777+08:00
[2026-06-30 14:05:30] 已挂起天数：0 天
[2026-06-30 14:05:30] ⏳ 等待用户在 GUI 上做出选择...
[2026-06-30 14:05:39] [syncHash] SessionRestarted = true
[2026-06-30 14:05:40] 🔄 用户选择重新开始，清除会话...
[2026-06-30 14:05:41] /// AURORA Analyzer Release Version ///
[2026-06-30 14:05:41] /// AURORA 2026 VelociRaptor-GR 版权所有 ///
[2026-06-30 14:05:41] /// Windows 系统事件日志导出与智能分析工具 ///
[2026-06-30 14:05:41] ///请稍后... 正在检测当前系统日期...///
[2026-06-30 14:05:41] 📅 检测完成! 当前日期为: 2026-06-30///
[2026-06-30 14:05:41] ///正在检查缓存状态...///
[2026-06-30 14:05:42] ///缓存状态检查完成!///
[2026-06-30 14:05:42] 【请选择日志类型】
[2026-06-30 14:05:42] 1: System (系统)
[2026-06-30 14:05:42] 2: Application (应用程序)
[2026-06-30 14:05:42] 3: Security (安全) - 需要管理员权限
[2026-06-30 14:05:42] 4: Setup (安装) - 需要管理员权限
[2026-06-30 14:05:42] 5: DNS Server (DNS服务器) - 需要管理员权限
[2026-06-30 14:05:42] 6: DHCP Server (DHCP服务器) - 需要管理员权限
[2026-06-30 14:05:42] 7: Active Directory (活动目录) - 需要管理员权限
[2026-06-30 14:05:42] 8: IIS (Web服务器) - 需要管理员权限
[2026-06-30 14:05:42] 💡 提示：可选择多个日志类型，用逗号或空格分隔（如：1,2 或 1 2）
[2026-06-30 14:05:42] [14:05:42] > 请进行输入: 
[2026-06-30 14:05:42] 请输入选项 (1-8)，直接回车则使用默认: System
[2026-06-30 14:06:09] >>> 正在终止...
[2026-06-30 14:06:09] [已取消]
[2026-06-30 14:09:24] >>> StartAnalysisAsync entered
[2026-06-30 14:09:24] >>> [安全警告] 引擎完整性检查失败: FILE_MISSING:CoreEngine
[2026-06-30 14:09:24] 💻 硬件评估层级: [Extreme]
[2026-06-30 14:09:24] ⚠️ 管理员权限：未获取 - 部分功能受限
[2026-06-30 14:09:24] >>> 正在执行分析...
[2026-06-30 14:09:25] [安全守卫] 正在初始化 (第 1 次)...
[2026-06-30 14:09:25] [安全守卫] baseForGuard: G:\PowerShellBat\AURORA-Analyzer\AURORA-Analyzer-Factory-Dev\AURORA-Analyzer-Factory\Scripts\Security
[2026-06-30 14:09:25] [安全守卫] rootDir: G:\PowerShellBat\AURORA-Analyzer\AURORA-Analyzer-Factory-Dev\AURORA-Analyzer-Factory
[2026-06-30 14:09:25] [安全守卫] 初始化成功
[2026-06-30 14:09:25] [诊断] 正在执行环境安全扫描...
[2026-06-30 14:09:25] [诊断] 扫描结果: NONE
[2026-06-30 14:09:25] [安全守卫] 启动环境扫描完成 - 安全
[2026-06-30 14:09:25] [安全守卫] 已启动持续性检测（每 3 秒）
[2026-06-30 14:09:25] [安全守卫] WMI 实时监控启动失败，将仅使用轮询模式
[2026-06-30 14:09:26] [PRO] Starting AURORA PRO Mode (Language: CHS)
[2026-06-30 14:09:26] [PRO] Loading Unified PRO Engine...
[2026-06-30 14:09:26] [安全守卫] 正在初始化 (第 1 次)...
[2026-06-30 14:09:26] [安全守卫] baseForGuard: G:\PowerShellBat\AURORA-Analyzer\AURORA-Analyzer-Factory-Dev\AURORA-Analyzer-Factory\Scripts\Security
[2026-06-30 14:09:26] [安全守卫] rootDir: G:\PowerShellBat\AURORA-Analyzer\AURORA-Analyzer-Factory-Dev\AURORA-Analyzer-Factory
[2026-06-30 14:09:26] [安全守卫] 初始化成功
[2026-06-30 14:09:26] [诊断] 正在执行环境安全扫描...
[2026-06-30 14:09:26] [诊断] 扫描结果: NONE
[2026-06-30 14:09:26] [安全守卫] 启动环境扫描完成 - 安全
[2026-06-30 14:09:26] [安全守卫] 已启动持续性检测（每 3 秒）
[2026-06-30 14:09:26] [安全守卫] WMI 实时监控启动失败，将仅使用轮询模式
[2026-06-30 14:09:26] [14:09:26] [Info] 正在初始化 AURORA Core Engine...
[2026-06-30 14:09:27] [14:09:27] [Info] 系统：Microsoft Windows 11 教育版 (10.0.26200)
[2026-06-30 14:09:27] [14:09:27] [Info] PowerShell: v5.1.26100.8737
[2026-06-30 14:09:27] [14:09:27] [Info] 架构：x64
[2026-06-30 14:09:27] [14:09:27] [Success] Core Engine 初始化完成
[2026-06-30 14:09:27] 🔄 检测到未完成的会话
[2026-06-30 14:09:27] ========================================
[2026-06-30 14:09:27] 会话 ID: SESSION_20260630_140540_4423
[2026-06-30 14:09:27] 已保存进度：0%
[2026-06-30 14:09:27] 当前阶段：Initialized
[2026-06-30 14:09:27] 保存时间：2026-06-30T14:05:40.0310205+08:00
[2026-06-30 14:09:27] 已挂起天数：0 天
[2026-06-30 14:09:27] ⏳ 等待用户在 GUI 上做出选择...
[2026-06-30 14:09:34] [syncHash] SessionRestarted = true
[2026-06-30 14:09:34] 🔄 用户选择重新开始，清除会话...
[2026-06-30 14:09:35] /// AURORA Analyzer Release Version ///
[2026-06-30 14:09:35] /// AURORA 2026 VelociRaptor-GR 版权所有 ///
[2026-06-30 14:09:35] /// Windows 系统事件日志导出与智能分析工具 ///
[2026-06-30 14:09:35] ///请稍后... 正在检测当前系统日期...///
[2026-06-30 14:09:35] 📅 检测完成! 当前日期为: 2026-06-30///
[2026-06-30 14:09:35] ///正在检查缓存状态...///
[2026-06-30 14:09:37] ///缓存状态检查完成!///
[2026-06-30 14:09:37] 【请选择日志类型】
[2026-06-30 14:09:37] 1: System (系统)
[2026-06-30 14:09:37] 2: Application (应用程序)
[2026-06-30 14:09:37] 3: Security (安全) - 需要管理员权限
[2026-06-30 14:09:37] 4: Setup (安装) - 需要管理员权限
[2026-06-30 14:09:37] 5: DNS Server (DNS服务器) - 需要管理员权限
[2026-06-30 14:09:37] 6: DHCP Server (DHCP服务器) - 需要管理员权限
[2026-06-30 14:09:37] 7: Active Directory (活动目录) - 需要管理员权限
[2026-06-30 14:09:37] 8: IIS (Web服务器) - 需要管理员权限
[2026-06-30 14:09:37] 💡 提示：可选择多个日志类型，用逗号或空格分隔（如：1,2 或 1 2）
[2026-06-30 14:09:37] [14:09:37] > 请进行输入: 
[2026-06-30 14:09:37] 请输入选项 (1-8)，直接回车则使用默认: System
[2026-06-30 14:10:11] 👤 [14:10:11] 你: [按下了回车 / 使用默认值]
[2026-06-30 14:10:11] ✅ 已选择日志类型: System
[2026-06-30 14:10:11] 【请选择导出模式】
[2026-06-30 14:10:11] 1: 单日导出（例如：2026-01-21）
[2026-06-30 14:10:11] 2: 日期范围导出（起止日期，格式：YYYY-MM-DD）
[2026-06-30 14:10:11] [14:10:11] > 请进行输入: 
[2026-06-30 14:10:11] 请输入选项 (1 或 2)
[2026-06-30 14:10:41] >>> 正在终止...
[2026-06-30 14:10:41] [已取消]
[2026-06-30 14:15:51] [syncHash] ElevationAuthorized = false
[2026-06-30 14:15:54] [syncHash] ElevationAuthorized = false
[2026-06-30 14:19:50] >>> StartAnalysisAsync entered
[2026-06-30 14:19:50] >>> [安全警告] 引擎完整性检查失败: FILE_MISSING:CoreEngine
[2026-06-30 14:19:50] 💻 硬件评估层级: [Extreme]
[2026-06-30 14:19:50] ⚠️ 管理员权限：未获取 - 部分功能受限
[2026-06-30 14:19:50] >>> 正在执行分析...
[2026-06-30 14:19:51] [安全守卫] 正在初始化 (第 1 次)...
[2026-06-30 14:19:51] [安全守卫] baseForGuard: G:\PowerShellBat\AURORA-Analyzer\AURORA-Analyzer-Factory-Dev\AURORA-Analyzer-Factory\Scripts\Security
[2026-06-30 14:19:51] [安全守卫] rootDir: G:\PowerShellBat\AURORA-Analyzer\AURORA-Analyzer-Factory-Dev\AURORA-Analyzer-Factory
[2026-06-30 14:19:51] [安全守卫] 初始化成功
[2026-06-30 14:19:51] [诊断] 正在执行环境安全扫描...
[2026-06-30 14:19:51] [诊断] 扫描结果: NONE
[2026-06-30 14:19:51] [安全守卫] 启动环境扫描完成 - 安全
[2026-06-30 14:19:51] [安全守卫] 已启动持续性检测（每 3 秒）
[2026-06-30 14:19:52] [安全守卫] WMI 实时监控启动失败，将仅使用轮询模式
[2026-06-30 14:19:52] [PRO] Starting AURORA PRO Mode (Language: CHS)
[2026-06-30 14:19:52] [PRO] Loading Unified PRO Engine...
[2026-06-30 14:19:52] [安全守卫] 正在初始化 (第 1 次)...
[2026-06-30 14:19:52] [安全守卫] baseForGuard: G:\PowerShellBat\AURORA-Analyzer\AURORA-Analyzer-Factory-Dev\AURORA-Analyzer-Factory\Scripts\Security
[2026-06-30 14:19:52] [安全守卫] rootDir: G:\PowerShellBat\AURORA-Analyzer\AURORA-Analyzer-Factory-Dev\AURORA-Analyzer-Factory
[2026-06-30 14:19:52] [安全守卫] 初始化成功
[2026-06-30 14:19:52] [诊断] 正在执行环境安全扫描...
[2026-06-30 14:19:52] [诊断] 扫描结果: NONE
[2026-06-30 14:19:52] [安全守卫] 启动环境扫描完成 - 安全
[2026-06-30 14:19:52] [安全守卫] 已启动持续性检测（每 3 秒）
[2026-06-30 14:19:52] [安全守卫] WMI 实时监控启动失败，将仅使用轮询模式
[2026-06-30 14:19:52] [14:19:52] [Info] 正在初始化 AURORA Core Engine...
[2026-06-30 14:19:53] [14:19:53] [Info] 系统：Microsoft Windows 11 教育版 (10.0.26200)
[2026-06-30 14:19:53] [14:19:53] [Info] PowerShell: v5.1.26100.8737
[2026-06-30 14:19:53] [14:19:53] [Info] 架构：x64
[2026-06-30 14:19:53] [14:19:53] [Success] Core Engine 初始化完成
[2026-06-30 14:19:53] 🔄 检测到未完成的会话
[2026-06-30 14:19:53] ========================================
[2026-06-30 14:19:53] 会话 ID: SESSION_20260630_140934_9762
[2026-06-30 14:19:53] 已保存进度：0%
[2026-06-30 14:19:53] 当前阶段：Initialized
[2026-06-30 14:19:53] 保存时间：2026-06-30T14:09:34.5327668+08:00
[2026-06-30 14:19:53] 已挂起天数：0 天
[2026-06-30 14:19:53] ⏳ 等待用户在 GUI 上做出选择...
[2026-06-30 14:19:56] [syncHash] SessionRestarted = true
[2026-06-30 14:19:56] 🔄 用户选择重新开始，清除会话...
[2026-06-30 14:19:57] /// AURORA Analyzer Release Version ///
[2026-06-30 14:19:57] /// AURORA 2026 VelociRaptor-GR 版权所有 ///
[2026-06-30 14:19:57] /// Windows 系统事件日志导出与智能分析工具 ///
[2026-06-30 14:19:57] ///请稍后... 正在检测当前系统日期...///
[2026-06-30 14:19:58] 📅 检测完成! 当前日期为: 2026-06-30///
[2026-06-30 14:19:58] ///正在检查缓存状态...///
[2026-06-30 14:19:58] ///缓存状态检查完成!///
[2026-06-30 14:19:58] 【请选择日志类型】
[2026-06-30 14:19:58] 1: System (系统)
[2026-06-30 14:19:58] 2: Application (应用程序)
[2026-06-30 14:19:58] 3: Security (安全) - 需要管理员权限
[2026-06-30 14:19:58] 4: Setup (安装) - 需要管理员权限
[2026-06-30 14:19:58] 5: DNS Server (DNS服务器) - 需要管理员权限
[2026-06-30 14:19:58] 6: DHCP Server (DHCP服务器) - 需要管理员权限
[2026-06-30 14:19:58] 7: Active Directory (活动目录) - 需要管理员权限
[2026-06-30 14:19:58] 8: IIS (Web服务器) - 需要管理员权限
[2026-06-30 14:19:58] 💡 提示：可选择多个日志类型，用逗号或空格分隔（如：1,2 或 1 2）
[2026-06-30 14:19:59] [14:19:58] > 请进行输入: 
[2026-06-30 14:19:59] 请输入选项 (1-8)，直接回车则使用默认: System
[2026-06-30 14:20:02] 👤 [14:20:02] 你: [按下了回车 / 使用默认值]
[2026-06-30 14:20:03] ✅ 已选择日志类型: System
[2026-06-30 14:20:03] 【请选择导出模式】
[2026-06-30 14:20:03] 1: 单日导出（例如：2026-01-21）
[2026-06-30 14:20:03] 2: 日期范围导出（起止日期，格式：YYYY-MM-DD）
[2026-06-30 14:20:03] [14:20:02] > 请进行输入: 
[2026-06-30 14:20:03] 请输入选项 (1 或 2)
[2026-06-30 14:20:06] 👤 [14:20:06] 你: 2
[2026-06-30 14:20:06] [14:20:06] > 请进行输入: 
[2026-06-30 14:20:06] 请输入起始日期 (格式：YYYY-MM-DD)
[2026-06-30 14:20:18] 👤 [14:20:18] 你: 2026-01-01
[2026-06-30 14:20:18] [14:20:18] > 请进行输入: 请输入结束日期 (格式：YYYY-MM-DD)
[2026-06-30 14:20:28] 👤 [14:20:28] 你: 2026-01-30
[2026-06-30 14:20:28] 【事件过滤选项】
[2026-06-30 14:20:28] 1: 无过滤（默认）
[2026-06-30 14:20:28] 2: 按事件 ID 过滤
[2026-06-30 14:20:28] 3: 按事件提供程序过滤
[2026-06-30 14:20:28] 4: 按事件级别过滤
[2026-06-30 14:20:28] [14:20:28] > 请进行输入: 
[2026-06-30 14:20:28] 请选择过滤选项 (1-4)，直接回车则使用默认: 1
[2026-06-30 14:20:30] 👤 [14:20:30] 你: [按下了回车 / 使用默认值]
[2026-06-30 14:20:30] ⚠️ 检测到 scopes 是单个对象，正在转换为数组...
[2026-06-30 14:20:30] ✅ scopes 验证完成，共 1 个范围
[2026-06-30 14:20:30] ━━━━━━━━━━━━━━━━━━━━━━━━ 评估系统性能 ━━━━━━━━━━━━━━━━━━━━━━━━
[2026-06-30 14:20:30] 【正在评估系统性能...】
[2026-06-30 14:20:38] 处理器：11th Gen Intel(R) Core(TM) i7-11800H @ 2.30GHz 8 核心 @ 4170 MHz (基础: 2304 MHz)
[2026-06-30 14:20:38] 内存容量：31.74 GB
[2026-06-30 14:20:38] 磁盘性能分数: 50/50
[2026-06-30 14:20:38] 磁盘配置：2 个 SSD, 0 个 HDD
[2026-06-30 14:20:38] 正在计算性能分数...
[2026-06-30 14:20:38] 您的性能分数为：100/100
[2026-06-30 14:20:45] 使用最佳分块大小：7 小时/块
[2026-06-30 14:20:45] 根据系统负载使用 13/16 个线程
[2026-06-30 14:20:52] ✅ 知识图谱索引创建成功
[2026-06-30 14:20:52] ✅ 知识图谱加载成功，包含 9 个分类
[2026-06-30 14:20:52] 【资源优化策略】
[2026-06-30 14:20:52] 性能等级: HighPerformance
[2026-06-30 14:20:52] 日志扫描并行度: 16
[2026-06-30 14:20:52] 报告生成并行度: 12.8
[2026-06-30 14:20:52] 缓存压缩: False
[2026-06-30 14:20:52] I/O 缓冲区大小：131072 bytes
[2026-06-30 14:20:52] ━━━━━━━━━━━━━━━━━━━━━━ 扫描高危事件 + 导出 ━━━━━━━━━━━━━━━━━━━━━━
[2026-06-30 14:20:52] ========================================
[2026-06-30 14:20:52]   [1/1] 正在处理：System
[2026-06-30 14:20:52] ========================================
[2026-06-30 14:20:52] 【无匹配缓存，正在扫描所选范围内的高危事件...】
[2026-06-30 14:20:58] [系统资源监控] 并行线程数: 11, 内存使用率: 40.87%
[2026-06-30 14:21:01] [知识库分析] 正在批量处理 1282 条事件的知识库查询...
[2026-06-30 14:21:02] [知识库分析] 批量处理完成
[2026-06-30 14:21:06] 【高危事件扫描完成】共发现 1282 条高危事件
[2026-06-30 14:21:08] 【扫描完成】
[2026-06-30 14:21:08] 发现：5 条严重事件，346 条错误，931 条警告（共 1282 条高危事件）
[2026-06-30 14:21:08] 总日志数：3558 条
[2026-06-30 14:21:08] 【系统健康评估】
[2026-06-30 14:21:08] 错误: 346 | 警告: 931 | 严重: 5
[2026-06-30 14:21:08] 健康评分: 54/100 | 健康等级: 一般
[2026-06-30 14:21:08] 系统状态：一般 —— 存在较多异常，需要关注！
[2026-06-30 14:21:08] [14:21:08] > 请进行输入: 
[2026-06-30 14:21:08] 按 Enter 仅导出高危事件，或输入 '1' 导出完整日志
[2026-06-30 14:21:17] >>> 正在终止...
[2026-06-30 14:21:17] [已取消]
[2026-06-30 14:54:00] >>> StartAnalysisAsync entered
[2026-06-30 14:54:00] >>> [安全警告] 引擎完整性检查失败: FILE_MISSING:CoreEngine
[2026-06-30 14:54:00] 💻 硬件评估层级: [Extreme]
[2026-06-30 14:54:00] ⚠️ 管理员权限：未获取 - 部分功能受限
[2026-06-30 14:54:00] >>> 正在执行分析...
[2026-06-30 14:54:01] [安全守卫] 正在初始化 (第 1 次)...
[2026-06-30 14:54:01] [安全守卫] baseForGuard: G:\PowerShellBat\AURORA-Analyzer\AURORA-Analyzer-Factory-Dev\AURORA-Analyzer-Factory\Scripts\Security
[2026-06-30 14:54:01] [安全守卫] rootDir: G:\PowerShellBat\AURORA-Analyzer\AURORA-Analyzer-Factory-Dev\AURORA-Analyzer-Factory
[2026-06-30 14:54:01] [安全守卫] 初始化成功
[2026-06-30 14:54:01] [诊断] 正在执行环境安全扫描...
[2026-06-30 14:54:01] [诊断] 扫描结果: NONE
[2026-06-30 14:54:01] [安全守卫] 启动环境扫描完成 - 安全
[2026-06-30 14:54:01] [安全守卫] 已启动持续性检测（每 3 秒）
[2026-06-30 14:54:01] [安全守卫] WMI 实时监控启动失败，将仅使用轮询模式
[2026-06-30 14:54:02] [PRO] Starting AURORA PRO Mode (Language: CHS)
[2026-06-30 14:54:02] [PRO] Loading Unified PRO Engine...
[2026-06-30 14:54:02] [安全守卫] 正在初始化 (第 1 次)...
[2026-06-30 14:54:02] [安全守卫] baseForGuard: G:\PowerShellBat\AURORA-Analyzer\AURORA-Analyzer-Factory-Dev\AURORA-Analyzer-Factory\Scripts\Security
[2026-06-30 14:54:02] [安全守卫] rootDir: G:\PowerShellBat\AURORA-Analyzer\AURORA-Analyzer-Factory-Dev\AURORA-Analyzer-Factory
[2026-06-30 14:54:02] [安全守卫] 初始化成功
[2026-06-30 14:54:02] [诊断] 正在执行环境安全扫描...
[2026-06-30 14:54:02] [诊断] 扫描结果: NONE
[2026-06-30 14:54:02] [安全守卫] 启动环境扫描完成 - 安全
[2026-06-30 14:54:02] [安全守卫] 已启动持续性检测（每 3 秒）
[2026-06-30 14:54:02] [安全守卫] WMI 实时监控启动失败，将仅使用轮询模式
[2026-06-30 14:54:02] [14:54:02] [Info] 正在初始化 AURORA Core Engine...
[2026-06-30 14:54:03] [14:54:03] [Info] 系统：Microsoft Windows 11 教育版 (10.0.26200)
[2026-06-30 14:54:03] [14:54:03] [Info] PowerShell: v5.1.26100.8737
[2026-06-30 14:54:03] [14:54:03] [Info] 架构：x64
[2026-06-30 14:54:03] [14:54:03] [Success] Core Engine 初始化完成
[2026-06-30 14:54:03] 🔄 检测到未完成的会话
[2026-06-30 14:54:03] ========================================
[2026-06-30 14:54:03] 会话 ID: SESSION_20260630_141956_1775
[2026-06-30 14:54:03] 已保存进度：70%
[2026-06-30 14:54:03] 当前阶段：系统健康评估完成
[2026-06-30 14:54:03] 保存时间：2026-06-30T14:21:08.0244447+08:00
[2026-06-30 14:54:03] 已挂起天数：0 天
[2026-06-30 14:54:03] ⏳ 等待用户在 GUI 上做出选择...
[2026-06-30 14:54:06] [syncHash] SessionRestarted = true
[2026-06-30 14:54:06] 🔄 用户选择重新开始，清除会话...
[2026-06-30 14:54:08] /// AURORA Analyzer Release Version ///
[2026-06-30 14:54:08] /// AURORA 2026 VelociRaptor-GR 版权所有 ///
[2026-06-30 14:54:08] /// Windows 系统事件日志导出与智能分析工具 ///
[2026-06-30 14:54:08] ///请稍后... 正在检测当前系统日期...///
[2026-06-30 14:54:08] 📅 检测完成! 当前日期为: 2026-06-30///
[2026-06-30 14:54:08] ///正在检查缓存状态...///
[2026-06-30 14:54:09] ///缓存状态检查完成!///
[2026-06-30 14:54:09] 【请选择日志类型】
[2026-06-30 14:54:09] 1: System (系统)
[2026-06-30 14:54:09] 2: Application (应用程序)
[2026-06-30 14:54:09] 3: Security (安全) - 需要管理员权限
[2026-06-30 14:54:09] 4: Setup (安装) - 需要管理员权限
[2026-06-30 14:54:09] 5: DNS Server (DNS服务器) - 需要管理员权限
[2026-06-30 14:54:09] 6: DHCP Server (DHCP服务器) - 需要管理员权限
[2026-06-30 14:54:09] 7: Active Directory (活动目录) - 需要管理员权限
[2026-06-30 14:54:09] 8: IIS (Web服务器) - 需要管理员权限
[2026-06-30 14:54:09] 💡 提示：可选择多个日志类型，用逗号或空格分隔（如：1,2 或 1 2）
[2026-06-30 14:54:09] [14:54:09] > 请进行输入: 
[2026-06-30 14:54:09] 请输入选项 (1-8)，直接回车则使用默认: System
[2026-06-30 14:54:15] >>> 正在终止...
[2026-06-30 14:54:15] [已取消]
[2026-06-30 14:56:40] >>> StartAnalysisAsync entered
[2026-06-30 14:56:40] >>> [安全警告] 引擎完整性检查失败: FILE_MISSING:CoreEngine
[2026-06-30 14:56:40] 💻 硬件评估层级: [Extreme]
[2026-06-30 14:56:40] ⚠️ 管理员权限：未获取 - 部分功能受限
[2026-06-30 14:56:40] >>> 正在执行分析...
[2026-06-30 14:56:41] [安全守卫] 正在初始化 (第 1 次)...
[2026-06-30 14:56:41] [安全守卫] baseForGuard: G:\PowerShellBat\AURORA-Analyzer\AURORA-Analyzer-Factory-Dev\AURORA-Analyzer-Factory\Scripts\Security
[2026-06-30 14:56:41] [安全守卫] rootDir: G:\PowerShellBat\AURORA-Analyzer\AURORA-Analyzer-Factory-Dev\AURORA-Analyzer-Factory
[2026-06-30 14:56:41] [安全守卫] 初始化成功
[2026-06-30 14:56:41] [诊断] 正在执行环境安全扫描...
[2026-06-30 14:56:41] [诊断] 扫描结果: NONE
[2026-06-30 14:56:42] [安全守卫] 启动环境扫描完成 - 安全
[2026-06-30 14:56:42] [安全守卫] 已启动持续性检测（每 3 秒）
[2026-06-30 14:56:42] [安全守卫] WMI 实时监控启动失败，将仅使用轮询模式
[2026-06-30 14:56:42] [PRO] Starting AURORA PRO Mode (Language: CHS)
[2026-06-30 14:56:42] [PRO] Loading Unified PRO Engine...
[2026-06-30 14:56:42] [安全守卫] 正在初始化 (第 1 次)...
[2026-06-30 14:56:42] [安全守卫] baseForGuard: G:\PowerShellBat\AURORA-Analyzer\AURORA-Analyzer-Factory-Dev\AURORA-Analyzer-Factory\Scripts\Security
[2026-06-30 14:56:42] [安全守卫] rootDir: G:\PowerShellBat\AURORA-Analyzer\AURORA-Analyzer-Factory-Dev\AURORA-Analyzer-Factory
[2026-06-30 14:56:42] [安全守卫] 初始化成功
[2026-06-30 14:56:42] [诊断] 正在执行环境安全扫描...
[2026-06-30 14:56:42] [诊断] 扫描结果: NONE
[2026-06-30 14:56:42] [安全守卫] 启动环境扫描完成 - 安全
[2026-06-30 14:56:42] [安全守卫] 已启动持续性检测（每 3 秒）
[2026-06-30 14:56:42] [安全守卫] WMI 实时监控启动失败，将仅使用轮询模式
[2026-06-30 14:56:42] [14:56:42] [Info] 正在初始化 AURORA Core Engine...
[2026-06-30 14:56:43] [14:56:43] [Info] 系统：Microsoft Windows 11 教育版 (10.0.26200)
[2026-06-30 14:56:43] [14:56:43] [Info] PowerShell: v5.1.26100.8737
[2026-06-30 14:56:43] [14:56:43] [Info] 架构：x64
[2026-06-30 14:56:43] [14:56:43] [Success] Core Engine 初始化完成
[2026-06-30 14:56:44] 🔄 检测到未完成的会话
[2026-06-30 14:56:44] ========================================
[2026-06-30 14:56:44] 会话 ID: SESSION_20260630_145406_2099
[2026-06-30 14:56:44] 已保存进度：0%
[2026-06-30 14:56:44] 当前阶段：Initialized
[2026-06-30 14:56:44] 保存时间：2026-06-30T14:54:06.5270799+08:00
[2026-06-30 14:56:44] 已挂起天数：0 天
[2026-06-30 14:56:44] ⏳ 等待用户在 GUI 上做出选择...
[2026-06-30 14:56:53] [syncHash] SessionRestarted = true
[2026-06-30 14:56:53] 🔄 用户选择重新开始，清除会话...
[2026-06-30 14:56:55] /// AURORA Analyzer Release Version ///
[2026-06-30 14:56:55] /// AURORA 2026 VelociRaptor-GR 版权所有 ///
[2026-06-30 14:56:55] /// Windows 系统事件日志导出与智能分析工具 ///
[2026-06-30 14:56:55] ///请稍后... 正在检测当前系统日期...///
[2026-06-30 14:56:55] 📅 检测完成! 当前日期为: 2026-06-30///
[2026-06-30 14:56:55] ///正在检查缓存状态...///
[2026-06-30 14:56:56] ///缓存状态检查完成!///
[2026-06-30 14:56:56] 【请选择日志类型】
[2026-06-30 14:56:56] 1: System (系统)
[2026-06-30 14:56:56] 2: Application (应用程序)
[2026-06-30 14:56:56] 3: Security (安全) - 需要管理员权限
[2026-06-30 14:56:56] 4: Setup (安装) - 需要管理员权限
[2026-06-30 14:56:56] 5: DNS Server (DNS服务器) - 需要管理员权限
[2026-06-30 14:56:56] 6: DHCP Server (DHCP服务器) - 需要管理员权限
[2026-06-30 14:56:56] 7: Active Directory (活动目录) - 需要管理员权限
[2026-06-30 14:56:56] 8: IIS (Web服务器) - 需要管理员权限
[2026-06-30 14:56:56] 💡 提示：可选择多个日志类型，用逗号或空格分隔（如：1,2 或 1 2）
[2026-06-30 14:56:56] [14:56:56] > 请进行输入: 
[2026-06-30 14:56:56] 请输入选项 (1-8)，直接回车则使用默认: System
[2026-06-30 14:56:58] 👤 [14:56:58] 你: [按下了回车 / 使用默认值]
[2026-06-30 14:56:58] ✅ 已选择日志类型: System
[2026-06-30 14:56:58] 【请选择导出模式】
[2026-06-30 14:56:58] 1: 单日导出（例如：2026-01-21）
[2026-06-30 14:56:58] 2: 日期范围导出（起止日期，格式：YYYY-MM-DD）
[2026-06-30 14:56:58] [14:56:58] > 请进行输入: 
[2026-06-30 14:56:58] 请输入选项 (1 或 2)
[2026-06-30 14:57:01] 👤 [14:57:01] 你: 1
[2026-06-30 14:57:01] [14:57:01] > 请进行输入: 
[2026-06-30 14:57:01] 请输入日期 (格式：YYYY-MM-DD)，直接回车则导出今日日志
[2026-06-30 14:57:02] 👤 [14:57:02] 你: [按下了回车 / 使用默认值]
[2026-06-30 14:57:02] 【事件过滤选项】
[2026-06-30 14:57:02] 1: 无过滤（默认）
[2026-06-30 14:57:02] 2: 按事件 ID 过滤
[2026-06-30 14:57:02] 3: 按事件提供程序过滤
[2026-06-30 14:57:02] 4: 按事件级别过滤
[2026-06-30 14:57:02] [14:57:02] > 请进行输入: 
[2026-06-30 14:57:02] 请选择过滤选项 (1-4)，直接回车则使用默认: 1
[2026-06-30 14:57:03] 👤 [14:57:03] 你: [按下了回车 / 使用默认值]
[2026-06-30 14:57:03] ⚠️ 检测到 scopes 是单个对象，正在转换为数组...
[2026-06-30 14:57:03] ✅ scopes 验证完成，共 1 个范围
[2026-06-30 14:57:03] ━━━━━━━━━━━━━━━━━━━━━━━━ 评估系统性能 ━━━━━━━━━━━━━━━━━━━━━━━━
[2026-06-30 14:57:03] 【正在评估系统性能...】
[2026-06-30 14:57:11] 处理器：11th Gen Intel(R) Core(TM) i7-11800H @ 2.30GHz 8 核心 @ 4124 MHz (基础: 2304 MHz)
[2026-06-30 14:57:11] 内存容量：31.74 GB
[2026-06-30 14:57:11] 磁盘性能分数: 50/50
[2026-06-30 14:57:11] 磁盘配置：2 个 SSD, 0 个 HDD
[2026-06-30 14:57:11] 正在计算性能分数...
[2026-06-30 14:57:11] 您的性能分数为：100/100
[2026-06-30 14:57:18] 使用最佳分块大小：7 小时/块
[2026-06-30 14:57:18] 根据系统负载使用 11/16 个线程
[2026-06-30 14:57:25] ✅ 知识图谱索引创建成功
[2026-06-30 14:57:25] ✅ 知识图谱加载成功，包含 9 个分类
[2026-06-30 14:57:25] 【资源优化策略】
[2026-06-30 14:57:25] 性能等级: HighPerformance
[2026-06-30 14:57:25] 日志扫描并行度: 16
[2026-06-30 14:57:25] 报告生成并行度: 12.8
[2026-06-30 14:57:25] 缓存压缩: False
[2026-06-30 14:57:25] I/O 缓冲区大小：131072 bytes
[2026-06-30 14:57:25] ━━━━━━━━━━━━━━━━━━━━━━ 扫描高危事件 + 导出 ━━━━━━━━━━━━━━━━━━━━━━
[2026-06-30 14:57:25] ========================================
[2026-06-30 14:57:25]   [1/1] 正在处理：System
[2026-06-30 14:57:25] ========================================
[2026-06-30 14:57:25] 【无匹配缓存，正在扫描所选范围内的高危事件...】
[2026-06-30 14:57:31] [系统资源监控] 并行线程数: 4, 内存使用率: 31.77%
[2026-06-30 14:57:33] [知识库分析] 正在批量处理 62 条事件的知识库查询...
[2026-06-30 14:57:33] [知识库分析] 批量处理完成
[2026-06-30 14:57:36] 【高危事件扫描完成】共发现 62 条高危事件
[2026-06-30 14:57:36] 【扫描完成】
[2026-06-30 14:57:36] 发现：0 条严重事件，11 条错误，51 条警告（共 62 条高危事件）
[2026-06-30 14:57:36] 总日志数：123 条
[2026-06-30 14:57:36] 【系统健康评估】
[2026-06-30 14:57:36] 错误: 11 | 警告: 51 | 严重: 0
[2026-06-30 14:57:36] 健康评分: 41/100 | 健康等级: 较差
[2026-06-30 14:57:36] 系统状态：较差 —— 存在大量异常，建议立即检查！
[2026-06-30 14:57:36] [14:57:36] > 请进行输入: 
[2026-06-30 14:57:36] 按 Enter 仅导出高危事件，或输入 '1' 导出完整日志
[2026-06-30 14:57:39] 👤 [14:57:39] 你: 1
[2026-06-30 14:57:43] 数据已存入缓存...
[2026-06-30 14:57:43] 【完整 System 日志读取完成】共采集 123 条事件
[2026-06-30 14:57:43] 【正在导出：完整 System 日志】
[2026-06-30 14:57:44] 【正在执行高级日志模式分析...】
[2026-06-30 14:57:44] 摘要报告已保存至：G:\PowerShellBat\AURORA-Analyzer\AURORA-Analyzer-Factory-Dev\AURORA-Analyzer-Factory\UserLogs\系统_日志_20260630_摘要.txt
[2026-06-30 14:57:44] 已导出:
[2026-06-30 14:57:44]   CSV: G:\PowerShellBat\AURORA-Analyzer\AURORA-Analyzer-Factory-Dev\AURORA-Analyzer-Factory\UserLogs\系统_日志_20260630.csv
[2026-06-30 14:57:44]   JSON: G:\PowerShellBat\AURORA-Analyzer\AURORA-Analyzer-Factory-Dev\AURORA-Analyzer-Factory\UserLogs\系统_日志_20260630.json
[2026-06-30 14:57:44]   XML: G:\PowerShellBat\AURORA-Analyzer\AURORA-Analyzer-Factory-Dev\AURORA-Analyzer-Factory\UserLogs\系统_日志_20260630.xml
[2026-06-30 14:57:44] [14:57:44] > 请进行输入: 是否进行日志趋势分析？(Y/N) [默认: N]
[2026-06-30 14:57:47] 👤 [14:57:47] 你: y
[2026-06-30 14:57:50] 趋势分析报告已保存至：G:\PowerShellBat\AURORA-Analyzer\AURORA-Analyzer-Factory-Dev\AURORA-Analyzer-Factory\UserLogs\系统_日志_20260630_to_20260630_趋势分析.txt
[2026-06-30 14:57:50] 趋势数据已保存至：G:\PowerShellBat\AURORA-Analyzer\AURORA-Analyzer-Factory-Dev\AURORA-Analyzer-Factory\UserLogs\系统_日志_20260630_to_20260630_趋势数据.csv
[2026-06-30 14:57:50] 【趋势分析完成】
[2026-06-30 14:57:50] 🧠 正在调用 AURORA 智能诊断引擎...
[2026-06-30 14:57:50] ========================================
[2026-06-30 14:57:50]   智能诊断分析可用
[2026-06-30 14:57:50] ========================================
[2026-06-30 14:57:50] 📊 已检测到导出的 CSV 文件：
[2026-06-30 14:57:50]    位置：G:\PowerShellBat\AURORA-Analyzer\AURORA-Analyzer-Factory-Dev\AURORA-Analyzer-Factory\UserLogs
[2026-06-30 14:57:50]    文件：找到 12 个 CSV 文件
[2026-06-30 14:57:50] 🔍 智能模式将执行：
[2026-06-30 14:57:50]    ✓ 加载已导出的 CSV 文件
[2026-06-30 14:57:50]    ✓ 知识库靶向碰撞分析
[2026-06-30 14:57:50]    ✓ 提供自主修复方案
[2026-06-30 14:57:50] ⚡ 是否立即启动智能诊断分析？
[2026-06-30 14:57:50] ========================================
[2026-06-30 14:57:50] 📋 正在等待用户确认...
[2026-06-30 14:58:01] [syncHash] SmartAnalysisAuthorized = true
[2026-06-30 14:58:01] ✅ GUI 已响应智能分析请求（等待了 10850ms）
[2026-06-30 14:58:01] ✅ 用户确认，开始智能分析...
[2026-06-30 14:58:01] 📖 正在加载智能引擎...
[2026-06-30 14:58:01] [14:58:01] 🤖 正在初始化 AURORA 智能诊断与自主修复引擎...
[2026-06-30 14:58:02] [14:58:02] 🖥️ 操作系统: Microsoft Windows 11 教育版
[2026-06-30 14:58:02] [14:58:02] ⏱️ 系统连续运行时间: 30.08 小时
[2026-06-30 14:58:02] [14:58:02] ✅ 运行时间达标且未见近期崩溃。
[2026-06-30 14:58:02] 🎯 靶向锁定: 常规 24H 健康巡检 (范围: 06-29 14:58 ~ 06-30 14:58)
[2026-06-30 14:58:02] [14:58:02] ⚡ 正在从内核提取高危日志 (Critical/Error/Warning)...
[2026-06-30 14:58:02] [14:58:02] 📖 检测到 PRO 模式导出，正在读取：G:\PowerShellBat\AURORA-Analyzer\AURORA-Analyzer-Factory-Dev\AURORA-Analyzer-Factory\UserLogs
[2026-06-30 14:58:02] [14:58:02] ✅ 找到 6 个导出的 CSV 文件，正在加载...
[2026-06-30 14:58:02] [14:58:02] 📂 分析的日志类型：System
[2026-06-30 14:58:02] [14:58:02] ⚠️ 警告：未找到以下日志文件 - 应用程序日志
[2026-06-30 14:58:02] [14:58:02] 💡 提示：请在 PRO 模式中也导出这些日志以获得完整分析
[2026-06-30 14:58:02] [14:58:02]    正在加载：系统_日志_20260101___20260301.csv
[2026-06-30 14:58:02] [14:58:02]    正在加载：系统_日志_20260101___20260501.csv
[2026-06-30 14:58:02] [14:58:02]    正在加载：系统_日志_20260626.csv
[2026-06-30 14:58:02] [14:58:02]    正在加载：系统_日志_20260627.csv
[2026-06-30 14:58:02] [14:58:02]    正在加载：系统_日志_20260629.csv
[2026-06-30 14:58:02] [14:58:02]    正在加载：系统_日志_20260630.csv
[2026-06-30 14:58:02] [14:58:02] ✅ 已加载 2 个事件
[2026-06-30 14:58:02] [14:58:02] 📦 成功提取并轻量化 2 条异常事件记录。
[2026-06-30 14:58:02] [14:58:02] 🧠 正在装载并预编译 AURORA-TechData 知识图谱...
[2026-06-30 14:58:03] True
[2026-06-30 14:58:03] True
[2026-06-30 14:58:03] True
[2026-06-30 14:58:03] True
[2026-06-30 14:58:03] True
[2026-06-30 14:58:03] [分析完成]
[2026-06-30 14:58:03] [14:58:03] Knowledge base cached (10.283203125.ToString('F1') KB)
[2026-06-30 14:58:03] [14:58:03] ✅ 图谱装载完成，激活 32 条诊断规则。开始极速碰撞...
[2026-06-30 14:58:03] [14:58:03] 🎯 碰撞分析完成！发现 0 类已知高危问题。
[2026-06-30 14:58:03] [14:58:03] 🎉 完美！系统当前未命中任何高危规则，运行状态极佳！
[2026-06-30 14:58:03] [14:58:03] 👋 智能引擎分析完毕，进程安全退出。
[2026-06-30 14:58:03] ✅ 智能诊断分析完成！
[2026-06-30 14:58:03] ✅ 操作完成！感谢使用本工具。
[2026-06-30 15:05:54] >>> StartAnalysisAsync entered
[2026-06-30 15:05:54] >>> [安全警告] 引擎完整性检查失败: FILE_MISSING:CoreEngine
[2026-06-30 15:05:54] 💻 硬件评估层级: [Extreme]
[2026-06-30 15:05:54] ⚠️ 管理员权限：未获取 - 部分功能受限
[2026-06-30 15:05:54] >>> 正在执行分析...
[2026-06-30 15:05:55] [安全守卫] 正在初始化 (第 1 次)...
[2026-06-30 15:05:55] [安全守卫] baseForGuard: G:\PowerShellBat\AURORA-Analyzer\AURORA-Analyzer-Factory-Dev\AURORA-Analyzer-Factory\Scripts\Security
[2026-06-30 15:05:55] [安全守卫] rootDir: G:\PowerShellBat\AURORA-Analyzer\AURORA-Analyzer-Factory-Dev\AURORA-Analyzer-Factory
[2026-06-30 15:05:55] [安全守卫] 初始化成功
[2026-06-30 15:05:55] [诊断] 正在执行环境安全扫描...
[2026-06-30 15:05:55] [诊断] 扫描结果: NONE
[2026-06-30 15:05:55] [安全守卫] 启动环境扫描完成 - 安全
[2026-06-30 15:05:55] [安全守卫] 已启动持续性检测（每 3 秒）
[2026-06-30 15:05:55] [安全守卫] WMI 实时监控启动失败，将仅使用轮询模式
[2026-06-30 15:05:55] [PRO] Starting AURORA PRO Mode (Language: CHS)
[2026-06-30 15:05:55] [PRO] Loading Unified PRO Engine...
[2026-06-30 15:05:55] [安全守卫] 正在初始化 (第 1 次)...
[2026-06-30 15:05:55] [安全守卫] baseForGuard: G:\PowerShellBat\AURORA-Analyzer\AURORA-Analyzer-Factory-Dev\AURORA-Analyzer-Factory\Scripts\Security
[2026-06-30 15:05:55] [安全守卫] rootDir: G:\PowerShellBat\AURORA-Analyzer\AURORA-Analyzer-Factory-Dev\AURORA-Analyzer-Factory
[2026-06-30 15:05:55] [安全守卫] 初始化成功
[2026-06-30 15:05:55] [诊断] 正在执行环境安全扫描...
[2026-06-30 15:05:55] [诊断] 扫描结果: NONE
[2026-06-30 15:05:55] [安全守卫] 启动环境扫描完成 - 安全
[2026-06-30 15:05:55] [安全守卫] 已启动持续性检测（每 3 秒）
[2026-06-30 15:05:55] [安全守卫] WMI 实时监控启动失败，将仅使用轮询模式
[2026-06-30 15:05:56] [15:05:56] [Info] 正在初始化 AURORA Core Engine...
[2026-06-30 15:05:57] [15:05:57] [Info] 系统：Microsoft Windows 11 教育版 (10.0.26200)
[2026-06-30 15:05:57] [15:05:57] [Info] PowerShell: v5.1.26100.8737
[2026-06-30 15:05:57] [15:05:57] [Info] 架构：x64
[2026-06-30 15:05:57] [15:05:57] [Success] Core Engine 初始化完成
[2026-06-30 15:05:58] /// AURORA Analyzer Release Version ///
[2026-06-30 15:05:58] /// AURORA 2026 VelociRaptor-GR 版权所有 ///
[2026-06-30 15:05:58] /// Windows 系统事件日志导出与智能分析工具 ///
[2026-06-30 15:05:58] ///请稍后... 正在检测当前系统日期...///
[2026-06-30 15:05:58] 📅 检测完成! 当前日期为: 2026-06-30///
[2026-06-30 15:05:58] ///正在检查缓存状态...///
[2026-06-30 15:05:59] ///缓存状态检查完成!///
[2026-06-30 15:05:59] 【请选择日志类型】
[2026-06-30 15:05:59] 1: System (系统)
[2026-06-30 15:05:59] 2: Application (应用程序)
[2026-06-30 15:05:59] 3: Security (安全) - 需要管理员权限
[2026-06-30 15:05:59] 4: Setup (安装) - 需要管理员权限
[2026-06-30 15:05:59] 5: DNS Server (DNS服务器) - 需要管理员权限
[2026-06-30 15:05:59] 6: DHCP Server (DHCP服务器) - 需要管理员权限
[2026-06-30 15:05:59] 7: Active Directory (活动目录) - 需要管理员权限
[2026-06-30 15:05:59] 8: IIS (Web服务器) - 需要管理员权限
[2026-06-30 15:05:59] 💡 提示：可选择多个日志类型，用逗号或空格分隔（如：1,2 或 1 2）
[2026-06-30 15:05:59] [15:05:59] > 请进行输入: 
[2026-06-30 15:05:59] 请输入选项 (1-8)，直接回车则使用默认: System
[2026-06-30 15:06:07] 👤 [15:06:07] 你: [按下了回车 / 使用默认值]
[2026-06-30 15:06:07] ✅ 已选择日志类型: System
[2026-06-30 15:06:07] 【请选择导出模式】
[2026-06-30 15:06:07] 1: 单日导出（例如：2026-01-21）
[2026-06-30 15:06:07] 2: 日期范围导出（起止日期，格式：YYYY-MM-DD）
[2026-06-30 15:06:07] [15:06:07] > 请进行输入: 
[2026-06-30 15:06:07] 请输入选项 (1 或 2)
[2026-06-30 15:06:09] 👤 [15:06:09] 你: 2
[2026-06-30 15:06:09] [15:06:09] > 请进行输入: 
[2026-06-30 15:06:09] 请输入起始日期 (格式：YYYY-MM-DD)
[2026-06-30 15:06:15] 👤 [15:06:15] 你: 2026-01-01
[2026-06-30 15:06:15] [15:06:15] > 请进行输入: 请输入结束日期 (格式：YYYY-MM-DD)
[2026-06-30 15:06:19] 👤 [15:06:19] 你: 2026-01-30
[2026-06-30 15:06:19] 【事件过滤选项】
[2026-06-30 15:06:19] 1: 无过滤（默认）
[2026-06-30 15:06:19] 2: 按事件 ID 过滤
[2026-06-30 15:06:19] 3: 按事件提供程序过滤
[2026-06-30 15:06:19] 4: 按事件级别过滤
[2026-06-30 15:06:19] [15:06:19] > 请进行输入: 
[2026-06-30 15:06:19] 请选择过滤选项 (1-4)，直接回车则使用默认: 1
[2026-06-30 15:06:20] 👤 [15:06:20] 你: [按下了回车 / 使用默认值]
[2026-06-30 15:06:21] ⚠️ 检测到 scopes 是单个对象，正在转换为数组...
[2026-06-30 15:06:21] ✅ scopes 验证完成，共 1 个范围
[2026-06-30 15:06:21] ━━━━━━━━━━━━━━━━━━━━━━━━ 评估系统性能 ━━━━━━━━━━━━━━━━━━━━━━━━
[2026-06-30 15:06:21] 【正在评估系统性能...】
[2026-06-30 15:06:25] 处理器：11th Gen Intel(R) Core(TM) i7-11800H @ 2.30GHz 8 核心 @ 4124 MHz (基础: 2304 MHz)
[2026-06-30 15:06:25] 内存容量：31.74 GB
[2026-06-30 15:06:25] 磁盘性能分数: 50/50
[2026-06-30 15:06:25] 磁盘配置：2 个 SSD, 0 个 HDD
[2026-06-30 15:06:25] 正在计算性能分数...
[2026-06-30 15:06:25] 您的性能分数为：100/100
[2026-06-30 15:06:32] 使用最佳分块大小：6 小时/块
[2026-06-30 15:06:32] 根据系统负载使用 11/16 个线程
[2026-06-30 15:06:32] 系统负载：61%，已调整分块大小以减少系统压力
[2026-06-30 15:06:38] ✅ 知识图谱索引创建成功
[2026-06-30 15:06:38] ✅ 知识图谱加载成功，包含 9 个分类
[2026-06-30 15:06:38] 【资源优化策略】
[2026-06-30 15:06:38] 性能等级: HighPerformance
[2026-06-30 15:06:38] 日志扫描并行度: 16
[2026-06-30 15:06:38] 报告生成并行度: 12.8
[2026-06-30 15:06:38] 缓存压缩: False
[2026-06-30 15:06:38] I/O 缓冲区大小：131072 bytes
[2026-06-30 15:06:38] ━━━━━━━━━━━━━━━━━━━━━━ 扫描高危事件 + 导出 ━━━━━━━━━━━━━━━━━━━━━━
[2026-06-30 15:06:38] ========================================
[2026-06-30 15:06:38]   [1/1] 正在处理：System
[2026-06-30 15:06:38] ========================================
[2026-06-30 15:06:38] 【无匹配缓存，正在扫描所选范围内的高危事件...】
[2026-06-30 15:06:44] [系统资源监控] 并行线程数: 11, 内存使用率: 36.61%
[2026-06-30 15:06:48] [知识库分析] 正在批量处理 1282 条事件的知识库查询...
[2026-06-30 15:06:49] [知识库分析] 批量处理完成
[2026-06-30 15:06:53] 【高危事件扫描完成】共发现 1282 条高危事件
[2026-06-30 15:06:55] 【扫描完成】
[2026-06-30 15:06:55] 发现：5 条严重事件，346 条错误，931 条警告（共 1282 条高危事件）
[2026-06-30 15:06:55] 总日志数：3558 条
[2026-06-30 15:06:55] 【系统健康评估】
[2026-06-30 15:06:55] 错误: 346 | 警告: 931 | 严重: 5
[2026-06-30 15:06:55] 健康评分: 54/100 | 健康等级: 一般
[2026-06-30 15:06:55] 系统状态：一般 —— 存在较多异常，需要关注！
[2026-06-30 15:06:55] [15:06:55] > 请进行输入: 
[2026-06-30 15:06:55] 按 Enter 仅导出高危事件，或输入 '1' 导出完整日志
[2026-06-30 15:06:58] 👤 [15:06:58] 你: 1
[2026-06-30 15:07:09] 数据已存入缓存...
[2026-06-30 15:07:09] 【完整 System 日志读取完成】共采集 3558 条事件
[2026-06-30 15:07:09] 【正在导出：完整 System 日志】
[2026-06-30 15:07:10] 【正在执行高级日志模式分析...】
[2026-06-30 15:07:11] 摘要报告已保存至：G:\PowerShellBat\AURORA-Analyzer\AURORA-Analyzer-Factory-Dev\AURORA-Analyzer-Factory\UserLogs\系统_日志_20260101___20260130_摘要.txt
[2026-06-30 15:07:11] 使用并行处理加速CSV数据生成...
[2026-06-30 15:07:12] 已导出:
[2026-06-30 15:07:12]   CSV: G:\PowerShellBat\AURORA-Analyzer\AURORA-Analyzer-Factory-Dev\AURORA-Analyzer-Factory\UserLogs\系统_日志_20260101___20260130.csv
[2026-06-30 15:07:12]   JSON: G:\PowerShellBat\AURORA-Analyzer\AURORA-Analyzer-Factory-Dev\AURORA-Analyzer-Factory\UserLogs\系统_日志_20260101___20260130.json
[2026-06-30 15:07:12]   XML: G:\PowerShellBat\AURORA-Analyzer\AURORA-Analyzer-Factory-Dev\AURORA-Analyzer-Factory\UserLogs\系统_日志_20260101___20260130.xml
[2026-06-30 15:07:12] [15:07:12] > 请进行输入: 是否进行日志趋势分析？(Y/N) [默认: N]
[2026-06-30 15:07:27] 👤 [15:07:27] 你: y
[2026-06-30 15:07:50] [syncHash] ElevationAuthorized = false
[2026-06-30 15:07:55] 趋势分析报告已保存至：G:\PowerShellBat\AURORA-Analyzer\AURORA-Analyzer-Factory-Dev\AURORA-Analyzer-Factory\UserLogs\系统_日志_20260101_to_20260130_趋势分析.txt
[2026-06-30 15:07:55] 趋势数据已保存至：G:\PowerShellBat\AURORA-Analyzer\AURORA-Analyzer-Factory-Dev\AURORA-Analyzer-Factory\UserLogs\系统_日志_20260101_to_20260130_趋势数据.csv
[2026-06-30 15:07:55] 【趋势分析完成】
[2026-06-30 15:07:55] 🧠 正在调用 AURORA 智能诊断引擎...
[2026-06-30 15:07:55] ========================================
[2026-06-30 15:07:55]   智能诊断分析可用
[2026-06-30 15:07:55] ========================================
[2026-06-30 15:07:55] 📊 已检测到导出的 CSV 文件：
[2026-06-30 15:07:55]    位置：G:\PowerShellBat\AURORA-Analyzer\AURORA-Analyzer-Factory-Dev\AURORA-Analyzer-Factory\UserLogs
[2026-06-30 15:07:55]    文件：找到 14 个 CSV 文件
[2026-06-30 15:07:55] 🔍 智能模式将执行：
[2026-06-30 15:07:55]    ✓ 加载已导出的 CSV 文件
[2026-06-30 15:07:55]    ✓ 知识库靶向碰撞分析
[2026-06-30 15:07:55]    ✓ 提供自主修复方案
[2026-06-30 15:07:55] ⚡ 是否立即启动智能诊断分析？
[2026-06-30 15:07:55] ========================================
[2026-06-30 15:07:55] 📋 正在等待用户确认...
[2026-06-30 15:07:58] [syncHash] SmartAnalysisAuthorized = true
[2026-06-30 15:07:58] ✅ GUI 已响应智能分析请求（等待了 2900ms）
[2026-06-30 15:07:58] ✅ 用户确认，开始智能分析...
[2026-06-30 15:07:58] 📖 正在加载智能引擎...
[2026-06-30 15:07:59] [15:07:58] 🤖 正在初始化 AURORA 智能诊断与自主修复引擎...
[2026-06-30 15:08:00] [15:08:00] 🖥️ 操作系统: Microsoft Windows 11 教育版
[2026-06-30 15:08:00] [15:08:00] ⏱️ 系统连续运行时间: 30.24 小时
[2026-06-30 15:08:01] True
[2026-06-30 15:08:01] True
[2026-06-30 15:08:01] True
[2026-06-30 15:08:01] True
[2026-06-30 15:08:01] True
[2026-06-30 15:08:01] [分析完成]
[2026-06-30 15:08:01] [15:08:00] ✅ 运行时间达标且未见近期崩溃。
[2026-06-30 15:08:01] 🎯 靶向锁定: 常规 24H 健康巡检 (范围: 06-29 15:08 ~ 06-30 15:08)
[2026-06-30 15:08:01] [15:08:00] ⚡ 正在从内核提取高危日志 (Critical/Error/Warning)...
[2026-06-30 15:08:01] [15:08:00] 📖 检测到 PRO 模式导出，正在读取：G:\PowerShellBat\AURORA-Analyzer\AURORA-Analyzer-Factory-Dev\AURORA-Analyzer-Factory\UserLogs
[2026-06-30 15:08:01] [15:08:00] ✅ 找到 7 个导出的 CSV 文件，正在加载...
[2026-06-30 15:08:01] [15:08:00] 📂 分析的日志类型：System
[2026-06-30 15:08:01] [15:08:00] ⚠️ 警告：未找到以下日志文件 - 应用程序日志
[2026-06-30 15:08:01] [15:08:00] 💡 提示：请在 PRO 模式中也导出这些日志以获得完整分析
[2026-06-30 15:08:01] [15:08:00]    正在加载：系统_日志_20260101___20260130.csv
[2026-06-30 15:08:01] [15:08:00]    正在加载：系统_日志_20260101___20260301.csv
[2026-06-30 15:08:01] [15:08:00]    正在加载：系统_日志_20260101___20260501.csv
[2026-06-30 15:08:01] [15:08:00]    正在加载：系统_日志_20260626.csv
[2026-06-30 15:08:01] [15:08:00]    正在加载：系统_日志_20260627.csv
[2026-06-30 15:08:01] [15:08:00]    正在加载：系统_日志_20260629.csv
[2026-06-30 15:08:01] [15:08:00]    正在加载：系统_日志_20260630.csv
[2026-06-30 15:08:01] [15:08:00] ✅ 已加载 2 个事件
[2026-06-30 15:08:01] [15:08:00] 📦 成功提取并轻量化 2 条异常事件记录。
[2026-06-30 15:08:01] [15:08:00] 🧠 正在装载并预编译 AURORA-TechData 知识图谱...
[2026-06-30 15:08:01] [15:08:00] Knowledge base cached (10.283203125.ToString('F1') KB)
[2026-06-30 15:08:01] [15:08:00] ✅ 图谱装载完成，激活 32 条诊断规则。开始极速碰撞...
[2026-06-30 15:08:01] [15:08:00] 🎯 碰撞分析完成！发现 0 类已知高危问题。
[2026-06-30 15:08:01] [15:08:00] 🎉 完美！系统当前未命中任何高危规则，运行状态极佳！
[2026-06-30 15:08:01] [15:08:00] 👋 智能引擎分析完毕，进程安全退出。
[2026-06-30 15:08:01] ✅ 智能诊断分析完成！
[2026-06-30 15:08:01] ✅ 操作完成！感谢使用本工具。
[2026-06-30 15:16:23] >>> StartAnalysisAsync entered
[2026-06-30 15:16:23] >>> [安全警告] 引擎完整性检查失败: FILE_MISSING:CoreEngine
[2026-06-30 15:16:23] 💻 硬件评估层级: [Extreme]
[2026-06-30 15:16:23] ⚠️ 管理员权限：未获取 - 部分功能受限
[2026-06-30 15:16:23] >>> 正在执行分析...
[2026-06-30 15:16:23] >>> 启动智能诊断与自主修复模式引擎...
[2026-06-30 15:16:24] [15:16:24] 🤖 正在初始化 AURORA 智能诊断与自主修复引擎...
[2026-06-30 15:16:25] [15:16:25] 🖥️ 操作系统: Microsoft Windows 11 教育版
[2026-06-30 15:16:25] [15:16:25] ⏱️ 系统连续运行时间: 30.38 小时
[2026-06-30 15:16:26] [15:16:25] ✅ 运行时间达标且未见近期崩溃。
[2026-06-30 15:16:26] 🎯 靶向锁定: 常规 24H 健康巡检 (范围: 06-29 15:16 ~ 06-30 15:16)
[2026-06-30 15:16:26] [15:16:26] ⚡ 正在从内核提取高危日志 (Critical/Error/Warning)...
[2026-06-30 15:16:26] [15:16:26] 🔍 正在从系统实时提取日志...
[2026-06-30 15:16:26] [15:16:26] 📦 成功提取并轻量化 100 条异常事件记录。
[2026-06-30 15:16:26] [15:16:26] 🧠 正在装载并预编译 AURORA-TechData 知识图谱...
[2026-06-30 15:16:26] [15:16:26] Knowledge base cached (10.283203125.ToString('F1') KB)
[2026-06-30 15:16:26] [15:16:26] ✅ 图谱装载完成，激活 32 条诊断规则。开始极速碰撞...
[2026-06-30 15:16:26] [15:16:26] 🎯 碰撞分析完成！发现 3 类已知高危问题。
[2026-06-30 15:16:26] [15:16:26] 
[2026-06-30 15:16:26] ================== [ 靶向自主修复方案 ] ==================
[2026-06-30 15:16:26] [15:16:26] 🚨 [H-001] TLS/SSL 安全协议错误
[2026-06-30 15:16:26]    [ 1 ] 查看 Schannel 错误 (Low)  [Auth]
[2026-06-30 15:16:26]    [ 2 ] 启用 TLS 1.2 (Medium) [Admin] [Auth]
[2026-06-30 15:16:26]    [ 3 ] 清除 SSL 状态 (Low)  [Auth]
[2026-06-30 15:16:26] 🚨 [A-003] 程序崩溃
[2026-06-30 15:16:26]    [ 4 ] 查看应用程序崩溃事件 (Low) [Admin] [Auth]
[2026-06-30 15:16:26]    [ 5 ] 检查系统内存使用 (Low)  [Auto]
[2026-06-30 15:16:26]    [ 6 ] 清理应用程序临时文件 (Low)  [Auto]
[2026-06-30 15:16:26] 🚨 [A-004] 托管代码异常
[2026-06-30 15:16:26]    [ 7 ] 查看.NET异常事件 (Low) [Admin] [Auth]
[2026-06-30 15:16:26]    [ 8 ] 检查已安装的.NET版本 (Low)  [Auto]
[2026-06-30 15:16:26]    [ 9 ] 修复.NET Framework (Medium) [Admin] [Auth]
[2026-06-30 15:16:26] [15:16:26] 
[2026-06-30 15:16:26] >>> 请在下方输入 [序号] 执行修复，或直接按 [Enter] 退出引擎：
[2026-06-30 15:16:26] [15:16:26] 
[2026-06-30 15:16:26] ================== [ 靶向自主修复方案 ] ==================
[2026-06-30 15:16:26] [15:16:26] 🚨 [H-001] TLS/SSL 安全协议错误
[2026-06-30 15:16:26]    [ 1 ] 查看 Schannel 错误 (Low)  [Auth]
[2026-06-30 15:16:26]    [ 2 ] 启用 TLS 1.2 (Medium) [Admin] [Auth]
[2026-06-30 15:16:26]    [ 3 ] 清除 SSL 状态 (Low)  [Auth]
[2026-06-30 15:16:26] 🚨 [A-003] 程序崩溃
[2026-06-30 15:16:26]    [ 4 ] 查看应用程序崩溃事件 (Low) [Admin] [Auth]
[2026-06-30 15:16:26]    [ 5 ] 检查系统内存使用 (Low)  [Auto]
[2026-06-30 15:16:26]    [ 6 ] 清理应用程序临时文件 (Low)  [Auto]
[2026-06-30 15:16:26] 🚨 [A-004] 托管代码异常
[2026-06-30 15:16:26]    [ 7 ] 查看.NET异常事件 (Low) [Admin] [Auth]
[2026-06-30 15:16:26]    [ 8 ] 检查已安装的.NET版本 (Low)  [Auto]
[2026-06-30 15:16:26]    [ 9 ] 修复.NET Framework (Medium) [Admin] [Auth]
[2026-06-30 15:16:26] [15:16:26] 
[2026-06-30 15:16:26] >>> 请在下方输入 [序号] 执行修复，或直接按 [Enter] 退出引擎：
[2026-06-30 15:16:36] 👤 [15:16:36] 你: 8
[2026-06-30 15:16:36] [15:16:36] ⚙️ 正在执行防线修复: 检查已安装的.NET版本 ...
[2026-06-30 15:16:36] ✅ AURORA Undo 管理器初始化完成
[2026-06-30 15:16:36]    备份目录：G:\PowerShellBat\AURORA-Analyzer\AURORA-Analyzer-Factory-Dev\AURORA-Analyzer-Factory\Scripts\Session\..\SessionCache\backup
[2026-06-30 15:16:36] [15:16:36] 🔍 执行前置检查...
[2026-06-30 15:16:37] [15:16:36] ✅ 前置检查通过
[2026-06-30 15:16:37] [15:16:37] 
[2026-06-30 15:16:37] [15:16:37] 📦 Phase 4.2: 正在创建撤销保护（Undo Support）...
[2026-06-30 15:16:37] 🔧 开始修复会话：RS_20260630_151637_62
[2026-06-30 15:16:37]    类型：检查已安装的.NET版本
[2026-06-30 15:16:37]    目标：检查已安装的.NET版本
[2026-06-30 15:16:37] [15:16:37]    ✅ 修复会话已创建：RS_20260630_151637_62
[2026-06-30 15:16:37] ✅ 修复会话完成：RS_20260630_151637_62
[2026-06-30 15:16:37]    状态：Success
[2026-06-30 15:16:37]    执行命令数：0
[2026-06-30 15:16:37]    可撤销：❌ 否
[2026-06-30 15:16:37] [15:16:37] 
[2026-06-30 15:16:37] [15:16:37] ⚙️ 正在执行...
[2026-06-30 15:16:37] [15:16:37] ✅ 执行成功
[2026-06-30 15:16:37] [15:16:37] ⏱️ 执行时间: 0.08 秒
[2026-06-30 15:16:37] [15:16:37] 📋 执行输出:
[2026-06-30 15:16:37] [15:16:37]   PSChildName                      Version        Release
[2026-06-30 15:16:37] [15:16:37]   -----------                      -------        -------
[2026-06-30 15:16:37] [15:16:37]   v2.0.50727                       2.0.50727.4927
[2026-06-30 15:16:37] [15:16:37]   v3.0                             3.0.30729.4926
[2026-06-30 15:16:37] [15:16:37]   Windows Communication Foundation 3.0.4506.4926
[2026-06-30 15:16:37] [15:16:37]   Windows Presentation Foundation  3.0.6920.4902
[2026-06-30 15:16:37] [15:16:37]   v3.5                             3.5.30729.4926
[2026-06-30 15:16:37] [15:16:37]   Client                           4.8.09221      533509
[2026-06-30 15:16:37] [15:16:37]   Full                             4.8.09221      533509
[2026-06-30 15:16:37] [15:16:37]   Client                           4.0.0.0
[2026-06-30 15:16:41] [15:16:41] ✅ 指令下发成功。
[2026-06-30 15:16:42] [15:16:42] 
[2026-06-30 15:16:42] ================== [ 靶向自主修复方案 ] ==================
[2026-06-30 15:16:42] [15:16:42] 🚨 [H-001] TLS/SSL 安全协议错误
[2026-06-30 15:16:42]    [ 1 ] 查看 Schannel 错误 (Low)  [Auth]
[2026-06-30 15:16:42]    [ 2 ] 启用 TLS 1.2 (Medium) [Admin] [Auth]
[2026-06-30 15:16:42]    [ 3 ] 清除 SSL 状态 (Low)  [Auth]
[2026-06-30 15:16:42] 🚨 [A-003] 程序崩溃
[2026-06-30 15:16:42]    [ 4 ] 查看应用程序崩溃事件 (Low) [Admin] [Auth]
[2026-06-30 15:16:42]    [ 5 ] 检查系统内存使用 (Low)  [Auto]
[2026-06-30 15:16:42]    [ 6 ] 清理应用程序临时文件 (Low)  [Auto]
[2026-06-30 15:16:42] 🚨 [A-004] 托管代码异常
[2026-06-30 15:16:42]    [ 7 ] 查看.NET异常事件 (Low) [Admin] [Auth]
[2026-06-30 15:16:42]    [ 8 ] 检查已安装的.NET版本 (Low)  [Auto]
[2026-06-30 15:16:42]    [ 9 ] 修复.NET Framework (Medium) [Admin] [Auth]
[2026-06-30 15:16:42] [15:16:42] 
[2026-06-30 15:16:42] >>> 请在下方输入 [序号] 执行修复，或直接按 [Enter] 退出引擎：
[2026-06-30 15:16:56] 👤 [15:16:56] 你: 5
[2026-06-30 15:16:57] [15:16:57] ⚙️ 正在执行防线修复: 检查系统内存使用 ...
[2026-06-30 15:16:57] ✅ AURORA Undo 管理器初始化完成
[2026-06-30 15:16:57]    备份目录：G:\PowerShellBat\AURORA-Analyzer\AURORA-Analyzer-Factory-Dev\AURORA-Analyzer-Factory\Scripts\Session\..\SessionCache\backup
[2026-06-30 15:16:57] [15:16:57] 🔍 执行前置检查...
[2026-06-30 15:16:57] [15:16:57] ✅ 前置检查通过
[2026-06-30 15:16:57] [15:16:57] 
[2026-06-30 15:16:57] [15:16:57] 📦 Phase 4.2: 正在创建撤销保护（Undo Support）...
[2026-06-30 15:16:57] 🔧 开始修复会话：RS_20260630_151657_643
[2026-06-30 15:16:57]    类型：检查系统内存使用
[2026-06-30 15:16:57]    目标：检查系统内存使用
[2026-06-30 15:16:57] [15:16:57]    ✅ 修复会话已创建：RS_20260630_151657_643
[2026-06-30 15:16:57] ✅ 修复会话完成：RS_20260630_151657_643
[2026-06-30 15:16:57]    状态：Success
[2026-06-30 15:16:57]    执行命令数：0
[2026-06-30 15:16:57]    可撤销：❌ 否
[2026-06-30 15:16:57] [15:16:57] 
[2026-06-30 15:16:58] [15:16:58] ⚙️ 正在执行...
[2026-06-30 15:16:58] [15:16:58] ✅ 执行成功
[2026-06-30 15:16:58] [15:16:58] ⏱️ 执行时间: 0.05 秒
[2026-06-30 15:16:58] [15:16:58] 📋 执行输出:
[2026-06-30 15:16:58] [15:16:58]   Name               Memory(MB)
[2026-06-30 15:16:58] [15:16:58]   ----               ----------
[2026-06-30 15:16:58] [15:16:58]   Memory Compression     918.47
[2026-06-30 15:16:58] [15:16:58]   Trae CN                819.89
[2026-06-30 15:16:58] [15:16:58]   Trae CN                503.25
[2026-06-30 15:16:58] [15:16:58]   dotnet                 385.32
[2026-06-30 15:16:58] [15:16:58]   explorer               295.14
[2026-06-30 15:16:58] [15:16:58]   Trae CN                277.03
[2026-06-30 15:16:58] [15:16:58]   msedge                 216.09
[2026-06-30 15:16:58] [15:16:58]   Trae CN                208.66
[2026-06-30 15:16:58] [15:16:58]    ...还有 2 行输出未显示
[2026-06-30 15:17:01] [15:17:01] ✅ 指令下发成功。
[2026-06-30 15:17:02] [15:17:02] 
[2026-06-30 15:17:02] ================== [ 靶向自主修复方案 ] ==================
[2026-06-30 15:17:02] [15:17:02] 🚨 [H-001] TLS/SSL 安全协议错误
[2026-06-30 15:17:02]    [ 1 ] 查看 Schannel 错误 (Low)  [Auth]
[2026-06-30 15:17:02]    [ 2 ] 启用 TLS 1.2 (Medium) [Admin] [Auth]
[2026-06-30 15:17:02]    [ 3 ] 清除 SSL 状态 (Low)  [Auth]
[2026-06-30 15:17:02] 🚨 [A-003] 程序崩溃
[2026-06-30 15:17:02]    [ 4 ] 查看应用程序崩溃事件 (Low) [Admin] [Auth]
[2026-06-30 15:17:02]    [ 5 ] 检查系统内存使用 (Low)  [Auto]
[2026-06-30 15:17:02]    [ 6 ] 清理应用程序临时文件 (Low)  [Auto]
[2026-06-30 15:17:02] 🚨 [A-004] 托管代码异常
[2026-06-30 15:17:02]    [ 7 ] 查看.NET异常事件 (Low) [Admin] [Auth]
[2026-06-30 15:17:02]    [ 8 ] 检查已安装的.NET版本 (Low)  [Auto]
[2026-06-30 15:17:02]    [ 9 ] 修复.NET Framework (Medium) [Admin] [Auth]
[2026-06-30 15:17:02] [15:17:02] 
[2026-06-30 15:17:02] >>> 请在下方输入 [序号] 执行修复，或直接按 [Enter] 退出引擎：
[2026-06-30 15:17:27] 👤 [15:17:27] 你: [按下了回车 / 使用默认值]
[2026-06-30 15:17:27] True
[2026-06-30 15:17:27] [分析完成]
[2026-06-30 15:17:27] [15:17:27] ⏭️ 用户跳过修复，引擎准备退出。
[2026-06-30 15:17:27] [15:17:27] 👋 智能引擎分析完毕，进程安全退出。
[2026-06-30 15:26:43] >>> StartAnalysisAsync entered
[2026-06-30 15:26:43] >>> [安全警告] 引擎完整性检查失败: FILE_MISSING:CoreEngine
[2026-06-30 15:26:43] 💻 硬件评估层级: [Extreme]
[2026-06-30 15:26:43] ⚠️ 管理员权限：未获取 - 部分功能受限
[2026-06-30 15:26:43] >>> 正在执行分析...
[2026-06-30 15:26:44] [安全守卫] 正在初始化 (第 1 次)...
[2026-06-30 15:26:44] [安全守卫] baseForGuard: G:\PowerShellBat\AURORA-Analyzer\AURORA-Analyzer-Factory-Dev\AURORA-Analyzer-Factory\Scripts\Security
[2026-06-30 15:26:44] [安全守卫] rootDir: G:\PowerShellBat\AURORA-Analyzer\AURORA-Analyzer-Factory-Dev\AURORA-Analyzer-Factory
[2026-06-30 15:26:44] [安全守卫] 初始化成功
[2026-06-30 15:26:44] [诊断] 正在执行环境安全扫描...
[2026-06-30 15:26:44] [诊断] 扫描结果: NONE
[2026-06-30 15:26:44] [安全守卫] 启动环境扫描完成 - 安全
[2026-06-30 15:26:44] [安全守卫] 已启动持续性检测（每 3 秒）
[2026-06-30 15:26:44] [安全守卫] WMI 实时监控启动失败，将仅使用轮询模式
[2026-06-30 15:26:44] [PRO] Starting AURORA PRO Mode (Language: CHS)
[2026-06-30 15:26:44] [PRO] Loading Unified PRO Engine...
[2026-06-30 15:26:44] [安全守卫] 正在初始化 (第 1 次)...
[2026-06-30 15:26:44] [安全守卫] baseForGuard: G:\PowerShellBat\AURORA-Analyzer\AURORA-Analyzer-Factory-Dev\AURORA-Analyzer-Factory\Scripts\Security
[2026-06-30 15:26:44] [安全守卫] rootDir: G:\PowerShellBat\AURORA-Analyzer\AURORA-Analyzer-Factory-Dev\AURORA-Analyzer-Factory
[2026-06-30 15:26:44] [安全守卫] 初始化成功
[2026-06-30 15:26:44] [诊断] 正在执行环境安全扫描...
[2026-06-30 15:26:44] [诊断] 扫描结果: NONE
[2026-06-30 15:26:44] [安全守卫] 启动环境扫描完成 - 安全
[2026-06-30 15:26:44] [安全守卫] 已启动持续性检测（每 3 秒）
[2026-06-30 15:26:44] [安全守卫] WMI 实时监控启动失败，将仅使用轮询模式
[2026-06-30 15:26:44] [15:26:44] [Info] 正在初始化 AURORA Core Engine...
[2026-06-30 15:26:46] [15:26:46] [Info] 系统：Microsoft Windows 11 教育版 (10.0.26200)
[2026-06-30 15:26:46] [15:26:46] [Info] PowerShell: v5.1.26100.8737
[2026-06-30 15:26:46] [15:26:46] [Info] 架构：x64
[2026-06-30 15:26:46] [15:26:46] [Success] Core Engine 初始化完成
[2026-06-30 15:26:47] /// AURORA Analyzer Release Version ///
[2026-06-30 15:26:47] /// AURORA 2026 VelociRaptor-GR 版权所有 ///
[2026-06-30 15:26:47] /// Windows 系统事件日志导出与智能分析工具 ///
[2026-06-30 15:26:47] ///请稍后... 正在检测当前系统日期...///
[2026-06-30 15:26:47] 📅 检测完成! 当前日期为: 2026-06-30///
[2026-06-30 15:26:47] ///正在检查缓存状态...///
[2026-06-30 15:26:48] ///缓存状态检查完成!///
[2026-06-30 15:26:48] 【请选择日志类型】
[2026-06-30 15:26:48] 1: System (系统)
[2026-06-30 15:26:48] 2: Application (应用程序)
[2026-06-30 15:26:48] 3: Security (安全) - 需要管理员权限
[2026-06-30 15:26:48] 4: Setup (安装) - 需要管理员权限
[2026-06-30 15:26:48] 5: DNS Server (DNS服务器) - 需要管理员权限
[2026-06-30 15:26:48] 6: DHCP Server (DHCP服务器) - 需要管理员权限
[2026-06-30 15:26:48] 7: Active Directory (活动目录) - 需要管理员权限
[2026-06-30 15:26:48] 8: IIS (Web服务器) - 需要管理员权限
[2026-06-30 15:26:48] 💡 提示：可选择多个日志类型，用逗号或空格分隔（如：1,2 或 1 2）
[2026-06-30 15:26:48] [15:26:48] > 请进行输入: 
[2026-06-30 15:26:48] 请输入选项 (1-8)，直接回车则使用默认: System
[2026-06-30 15:26:48] 👤 [15:26:48] 你: [按下了回车 / 使用默认值]
[2026-06-30 15:26:48] ✅ 已选择日志类型: System
[2026-06-30 15:26:48] 【请选择导出模式】
[2026-06-30 15:26:48] 1: 单日导出（例如：2026-01-21）
[2026-06-30 15:26:48] 2: 日期范围导出（起止日期，格式：YYYY-MM-DD）
[2026-06-30 15:26:48] [15:26:48] > 请进行输入: 
[2026-06-30 15:26:48] 请输入选项 (1 或 2)
[2026-06-30 15:26:54] 👤 [15:26:54] 你: 2
[2026-06-30 15:26:55] [15:26:54] > 请进行输入: 
[2026-06-30 15:26:55] 请输入起始日期 (格式：YYYY-MM-DD)
[2026-06-30 15:27:00] 👤 [15:27:00] 你: 2026-01-01
[2026-06-30 15:27:00] [15:27:00] > 请进行输入: 请输入结束日期 (格式：YYYY-MM-DD)
[2026-06-30 15:27:06] 👤 [15:27:06] 你: 2026-02-01
[2026-06-30 15:27:06] 【事件过滤选项】
[2026-06-30 15:27:06] 1: 无过滤（默认）
[2026-06-30 15:27:06] 2: 按事件 ID 过滤
[2026-06-30 15:27:06] 3: 按事件提供程序过滤
[2026-06-30 15:27:06] 4: 按事件级别过滤
[2026-06-30 15:27:06] [15:27:06] > 请进行输入: 
[2026-06-30 15:27:06] 请选择过滤选项 (1-4)，直接回车则使用默认: 1
[2026-06-30 15:27:07] 👤 [15:27:07] 你: [按下了回车 / 使用默认值]
[2026-06-30 15:27:07] ⚠️ 检测到 scopes 是单个对象，正在转换为数组...
[2026-06-30 15:27:07] ✅ scopes 验证完成，共 1 个范围
[2026-06-30 15:27:07] ━━━━━━━━━━━━━━━━━━━━━━━━ 评估系统性能 ━━━━━━━━━━━━━━━━━━━━━━━━
[2026-06-30 15:27:07] 【正在评估系统性能...】
[2026-06-30 15:27:15] 处理器：11th Gen Intel(R) Core(TM) i7-11800H @ 2.30GHz 8 核心 @ 4147 MHz (基础: 2304 MHz)
[2026-06-30 15:27:15] 内存容量：31.74 GB
[2026-06-30 15:27:15] 磁盘性能分数: 50/50
[2026-06-30 15:27:15] 磁盘配置：2 个 SSD, 0 个 HDD
[2026-06-30 15:27:15] 正在计算性能分数...
[2026-06-30 15:27:15] 您的性能分数为：100/100
[2026-06-30 15:27:23] 使用最佳分块大小：7 小时/块
[2026-06-30 15:27:23] 根据系统负载使用 7/16 个线程
[2026-06-30 15:27:29] ✅ 知识图谱索引创建成功
[2026-06-30 15:27:29] ✅ 知识图谱加载成功，包含 9 个分类
[2026-06-30 15:27:29] 【资源优化策略】
[2026-06-30 15:27:29] 性能等级: HighPerformance
[2026-06-30 15:27:29] 日志扫描并行度: 16
[2026-06-30 15:27:29] 报告生成并行度: 12.8
[2026-06-30 15:27:29] 缓存压缩: False
[2026-06-30 15:27:29] I/O 缓冲区大小：131072 bytes
[2026-06-30 15:27:29] ━━━━━━━━━━━━━━━━━━━━━━ 扫描高危事件 + 导出 ━━━━━━━━━━━━━━━━━━━━━━
[2026-06-30 15:27:29] ========================================
[2026-06-30 15:27:29]   [1/1] 正在处理：System
[2026-06-30 15:27:29] ========================================
[2026-06-30 15:27:29] 【无匹配缓存，正在扫描所选范围内的高危事件...】
[2026-06-30 15:27:35] [系统资源监控] 并行线程数: 11, 内存使用率: 30.93%
[2026-06-30 15:27:39] [知识库分析] 正在批量处理 1282 条事件的知识库查询...
[2026-06-30 15:27:40] [知识库分析] 批量处理完成
[2026-06-30 15:27:44] 【高危事件扫描完成】共发现 1282 条高危事件
[2026-06-30 15:27:46] 【扫描完成】
[2026-06-30 15:27:46] 发现：5 条严重事件，346 条错误，931 条警告（共 1282 条高危事件）
[2026-06-30 15:27:46] 总日志数：3558 条
[2026-06-30 15:27:46] 【系统健康评估】
[2026-06-30 15:27:46] 错误: 346 | 警告: 931 | 严重: 5
[2026-06-30 15:27:46] 健康评分: 54/100 | 健康等级: 一般
[2026-06-30 15:27:46] 系统状态：一般 —— 存在较多异常，需要关注！
[2026-06-30 15:27:46] [15:27:45] > 请进行输入: 
[2026-06-30 15:27:46] 按 Enter 仅导出高危事件，或输入 '1' 导出完整日志
[2026-06-30 15:27:49] 👤 [15:27:49] 你: 1
[2026-06-30 15:27:59] 数据已存入缓存...
[2026-06-30 15:27:59] 【完整 System 日志读取完成】共采集 3558 条事件
[2026-06-30 15:27:59] 【正在导出：完整 System 日志】
[2026-06-30 15:28:00] 【正在执行高级日志模式分析...】
[2026-06-30 15:28:01] 摘要报告已保存至：G:\PowerShellBat\AURORA-Analyzer\AURORA-Analyzer-Factory-Dev\AURORA-Analyzer-Factory\UserLogs\系统_日志_20260101___20260201_摘要.txt
[2026-06-30 15:28:01] 使用并行处理加速CSV数据生成...
[2026-06-30 15:28:02] 已导出:
[2026-06-30 15:28:02]   CSV: G:\PowerShellBat\AURORA-Analyzer\AURORA-Analyzer-Factory-Dev\AURORA-Analyzer-Factory\UserLogs\系统_日志_20260101___20260201.csv
[2026-06-30 15:28:02]   JSON: G:\PowerShellBat\AURORA-Analyzer\AURORA-Analyzer-Factory-Dev\AURORA-Analyzer-Factory\UserLogs\系统_日志_20260101___20260201.json
[2026-06-30 15:28:02]   XML: G:\PowerShellBat\AURORA-Analyzer\AURORA-Analyzer-Factory-Dev\AURORA-Analyzer-Factory\UserLogs\系统_日志_20260101___20260201.xml
[2026-06-30 15:28:03] [15:28:02] > 请进行输入: 是否进行日志趋势分析？(Y/N) [默认: N]
[2026-06-30 15:28:46] 👤 [15:28:46] 你: y
[2026-06-30 15:29:17] 趋势分析报告已保存至：G:\PowerShellBat\AURORA-Analyzer\AURORA-Analyzer-Factory-Dev\AURORA-Analyzer-Factory\UserLogs\系统_日志_20260101_to_20260201_趋势分析.txt
[2026-06-30 15:29:17] 趋势数据已保存至：G:\PowerShellBat\AURORA-Analyzer\AURORA-Analyzer-Factory-Dev\AURORA-Analyzer-Factory\UserLogs\系统_日志_20260101_to_20260201_趋势数据.csv
[2026-06-30 15:29:17] 【趋势分析完成】
[2026-06-30 15:29:17] 🧠 正在调用 AURORA 智能诊断引擎...
[2026-06-30 15:29:17] ========================================
[2026-06-30 15:29:17]   智能诊断分析可用
[2026-06-30 15:29:17] ========================================
[2026-06-30 15:29:17] 📊 已检测到导出的 CSV 文件：
[2026-06-30 15:29:17]    位置：G:\PowerShellBat\AURORA-Analyzer\AURORA-Analyzer-Factory-Dev\AURORA-Analyzer-Factory\UserLogs
[2026-06-30 15:29:17]    文件：找到 16 个 CSV 文件
[2026-06-30 15:29:17] 🔍 智能模式将执行：
[2026-06-30 15:29:17]    ✓ 加载已导出的 CSV 文件
[2026-06-30 15:29:17]    ✓ 知识库靶向碰撞分析
[2026-06-30 15:29:17]    ✓ 提供自主修复方案
[2026-06-30 15:29:17] ⚡ 是否立即启动智能诊断分析？
[2026-06-30 15:29:17] ========================================
[2026-06-30 15:29:17] 📋 正在等待用户确认...
[2026-06-30 15:29:20] [syncHash] SmartAnalysisAuthorized = true
[2026-06-30 15:29:20] ✅ GUI 已响应智能分析请求（等待了 2400ms）
[2026-06-30 15:29:20] ✅ 用户确认，开始智能分析...
[2026-06-30 15:29:20] 📖 正在加载智能引擎...
[2026-06-30 15:29:20] [15:29:20] 🤖 正在初始化 AURORA 智能诊断与自主修复引擎...
[2026-06-30 15:29:22] [15:29:22] 🖥️ 操作系统: Microsoft Windows 11 教育版
[2026-06-30 15:29:22] [15:29:22] ⏱️ 系统连续运行时间: 30.6 小时
[2026-06-30 15:29:22] True
[2026-06-30 15:29:22] True
[2026-06-30 15:29:22] True
[2026-06-30 15:29:22] True
[2026-06-30 15:29:22] True
[2026-06-30 15:29:22] [分析完成]
[2026-06-30 15:29:22] [15:29:22] ✅ 运行时间达标且未见近期崩溃。
[2026-06-30 15:29:22] 🎯 靶向锁定: 常规 24H 健康巡检 (范围: 06-29 15:29 ~ 06-30 15:29)
[2026-06-30 15:29:22] [15:29:22] ⚡ 正在从内核提取高危日志 (Critical/Error/Warning)...
[2026-06-30 15:29:22] [15:29:22] 📖 检测到 PRO 模式导出，正在读取：G:\PowerShellBat\AURORA-Analyzer\AURORA-Analyzer-Factory-Dev\AURORA-Analyzer-Factory\UserLogs
[2026-06-30 15:29:22] [15:29:22] ✅ 找到 8 个导出的 CSV 文件，正在加载...
[2026-06-30 15:29:22] [15:29:22] 📂 分析的日志类型：System
[2026-06-30 15:29:22] [15:29:22] ⚠️ 警告：未找到以下日志文件 - 应用程序日志
[2026-06-30 15:29:22] [15:29:22] 💡 提示：请在 PRO 模式中也导出这些日志以获得完整分析
[2026-06-30 15:29:22] [15:29:22]    正在加载：系统_日志_20260101___20260130.csv
[2026-06-30 15:29:22] [15:29:22]    正在加载：系统_日志_20260101___20260201.csv
[2026-06-30 15:29:22] [15:29:22]    正在加载：系统_日志_20260101___20260301.csv
[2026-06-30 15:29:22] [15:29:22]    正在加载：系统_日志_20260101___20260501.csv
[2026-06-30 15:29:22] [15:29:22]    正在加载：系统_日志_20260626.csv
[2026-06-30 15:29:22] [15:29:22]    正在加载：系统_日志_20260627.csv
[2026-06-30 15:29:22] [15:29:22]    正在加载：系统_日志_20260629.csv
[2026-06-30 15:29:22] [15:29:22]    正在加载：系统_日志_20260630.csv
[2026-06-30 15:29:22] [15:29:22] ✅ 已加载 2 个事件
[2026-06-30 15:29:22] [15:29:22] 📦 成功提取并轻量化 2 条异常事件记录。
[2026-06-30 15:29:22] [15:29:22] 🧠 正在装载并预编译 AURORA-TechData 知识图谱...
[2026-06-30 15:29:22] [15:29:22] Knowledge base cached (10.283203125.ToString('F1') KB)
[2026-06-30 15:29:22] [15:29:22] ✅ 图谱装载完成，激活 32 条诊断规则。开始极速碰撞...
[2026-06-30 15:29:22] [15:29:22] 🎯 碰撞分析完成！发现 0 类已知高危问题。
[2026-06-30 15:29:22] [15:29:22] 🎉 完美！系统当前未命中任何高危规则，运行状态极佳！
[2026-06-30 15:29:22] [15:29:22] 👋 智能引擎分析完毕，进程安全退出。
[2026-06-30 15:29:22] ✅ 智能诊断分析完成！
[2026-06-30 15:29:22] ✅ 操作完成！感谢使用本工具。
[2026-06-30 15:46:03] >>> StartAnalysisAsync entered
[2026-06-30 15:46:03] >>> [安全警告] 引擎完整性检查失败: FILE_MISSING:CoreEngine
[2026-06-30 15:46:03] 💻 硬件评估层级: [Extreme]
[2026-06-30 15:46:03] ⚠️ 管理员权限：未获取 - 部分功能受限
[2026-06-30 15:46:03] >>> 正在执行分析...
[2026-06-30 15:46:04] [安全守卫] 正在初始化 (第 1 次)...
[2026-06-30 15:46:04] [安全守卫] baseForGuard: G:\PowerShellBat\AURORA-Analyzer\AURORA-Analyzer-Factory-Dev\AURORA-Analyzer-Factory\Scripts\Security
[2026-06-30 15:46:04] [安全守卫] rootDir: G:\PowerShellBat\AURORA-Analyzer\AURORA-Analyzer-Factory-Dev\AURORA-Analyzer-Factory
[2026-06-30 15:46:04] [安全守卫] 初始化成功
[2026-06-30 15:46:04] [诊断] 正在执行环境安全扫描...
[2026-06-30 15:46:04] [诊断] 扫描结果: INTEGRITY_FAILURE
[2026-06-30 15:46:04] [安全守卫] 启动时检测到威胁：INTEGRITY_FAILURE
[2026-06-30 15:46:04] [Security Alert] 启动时检测到调试或注入，程序将在 15 秒后退出...
[2026-06-30 15:46:19] 👤 [15:46:19] 你: [按下了回车 / 使用默认值]
[2026-06-30 15:46:19] [WARN] 主动健康检查失败，通知引擎停止
[2026-06-30 15:46:20] [WARN] 主动健康检查失败，通知引擎停止
[2026-06-30 15:46:20] [WARN] 主动健康检查失败，通知引擎停止
[2026-06-30 15:46:20] [WARN] 主动健康检查失败，通知引擎停止
[2026-06-30 15:46:21] [WARN] 主动健康检查失败，通知引擎停止
[2026-06-30 15:48:26] >>> StartAnalysisAsync entered
[2026-06-30 15:48:26] >>> [安全警告] 引擎完整性检查失败: FILE_MISSING:CoreEngine
[2026-06-30 15:48:26] 💻 硬件评估层级: [Extreme]
[2026-06-30 15:48:26] ⚠️ 管理员权限：未获取 - 部分功能受限
[2026-06-30 15:48:26] >>> 正在执行分析...
[2026-06-30 15:48:26] [安全守卫] 正在初始化 (第 1 次)...
[2026-06-30 15:48:27] [安全守卫] baseForGuard: G:\PowerShellBat\AURORA-Analyzer\AURORA-Analyzer-Factory-Dev\AURORA-Analyzer-Factory\Scripts\Security
[2026-06-30 15:48:27] [安全守卫] rootDir: G:\PowerShellBat\AURORA-Analyzer\AURORA-Analyzer-Factory-Dev\AURORA-Analyzer-Factory
[2026-06-30 15:48:27] [安全守卫] 初始化成功
[2026-06-30 15:48:27] [诊断] 正在执行环境安全扫描...
[2026-06-30 15:48:27] [诊断] 扫描结果: INTEGRITY_FAILURE
[2026-06-30 15:48:27] [安全守卫] 启动时检测到威胁：INTEGRITY_FAILURE
[2026-06-30 15:48:27] [Security Alert] 启动时检测到调试或注入，程序将在 15 秒后退出...
[2026-06-30 15:48:30] 👤 [15:48:30] 你: [按下了回车 / 使用默认值]
[2026-06-30 15:48:31] 👤 [15:48:31] 你: [按下了回车 / 使用默认值]
[2026-06-30 15:48:32] 👤 [15:48:32] 你: [按下了回车 / 使用默认值]
[2026-06-30 15:48:32] 👤 [15:48:32] 你: [按下了回车 / 使用默认值]
[2026-06-30 15:48:32] 👤 [15:48:32] 你: [按下了回车 / 使用默认值]
[2026-06-30 15:48:33] 👤 [15:48:33] 你: [按下了回车 / 使用默认值]
[2026-06-30 15:48:33] 👤 [15:48:33] 你: [按下了回车 / 使用默认值]
[2026-06-30 15:48:34] 👤 [15:48:34] 你: [按下了回车 / 使用默认值]
[2026-06-30 15:48:35] 👤 [15:48:35] 你: [按下了回车 / 使用默认值]
[2026-06-30 15:48:36] 👤 [15:48:36] 你: [按下了回车 / 使用默认值]
[2026-06-30 15:48:36] 👤 [15:48:36] 你: [按下了回车 / 使用默认值]
[2026-06-30 15:48:38] 👤 [15:48:38] 你: [按下了回车 / 使用默认值]
[2026-06-30 15:48:39] 👤 [15:48:39] 你: [按下了回车 / 使用默认值]
[2026-06-30 15:48:40] 👤 [15:48:40] 你: [按下了回车 / 使用默认值]
[2026-06-30 15:48:41] 👤 [15:48:41] 你: [按下了回车 / 使用默认值]
[2026-06-30 15:48:41] 👤 [15:48:41] 你: [按下了回车 / 使用默认值]
[2026-06-30 15:48:41] 👤 [15:48:41] 你: [按下了回车 / 使用默认值]
[2026-06-30 15:48:41] 👤 [15:48:41] 你: [按下了回车 / 使用默认值]
[2026-06-30 15:48:42] [WARN] 主动健康检查失败，通知引擎停止
[2026-06-30 15:48:42] [WARN] 主动健康检查失败，通知引擎停止
[2026-06-30 15:48:43] [WARN] 主动健康检查失败，通知引擎停止
[2026-06-30 15:48:43] [WARN] 主动健康检查失败，通知引擎停止
[2026-06-30 15:48:44] [WARN] 主动健康检查失败，通知引擎停止
[2026-06-30 15:49:44] >>> StartAnalysisAsync entered
[2026-06-30 15:49:44] >>> [安全警告] 引擎完整性检查失败: FILE_MISSING:CoreEngine
[2026-06-30 15:49:44] 💻 硬件评估层级: [Extreme]
[2026-06-30 15:49:44] ⚠️ 管理员权限：未获取 - 部分功能受限
[2026-06-30 15:49:44] >>> 正在执行分析...
[2026-06-30 15:49:45] [安全守卫] 正在初始化 (第 1 次)...
[2026-06-30 15:49:45] [安全守卫] baseForGuard: G:\PowerShellBat\AURORA-Analyzer\AURORA-Analyzer-Factory-Dev\AURORA-Analyzer-Factory\Scripts\Security
[2026-06-30 15:49:45] [安全守卫] rootDir: G:\PowerShellBat\AURORA-Analyzer\AURORA-Analyzer-Factory-Dev\AURORA-Analyzer-Factory
[2026-06-30 15:49:45] [安全守卫] 初始化成功
[2026-06-30 15:49:45] [诊断] 正在执行环境安全扫描...
[2026-06-30 15:49:45] [诊断] 扫描结果: NONE
[2026-06-30 15:49:45] [安全守卫] 启动环境扫描完成 - 安全
[2026-06-30 15:49:46] [安全守卫] 已启动持续性检测（每 3 秒）
[2026-06-30 15:49:46] [安全守卫] WMI 实时监控启动失败，将仅使用轮询模式
[2026-06-30 15:49:46] [PRO] Starting AURORA PRO Mode (Language: CHS)
[2026-06-30 15:49:46] [PRO] Loading Unified PRO Engine...
[2026-06-30 15:49:46] [安全守卫] 正在初始化 (第 1 次)...
[2026-06-30 15:49:46] [安全守卫] baseForGuard: G:\PowerShellBat\AURORA-Analyzer\AURORA-Analyzer-Factory-Dev\AURORA-Analyzer-Factory\Scripts\Security
[2026-06-30 15:49:46] [安全守卫] rootDir: G:\PowerShellBat\AURORA-Analyzer\AURORA-Analyzer-Factory-Dev\AURORA-Analyzer-Factory
[2026-06-30 15:49:46] [安全守卫] 初始化成功
[2026-06-30 15:49:46] [诊断] 正在执行环境安全扫描...
[2026-06-30 15:49:46] [诊断] 扫描结果: NONE
[2026-06-30 15:49:46] [安全守卫] 启动环境扫描完成 - 安全
[2026-06-30 15:49:46] [安全守卫] 已启动持续性检测（每 3 秒）
[2026-06-30 15:49:46] [安全守卫] WMI 实时监控启动失败，将仅使用轮询模式
[2026-06-30 15:49:46] [15:49:46] [Info] 正在初始化 AURORA Core Engine...
[2026-06-30 15:49:48] [15:49:48] [Info] 系统：Microsoft Windows 11 教育版 (10.0.26200)
[2026-06-30 15:49:48] [15:49:48] [Info] PowerShell: v5.1.26100.8737
[2026-06-30 15:49:48] [15:49:48] [Info] 架构：x64
[2026-06-30 15:49:48] [15:49:48] [Success] Core Engine 初始化完成
[2026-06-30 15:49:49] /// AURORA Analyzer Release Version ///
[2026-06-30 15:49:49] /// AURORA 2026 VelociRaptor-GR 版权所有 ///
[2026-06-30 15:49:49] /// Windows 系统事件日志导出与智能分析工具 ///
[2026-06-30 15:49:49] ///请稍后... 正在检测当前系统日期...///
[2026-06-30 15:49:49] 📅 检测完成! 当前日期为: 2026-06-30///
[2026-06-30 15:49:49] ///正在检查缓存状态...///
[2026-06-30 15:49:50] ///缓存状态检查完成!///
[2026-06-30 15:49:50] 【请选择日志类型】
[2026-06-30 15:49:50] 1: System (系统)
[2026-06-30 15:49:50] 2: Application (应用程序)
[2026-06-30 15:49:50] 3: Security (安全) - 需要管理员权限
[2026-06-30 15:49:50] 4: Setup (安装) - 需要管理员权限
[2026-06-30 15:49:50] 5: DNS Server (DNS服务器) - 需要管理员权限
[2026-06-30 15:49:50] 6: DHCP Server (DHCP服务器) - 需要管理员权限
[2026-06-30 15:49:50] 7: Active Directory (活动目录) - 需要管理员权限
[2026-06-30 15:49:50] 8: IIS (Web服务器) - 需要管理员权限
[2026-06-30 15:49:50] 💡 提示：可选择多个日志类型，用逗号或空格分隔（如：1,2 或 1 2）
[2026-06-30 15:49:50] [15:49:50] > 请进行输入: 
[2026-06-30 15:49:50] 请输入选项 (1-8)，直接回车则使用默认: System
[2026-06-30 15:49:53] 👤 [15:49:53] 你: [按下了回车 / 使用默认值]
[2026-06-30 15:49:53] ✅ 已选择日志类型: System
[2026-06-30 15:49:53] 【请选择导出模式】
[2026-06-30 15:49:53] 1: 单日导出（例如：2026-01-21）
[2026-06-30 15:49:53] 2: 日期范围导出（起止日期，格式：YYYY-MM-DD）
[2026-06-30 15:49:53] [15:49:53] > 请进行输入: 
[2026-06-30 15:49:53] 请输入选项 (1 或 2)
[2026-06-30 15:49:56] 👤 [15:49:56] 你: 2
[2026-06-30 15:49:57] [15:49:57] > 请进行输入: 
[2026-06-30 15:49:57] 请输入起始日期 (格式：YYYY-MM-DD)
[2026-06-30 15:50:00] 👤 [15:50:00] 你: 2026-01-01
[2026-06-30 15:50:00] [15:50:00] > 请进行输入: 请输入结束日期 (格式：YYYY-MM-DD)
[2026-06-30 15:50:03] 👤 [15:50:03] 你: 2026-02-01
[2026-06-30 15:50:04] 【事件过滤选项】
[2026-06-30 15:50:04] 1: 无过滤（默认）
[2026-06-30 15:50:04] 2: 按事件 ID 过滤
[2026-06-30 15:50:04] 3: 按事件提供程序过滤
[2026-06-30 15:50:04] 4: 按事件级别过滤
[2026-06-30 15:50:04] [15:50:04] > 请进行输入: 
[2026-06-30 15:50:04] 请选择过滤选项 (1-4)，直接回车则使用默认: 1
[2026-06-30 15:50:04] 👤 [15:50:04] 你: [按下了回车 / 使用默认值]
[2026-06-30 15:50:05] ⚠️ 检测到 scopes 是单个对象，正在转换为数组...
[2026-06-30 15:50:05] ✅ scopes 验证完成，共 1 个范围
[2026-06-30 15:50:05] ━━━━━━━━━━━━━━━━━━━━━━━━ 评估系统性能 ━━━━━━━━━━━━━━━━━━━━━━━━
[2026-06-30 15:50:05] 【正在评估系统性能...】
[2026-06-30 15:50:13] 处理器：11th Gen Intel(R) Core(TM) i7-11800H @ 2.30GHz 8 核心 @ 4101 MHz (基础: 2304 MHz)
[2026-06-30 15:50:13] 内存容量：31.74 GB
[2026-06-30 15:50:13] 磁盘性能分数: 50/50
[2026-06-30 15:50:13] 磁盘配置：2 个 SSD, 0 个 HDD
[2026-06-30 15:50:13] 正在计算性能分数...
[2026-06-30 15:50:13] 您的性能分数为：100/100
[2026-06-30 15:50:22] 使用最佳分块大小：7 小时/块
[2026-06-30 15:50:22] 根据系统负载使用 11/16 个线程
[2026-06-30 15:50:28] ✅ 知识图谱索引创建成功
[2026-06-30 15:50:28] ✅ 知识图谱加载成功，包含 9 个分类
[2026-06-30 15:50:28] 【资源优化策略】
[2026-06-30 15:50:28] 性能等级: HighPerformance
[2026-06-30 15:50:28] 日志扫描并行度: 16
[2026-06-30 15:50:28] 报告生成并行度: 12.8
[2026-06-30 15:50:28] 缓存压缩: False
[2026-06-30 15:50:28] I/O 缓冲区大小：131072 bytes
[2026-06-30 15:50:28] ━━━━━━━━━━━━━━━━━━━━━━ 扫描高危事件 + 导出 ━━━━━━━━━━━━━━━━━━━━━━
[2026-06-30 15:50:28] ========================================
[2026-06-30 15:50:28]   [1/1] 正在处理：System
[2026-06-30 15:50:28] ========================================
[2026-06-30 15:50:28] 【无匹配缓存，正在扫描所选范围内的高危事件...】
[2026-06-30 15:50:35] [系统资源监控] 并行线程数: 11, 内存使用率: 37.07%
[2026-06-30 15:50:38] [知识库分析] 正在批量处理 1282 条事件的知识库查询...
[2026-06-30 15:50:39] [知识库分析] 批量处理完成
[2026-06-30 15:50:44] 【高危事件扫描完成】共发现 1282 条高危事件
[2026-06-30 15:50:46] 【扫描完成】
[2026-06-30 15:50:46] 发现：5 条严重事件，346 条错误，931 条警告（共 1282 条高危事件）
[2026-06-30 15:50:46] 总日志数：3558 条
[2026-06-30 15:50:46] 【系统健康评估】
[2026-06-30 15:50:46] 错误: 346 | 警告: 931 | 严重: 5
[2026-06-30 15:50:46] 健康评分: 54/100 | 健康等级: 一般
[2026-06-30 15:50:46] 系统状态：一般 —— 存在较多异常，需要关注！
[2026-06-30 15:50:46] [15:50:46] > 请进行输入: 
[2026-06-30 15:50:46] 按 Enter 仅导出高危事件，或输入 '1' 导出完整日志
[2026-06-30 15:50:49] 👤 [15:50:49] 你: 1
[2026-06-30 15:51:00] 数据已存入缓存...
[2026-06-30 15:51:00] 【完整 System 日志读取完成】共采集 3558 条事件
[2026-06-30 15:51:00] 【正在导出：完整 System 日志】
[2026-06-30 15:51:02] 【正在执行高级日志模式分析...】
[2026-06-30 15:51:03] 摘要报告已保存至：G:\PowerShellBat\AURORA-Analyzer\AURORA-Analyzer-Factory-Dev\AURORA-Analyzer-Factory\UserLogs\系统_日志_20260101___20260201_摘要.txt
[2026-06-30 15:51:03] 使用并行处理加速CSV数据生成...
[2026-06-30 15:51:04] 已导出:
[2026-06-30 15:51:04]   CSV: G:\PowerShellBat\AURORA-Analyzer\AURORA-Analyzer-Factory-Dev\AURORA-Analyzer-Factory\UserLogs\系统_日志_20260101___20260201.csv
[2026-06-30 15:51:04]   JSON: G:\PowerShellBat\AURORA-Analyzer\AURORA-Analyzer-Factory-Dev\AURORA-Analyzer-Factory\UserLogs\系统_日志_20260101___20260201.json
[2026-06-30 15:51:04]   XML: G:\PowerShellBat\AURORA-Analyzer\AURORA-Analyzer-Factory-Dev\AURORA-Analyzer-Factory\UserLogs\系统_日志_20260101___20260201.xml
[2026-06-30 15:51:04] [15:51:04] > 请进行输入: 是否进行日志趋势分析？(Y/N) [默认: N]
[2026-06-30 15:51:08] 👤 [15:51:08] 你: y
[2026-06-30 15:51:40] 趋势分析报告已保存至：G:\PowerShellBat\AURORA-Analyzer\AURORA-Analyzer-Factory-Dev\AURORA-Analyzer-Factory\UserLogs\系统_日志_20260101_to_20260201_趋势分析.txt
[2026-06-30 15:51:40] 趋势数据已保存至：G:\PowerShellBat\AURORA-Analyzer\AURORA-Analyzer-Factory-Dev\AURORA-Analyzer-Factory\UserLogs\系统_日志_20260101_to_20260201_趋势数据.csv
[2026-06-30 15:51:40] 【趋势分析完成】
[2026-06-30 15:51:40] 🧠 正在调用 AURORA 智能诊断引擎...
[2026-06-30 15:51:40] ========================================
[2026-06-30 15:51:40]   智能诊断分析可用
[2026-06-30 15:51:40] ========================================
[2026-06-30 15:51:40] 📊 已检测到导出的 CSV 文件：
[2026-06-30 15:51:40]    位置：G:\PowerShellBat\AURORA-Analyzer\AURORA-Analyzer-Factory-Dev\AURORA-Analyzer-Factory\UserLogs
[2026-06-30 15:51:40]    文件：找到 16 个 CSV 文件
[2026-06-30 15:51:40] 🔍 智能模式将执行：
[2026-06-30 15:51:40]    ✓ 加载已导出的 CSV 文件
[2026-06-30 15:51:40]    ✓ 知识库靶向碰撞分析
[2026-06-30 15:51:40]    ✓ 提供自主修复方案
[2026-06-30 15:51:40] ⚡ 是否立即启动智能诊断分析？
[2026-06-30 15:51:40] ========================================
[2026-06-30 15:51:40] 📋 正在等待用户确认...
[2026-06-30 15:51:43] [syncHash] SmartAnalysisAuthorized = true
[2026-06-30 15:51:43] ✅ GUI 已响应智能分析请求（等待了 3400ms）
[2026-06-30 15:51:43] ✅ 用户确认，开始智能分析...
[2026-06-30 15:51:43] 📖 正在加载智能引擎...
[2026-06-30 15:51:43] [15:51:43] 🤖 正在初始化 AURORA 智能诊断与自主修复引擎...
[2026-06-30 15:51:45] [15:51:45] 🖥️ 操作系统: Microsoft Windows 11 教育版
[2026-06-30 15:51:45] [15:51:45] ⏱️ 系统连续运行时间: 30.97 小时
[2026-06-30 15:51:45] [15:51:45] ✅ 运行时间达标且未见近期崩溃。
[2026-06-30 15:51:45] 🎯 靶向锁定: 常规 24H 健康巡检 (范围: 06-29 15:51 ~ 06-30 15:51)
[2026-06-30 15:51:45] [15:51:45] ⚡ 正在从内核提取高危日志 (Critical/Error/Warning)...
[2026-06-30 15:51:45] [15:51:45] 📖 检测到 PRO 模式导出，正在读取：G:\PowerShellBat\AURORA-Analyzer\AURORA-Analyzer-Factory-Dev\AURORA-Analyzer-Factory\UserLogs
[2026-06-30 15:51:45] [15:51:45] ✅ 找到 8 个导出的 CSV 文件，正在加载...
[2026-06-30 15:51:45] [15:51:45] 📂 分析的日志类型：System
[2026-06-30 15:51:45] [15:51:45] ⚠️ 警告：未找到以下日志文件 - 应用程序日志
[2026-06-30 15:51:45] [15:51:45] 💡 提示：请在 PRO 模式中也导出这些日志以获得完整分析
[2026-06-30 15:51:45] [15:51:45]    正在加载：系统_日志_20260101___20260130.csv
[2026-06-30 15:51:45] [15:51:45]    正在加载：系统_日志_20260101___20260201.csv
[2026-06-30 15:51:45] [15:51:45]    正在加载：系统_日志_20260101___20260301.csv
[2026-06-30 15:51:45] [15:51:45]    正在加载：系统_日志_20260101___20260501.csv
[2026-06-30 15:51:45] [15:51:45]    正在加载：系统_日志_20260626.csv
[2026-06-30 15:51:45] [15:51:45]    正在加载：系统_日志_20260627.csv
[2026-06-30 15:51:45] [15:51:45]    正在加载：系统_日志_20260629.csv
[2026-06-30 15:51:45] [15:51:45]    正在加载：系统_日志_20260630.csv
[2026-06-30 15:51:45] [15:51:45] ✅ 已加载 2 个事件
[2026-06-30 15:51:45] [15:51:45] 📦 成功提取并轻量化 2 条异常事件记录。
[2026-06-30 15:51:45] [15:51:45] 🧠 正在装载并预编译 AURORA-TechData 知识图谱...
[2026-06-30 15:51:45] [15:51:45] Knowledge base cached (10.283203125.ToString('F1') KB)
[2026-06-30 15:51:45] [15:51:45] ✅ 图谱装载完成，激活 32 条诊断规则。开始极速碰撞...
[2026-06-30 15:51:45] [分析完成]
[2026-06-30 15:53:38] >>> StartAnalysisAsync entered
[2026-06-30 15:53:38] >>> [安全警告] 引擎完整性检查失败: FILE_MISSING:CoreEngine
[2026-06-30 15:53:38] 💻 硬件评估层级: [Extreme]
[2026-06-30 15:53:38] ⚠️ 管理员权限：未获取 - 部分功能受限
[2026-06-30 15:53:38] >>> 正在执行分析...
[2026-06-30 15:53:38] >>> 启动智能诊断与自主修复模式引擎...
[2026-06-30 15:53:39] [15:53:39] 🤖 正在初始化 AURORA 智能诊断与自主修复引擎...
[2026-06-30 15:53:41] [15:53:41] 🖥️ 操作系统: Microsoft Windows 11 教育版
[2026-06-30 15:53:41] [15:53:41] ⏱️ 系统连续运行时间: 31 小时
[2026-06-30 15:53:41] [15:53:41] ✅ 运行时间达标且未见近期崩溃。
[2026-06-30 15:53:41] 🎯 靶向锁定: 常规 24H 健康巡检 (范围: 06-29 15:53 ~ 06-30 15:53)
[2026-06-30 15:53:41] [15:53:41] ⚡ 正在从内核提取高危日志 (Critical/Error/Warning)...
[2026-06-30 15:53:41] [15:53:41] 🔍 正在从系统实时提取日志...
[2026-06-30 15:53:41] [15:53:41] 📦 成功提取并轻量化 100 条异常事件记录。
[2026-06-30 15:53:41] [15:53:41] 🧠 正在装载并预编译 AURORA-TechData 知识图谱...
[2026-06-30 15:53:41] [15:53:41] Knowledge base cached (10.283203125.ToString('F1') KB)
[2026-06-30 15:53:41] [15:53:41] ✅ 图谱装载完成，激活 32 条诊断规则。开始极速碰撞...
[2026-06-30 15:53:41] [15:53:41] 🎯 碰撞分析完成！发现 3 类已知高危问题。
[2026-06-30 15:53:41] [15:53:41] 
[2026-06-30 15:53:41] ================== [ 靶向自主修复方案 ] ==================
[2026-06-30 15:53:41] [15:53:41] 🚨 [H-001] TLS/SSL 安全协议错误
[2026-06-30 15:53:41]    [ 1 ] 查看 Schannel 错误 (Low)  [Auth]
[2026-06-30 15:53:41]    [ 2 ] 启用 TLS 1.2 (Medium) [Admin] [Auth]
[2026-06-30 15:53:41]    [ 3 ] 清除 SSL 状态 (Low)  [Auth]
[2026-06-30 15:53:41] 🚨 [A-003] 程序崩溃
[2026-06-30 15:53:41]    [ 4 ] 查看应用程序崩溃事件 (Low) [Admin] [Auth]
[2026-06-30 15:53:41]    [ 5 ] 检查系统内存使用 (Low)  [Auto]
[2026-06-30 15:53:41]    [ 6 ] 清理应用程序临时文件 (Low)  [Auto]
[2026-06-30 15:53:41] 🚨 [A-004] 托管代码异常
[2026-06-30 15:53:41]    [ 7 ] 查看.NET异常事件 (Low) [Admin] [Auth]
[2026-06-30 15:53:41]    [ 8 ] 检查已安装的.NET版本 (Low)  [Auto]
[2026-06-30 15:53:41]    [ 9 ] 修复.NET Framework (Medium) [Admin] [Auth]
[2026-06-30 15:53:41] [15:53:41] 
[2026-06-30 15:53:41] >>> 请在下方输入 [序号] 执行修复，或直接按 [Enter] 退出引擎：
[2026-06-30 15:53:41] [15:53:41] 
[2026-06-30 15:53:41] ================== [ 靶向自主修复方案 ] ==================
[2026-06-30 15:53:41] [15:53:41] 🚨 [H-001] TLS/SSL 安全协议错误
[2026-06-30 15:53:41]    [ 1 ] 查看 Schannel 错误 (Low)  [Auth]
[2026-06-30 15:53:41]    [ 2 ] 启用 TLS 1.2 (Medium) [Admin] [Auth]
[2026-06-30 15:53:41]    [ 3 ] 清除 SSL 状态 (Low)  [Auth]
[2026-06-30 15:53:41] 🚨 [A-003] 程序崩溃
[2026-06-30 15:53:41]    [ 4 ] 查看应用程序崩溃事件 (Low) [Admin] [Auth]
[2026-06-30 15:53:41]    [ 5 ] 检查系统内存使用 (Low)  [Auto]
[2026-06-30 15:53:41]    [ 6 ] 清理应用程序临时文件 (Low)  [Auto]
[2026-06-30 15:53:41] 🚨 [A-004] 托管代码异常
[2026-06-30 15:53:41]    [ 7 ] 查看.NET异常事件 (Low) [Admin] [Auth]
[2026-06-30 15:53:41]    [ 8 ] 检查已安装的.NET版本 (Low)  [Auto]
[2026-06-30 15:53:41]    [ 9 ] 修复.NET Framework (Medium) [Admin] [Auth]
[2026-06-30 15:53:41] [15:53:41] 
[2026-06-30 15:53:41] >>> 请在下方输入 [序号] 执行修复，或直接按 [Enter] 退出引擎：
[2026-06-30 15:54:01] 👤 [15:54:01] 你: [按下了回车 / 使用默认值]
[2026-06-30 15:54:01] [分析完成]
[2026-06-30 16:15:16] >>> StartAnalysisAsync entered
[2026-06-30 16:15:16] >>> [安全警告] 引擎完整性检查失败: FILE_MISSING:CoreEngine
[2026-06-30 16:15:16] 💻 硬件评估层级: [Extreme]
[2026-06-30 16:15:16] ⚠️ 管理员权限：未获取 - 部分功能受限
[2026-06-30 16:15:16] >>> 正在执行分析...
[2026-06-30 16:15:17] [安全守卫] 正在初始化 (第 1 次)...
[2026-06-30 16:15:17] [安全守卫] baseForGuard: G:\PowerShellBat\AURORA-Analyzer\AURORA-Analyzer-Factory-Dev\AURORA-Analyzer-Factory\Scripts\Security
[2026-06-30 16:15:17] [安全守卫] rootDir: G:\PowerShellBat\AURORA-Analyzer\AURORA-Analyzer-Factory-Dev\AURORA-Analyzer-Factory
[2026-06-30 16:15:17] [安全守卫] 初始化成功
[2026-06-30 16:15:17] [诊断] 正在执行环境安全扫描...
[2026-06-30 16:15:17] [诊断] 扫描结果: NONE
[2026-06-30 16:15:17] [安全守卫] 启动环境扫描完成 - 安全
[2026-06-30 16:15:17] [安全守卫] 已启动持续性检测（每 3 秒）
[2026-06-30 16:15:17] [安全守卫] WMI 实时监控启动失败，将仅使用轮询模式
[2026-06-30 16:15:17] [PRO] Starting AURORA PRO Mode (Language: CHS)
[2026-06-30 16:15:17] [PRO] Loading Unified PRO Engine...
[2026-06-30 16:15:17] [安全守卫] 正在初始化 (第 1 次)...
[2026-06-30 16:15:17] [安全守卫] baseForGuard: G:\PowerShellBat\AURORA-Analyzer\AURORA-Analyzer-Factory-Dev\AURORA-Analyzer-Factory\Scripts\Security
[2026-06-30 16:15:17] [安全守卫] rootDir: G:\PowerShellBat\AURORA-Analyzer\AURORA-Analyzer-Factory-Dev\AURORA-Analyzer-Factory
[2026-06-30 16:15:17] [安全守卫] 初始化成功
[2026-06-30 16:15:17] [诊断] 正在执行环境安全扫描...
[2026-06-30 16:15:17] [诊断] 扫描结果: NONE
[2026-06-30 16:15:17] [安全守卫] 启动环境扫描完成 - 安全
[2026-06-30 16:15:17] [安全守卫] 已启动持续性检测（每 3 秒）
[2026-06-30 16:15:17] [安全守卫] WMI 实时监控启动失败，将仅使用轮询模式
[2026-06-30 16:15:17] [16:15:17] [Info] 正在初始化 AURORA Core Engine...
[2026-06-30 16:15:19] [16:15:19] [Info] 系统：Microsoft Windows 11 教育版 (10.0.26200)
[2026-06-30 16:15:19] [16:15:19] [Info] PowerShell: v5.1.26100.8737
[2026-06-30 16:15:19] [16:15:19] [Info] 架构：x64
[2026-06-30 16:15:19] [16:15:19] [Success] Core Engine 初始化完成
[2026-06-30 16:15:20] /// AURORA Analyzer Release Version ///
[2026-06-30 16:15:20] /// AURORA 2026 VelociRaptor-GR 版权所有 ///
[2026-06-30 16:15:20] /// Windows 系统事件日志导出与智能分析工具 ///
[2026-06-30 16:15:20] ///请稍后... 正在检测当前系统日期...///
[2026-06-30 16:15:20] 📅 检测完成! 当前日期为: 2026-06-30///
[2026-06-30 16:15:20] ///正在检查缓存状态...///
[2026-06-30 16:15:22] ///缓存状态检查完成!///
[2026-06-30 16:15:22] 【请选择日志类型】
[2026-06-30 16:15:22] 1: System (系统)
[2026-06-30 16:15:22] 2: Application (应用程序)
[2026-06-30 16:15:22] 3: Security (安全) - 需要管理员权限
[2026-06-30 16:15:22] 4: Setup (安装) - 需要管理员权限
[2026-06-30 16:15:22] 5: DNS Server (DNS服务器) - 需要管理员权限
[2026-06-30 16:15:22] 6: DHCP Server (DHCP服务器) - 需要管理员权限
[2026-06-30 16:15:22] 7: Active Directory (活动目录) - 需要管理员权限
[2026-06-30 16:15:22] 8: IIS (Web服务器) - 需要管理员权限
[2026-06-30 16:15:22] 💡 提示：可选择多个日志类型，用逗号或空格分隔（如：1,2 或 1 2）
[2026-06-30 16:15:22] [16:15:22] > 请进行输入: 
[2026-06-30 16:15:22] 请输入选项 (1-8)，直接回车则使用默认: System
[2026-06-30 16:15:29] >>> 正在终止...
[2026-06-30 16:15:29] [已取消]
[2026-06-30 16:52:39] >>> StartAnalysisAsync entered
[2026-06-30 16:52:39] >>> [安全警告] 引擎完整性检查失败: FILE_MISSING:CoreEngine
[2026-06-30 16:52:39] 💻 硬件评估层级: [Extreme]
[2026-06-30 16:52:39] ⚠️ 管理员权限：未获取 - 部分功能受限
[2026-06-30 16:52:39] >>> 正在执行分析...
[2026-06-30 16:52:40] [安全守卫] 正在初始化 (第 1 次)...
[2026-06-30 16:52:41] [安全守卫] baseForGuard: G:\PowerShellBat\AURORA-Analyzer\AURORA-Analyzer-Factory-Dev\AURORA-Analyzer-Factory\Scripts\Security
[2026-06-30 16:52:41] [安全守卫] rootDir: G:\PowerShellBat\AURORA-Analyzer\AURORA-Analyzer-Factory-Dev\AURORA-Analyzer-Factory
[2026-06-30 16:52:41] [安全守卫] 初始化成功
[2026-06-30 16:52:41] [诊断] 正在执行环境安全扫描...
[2026-06-30 16:52:41] [诊断] 扫描结果: NONE
[2026-06-30 16:52:41] [安全守卫] 启动环境扫描完成 - 安全
[2026-06-30 16:52:41] [安全守卫] 已启动持续性检测（每 3 秒）
[2026-06-30 16:52:41] [安全守卫] WMI 实时监控启动失败，将仅使用轮询模式
[2026-06-30 16:52:41] [PRO] Starting AURORA PRO Mode (Language: CHS)
[2026-06-30 16:52:41] [PRO] Loading Unified PRO Engine...
[2026-06-30 16:52:41] [安全守卫] 正在初始化 (第 1 次)...
[2026-06-30 16:52:41] [安全守卫] baseForGuard: G:\PowerShellBat\AURORA-Analyzer\AURORA-Analyzer-Factory-Dev\AURORA-Analyzer-Factory\Scripts\Security
[2026-06-30 16:52:41] [安全守卫] rootDir: G:\PowerShellBat\AURORA-Analyzer\AURORA-Analyzer-Factory-Dev\AURORA-Analyzer-Factory
[2026-06-30 16:52:41] [安全守卫] 初始化成功
[2026-06-30 16:52:41] [诊断] 正在执行环境安全扫描...
[2026-06-30 16:52:41] [诊断] 扫描结果: NONE
[2026-06-30 16:52:41] [安全守卫] 启动环境扫描完成 - 安全
[2026-06-30 16:52:41] [安全守卫] 已启动持续性检测（每 3 秒）
[2026-06-30 16:52:41] [安全守卫] WMI 实时监控启动失败，将仅使用轮询模式
[2026-06-30 16:52:41] [16:52:41] [Info] 正在初始化 AURORA Core Engine...
[2026-06-30 16:52:43] [16:52:43] [Info] 系统：Microsoft Windows 11 教育版 (10.0.26200)
[2026-06-30 16:52:43] [16:52:43] [Info] PowerShell: v5.1.26100.8737
[2026-06-30 16:52:43] [16:52:43] [Info] 架构：x64
[2026-06-30 16:52:43] [16:52:43] [Success] Core Engine 初始化完成
[2026-06-30 16:52:43] 🔄 检测到未完成的会话
[2026-06-30 16:52:43] ========================================
[2026-06-30 16:52:43] 会话 ID: SESSION_20260630_161519_7965
[2026-06-30 16:52:43] 已保存进度：0%
[2026-06-30 16:52:43] 当前阶段：Initialized
[2026-06-30 16:52:43] 保存时间：2026-06-30T16:15:19.4569333+08:00
[2026-06-30 16:52:43] 已挂起天数：0 天
[2026-06-30 16:52:43] ⏳ 等待用户在 GUI 上做出选择...
[2026-06-30 16:52:45] [syncHash] SessionRestarted = true
[2026-06-30 16:52:45] 🔄 用户选择重新开始，清除会话...
[2026-06-30 16:52:47] /// AURORA Analyzer Release Version ///
[2026-06-30 16:52:47] /// AURORA 2026 VelociRaptor-GR 版权所有 ///
[2026-06-30 16:52:47] /// Windows 系统事件日志导出与智能分析工具 ///
[2026-06-30 16:52:47] ///请稍后... 正在检测当前系统日期...///
[2026-06-30 16:52:47] 📅 检测完成! 当前日期为: 2026-06-30///
[2026-06-30 16:52:47] ///正在检查缓存状态...///
[2026-06-30 16:52:48] ///缓存状态检查完成!///
[2026-06-30 16:52:48] 【请选择日志类型】
[2026-06-30 16:52:48] 1: System (系统)
[2026-06-30 16:52:48] 2: Application (应用程序)
[2026-06-30 16:52:48] 3: Security (安全) - 需要管理员权限
[2026-06-30 16:52:48] 4: Setup (安装) - 需要管理员权限
[2026-06-30 16:52:48] 5: DNS Server (DNS服务器) - 需要管理员权限
[2026-06-30 16:52:48] 6: DHCP Server (DHCP服务器) - 需要管理员权限
[2026-06-30 16:52:48] 7: Active Directory (活动目录) - 需要管理员权限
[2026-06-30 16:52:48] 8: IIS (Web服务器) - 需要管理员权限
[2026-06-30 16:52:48] 💡 提示：可选择多个日志类型，用逗号或空格分隔（如：1,2 或 1 2）
[2026-06-30 16:52:48] [16:52:48] > 请进行输入: 
[2026-06-30 16:52:48] 请输入选项 (1-8)，直接回车则使用默认: System
[2026-06-30 16:53:11] 👤 [16:53:11] 你: [按下了回车 / 使用默认值]
[2026-06-30 16:53:11] ✅ 已选择日志类型: System
[2026-06-30 16:53:11] 【请选择导出模式】
[2026-06-30 16:53:11] 1: 单日导出（例如：2026-01-21）
[2026-06-30 16:53:11] 2: 日期范围导出（起止日期，格式：YYYY-MM-DD）
[2026-06-30 16:53:11] [16:53:11] > 请进行输入: 
[2026-06-30 16:53:11] 请输入选项 (1 或 2)
[2026-06-30 16:53:39] 👤 [16:53:39] 你: 2
[2026-06-30 16:53:39] [16:53:39] > 请进行输入: 
[2026-06-30 16:53:39] 请输入起始日期 (格式：YYYY-MM-DD)
[2026-06-30 16:53:45] 👤 [16:53:45] 你: 2026-01-01
[2026-06-30 16:53:45] [16:53:45] > 请进行输入: 请输入结束日期 (格式：YYYY-MM-DD)
[2026-06-30 16:53:49] 👤 [16:53:49] 你: 2026-03-01
[2026-06-30 16:53:49] 【事件过滤选项】
[2026-06-30 16:53:49] 1: 无过滤（默认）
[2026-06-30 16:53:49] 2: 按事件 ID 过滤
[2026-06-30 16:53:49] 3: 按事件提供程序过滤
[2026-06-30 16:53:49] 4: 按事件级别过滤
[2026-06-30 16:53:49] [16:53:49] > 请进行输入: 
[2026-06-30 16:53:49] 请选择过滤选项 (1-4)，直接回车则使用默认: 1
[2026-06-30 16:53:51] 👤 [16:53:51] 你: [按下了回车 / 使用默认值]
[2026-06-30 16:53:51] ⚠️ 检测到 scopes 是单个对象，正在转换为数组...
[2026-06-30 16:53:51] ✅ scopes 验证完成，共 1 个范围
[2026-06-30 16:53:51] ━━━━━━━━━━━━━━━━━━━━━━━━ 评估系统性能 ━━━━━━━━━━━━━━━━━━━━━━━━
[2026-06-30 16:53:51] 【正在评估系统性能...】
[2026-06-30 16:54:04] 处理器：11th Gen Intel(R) Core(TM) i7-11800H @ 2.30GHz 8 核心 @ 3479 MHz (基础: 2304 MHz)
[2026-06-30 16:54:04] 内存容量：31.74 GB
[2026-06-30 16:54:04] 磁盘性能分数: 50/50
[2026-06-30 16:54:04] 磁盘配置：2 个 SSD, 0 个 HDD
[2026-06-30 16:54:04] 正在计算性能分数...
[2026-06-30 16:54:04] 您的性能分数为：100/100
[2026-06-30 16:54:12] 使用最佳分块大小：6 小时/块
[2026-06-30 16:54:12] 根据系统负载使用 7/16 个线程
[2026-06-30 16:54:12] 系统负载：64%，已调整分块大小以减少系统压力
[2026-06-30 16:54:19] ✅ 知识图谱索引创建成功
[2026-06-30 16:54:19] ✅ 知识图谱加载成功，包含 9 个分类
[2026-06-30 16:54:19] 【资源优化策略】
[2026-06-30 16:54:19] 性能等级: HighPerformance
[2026-06-30 16:54:19] 日志扫描并行度: 16
[2026-06-30 16:54:19] 报告生成并行度: 8
[2026-06-30 16:54:19] 缓存压缩: False
[2026-06-30 16:54:19] I/O 缓冲区大小：131072 bytes
[2026-06-30 16:54:19] ━━━━━━━━━━━━━━━━━━━━━━ 扫描高危事件 + 导出 ━━━━━━━━━━━━━━━━━━━━━━
[2026-06-30 16:54:19] ========================================
[2026-06-30 16:54:19]   [1/1] 正在处理：System
[2026-06-30 16:54:19] ========================================
[2026-06-30 16:54:19] 【无匹配缓存，正在扫描所选范围内的高危事件...】
[2026-06-30 16:54:25] [系统资源监控] 并行线程数: 7, 内存使用率: 27.75%
[2026-06-30 16:54:35] [知识库分析] 正在批量处理 3444 条事件的知识库查询...
[2026-06-30 16:54:38] [知识库分析] 批量处理完成
[2026-06-30 16:54:47] 【高危事件扫描完成】共发现 3444 条高危事件
[2026-06-30 16:54:52] 【扫描完成】
[2026-06-30 16:54:52] 发现：5 条严重事件，1099 条错误，2340 条警告（共 3444 条高危事件）
[2026-06-30 16:54:52] 总日志数：8297 条
[2026-06-30 16:54:52] 【系统健康评估】
[2026-06-30 16:54:52] 错误: 1099 | 警告: 2340 | 严重: 5
[2026-06-30 16:54:52] 健康评分: 45/100 | 健康等级: 较差
[2026-06-30 16:54:52] 系统状态：较差 —— 存在大量异常，建议立即检查！
[2026-06-30 16:54:52] [16:54:52] > 请进行输入: 
[2026-06-30 16:54:52] 按 Enter 仅导出高危事件，或输入 '1' 导出完整日志
[2026-06-30 16:54:56] 👤 [16:54:56] 你: 1
[2026-06-30 16:55:20] 数据已存入缓存...
[2026-06-30 16:55:20] 【完整 System 日志读取完成】共采集 8297 条事件
[2026-06-30 16:55:20] 【正在导出：完整 System 日志】
[2026-06-30 16:55:22] 【正在执行高级日志模式分析...】
[2026-06-30 16:55:25] 摘要报告已保存至：G:\PowerShellBat\AURORA-Analyzer\AURORA-Analyzer-Factory-Dev\AURORA-Analyzer-Factory\UserLogs\系统_日志_20260101___20260301_摘要.txt
[2026-06-30 16:55:26] 已导出:
[2026-06-30 16:55:26]   CSV: G:\PowerShellBat\AURORA-Analyzer\AURORA-Analyzer-Factory-Dev\AURORA-Analyzer-Factory\UserLogs\系统_日志_20260101___20260301.csv
[2026-06-30 16:55:26]   JSON: G:\PowerShellBat\AURORA-Analyzer\AURORA-Analyzer-Factory-Dev\AURORA-Analyzer-Factory\UserLogs\系统_日志_20260101___20260301.json
[2026-06-30 16:55:26]   XML: G:\PowerShellBat\AURORA-Analyzer\AURORA-Analyzer-Factory-Dev\AURORA-Analyzer-Factory\UserLogs\系统_日志_20260101___20260301.xml
[2026-06-30 16:55:26] [16:55:26] > 请进行输入: 是否进行日志趋势分析？(Y/N) [默认: N]
[2026-06-30 16:55:44] 👤 [16:55:44] 你: y
[2026-06-30 16:56:18] 趋势分析报告已保存至：G:\PowerShellBat\AURORA-Analyzer\AURORA-Analyzer-Factory-Dev\AURORA-Analyzer-Factory\UserLogs\系统_日志_20260101_to_20260301_趋势分析.txt
[2026-06-30 16:56:18] 趋势数据已保存至：G:\PowerShellBat\AURORA-Analyzer\AURORA-Analyzer-Factory-Dev\AURORA-Analyzer-Factory\UserLogs\系统_日志_20260101_to_20260301_趋势数据.csv
[2026-06-30 16:56:18] 【趋势分析完成】
[2026-06-30 16:56:18] 🧠 正在调用 AURORA 智能诊断引擎...
[2026-06-30 16:56:18] ========================================
[2026-06-30 16:56:18]   智能诊断分析可用
[2026-06-30 16:56:18] ========================================
[2026-06-30 16:56:18] 📊 已检测到导出的 CSV 文件：
[2026-06-30 16:56:18]    位置：G:\PowerShellBat\AURORA-Analyzer\AURORA-Analyzer-Factory-Dev\AURORA-Analyzer-Factory\UserLogs
[2026-06-30 16:56:18]    文件：找到 16 个 CSV 文件
[2026-06-30 16:56:18] 🔍 智能模式将执行：
[2026-06-30 16:56:18]    ✓ 加载已导出的 CSV 文件
[2026-06-30 16:56:18]    ✓ 知识库靶向碰撞分析
[2026-06-30 16:56:18]    ✓ 提供自主修复方案
[2026-06-30 16:56:18] ⚡ 是否立即启动智能诊断分析？
[2026-06-30 16:56:18] ========================================
[2026-06-30 16:56:18] 📋 正在等待用户确认...
[2026-06-30 16:56:21] [syncHash] SmartAnalysisAuthorized = true
[2026-06-30 16:56:21] ✅ GUI 已响应智能分析请求（等待了 2750ms）
[2026-06-30 16:56:21] ✅ 用户确认，开始智能分析...
[2026-06-30 16:56:21] 📖 正在加载智能引擎...
[2026-06-30 16:56:21] [16:56:21] 🤖 正在初始化 AURORA 智能诊断与自主修复引擎...
[2026-06-30 16:56:23] [16:56:23] 🖥️ 操作系统: Microsoft Windows 11 教育版
[2026-06-30 16:56:23] [16:56:23] ⏱️ 系统连续运行时间: 32.05 小时
[2026-06-30 16:56:23] [16:56:23] ✅ 运行时间达标且未见近期崩溃。
[2026-06-30 16:56:23] 🎯 靶向锁定: 常规 24H 健康巡检 (范围: 06-29 16:56 ~ 06-30 16:56)
[2026-06-30 16:56:23] [16:56:23] ⚡ 正在从内核提取高危日志 (Critical/Error/Warning)...
[2026-06-30 16:56:23] [16:56:23] 📖 检测到 PRO 模式导出，正在读取：G:\PowerShellBat\AURORA-Analyzer\AURORA-Analyzer-Factory-Dev\AURORA-Analyzer-Factory\UserLogs
[2026-06-30 16:56:23] [16:56:23] ✅ 找到 8 个导出的 CSV 文件，正在加载...
[2026-06-30 16:56:23] [16:56:23] 📂 分析的日志类型：System
[2026-06-30 16:56:23] [16:56:23] ⚠️ 警告：未找到以下日志文件 - 应用程序日志
[2026-06-30 16:56:23] [16:56:23] 💡 提示：请在 PRO 模式中也导出这些日志以获得完整分析
[2026-06-30 16:56:23] [16:56:23]    正在加载：系统_日志_20260101___20260130.csv
[2026-06-30 16:56:23] [16:56:23]    正在加载：系统_日志_20260101___20260201.csv
[2026-06-30 16:56:23] [16:56:23]    正在加载：系统_日志_20260101___20260301.csv
[2026-06-30 16:56:24] [16:56:24]    正在加载：系统_日志_20260101___20260501.csv
[2026-06-30 16:56:24] [16:56:24]    正在加载：系统_日志_20260626.csv
[2026-06-30 16:56:24] [16:56:24]    正在加载：系统_日志_20260627.csv
[2026-06-30 16:56:24] [16:56:24]    正在加载：系统_日志_20260629.csv
[2026-06-30 16:56:24] [16:56:24]    正在加载：系统_日志_20260630.csv
[2026-06-30 16:56:24] [16:56:24] ✅ 已加载 3445 个事件
[2026-06-30 16:56:24] [16:56:24] 📦 成功提取并轻量化 3445 条异常事件记录。
[2026-06-30 16:56:24] [16:56:24] 🧠 正在装载并预编译 AURORA-TechData 知识图谱...
[2026-06-30 16:56:24] [16:56:24] Knowledge base cached (10.283203125.ToString('F1') KB)
[2026-06-30 16:56:24] [16:56:24] ✅ 图谱装载完成，激活 32 条诊断规则。开始极速碰撞...
[2026-06-30 16:56:24] [16:56:24] 🎯 碰撞分析完成！发现 6 类已知高危问题。
[2026-06-30 16:56:24] [16:56:24] 
[2026-06-30 16:56:24] ================== [ 靶向自主修复方案 ] ==================
[2026-06-30 16:56:24] [16:56:24] 🚨 [A-002] 蓝屏转储
[2026-06-30 16:56:24]    [ 1 ] 查看蓝屏相关事件 (Low) [Admin] [Auth]
[2026-06-30 16:56:24]    [ 2 ] 检查Windows可靠性监视器 (Low)  [Auto]
[2026-06-30 16:56:24]    [ 3 ] 运行Windows内存诊断 (Low)  [Auto]
[2026-06-30 16:56:24]    [ 4 ] 检查驱动器完整性 (Medium) [Admin] [Auth]
[2026-06-30 16:56:24]    [ 5 ] 查看转储文件位置 (Low) [Admin] [Auth]
[2026-06-30 16:56:24] 🚨 [A-011] 磁盘错误
[2026-06-30 16:56:24]    [ 6 ] 检查磁盘状态 (Low)  [Auto]
[2026-06-30 16:56:24]    [ 7 ] 检查磁盘健康状态 (Low) [Admin] [Auth]
[2026-06-30 16:56:24]    [ 8 ] 获取SMART健康信息 (Low) [Admin] [Auth]
[2026-06-30 16:56:24]    [ 9 ] 运行CHKDSK检查C盘(警告:物理损坏时可能有风险) (High) [Admin] [Auth]
[2026-06-30 16:56:24]    [ 10 ] 查看磁盘事件日志 (Low) [Admin] [Auth]
[2026-06-30 16:56:24] 🚨 [H-001] TLS/SSL 安全协议错误
[2026-06-30 16:56:24]    [ 11 ] 查看 Schannel 错误 (Low)  [Auth]
[2026-06-30 16:56:24]    [ 12 ] 启用 TLS 1.2 (Medium) [Admin] [Auth]
[2026-06-30 16:56:24]    [ 13 ] 清除 SSL 状态 (Low)  [Auth]
[2026-06-30 16:56:24] 🚨 [D-016] Windows更新错误
[2026-06-30 16:56:24]    [ 14 ] 停止Windows更新服务 (High) [Admin] [Auth]
[2026-06-30 16:56:24]    [ 15 ] 重命名SoftwareDistribution文件夹 (High) [Admin] [Auth]
[2026-06-30 16:56:24]    [ 16 ] 重命名Catroot2文件夹 (High) [Admin] [Auth]
[2026-06-30 16:56:24]    [ 17 ] 启动Windows更新服务 (Medium) [Admin] [Auth]
[2026-06-30 16:56:24]    [ 18 ] 运行DISM和SFC修复 (Medium) [Admin] [Auth]
[2026-06-30 16:56:24]    [ 19 ] 查看Windows更新事件 (Low) [Admin] [Auth]
[2026-06-30 16:56:24] 🚨 [F-012] 服务启动失败
[2026-06-30 16:56:24]    [ 20 ] 查看所有服务状态 (Low) [Admin] [Auth]
[2026-06-30 16:56:24]    [ 21 ] 查看服务详细信息 (Low) [Admin] [Auth]
[2026-06-30 16:56:24]    [ 22 ] 查看服务控制管理器事件 (Low) [Admin] [Auth]
[2026-06-30 16:56:24]    [ 23 ] 打开服务管理器 (Low)  [Auto]
[2026-06-30 16:56:24]    [ 24 ] 启动特定服务 (Medium) [Admin] [Auth]
[2026-06-30 16:56:24] 🚨 [B-022] 外部设备无法识别
[2026-06-30 16:56:24]    [ 25 ] 查看USB设备 (Low) [Admin] [Auth]
[2026-06-30 16:56:24]    [ 26 ] 查看所有有问题的设备 (Low) [Admin] [Auth]
[2026-06-30 16:56:24]    [ 27 ] 重置USB集线器 (Low) [Admin] [Auth]
[2026-06-30 16:56:24] [16:56:24] 
[2026-06-30 16:56:24] >>> 请在下方输入 [序号] 执行修复，或直接按 [Enter] 退出引擎：
[2026-06-30 16:56:24] [16:56:24] 
[2026-06-30 16:56:24] ================== [ 靶向自主修复方案 ] ==================
[2026-06-30 16:56:25] [16:56:24] 🚨 [A-002] 蓝屏转储
[2026-06-30 16:56:25]    [ 1 ] 查看蓝屏相关事件 (Low) [Admin] [Auth]
[2026-06-30 16:56:25]    [ 2 ] 检查Windows可靠性监视器 (Low)  [Auto]
[2026-06-30 16:56:25]    [ 3 ] 运行Windows内存诊断 (Low)  [Auto]
[2026-06-30 16:56:25]    [ 4 ] 检查驱动器完整性 (Medium) [Admin] [Auth]
[2026-06-30 16:56:25]    [ 5 ] 查看转储文件位置 (Low) [Admin] [Auth]
[2026-06-30 16:56:25] 🚨 [A-011] 磁盘错误
[2026-06-30 16:56:25]    [ 6 ] 检查磁盘状态 (Low)  [Auto]
[2026-06-30 16:56:25]    [ 7 ] 检查磁盘健康状态 (Low) [Admin] [Auth]
[2026-06-30 16:56:25]    [ 8 ] 获取SMART健康信息 (Low) [Admin] [Auth]
[2026-06-30 16:56:25]    [ 9 ] 运行CHKDSK检查C盘(警告:物理损坏时可能有风险) (High) [Admin] [Auth]
[2026-06-30 16:56:25]    [ 10 ] 查看磁盘事件日志 (Low) [Admin] [Auth]
[2026-06-30 16:56:25] 🚨 [H-001] TLS/SSL 安全协议错误
[2026-06-30 16:56:25]    [ 11 ] 查看 Schannel 错误 (Low)  [Auth]
[2026-06-30 16:56:25]    [ 12 ] 启用 TLS 1.2 (Medium) [Admin] [Auth]
[2026-06-30 16:56:25]    [ 13 ] 清除 SSL 状态 (Low)  [Auth]
[2026-06-30 16:56:25] 🚨 [D-016] Windows更新错误
[2026-06-30 16:56:25]    [ 14 ] 停止Windows更新服务 (High) [Admin] [Auth]
[2026-06-30 16:56:25]    [ 15 ] 重命名SoftwareDistribution文件夹 (High) [Admin] [Auth]
[2026-06-30 16:56:25]    [ 16 ] 重命名Catroot2文件夹 (High) [Admin] [Auth]
[2026-06-30 16:56:25]    [ 17 ] 启动Windows更新服务 (Medium) [Admin] [Auth]
[2026-06-30 16:56:25]    [ 18 ] 运行DISM和SFC修复 (Medium) [Admin] [Auth]
[2026-06-30 16:56:25]    [ 19 ] 查看Windows更新事件 (Low) [Admin] [Auth]
[2026-06-30 16:56:25] 🚨 [F-012] 服务启动失败
[2026-06-30 16:56:25]    [ 20 ] 查看所有服务状态 (Low) [Admin] [Auth]
[2026-06-30 16:56:25]    [ 21 ] 查看服务详细信息 (Low) [Admin] [Auth]
[2026-06-30 16:56:25]    [ 22 ] 查看服务控制管理器事件 (Low) [Admin] [Auth]
[2026-06-30 16:56:25]    [ 23 ] 打开服务管理器 (Low)  [Auto]
[2026-06-30 16:56:25]    [ 24 ] 启动特定服务 (Medium) [Admin] [Auth]
[2026-06-30 16:56:25] 🚨 [B-022] 外部设备无法识别
[2026-06-30 16:56:25]    [ 25 ] 查看USB设备 (Low) [Admin] [Auth]
[2026-06-30 16:56:25]    [ 26 ] 查看所有有问题的设备 (Low) [Admin] [Auth]
[2026-06-30 16:56:25]    [ 27 ] 重置USB集线器 (Low) [Admin] [Auth]
[2026-06-30 16:56:25] [16:56:24] 
[2026-06-30 16:56:25] >>> 请在下方输入 [序号] 执行修复，或直接按 [Enter] 退出引擎：
[2026-06-30 16:56:31] [syncHash] ElevationAuthorized = false
[2026-06-30 16:56:53] 👤 [16:56:53] 你: 23
[2026-06-30 16:56:53] [16:56:53] ⚙️ 正在执行防线修复: 打开服务管理器 ...
[2026-06-30 16:56:54] ✅ AURORA Undo 管理器初始化完成
[2026-06-30 16:56:54]    备份目录：G:\PowerShellBat\AURORA-Analyzer\AURORA-Analyzer-Factory-Dev\AURORA-Analyzer-Factory\Scripts\Session\..\SessionCache\backup
[2026-06-30 16:56:54] [16:56:54] 🔍 执行前置检查...
[2026-06-30 16:56:54] [16:56:54] ✅ 前置检查通过
[2026-06-30 16:56:54] [16:56:54] 
[2026-06-30 16:56:54] [16:56:54] 📦 Phase 4.2: 正在创建撤销保护（Undo Support）...
[2026-06-30 16:56:54] 🔧 开始修复会话：RS_20260630_165654_318
[2026-06-30 16:56:54]    类型：打开服务管理器
[2026-06-30 16:56:54]    目标：打开服务管理器
[2026-06-30 16:56:54] [16:56:54]    ✅ 修复会话已创建：RS_20260630_165654_318
[2026-06-30 16:56:54] ✅ 修复会话完成：RS_20260630_165654_318
[2026-06-30 16:56:54]    状态：Success
[2026-06-30 16:56:54]    执行命令数：0
[2026-06-30 16:56:54]    可撤销：❌ 否
[2026-06-30 16:56:54] [16:56:54] 
[2026-06-30 16:56:55] [16:56:55] ⚙️ 正在执行...
[2026-06-30 16:56:55] [16:56:55] ✅ 执行成功
[2026-06-30 16:56:55] [16:56:55] ⏱️ 执行时间: 0.40 秒
[2026-06-30 16:56:55] [16:56:55] 📋 执行输出:
[2026-06-30 16:56:55] [16:56:55]   Special command started successfully
[2026-06-30 16:56:58] [16:56:58] ✅ 指令下发成功。
[2026-06-30 16:56:59] [16:56:59] 
[2026-06-30 16:56:59] ================== [ 靶向自主修复方案 ] ==================
[2026-06-30 16:56:59] [16:56:59] 🚨 [A-002] 蓝屏转储
[2026-06-30 16:56:59]    [ 1 ] 查看蓝屏相关事件 (Low) [Admin] [Auth]
[2026-06-30 16:56:59]    [ 2 ] 检查Windows可靠性监视器 (Low)  [Auto]
[2026-06-30 16:56:59]    [ 3 ] 运行Windows内存诊断 (Low)  [Auto]
[2026-06-30 16:56:59]    [ 4 ] 检查驱动器完整性 (Medium) [Admin] [Auth]
[2026-06-30 16:56:59]    [ 5 ] 查看转储文件位置 (Low) [Admin] [Auth]
[2026-06-30 16:56:59] 🚨 [A-011] 磁盘错误
[2026-06-30 16:56:59]    [ 6 ] 检查磁盘状态 (Low)  [Auto]
[2026-06-30 16:56:59]    [ 7 ] 检查磁盘健康状态 (Low) [Admin] [Auth]
[2026-06-30 16:56:59]    [ 8 ] 获取SMART健康信息 (Low) [Admin] [Auth]
[2026-06-30 16:56:59]    [ 9 ] 运行CHKDSK检查C盘(警告:物理损坏时可能有风险) (High) [Admin] [Auth]
[2026-06-30 16:56:59]    [ 10 ] 查看磁盘事件日志 (Low) [Admin] [Auth]
[2026-06-30 16:56:59] 🚨 [H-001] TLS/SSL 安全协议错误
[2026-06-30 16:56:59]    [ 11 ] 查看 Schannel 错误 (Low)  [Auth]
[2026-06-30 16:56:59]    [ 12 ] 启用 TLS 1.2 (Medium) [Admin] [Auth]
[2026-06-30 16:56:59]    [ 13 ] 清除 SSL 状态 (Low)  [Auth]
[2026-06-30 16:56:59] 🚨 [D-016] Windows更新错误
[2026-06-30 16:56:59]    [ 14 ] 停止Windows更新服务 (High) [Admin] [Auth]
[2026-06-30 16:56:59]    [ 15 ] 重命名SoftwareDistribution文件夹 (High) [Admin] [Auth]
[2026-06-30 16:56:59]    [ 16 ] 重命名Catroot2文件夹 (High) [Admin] [Auth]
[2026-06-30 16:56:59]    [ 17 ] 启动Windows更新服务 (Medium) [Admin] [Auth]
[2026-06-30 16:56:59]    [ 18 ] 运行DISM和SFC修复 (Medium) [Admin] [Auth]
[2026-06-30 16:56:59]    [ 19 ] 查看Windows更新事件 (Low) [Admin] [Auth]
[2026-06-30 16:56:59] 🚨 [F-012] 服务启动失败
[2026-06-30 16:56:59]    [ 20 ] 查看所有服务状态 (Low) [Admin] [Auth]
[2026-06-30 16:56:59]    [ 21 ] 查看服务详细信息 (Low) [Admin] [Auth]
[2026-06-30 16:56:59]    [ 22 ] 查看服务控制管理器事件 (Low) [Admin] [Auth]
[2026-06-30 16:56:59]    [ 23 ] 打开服务管理器 (Low)  [Auto]
[2026-06-30 16:56:59]    [ 24 ] 启动特定服务 (Medium) [Admin] [Auth]
[2026-06-30 16:56:59] 🚨 [B-022] 外部设备无法识别
[2026-06-30 16:56:59]    [ 25 ] 查看USB设备 (Low) [Admin] [Auth]
[2026-06-30 16:56:59]    [ 26 ] 查看所有有问题的设备 (Low) [Admin] [Auth]
[2026-06-30 16:56:59]    [ 27 ] 重置USB集线器 (Low) [Admin] [Auth]
[2026-06-30 16:56:59] [16:56:59] 
[2026-06-30 16:56:59] >>> 请在下方输入 [序号] 执行修复，或直接按 [Enter] 退出引擎：
[2026-06-30 16:57:12] 👤 [16:57:12] 你: 11
[2026-06-30 16:57:12] [16:57:12] ⚙️ 正在执行防线修复: 查看 Schannel 错误 ...
[2026-06-30 16:57:12] ✅ AURORA Undo 管理器初始化完成
[2026-06-30 16:57:12]    备份目录：G:\PowerShellBat\AURORA-Analyzer\AURORA-Analyzer-Factory-Dev\AURORA-Analyzer-Factory\Scripts\Session\..\SessionCache\backup
[2026-06-30 16:57:13] [16:57:13] 🔍 执行前置检查...
[2026-06-30 16:57:13] [16:57:13] ✅ 前置检查通过
[2026-06-30 16:57:13] [16:57:13] ⚠️ 该操作需要您的确认授权才能继续
[2026-06-30 16:57:18] [syncHash] Authorized = false
[2026-06-30 16:57:20] [syncHash] Authorized = false
[2026-06-30 16:57:21] [syncHash] Authorized = false
[2026-06-30 16:57:22] [syncHash] Authorized = false
[2026-06-30 16:57:22] [syncHash] Authorized = false
[2026-06-30 16:57:26] [syncHash] Authorized = false
[2026-06-30 16:57:28] [syncHash] Authorized = false
[2026-06-30 16:57:28] [syncHash] Authorized = false
[2026-06-30 16:57:29] [syncHash] Authorized = false
[2026-06-30 16:57:30] [syncHash] Authorized = true
[2026-06-30 16:57:32] [syncHash] Authorized = true
[2026-06-30 16:57:33] [syncHash] Authorized = true
[2026-06-30 16:57:34] [syncHash] Authorized = true
[2026-06-30 16:57:35] [syncHash] Authorized = true
[2026-06-30 16:57:36] [syncHash] Authorized = true
[2026-06-30 16:57:36] [syncHash] Authorized = true
[2026-06-30 16:57:36] [syncHash] Authorized = true
[2026-06-30 16:57:37] [syncHash] Authorized = true
[2026-06-30 16:57:37] [syncHash] Authorized = true
[2026-06-30 16:57:40] [syncHash] Authorized = false
[2026-06-30 16:57:42] [syncHash] Authorized = false
[2026-06-30 16:57:43] [syncHash] Authorized = false
[2026-06-30 16:57:43] [16:57:43] ⚠️ GUI 响应超时（等待了 30 秒），继续执行...
[2026-06-30 16:57:43] [16:57:43] ✅ 指令下发成功。
[2026-06-30 16:57:44] [syncHash] Authorized = false
[2026-06-30 16:57:44] [syncHash] Authorized = false
[2026-06-30 16:57:44] [16:57:44] 
[2026-06-30 16:57:44] ================== [ 靶向自主修复方案 ] ==================
[2026-06-30 16:57:44] [16:57:44] 🚨 [A-002] 蓝屏转储
[2026-06-30 16:57:44]    [ 1 ] 查看蓝屏相关事件 (Low) [Admin] [Auth]
[2026-06-30 16:57:44]    [ 2 ] 检查Windows可靠性监视器 (Low)  [Auto]
[2026-06-30 16:57:44]    [ 3 ] 运行Windows内存诊断 (Low)  [Auto]
[2026-06-30 16:57:44]    [ 4 ] 检查驱动器完整性 (Medium) [Admin] [Auth]
[2026-06-30 16:57:44]    [ 5 ] 查看转储文件位置 (Low) [Admin] [Auth]
[2026-06-30 16:57:44] 🚨 [A-011] 磁盘错误
[2026-06-30 16:57:44]    [ 6 ] 检查磁盘状态 (Low)  [Auto]
[2026-06-30 16:57:44]    [ 7 ] 检查磁盘健康状态 (Low) [Admin] [Auth]
[2026-06-30 16:57:44]    [ 8 ] 获取SMART健康信息 (Low) [Admin] [Auth]
[2026-06-30 16:57:44]    [ 9 ] 运行CHKDSK检查C盘(警告:物理损坏时可能有风险) (High) [Admin] [Auth]
[2026-06-30 16:57:44]    [ 10 ] 查看磁盘事件日志 (Low) [Admin] [Auth]
[2026-06-30 16:57:44] 🚨 [H-001] TLS/SSL 安全协议错误
[2026-06-30 16:57:44]    [ 11 ] 查看 Schannel 错误 (Low)  [Auth]
[2026-06-30 16:57:44]    [ 12 ] 启用 TLS 1.2 (Medium) [Admin] [Auth]
[2026-06-30 16:57:44]    [ 13 ] 清除 SSL 状态 (Low)  [Auth]
[2026-06-30 16:57:44] 🚨 [D-016] Windows更新错误
[2026-06-30 16:57:44]    [ 14 ] 停止Windows更新服务 (High) [Admin] [Auth]
[2026-06-30 16:57:44]    [ 15 ] 重命名SoftwareDistribution文件夹 (High) [Admin] [Auth]
[2026-06-30 16:57:44]    [ 16 ] 重命名Catroot2文件夹 (High) [Admin] [Auth]
[2026-06-30 16:57:44]    [ 17 ] 启动Windows更新服务 (Medium) [Admin] [Auth]
[2026-06-30 16:57:44]    [ 18 ] 运行DISM和SFC修复 (Medium) [Admin] [Auth]
[2026-06-30 16:57:44]    [ 19 ] 查看Windows更新事件 (Low) [Admin] [Auth]
[2026-06-30 16:57:44] 🚨 [F-012] 服务启动失败
[2026-06-30 16:57:44]    [ 20 ] 查看所有服务状态 (Low) [Admin] [Auth]
[2026-06-30 16:57:44]    [ 21 ] 查看服务详细信息 (Low) [Admin] [Auth]
[2026-06-30 16:57:44]    [ 22 ] 查看服务控制管理器事件 (Low) [Admin] [Auth]
[2026-06-30 16:57:44]    [ 23 ] 打开服务管理器 (Low)  [Auto]
[2026-06-30 16:57:44]    [ 24 ] 启动特定服务 (Medium) [Admin] [Auth]
[2026-06-30 16:57:44] 🚨 [B-022] 外部设备无法识别
[2026-06-30 16:57:44]    [ 25 ] 查看USB设备 (Low) [Admin] [Auth]
[2026-06-30 16:57:44]    [ 26 ] 查看所有有问题的设备 (Low) [Admin] [Auth]
[2026-06-30 16:57:44]    [ 27 ] 重置USB集线器 (Low) [Admin] [Auth]
[2026-06-30 16:57:44] [16:57:44] 
[2026-06-30 16:57:44] >>> 请在下方输入 [序号] 执行修复，或直接按 [Enter] 退出引擎：
[2026-06-30 16:57:44] [syncHash] Authorized = false
[2026-06-30 16:57:45] [syncHash] Authorized = false
[2026-06-30 16:57:45] [syncHash] Authorized = false
[2026-06-30 16:57:46] [syncHash] Authorized = false
[2026-06-30 16:57:48] [syncHash] Authorized = true
[2026-06-30 16:57:48] ✅ AURORA Undo 管理器初始化完成
[2026-06-30 16:57:48]    备份目录：G:\PowerShellBat\AURORA-Analyzer\AURORA-Analyzer-Factory-Dev\AURORA-Analyzer-Factory\Scripts\Session\..\SessionCache\backup
[2026-06-30 16:57:48] [16:57:48] 🔍 执行前置检查...
[2026-06-30 16:57:48] [syncHash] Authorized = true
[2026-06-30 16:57:48] [16:57:48] ✅ 前置检查通过
[2026-06-30 16:57:49] [16:57:49] 
[2026-06-30 16:57:49] [16:57:49] 📦 Phase 4.2: 正在创建撤销保护（Undo Support）...
[2026-06-30 16:57:49] 🔧 开始修复会话：RS_20260630_165749_871
[2026-06-30 16:57:49]    类型：查看 Schannel 错误
[2026-06-30 16:57:49]    目标：查看 Schannel 错误
[2026-06-30 16:57:49] [16:57:49]    ✅ 修复会话已创建：RS_20260630_165749_871
[2026-06-30 16:57:49] ✅ 修复会话完成：RS_20260630_165749_871
[2026-06-30 16:57:49]    状态：Success
[2026-06-30 16:57:49]    执行命令数：0
[2026-06-30 16:57:49]    可撤销：❌ 否
[2026-06-30 16:57:49] [16:57:49] 
[2026-06-30 16:57:49] [16:57:49] ⚙️ 正在执行...
[2026-06-30 16:57:49] [16:57:49] ✅ 执行成功
[2026-06-30 16:57:49] [16:57:49] ⏱️ 执行时间: 0.08 秒
[2026-06-30 16:57:49] [16:57:49] 📋 执行输出:
[2026-06-30 16:57:49] [16:57:49]   ProviderName:Schannel
[2026-06-30 16:57:49] [16:57:49]   TimeCreated                      Id LevelDisplayName Message
[2026-06-30 16:57:49] [16:57:49]   -----------                      -- ---------------- -------
[2026-06-30 16:57:49] [16:57:49]   2026/6/30 星期二 8:53:13         36884 错误               从远程服务器上收到的证书不包含一个预期的名称。因此我们不能确定是否连接到了正确的服务器。预期的服务器名称为 gx-target-...
[2026-06-30 16:57:49] [16:57:49]   2026/6/30 星期二 8:53:04         36884 错误               从远程服务器上收到的证书不包含一个预期的名称。因此我们不能确定是否连接到了正确的服务器。预期的服务器名称为 gx-target-...
[2026-06-30 16:57:49] [16:57:49]   2026/6/30 星期二 8:52:59         36884 错误               从远程服务器上收到的证书不包含一个预期的名称。因此我们不能确定是否连接到了正确的服务器。预期的服务器名称为 gx-target-...
[2026-06-30 16:57:49] [16:57:49]   2026/6/30 星期二 8:52:57         36884 错误               从远程服务器上收到的证书不包含一个预期的名称。因此我们不能确定是否连接到了正确的服务器。预期的服务器名称为 gx-target-...
[2026-06-30 16:57:49] [16:57:49]   2026/6/30 星期二 8:52:53         36884 错误               从远程服务器上收到的证书不包含一个预期的名称。因此我们不能确定是否连接到了正确的服务器。预期的服务器名称为 gx-target-...
[2026-06-30 16:57:49] [16:57:49]   2026/6/30 星期二 8:52:43         36884 错误               从远程服务器上收到的证书不包含一个预期的名称。因此我们不能确定是否连接到了正确的服务器。预期的服务器名称为 device-com...
[2026-06-30 16:57:49] [16:57:49]   2026/6/30 星期二 8:52:41         36884 错误               从远程服务器上收到的证书不包含一个预期的名称。因此我们不能确定是否连接到了正确的服务器。预期的服务器名称为 datapipeli...
[2026-06-30 16:57:49] [16:57:49]    ...还有 4 行输出未显示
[2026-06-30 16:57:53] [16:57:53] 
[2026-06-30 16:57:53] ================== [ 靶向自主修复方案 ] ==================
[2026-06-30 16:57:53] [16:57:53] 🚨 [A-002] 蓝屏转储
[2026-06-30 16:57:53]    [ 1 ] 查看蓝屏相关事件 (Low) [Admin] [Auth]
[2026-06-30 16:57:53]    [ 2 ] 检查Windows可靠性监视器 (Low)  [Auto]
[2026-06-30 16:57:53]    [ 3 ] 运行Windows内存诊断 (Low)  [Auto]
[2026-06-30 16:57:53]    [ 4 ] 检查驱动器完整性 (Medium) [Admin] [Auth]
[2026-06-30 16:57:53]    [ 5 ] 查看转储文件位置 (Low) [Admin] [Auth]
[2026-06-30 16:57:53] 🚨 [A-011] 磁盘错误
[2026-06-30 16:57:53]    [ 6 ] 检查磁盘状态 (Low)  [Auto]
[2026-06-30 16:57:53]    [ 7 ] 检查磁盘健康状态 (Low) [Admin] [Auth]
[2026-06-30 16:57:53]    [ 8 ] 获取SMART健康信息 (Low) [Admin] [Auth]
[2026-06-30 16:57:53]    [ 9 ] 运行CHKDSK检查C盘(警告:物理损坏时可能有风险) (High) [Admin] [Auth]
[2026-06-30 16:57:53]    [ 10 ] 查看磁盘事件日志 (Low) [Admin] [Auth]
[2026-06-30 16:57:53] 🚨 [H-001] TLS/SSL 安全协议错误
[2026-06-30 16:57:53]    [ 11 ] 查看 Schannel 错误 (Low)  [Auth]
[2026-06-30 16:57:53]    [ 12 ] 启用 TLS 1.2 (Medium) [Admin] [Auth]
[2026-06-30 16:57:53]    [ 13 ] 清除 SSL 状态 (Low)  [Auth]
[2026-06-30 16:57:53] 🚨 [D-016] Windows更新错误
[2026-06-30 16:57:53]    [ 14 ] 停止Windows更新服务 (High) [Admin] [Auth]
[2026-06-30 16:57:53]    [ 15 ] 重命名SoftwareDistribution文件夹 (High) [Admin] [Auth]
[2026-06-30 16:57:53]    [ 16 ] 重命名Catroot2文件夹 (High) [Admin] [Auth]
[2026-06-30 16:57:53]    [ 17 ] 启动Windows更新服务 (Medium) [Admin] [Auth]
[2026-06-30 16:57:53]    [ 18 ] 运行DISM和SFC修复 (Medium) [Admin] [Auth]
[2026-06-30 16:57:53]    [ 19 ] 查看Windows更新事件 (Low) [Admin] [Auth]
[2026-06-30 16:57:53] 🚨 [F-012] 服务启动失败
[2026-06-30 16:57:53]    [ 20 ] 查看所有服务状态 (Low) [Admin] [Auth]
[2026-06-30 16:57:53]    [ 21 ] 查看服务详细信息 (Low) [Admin] [Auth]
[2026-06-30 16:57:53]    [ 22 ] 查看服务控制管理器事件 (Low) [Admin] [Auth]
[2026-06-30 16:57:53]    [ 23 ] 打开服务管理器 (Low)  [Auto]
[2026-06-30 16:57:53]    [ 24 ] 启动特定服务 (Medium) [Admin] [Auth]
[2026-06-30 16:57:53] 🚨 [B-022] 外部设备无法识别
[2026-06-30 16:57:53]    [ 25 ] 查看USB设备 (Low) [Admin] [Auth]
[2026-06-30 16:57:53]    [ 26 ] 查看所有有问题的设备 (Low) [Admin] [Auth]
[2026-06-30 16:57:53]    [ 27 ] 重置USB集线器 (Low) [Admin] [Auth]
[2026-06-30 16:57:53] [16:57:53] 
[2026-06-30 16:57:53] >>> 请在下方输入 [序号] 执行修复，或直接按 [Enter] 退出引擎：
[2026-06-30 16:58:26] >>> 正在终止...
[2026-06-30 16:58:26] [已取消]
[2026-06-30 17:20:34] >>> StartAnalysisAsync entered
[2026-06-30 17:20:35] >>> [安全警告] 引擎完整性检查失败: FILE_MISSING:CoreEngine
[2026-06-30 17:20:35] 💻 硬件评估层级: [Extreme]
[2026-06-30 17:20:35] ⚠️ 管理员权限：未获取 - 部分功能受限
[2026-06-30 17:20:35] >>> 正在执行分析...
[2026-06-30 17:20:36] [安全守卫] 正在初始化 (第 1 次)...
[2026-06-30 17:20:36] [安全守卫] baseForGuard: G:\PowerShellBat\AURORA-Analyzer\AURORA-Analyzer-Factory-Dev\AURORA-Analyzer-Factory\Scripts\Security
[2026-06-30 17:20:36] [安全守卫] rootDir: G:\PowerShellBat\AURORA-Analyzer\AURORA-Analyzer-Factory-Dev\AURORA-Analyzer-Factory
[2026-06-30 17:20:36] [安全守卫] 初始化成功
[2026-06-30 17:20:36] [诊断] 正在执行环境安全扫描...
[2026-06-30 17:20:36] [诊断] 扫描结果: NONE
[2026-06-30 17:20:36] [安全守卫] 启动环境扫描完成 - 安全
[2026-06-30 17:20:36] [安全守卫] 已启动持续性检测（每 3 秒）
[2026-06-30 17:20:36] [安全守卫] WMI 实时监控启动失败，将仅使用轮询模式
[2026-06-30 17:20:36] [PRO] Starting AURORA PRO Mode (Language: CHS)
[2026-06-30 17:20:36] [PRO] Loading Unified PRO Engine...
[2026-06-30 17:20:37] [安全守卫] 正在初始化 (第 1 次)...
[2026-06-30 17:20:37] [安全守卫] baseForGuard: G:\PowerShellBat\AURORA-Analyzer\AURORA-Analyzer-Factory-Dev\AURORA-Analyzer-Factory\Scripts\Security
[2026-06-30 17:20:37] [安全守卫] rootDir: G:\PowerShellBat\AURORA-Analyzer\AURORA-Analyzer-Factory-Dev\AURORA-Analyzer-Factory
[2026-06-30 17:20:37] [安全守卫] 初始化成功
[2026-06-30 17:20:37] [诊断] 正在执行环境安全扫描...
[2026-06-30 17:20:37] [诊断] 扫描结果: NONE
[2026-06-30 17:20:37] [安全守卫] 启动环境扫描完成 - 安全
[2026-06-30 17:20:37] [安全守卫] 已启动持续性检测（每 3 秒）
[2026-06-30 17:20:37] [安全守卫] WMI 实时监控启动失败，将仅使用轮询模式
[2026-06-30 17:20:37] [17:20:37] [Info] 正在初始化 AURORA Core Engine...
[2026-06-30 17:20:38] [17:20:38] [Info] 系统：Microsoft Windows 11 教育版 (10.0.26200)
[2026-06-30 17:20:38] [17:20:38] [Info] PowerShell: v5.1.26100.8737
[2026-06-30 17:20:38] [17:20:38] [Info] 架构：x64
[2026-06-30 17:20:38] [17:20:38] [Success] Core Engine 初始化完成
[2026-06-30 17:20:38] 🔄 检测到未完成的会话
[2026-06-30 17:20:38] ========================================
[2026-06-30 17:20:38] 会话 ID: SESSION_20260630_165245_7485
[2026-06-30 17:20:38] 已保存进度：0%
[2026-06-30 17:20:38] 当前阶段：正在导出：完整 System 日志
[2026-06-30 17:20:38] 保存时间：2026-06-30T16:56:18.6089080+08:00
[2026-06-30 17:20:38] 已挂起天数：0 天
[2026-06-30 17:20:38] ⏳ 等待用户在 GUI 上做出选择...
[2026-06-30 17:20:41] [syncHash] SessionRestarted = true
[2026-06-30 17:20:41] 🔄 用户选择重新开始，清除会话...
[2026-06-30 17:20:43] /// AURORA Analyzer Release Version ///
[2026-06-30 17:20:43] /// AURORA 2026 VelociRaptor-GR 版权所有 ///
[2026-06-30 17:20:43] /// Windows 系统事件日志导出与智能分析工具 ///
[2026-06-30 17:20:43] ///请稍后... 正在检测当前系统日期...///
[2026-06-30 17:20:43] 📅 检测完成! 当前日期为: 2026-06-30///
[2026-06-30 17:20:43] ///正在检查缓存状态...///
[2026-06-30 17:20:44] ///缓存状态检查完成!///
[2026-06-30 17:20:44] 【请选择日志类型】
[2026-06-30 17:20:44] 1: System (系统)
[2026-06-30 17:20:44] 2: Application (应用程序)
[2026-06-30 17:20:44] 3: Security (安全) - 需要管理员权限
[2026-06-30 17:20:44] 4: Setup (安装) - 需要管理员权限
[2026-06-30 17:20:44] 5: DNS Server (DNS服务器) - 需要管理员权限
[2026-06-30 17:20:44] 6: DHCP Server (DHCP服务器) - 需要管理员权限
[2026-06-30 17:20:44] 7: Active Directory (活动目录) - 需要管理员权限
[2026-06-30 17:20:44] 8: IIS (Web服务器) - 需要管理员权限
[2026-06-30 17:20:44] 💡 提示：可选择多个日志类型，用逗号或空格分隔（如：1,2 或 1 2）
[2026-06-30 17:20:44] [17:20:44] > 请进行输入: 
[2026-06-30 17:20:44] 请输入选项 (1-8)，直接回车则使用默认: System
[2026-06-30 17:20:55] 👤 [17:20:55] 你: [按下了回车 / 使用默认值]
[2026-06-30 17:20:56] ✅ 已选择日志类型: System
[2026-06-30 17:20:56] 【请选择导出模式】
[2026-06-30 17:20:56] 1: 单日导出（例如：2026-01-21）
[2026-06-30 17:20:56] 2: 日期范围导出（起止日期，格式：YYYY-MM-DD）
[2026-06-30 17:20:56] [17:20:56] > 请进行输入: 
[2026-06-30 17:20:56] 请输入选项 (1 或 2)
[2026-06-30 17:21:17] 👤 [17:21:17] 你: 2
[2026-06-30 17:21:18] [17:21:17] > 请进行输入: 
[2026-06-30 17:21:18] 请输入起始日期 (格式：YYYY-MM-DD)
[2026-06-30 17:21:31] 👤 [17:21:31] 你: 2026-01-01
[2026-06-30 17:21:31] [17:21:31] > 请进行输入: 请输入结束日期 (格式：YYYY-MM-DD)
[2026-06-30 17:21:36] 👤 [17:21:36] 你: 2026-01-15
[2026-06-30 17:21:36] 【事件过滤选项】
[2026-06-30 17:21:36] 1: 无过滤（默认）
[2026-06-30 17:21:36] 2: 按事件 ID 过滤
[2026-06-30 17:21:36] 3: 按事件提供程序过滤
[2026-06-30 17:21:36] 4: 按事件级别过滤
[2026-06-30 17:21:36] [17:21:36] > 请进行输入: 
[2026-06-30 17:21:36] 请选择过滤选项 (1-4)，直接回车则使用默认: 1
[2026-06-30 17:22:44] 👤 [17:22:44] 你: [按下了回车 / 使用默认值]
[2026-06-30 17:22:45] ⚠️ 检测到 scopes 是单个对象，正在转换为数组...
[2026-06-30 17:22:45] ✅ scopes 验证完成，共 1 个范围
[2026-06-30 17:22:45] ━━━━━━━━━━━━━━━━━━━━━━━━ 评估系统性能 ━━━━━━━━━━━━━━━━━━━━━━━━
[2026-06-30 17:22:45] 【正在评估系统性能...】
[2026-06-30 17:22:55] 处理器：11th Gen Intel(R) Core(TM) i7-11800H @ 2.30GHz 8 核心 @ 3640 MHz (基础: 2304 MHz)
[2026-06-30 17:22:55] 内存容量：31.74 GB
[2026-06-30 17:22:55] 磁盘性能分数: 50/50
[2026-06-30 17:22:55] 磁盘配置：2 个 SSD, 0 个 HDD
[2026-06-30 17:22:55] 正在计算性能分数...
[2026-06-30 17:22:55] 您的性能分数为：100/100
[2026-06-30 17:23:03] 使用最佳分块大小：6 小时/块
[2026-06-30 17:23:03] 根据系统负载使用 7/16 个线程
[2026-06-30 17:23:03] 系统负载：77%，已调整分块大小以减少系统压力
[2026-06-30 17:23:09] ✅ 知识图谱索引创建成功
[2026-06-30 17:23:09] ✅ 知识图谱加载成功，包含 9 个分类
[2026-06-30 17:23:09] 【资源优化策略】
[2026-06-30 17:23:09] 性能等级: HighPerformance
[2026-06-30 17:23:09] 日志扫描并行度: 16
[2026-06-30 17:23:09] 报告生成并行度: 12.8
[2026-06-30 17:23:09] 缓存压缩: False
[2026-06-30 17:23:09] I/O 缓冲区大小：131072 bytes
[2026-06-30 17:23:09] ━━━━━━━━━━━━━━━━━━━━━━ 扫描高危事件 + 导出 ━━━━━━━━━━━━━━━━━━━━━━
[2026-06-30 17:23:09] ========================================
[2026-06-30 17:23:09]   [1/1] 正在处理：System
[2026-06-30 17:23:09] ========================================
[2026-06-30 17:23:09] 【无匹配缓存，正在扫描所选范围内的高危事件...】
[2026-06-30 17:23:16] [系统资源监控] 并行线程数: 7, 内存使用率: 32.99%
[2026-06-30 17:23:22] 【高危事件扫描完成】共发现 0 条高危事件
[2026-06-30 17:23:22] 【扫描完成】
[2026-06-30 17:23:22] 发现：0 条严重事件，0 条错误，0 条警告（共 0 条高危事件）
[2026-06-30 17:23:22] 【系统健康评估】
[2026-06-30 17:23:22] 错误: 0 | 警告: 0 | 严重: 0
[2026-06-30 17:23:22] 健康评分: 100/100 | 健康等级: 优秀
[2026-06-30 17:23:22] 系统状态：优秀 —— 运行稳定，无明显异常！
[2026-06-30 17:23:22] 💡 未发现高危事件。
[2026-06-30 17:23:22] [17:23:22] > 请进行输入: 
[2026-06-30 17:23:22] 按 Enter 导出完整日志，或输入 'skip' 取消
[2026-06-30 17:23:33] 👤 [17:23:33] 你: [按下了回车 / 使用默认值]
[2026-06-30 17:23:33] 读取事件时出错: 指定的队列无效。
[2026-06-30 17:23:36] 数据已存入缓存...
[2026-06-30 17:23:36] 【完整 System 日志读取完成】共采集 0 条事件
[2026-06-30 17:23:36] 读取过程中遇到 1 个错误，但已尽力收集所有可用事件。
[2026-06-30 17:23:36] 【正在导出：完整 System 日志】
[2026-06-30 17:23:36] [WARN] 主动健康检查失败，通知引擎停止
[2026-06-30 17:23:37] [WARN] 主动健康检查失败，通知引擎停止
[2026-06-30 17:23:37] [WARN] 主动健康检查失败，通知引擎停止
[2026-06-30 17:23:38] [WARN] 主动健康检查失败，通知引擎停止
[2026-06-30 17:23:38] [WARN] 主动健康检查失败，通知引擎停止
[2026-06-30 17:23:38] [WARN] 主动健康检查失败，通知引擎停止
[2026-06-30 17:30:18] >>> StartAnalysisAsync entered
[2026-06-30 17:30:18] >>> [安全警告] 引擎完整性检查失败: FILE_MISSING:CoreEngine
[2026-06-30 17:30:18] 💻 硬件评估层级: [Extreme]
[2026-06-30 17:30:18] ⚠️ 管理员权限：未获取 - 部分功能受限
[2026-06-30 17:30:18] >>> 正在执行分析...
[2026-06-30 17:30:19] [安全守卫] 正在初始化 (第 1 次)...
[2026-06-30 17:30:19] [安全守卫] baseForGuard: G:\PowerShellBat\AURORA-Analyzer\AURORA-Analyzer-Factory-Dev\AURORA-Analyzer-Factory\Scripts\Security
[2026-06-30 17:30:19] [安全守卫] rootDir: G:\PowerShellBat\AURORA-Analyzer\AURORA-Analyzer-Factory-Dev\AURORA-Analyzer-Factory
[2026-06-30 17:30:19] [安全守卫] 初始化成功
[2026-06-30 17:30:19] [诊断] 正在执行环境安全扫描...
[2026-06-30 17:30:19] [诊断] 扫描结果: NONE
[2026-06-30 17:30:19] [安全守卫] 启动环境扫描完成 - 安全
[2026-06-30 17:30:19] [安全守卫] 已启动持续性检测（每 3 秒）
[2026-06-30 17:30:19] [安全守卫] WMI 实时监控启动失败，将仅使用轮询模式
[2026-06-30 17:30:19] [PRO] Starting AURORA PRO Mode (Language: CHS)
[2026-06-30 17:30:19] [PRO] Loading Unified PRO Engine...
[2026-06-30 17:30:19] [安全守卫] 正在初始化 (第 1 次)...
[2026-06-30 17:30:19] [安全守卫] baseForGuard: G:\PowerShellBat\AURORA-Analyzer\AURORA-Analyzer-Factory-Dev\AURORA-Analyzer-Factory\Scripts\Security
[2026-06-30 17:30:19] [安全守卫] rootDir: G:\PowerShellBat\AURORA-Analyzer\AURORA-Analyzer-Factory-Dev\AURORA-Analyzer-Factory
[2026-06-30 17:30:19] [安全守卫] 初始化成功
[2026-06-30 17:30:19] [诊断] 正在执行环境安全扫描...
[2026-06-30 17:30:19] [诊断] 扫描结果: NONE
[2026-06-30 17:30:19] [安全守卫] 启动环境扫描完成 - 安全
[2026-06-30 17:30:19] [安全守卫] 已启动持续性检测（每 3 秒）
[2026-06-30 17:30:19] [安全守卫] WMI 实时监控启动失败，将仅使用轮询模式
[2026-06-30 17:30:19] [17:30:19] [Info] 正在初始化 AURORA Core Engine...
[2026-06-30 17:30:21] [17:30:20] [Info] 系统：Microsoft Windows 11 教育版 (10.0.26200)
[2026-06-30 17:30:21] [17:30:20] [Info] PowerShell: v5.1.26100.8737
[2026-06-30 17:30:21] [17:30:20] [Info] 架构：x64
[2026-06-30 17:30:21] [17:30:20] [Success] Core Engine 初始化完成
[2026-06-30 17:30:21] 🔄 检测到未完成的会话
[2026-06-30 17:30:21] ========================================
[2026-06-30 17:30:21] 会话 ID: SESSION_20260630_172041_2119
[2026-06-30 17:30:21] 已保存进度：85%
[2026-06-30 17:30:21] 当前阶段：正在导出：完整 System 日志
[2026-06-30 17:30:21] 保存时间：2026-06-30T17:23:36.6686988+08:00
[2026-06-30 17:30:21] 已挂起天数：0 天
[2026-06-30 17:30:21] ⏳ 等待用户在 GUI 上做出选择...
[2026-06-30 17:30:22] [syncHash] SessionRestarted = true
[2026-06-30 17:30:22] 🔄 用户选择重新开始，清除会话...
[2026-06-30 17:30:23] /// AURORA Analyzer Release Version ///
[2026-06-30 17:30:23] /// AURORA 2026 VelociRaptor-GR 版权所有 ///
[2026-06-30 17:30:23] /// Windows 系统事件日志导出与智能分析工具 ///
[2026-06-30 17:30:23] ///请稍后... 正在检测当前系统日期...///
[2026-06-30 17:30:23] 📅 检测完成! 当前日期为: 2026-06-30///
[2026-06-30 17:30:23] ///正在检查缓存状态...///
[2026-06-30 17:30:24] ///缓存状态检查完成!///
[2026-06-30 17:30:24] 【请选择日志类型】
[2026-06-30 17:30:24] 1: System (系统)
[2026-06-30 17:30:24] 2: Application (应用程序)
[2026-06-30 17:30:24] 3: Security (安全) - 需要管理员权限
[2026-06-30 17:30:24] 4: Setup (安装) - 需要管理员权限
[2026-06-30 17:30:24] 5: DNS Server (DNS服务器) - 需要管理员权限
[2026-06-30 17:30:24] 6: DHCP Server (DHCP服务器) - 需要管理员权限
[2026-06-30 17:30:24] 7: Active Directory (活动目录) - 需要管理员权限
[2026-06-30 17:30:24] 8: IIS (Web服务器) - 需要管理员权限
[2026-06-30 17:30:24] 💡 提示：可选择多个日志类型，用逗号或空格分隔（如：1,2 或 1 2）
[2026-06-30 17:30:24] [17:30:24] > 请进行输入: 
[2026-06-30 17:30:24] 请输入选项 (1-8)，直接回车则使用默认: System
[2026-06-30 17:30:32] 👤 [17:30:32] 你: 1 2
[2026-06-30 17:30:32] ✅ 已选择日志类型: System, Application
[2026-06-30 17:30:32] 【请选择导出模式】
[2026-06-30 17:30:32] 1: 单日导出（例如：2026-01-21）
[2026-06-30 17:30:32] 2: 日期范围导出（起止日期，格式：YYYY-MM-DD）
[2026-06-30 17:30:32] [17:30:32] > 请进行输入: 
[2026-06-30 17:30:32] 请输入选项 (1 或 2)
[2026-06-30 17:30:34] 👤 [17:30:34] 你: 2
[2026-06-30 17:30:34] [17:30:34] > 请进行输入: 
[2026-06-30 17:30:34] 请输入起始日期 (格式：YYYY-MM-DD)
[2026-06-30 17:30:38] 👤 [17:30:38] 你: 2026-01-01
[2026-06-30 17:30:38] [17:30:38] > 请进行输入: 请输入结束日期 (格式：YYYY-MM-DD)
[2026-06-30 17:30:42] 👤 [17:30:42] 你: 2026-03-01
[2026-06-30 17:30:42] 【事件过滤选项】
[2026-06-30 17:30:42] 1: 无过滤（默认）
[2026-06-30 17:30:42] 2: 按事件 ID 过滤
[2026-06-30 17:30:42] 3: 按事件提供程序过滤
[2026-06-30 17:30:42] 4: 按事件级别过滤
[2026-06-30 17:30:42] [17:30:42] > 请进行输入: 
[2026-06-30 17:30:42] 请选择过滤选项 (1-4)，直接回车则使用默认: 1
[2026-06-30 17:30:43] 👤 [17:30:43] 你: [按下了回车 / 使用默认值]
[2026-06-30 17:30:43] ✅ scopes 验证完成，共 2 个范围
[2026-06-30 17:30:43] ━━━━━━━━━━━━━━━━━━━━━━━━ 评估系统性能 ━━━━━━━━━━━━━━━━━━━━━━━━
[2026-06-30 17:30:43] 【正在评估系统性能...】
[2026-06-30 17:30:47] 处理器：11th Gen Intel(R) Core(TM) i7-11800H @ 2.30GHz 8 核心 @ 4147 MHz (基础: 2304 MHz)
[2026-06-30 17:30:47] 内存容量：31.74 GB
[2026-06-30 17:30:47] 磁盘性能分数: 50/50
[2026-06-30 17:30:47] 磁盘配置：2 个 SSD, 0 个 HDD
[2026-06-30 17:30:47] 正在计算性能分数...
[2026-06-30 17:30:47] 您的性能分数为：100/100
[2026-06-30 17:30:54] 使用最佳分块大小：7 小时/块
[2026-06-30 17:30:54] 根据系统负载使用 11/16 个线程
[2026-06-30 17:31:00] ✅ 知识图谱索引创建成功
[2026-06-30 17:31:00] ✅ 知识图谱加载成功，包含 9 个分类
[2026-06-30 17:31:00] 【资源优化策略】
[2026-06-30 17:31:00] 性能等级: HighPerformance
[2026-06-30 17:31:00] 日志扫描并行度: 16
[2026-06-30 17:31:00] 报告生成并行度: 12.8
[2026-06-30 17:31:00] 缓存压缩: False
[2026-06-30 17:31:00] I/O 缓冲区大小：131072 bytes
[2026-06-30 17:31:00] ━━━━━━━━━━━━━━━━━━━━━━ 扫描高危事件 + 导出 ━━━━━━━━━━━━━━━━━━━━━━
[2026-06-30 17:31:00] 🚀 Phase 3.4 并发优化：检测到多个日志类型，启用并发处理模式...
[2026-06-30 17:31:00]    日志类型数量：2
[2026-06-30 17:31:00]    预计加速比：2x
[2026-06-30 17:31:00]    最大并发线程数：2
[2026-06-30 17:31:00] 📦 正在启动并发任务...
[2026-06-30 17:31:00] [TPL并行处理] 初始线程数: 2, 任务数: 2
[2026-06-30 17:31:00] [TPL] 开始执行任务...
[2026-06-30 17:31:00] [TPL任务] 开始执行，日志类型: System
[2026-06-30 17:31:00] [TPL任务] 参数验证通过，开始调用 Get-HighRiskEvents...
[2026-06-30 17:31:29] [TPL任务] Get-HighRiskEvents 调用完成，获取 3334 条事件
[2026-06-30 17:31:29] [TPL任务] 事件统计完成: 严重=5, 错误=1065, 警告=2222
[2026-06-30 17:31:29] [TPL] 任务执行完成
[2026-06-30 17:31:29] [TPL] 开始执行任务...
[2026-06-30 17:31:29] [TPL任务] 开始执行，日志类型: Application
[2026-06-30 17:31:29] [TPL任务] 参数验证通过，开始调用 Get-HighRiskEvents...
[2026-06-30 17:31:55] [TPL任务] Get-HighRiskEvents 调用完成，获取 445 条事件
[2026-06-30 17:31:55] [TPL任务] 事件统计完成: 严重=0, 错误=226, 警告=161
[2026-06-30 17:31:55] [TPL] 任务执行完成
[2026-06-30 17:31:55] 📊 并发任务完成，正在合并结果...
[2026-06-30 17:31:55] ✅ 并发处理完成
[2026-06-30 17:31:55] ========================================
[2026-06-30 17:31:55]   [1/2] 正在处理：System
[2026-06-30 17:31:55] ========================================
[2026-06-30 17:31:55] 【缓存信息】
[2026-06-30 17:31:55] 创建时间: 2026-06-30 17:31:27
[2026-06-30 17:31:55] 数据数量: 3292 条事件
[2026-06-30 17:31:55] 原始大小: 5.92 MB
[2026-06-30 17:31:55] 压缩大小: 5.92 MB
[2026-06-30 17:31:55] 缓存过期时间: 2026-06-30 18:01:27
[2026-06-30 17:31:55] [17:31:55] > 请进行输入: 是否使用缓存数据？(Y/N) [默认: Y]
[2026-06-30 17:32:01] 👤 [17:32:01] 你: y
[2026-06-30 17:32:01] 【使用缓存数据】
[2026-06-30 17:32:04] 【扫描完成】
[2026-06-30 17:32:04] 发现：5 条严重事件，1065 条错误，2222 条警告（共 3292 条高危事件）
[2026-06-30 17:32:04] 总日志数：8172 条
[2026-06-30 17:32:04] 【系统健康评估】
[2026-06-30 17:32:04] 错误: 1065 | 警告: 2222 | 严重: 5
[2026-06-30 17:32:04] 健康评分: 47/100 | 健康等级: 较差
[2026-06-30 17:32:04] 系统状态：较差 —— 存在大量异常，建议立即检查！
[2026-06-30 17:32:04] [17:32:04] > 请进行输入: 
[2026-06-30 17:32:04] 按 Enter 仅导出高危事件，或输入 '1' 导出完整日志
[2026-06-30 17:32:08] 👤 [17:32:08] 你: 1
[2026-06-30 17:32:24] 数据已存入缓存...
[2026-06-30 17:32:24] 【完整 System 日志读取完成】共采集 8172 条事件
[2026-06-30 17:32:24] 【正在导出：完整 System 日志】
[2026-06-30 17:32:25] 【正在执行高级日志模式分析...】
[2026-06-30 17:32:28] 摘要报告已保存至：G:\PowerShellBat\AURORA-Analyzer\AURORA-Analyzer-Factory-Dev\AURORA-Analyzer-Factory\UserLogs\系统_日志_20260101___20260301_摘要.txt
[2026-06-30 17:32:28] 已导出:
[2026-06-30 17:32:28]   CSV: G:\PowerShellBat\AURORA-Analyzer\AURORA-Analyzer-Factory-Dev\AURORA-Analyzer-Factory\UserLogs\系统_日志_20260101___20260301.csv
[2026-06-30 17:32:28]   JSON: G:\PowerShellBat\AURORA-Analyzer\AURORA-Analyzer-Factory-Dev\AURORA-Analyzer-Factory\UserLogs\系统_日志_20260101___20260301.json
[2026-06-30 17:32:28]   XML: G:\PowerShellBat\AURORA-Analyzer\AURORA-Analyzer-Factory-Dev\AURORA-Analyzer-Factory\UserLogs\系统_日志_20260101___20260301.xml
[2026-06-30 17:32:28] [17:32:28] > 请进行输入: 是否进行日志趋势分析？(Y/N) [默认: N]
[2026-06-30 17:32:31] 👤 [17:32:31] 你: y
[2026-06-30 17:32:56] 趋势分析报告已保存至：G:\PowerShellBat\AURORA-Analyzer\AURORA-Analyzer-Factory-Dev\AURORA-Analyzer-Factory\UserLogs\系统_日志_20260101_to_20260301_趋势分析.txt
[2026-06-30 17:32:56] 趋势数据已保存至：G:\PowerShellBat\AURORA-Analyzer\AURORA-Analyzer-Factory-Dev\AURORA-Analyzer-Factory\UserLogs\系统_日志_20260101_to_20260301_趋势数据.csv
[2026-06-30 17:32:56] 【趋势分析完成】
[2026-06-30 17:32:56] ========================================
[2026-06-30 17:32:56]   [2/2] 正在处理：Application
[2026-06-30 17:32:56] ========================================
[2026-06-30 17:32:56] 【缓存信息】
[2026-06-30 17:32:56] 创建时间: 2026-06-30 17:31:53
[2026-06-30 17:32:56] 数据数量: 387 条事件
[2026-06-30 17:32:56] 原始大小: 0.59 MB
[2026-06-30 17:32:56] 压缩大小: 0.59 MB
[2026-06-30 17:32:56] 缓存过期时间: 2026-06-30 18:01:53
[2026-06-30 17:32:56] [17:32:56] > 请进行输入: 是否使用缓存数据？(Y/N) [默认: Y]
[2026-06-30 17:33:03] 👤 [17:33:03] 你: y
[2026-06-30 17:33:03] 【使用缓存数据】
[2026-06-30 17:33:09] 【扫描完成】
[2026-06-30 17:33:09] 发现：0 条严重事件，226 条错误，161 条警告（共 387 条高危事件）
[2026-06-30 17:33:09] 总日志数：10775 条
[2026-06-30 17:33:09] 【系统健康评估】
[2026-06-30 17:33:09] 错误: 226 | 警告: 161 | 严重: 0
[2026-06-30 17:33:09] 健康评分: 94/100 | 健康等级: 优秀
[2026-06-30 17:33:09] 系统状态：优秀 —— 运行稳定，无明显异常！
[2026-06-30 17:33:09] 💡 使用之前选择的导出模式：Full
[2026-06-30 17:33:40] 数据已存入缓存...
[2026-06-30 17:33:40] 【完整 Application 日志读取完成】共采集 10775 条事件
[2026-06-30 17:33:40] 【正在导出：完整 Application 日志】
[2026-06-30 17:33:41] 【正在执行高级日志模式分析...】
[2026-06-30 17:33:43] 摘要报告已保存至：G:\PowerShellBat\AURORA-Analyzer\AURORA-Analyzer-Factory-Dev\AURORA-Analyzer-Factory\UserLogs\应用程序_日志_20260101___20260301_摘要.txt
[2026-06-30 17:33:45] 已导出:
[2026-06-30 17:33:45]   CSV: G:\PowerShellBat\AURORA-Analyzer\AURORA-Analyzer-Factory-Dev\AURORA-Analyzer-Factory\UserLogs\应用程序_日志_20260101___20260301.csv
[2026-06-30 17:33:45]   JSON: G:\PowerShellBat\AURORA-Analyzer\AURORA-Analyzer-Factory-Dev\AURORA-Analyzer-Factory\UserLogs\应用程序_日志_20260101___20260301.json
[2026-06-30 17:33:45]   XML: G:\PowerShellBat\AURORA-Analyzer\AURORA-Analyzer-Factory-Dev\AURORA-Analyzer-Factory\UserLogs\应用程序_日志_20260101___20260301.xml
[2026-06-30 17:34:10] 趋势分析报告已保存至：G:\PowerShellBat\AURORA-Analyzer\AURORA-Analyzer-Factory-Dev\AURORA-Analyzer-Factory\UserLogs\应用程序_日志_20260101_to_20260301_趋势分析.txt
[2026-06-30 17:34:10] 趋势数据已保存至：G:\PowerShellBat\AURORA-Analyzer\AURORA-Analyzer-Factory-Dev\AURORA-Analyzer-Factory\UserLogs\应用程序_日志_20260101_to_20260301_趋势数据.csv
[2026-06-30 17:34:10] 【趋势分析完成】
[2026-06-30 17:34:10] 🧠 正在调用 AURORA 智能诊断引擎...
[2026-06-30 17:34:10] ========================================
[2026-06-30 17:34:10]   智能诊断分析可用
[2026-06-30 17:34:10] ========================================
[2026-06-30 17:34:10] 📊 已检测到导出的 CSV 文件：
[2026-06-30 17:34:10]    位置：G:\PowerShellBat\AURORA-Analyzer\AURORA-Analyzer-Factory-Dev\AURORA-Analyzer-Factory\UserLogs
[2026-06-30 17:34:10]    文件：找到 18 个 CSV 文件
[2026-06-30 17:34:10] 🔍 智能模式将执行：
[2026-06-30 17:34:10]    ✓ 加载已导出的 CSV 文件
[2026-06-30 17:34:10]    ✓ 知识库靶向碰撞分析
[2026-06-30 17:34:10]    ✓ 提供自主修复方案
[2026-06-30 17:34:10] ⚡ 是否立即启动智能诊断分析？
[2026-06-30 17:34:10] ========================================
[2026-06-30 17:34:10] 📋 正在等待用户确认...
[2026-06-30 17:34:13] [syncHash] SmartAnalysisAuthorized = true
[2026-06-30 17:34:13] ✅ GUI 已响应智能分析请求（等待了 3400ms）
[2026-06-30 17:34:13] ✅ 用户确认，开始智能分析...
[2026-06-30 17:34:13] 📖 正在加载智能引擎...
[2026-06-30 17:34:13] [17:34:13] 🤖 正在初始化 AURORA 智能诊断与自主修复引擎...
[2026-06-30 17:34:15] [17:34:15] 🖥️ 操作系统: Microsoft Windows 11 教育版
[2026-06-30 17:34:15] [17:34:15] ⏱️ 系统连续运行时间: 32.68 小时
[2026-06-30 17:34:15] [17:34:15] ✅ 运行时间达标且未见近期崩溃。
[2026-06-30 17:34:15] 🎯 靶向锁定: 常规 24H 健康巡检 (范围: 06-29 17:34 ~ 06-30 17:34)
[2026-06-30 17:34:15] [17:34:15] ⚡ 正在从内核提取高危日志 (Critical/Error/Warning)...
[2026-06-30 17:34:15] [17:34:15] 📖 检测到 PRO 模式导出，正在读取：G:\PowerShellBat\AURORA-Analyzer\AURORA-Analyzer-Factory-Dev\AURORA-Analyzer-Factory\UserLogs
[2026-06-30 17:34:15] [17:34:15] ✅ 找到 9 个导出的 CSV 文件，正在加载...
[2026-06-30 17:34:15] [17:34:15] 📂 分析的日志类型：Application、System
[2026-06-30 17:34:15] [17:34:15]    正在加载：应用程序_日志_20260101___20260301.csv
[2026-06-30 17:34:15] [17:34:15]    正在加载：系统_日志_20260101___20260130.csv
[2026-06-30 17:34:15] [17:34:15]    正在加载：系统_日志_20260101___20260201.csv
[2026-06-30 17:34:15] [17:34:15]    正在加载：系统_日志_20260101___20260301.csv
[2026-06-30 17:34:16] [17:34:16]    正在加载：系统_日志_20260101___20260501.csv
[2026-06-30 17:34:16] [17:34:16]    正在加载：系统_日志_20260626.csv
[2026-06-30 17:34:16] [17:34:16]    正在加载：系统_日志_20260627.csv
[2026-06-30 17:34:16] [17:34:16]    正在加载：系统_日志_20260629.csv
[2026-06-30 17:34:16] [17:34:16]    正在加载：系统_日志_20260630.csv
[2026-06-30 17:34:16] [17:34:16] ✅ 已加载 3787 个事件
[2026-06-30 17:34:16] [17:34:16] 📦 成功提取并轻量化 3787 条异常事件记录。
[2026-06-30 17:34:16] [17:34:16] 🧠 正在装载并预编译 AURORA-TechData 知识图谱...
[2026-06-30 17:34:16] [17:34:16] Knowledge base cached (10.283203125.ToString('F1') KB)
[2026-06-30 17:34:16] [17:34:16] ✅ 图谱装载完成，激活 32 条诊断规则。开始极速碰撞...
[2026-06-30 17:34:16] [17:34:16] 🎯 碰撞分析完成！发现 8 类已知高危问题。
[2026-06-30 17:34:16] [17:34:16] 
[2026-06-30 17:34:16] ================== [ 靶向自主修复方案 ] ==================
[2026-06-30 17:34:16] [17:34:16] 🚨 [A-002] 蓝屏转储
[2026-06-30 17:34:16]    [ 1 ] 查看蓝屏相关事件 (Low) [Admin] [Auth]
[2026-06-30 17:34:16]    [ 2 ] 检查Windows可靠性监视器 (Low)  [Auto]
[2026-06-30 17:34:16]    [ 3 ] 运行Windows内存诊断 (Low)  [Auto]
[2026-06-30 17:34:16]    [ 4 ] 检查驱动器完整性 (Medium) [Admin] [Auth]
[2026-06-30 17:34:16]    [ 5 ] 查看转储文件位置 (Low) [Admin] [Auth]
[2026-06-30 17:34:16] 🚨 [A-011] 磁盘错误
[2026-06-30 17:34:16]    [ 6 ] 检查磁盘状态 (Low)  [Auto]
[2026-06-30 17:34:16]    [ 7 ] 检查磁盘健康状态 (Low) [Admin] [Auth]
[2026-06-30 17:34:16]    [ 8 ] 获取SMART健康信息 (Low) [Admin] [Auth]
[2026-06-30 17:34:16]    [ 9 ] 运行CHKDSK检查C盘(警告:物理损坏时可能有风险) (High) [Admin] [Auth]
[2026-06-30 17:34:16]    [ 10 ] 查看磁盘事件日志 (Low) [Admin] [Auth]
[2026-06-30 17:34:16] 🚨 [H-001] TLS/SSL 安全协议错误
[2026-06-30 17:34:16]    [ 11 ] 查看 Schannel 错误 (Low)  [Auth]
[2026-06-30 17:34:16]    [ 12 ] 启用 TLS 1.2 (Medium) [Admin] [Auth]
[2026-06-30 17:34:16]    [ 13 ] 清除 SSL 状态 (Low)  [Auth]
[2026-06-30 17:34:16] 🚨 [A-003] 程序崩溃
[2026-06-30 17:34:16]    [ 14 ] 查看应用程序崩溃事件 (Low) [Admin] [Auth]
[2026-06-30 17:34:16]    [ 15 ] 检查系统内存使用 (Low)  [Auto]
[2026-06-30 17:34:16]    [ 16 ] 清理应用程序临时文件 (Low)  [Auto]
[2026-06-30 17:34:16] 🚨 [D-016] Windows更新错误
[2026-06-30 17:34:16]    [ 17 ] 停止Windows更新服务 (High) [Admin] [Auth]
[2026-06-30 17:34:16]    [ 18 ] 重命名SoftwareDistribution文件夹 (High) [Admin] [Auth]
[2026-06-30 17:34:16]    [ 19 ] 重命名Catroot2文件夹 (High) [Admin] [Auth]
[2026-06-30 17:34:16]    [ 20 ] 启动Windows更新服务 (Medium) [Admin] [Auth]
[2026-06-30 17:34:16]    [ 21 ] 运行DISM和SFC修复 (Medium) [Admin] [Auth]
[2026-06-30 17:34:16]    [ 22 ] 查看Windows更新事件 (Low) [Admin] [Auth]
[2026-06-30 17:34:16] 🚨 [A-004] 托管代码异常
[2026-06-30 17:34:16]    [ 23 ] 查看.NET异常事件 (Low) [Admin] [Auth]
[2026-06-30 17:34:16]    [ 24 ] 检查已安装的.NET版本 (Low)  [Auto]
[2026-06-30 17:34:16]    [ 25 ] 修复.NET Framework (Medium) [Admin] [Auth]
[2026-06-30 17:34:16] 🚨 [F-012] 服务启动失败
[2026-06-30 17:34:16]    [ 26 ] 查看所有服务状态 (Low) [Admin] [Auth]
[2026-06-30 17:34:16]    [ 27 ] 查看服务详细信息 (Low) [Admin] [Auth]
[2026-06-30 17:34:16]    [ 28 ] 查看服务控制管理器事件 (Low) [Admin] [Auth]
[2026-06-30 17:34:16]    [ 29 ] 打开服务管理器 (Low)  [Auto]
[2026-06-30 17:34:16]    [ 30 ] 启动特定服务 (Medium) [Admin] [Auth]
[2026-06-30 17:34:16] 🚨 [B-022] 外部设备无法识别
[2026-06-30 17:34:16]    [ 31 ] 查看USB设备 (Low) [Admin] [Auth]
[2026-06-30 17:34:16]    [ 32 ] 查看所有有问题的设备 (Low) [Admin] [Auth]
[2026-06-30 17:34:16]    [ 33 ] 重置USB集线器 (Low) [Admin] [Auth]
[2026-06-30 17:34:16] [17:34:16] 
[2026-06-30 17:34:16] >>> 请在下方输入 [序号] 执行修复，或直接按 [Enter] 退出引擎：
[2026-06-30 17:34:16] [17:34:16] 
[2026-06-30 17:34:16] ================== [ 靶向自主修复方案 ] ==================
[2026-06-30 17:34:16] [17:34:16] 🚨 [A-002] 蓝屏转储
[2026-06-30 17:34:16]    [ 1 ] 查看蓝屏相关事件 (Low) [Admin] [Auth]
[2026-06-30 17:34:16]    [ 2 ] 检查Windows可靠性监视器 (Low)  [Auto]
[2026-06-30 17:34:16]    [ 3 ] 运行Windows内存诊断 (Low)  [Auto]
[2026-06-30 17:34:16]    [ 4 ] 检查驱动器完整性 (Medium) [Admin] [Auth]
[2026-06-30 17:34:16]    [ 5 ] 查看转储文件位置 (Low) [Admin] [Auth]
[2026-06-30 17:34:16] 🚨 [A-011] 磁盘错误
[2026-06-30 17:34:16]    [ 6 ] 检查磁盘状态 (Low)  [Auto]
[2026-06-30 17:34:16]    [ 7 ] 检查磁盘健康状态 (Low) [Admin] [Auth]
[2026-06-30 17:34:16]    [ 8 ] 获取SMART健康信息 (Low) [Admin] [Auth]
[2026-06-30 17:34:16]    [ 9 ] 运行CHKDSK检查C盘(警告:物理损坏时可能有风险) (High) [Admin] [Auth]
[2026-06-30 17:34:16]    [ 10 ] 查看磁盘事件日志 (Low) [Admin] [Auth]
[2026-06-30 17:34:16] 🚨 [H-001] TLS/SSL 安全协议错误
[2026-06-30 17:34:16]    [ 11 ] 查看 Schannel 错误 (Low)  [Auth]
[2026-06-30 17:34:16]    [ 12 ] 启用 TLS 1.2 (Medium) [Admin] [Auth]
[2026-06-30 17:34:16]    [ 13 ] 清除 SSL 状态 (Low)  [Auth]
[2026-06-30 17:34:16] 🚨 [A-003] 程序崩溃
[2026-06-30 17:34:16]    [ 14 ] 查看应用程序崩溃事件 (Low) [Admin] [Auth]
[2026-06-30 17:34:16]    [ 15 ] 检查系统内存使用 (Low)  [Auto]
[2026-06-30 17:34:16]    [ 16 ] 清理应用程序临时文件 (Low)  [Auto]
[2026-06-30 17:34:16] 🚨 [D-016] Windows更新错误
[2026-06-30 17:34:16]    [ 17 ] 停止Windows更新服务 (High) [Admin] [Auth]
[2026-06-30 17:34:16]    [ 18 ] 重命名SoftwareDistribution文件夹 (High) [Admin] [Auth]
[2026-06-30 17:34:16]    [ 19 ] 重命名Catroot2文件夹 (High) [Admin] [Auth]
[2026-06-30 17:34:16]    [ 20 ] 启动Windows更新服务 (Medium) [Admin] [Auth]
[2026-06-30 17:34:16]    [ 21 ] 运行DISM和SFC修复 (Medium) [Admin] [Auth]
[2026-06-30 17:34:16]    [ 22 ] 查看Windows更新事件 (Low) [Admin] [Auth]
[2026-06-30 17:34:16] 🚨 [A-004] 托管代码异常
[2026-06-30 17:34:16]    [ 23 ] 查看.NET异常事件 (Low) [Admin] [Auth]
[2026-06-30 17:34:16]    [ 24 ] 检查已安装的.NET版本 (Low)  [Auto]
[2026-06-30 17:34:16]    [ 25 ] 修复.NET Framework (Medium) [Admin] [Auth]
[2026-06-30 17:34:16] 🚨 [F-012] 服务启动失败
[2026-06-30 17:34:16]    [ 26 ] 查看所有服务状态 (Low) [Admin] [Auth]
[2026-06-30 17:34:16]    [ 27 ] 查看服务详细信息 (Low) [Admin] [Auth]
[2026-06-30 17:34:16]    [ 28 ] 查看服务控制管理器事件 (Low) [Admin] [Auth]
[2026-06-30 17:34:16]    [ 29 ] 打开服务管理器 (Low)  [Auto]
[2026-06-30 17:34:16]    [ 30 ] 启动特定服务 (Medium) [Admin] [Auth]
[2026-06-30 17:34:16] 🚨 [B-022] 外部设备无法识别
[2026-06-30 17:34:16]    [ 31 ] 查看USB设备 (Low) [Admin] [Auth]
[2026-06-30 17:34:16]    [ 32 ] 查看所有有问题的设备 (Low) [Admin] [Auth]
[2026-06-30 17:34:16]    [ 33 ] 重置USB集线器 (Low) [Admin] [Auth]
[2026-06-30 17:34:16] [17:34:16] 
[2026-06-30 17:34:16] >>> 请在下方输入 [序号] 执行修复，或直接按 [Enter] 退出引擎：
[2026-06-30 17:34:38] 👤 [17:34:38] 你: 15
[2026-06-30 17:34:38] [17:34:38] ⚙️ 正在执行防线修复: 检查系统内存使用 ...
[2026-06-30 17:34:39] ✅ AURORA Undo 管理器初始化完成
[2026-06-30 17:34:39]    备份目录：G:\PowerShellBat\AURORA-Analyzer\AURORA-Analyzer-Factory-Dev\AURORA-Analyzer-Factory\Scripts\Session\..\SessionCache\backup
[2026-06-30 17:34:39] [17:34:39] 🔍 执行前置检查...
[2026-06-30 17:34:39] [17:34:39] ✅ 前置检查通过
[2026-06-30 17:34:39] [17:34:39] 
[2026-06-30 17:34:39] [17:34:39] 📦 Phase 4.2: 正在创建撤销保护（Undo Support）...
[2026-06-30 17:34:39] 🔧 开始修复会话：RS_20260630_173439_110
[2026-06-30 17:34:39]    类型：检查系统内存使用
[2026-06-30 17:34:39]    目标：检查系统内存使用
[2026-06-30 17:34:39] [17:34:39]    ✅ 修复会话已创建：RS_20260630_173439_110
[2026-06-30 17:34:39] ✅ 修复会话完成：RS_20260630_173439_110
[2026-06-30 17:34:39]    状态：Success
[2026-06-30 17:34:39]    执行命令数：0
[2026-06-30 17:34:39]    可撤销：❌ 否
[2026-06-30 17:34:39] [17:34:39] 
[2026-06-30 17:34:40] [17:34:40] ⚙️ 正在执行...
[2026-06-30 17:34:40] [17:34:40] ✅ 执行成功
[2026-06-30 17:34:40] [17:34:40] ⏱️ 执行时间: 0.08 秒
[2026-06-30 17:34:40] [17:34:40] 📋 执行输出:
[2026-06-30 17:34:40] [17:34:40]   Name                    Memory(MB)
[2026-06-30 17:34:40] [17:34:40]   ----                    ----------
[2026-06-30 17:34:40] [17:34:40]   explorer                    504.25
[2026-06-30 17:34:40] [17:34:40]   AURORA.Wpf                  384.46
[2026-06-30 17:34:40] [17:34:40]   Memory Compression          376.91
[2026-06-30 17:34:40] [17:34:40]   PowerToys.PowerLauncher     272.52
[2026-06-30 17:34:40] [17:34:40]   dwm                         260.79
[2026-06-30 17:34:40] [17:34:40]   msedge                      253.44
[2026-06-30 17:34:40] [17:34:40]   msedge                      241.41
[2026-06-30 17:34:40] [17:34:40]   SunloginClient              224.29
[2026-06-30 17:34:40] [17:34:40]    ...还有 2 行输出未显示
[2026-06-30 17:34:43] [17:34:43] ✅ 指令下发成功。
[2026-06-30 17:34:44] [17:34:44] 
[2026-06-30 17:34:44] ================== [ 靶向自主修复方案 ] ==================
[2026-06-30 17:34:44] [17:34:44] 🚨 [A-002] 蓝屏转储
[2026-06-30 17:34:44]    [ 1 ] 查看蓝屏相关事件 (Low) [Admin] [Auth]
[2026-06-30 17:34:44]    [ 2 ] 检查Windows可靠性监视器 (Low)  [Auto]
[2026-06-30 17:34:44]    [ 3 ] 运行Windows内存诊断 (Low)  [Auto]
[2026-06-30 17:34:44]    [ 4 ] 检查驱动器完整性 (Medium) [Admin] [Auth]
[2026-06-30 17:34:44]    [ 5 ] 查看转储文件位置 (Low) [Admin] [Auth]
[2026-06-30 17:34:44] 🚨 [A-011] 磁盘错误
[2026-06-30 17:34:44]    [ 6 ] 检查磁盘状态 (Low)  [Auto]
[2026-06-30 17:34:44]    [ 7 ] 检查磁盘健康状态 (Low) [Admin] [Auth]
[2026-06-30 17:34:44]    [ 8 ] 获取SMART健康信息 (Low) [Admin] [Auth]
[2026-06-30 17:34:44]    [ 9 ] 运行CHKDSK检查C盘(警告:物理损坏时可能有风险) (High) [Admin] [Auth]
[2026-06-30 17:34:44]    [ 10 ] 查看磁盘事件日志 (Low) [Admin] [Auth]
[2026-06-30 17:34:44] 🚨 [H-001] TLS/SSL 安全协议错误
[2026-06-30 17:34:44]    [ 11 ] 查看 Schannel 错误 (Low)  [Auth]
[2026-06-30 17:34:44]    [ 12 ] 启用 TLS 1.2 (Medium) [Admin] [Auth]
[2026-06-30 17:34:44]    [ 13 ] 清除 SSL 状态 (Low)  [Auth]
[2026-06-30 17:34:44] 🚨 [A-003] 程序崩溃
[2026-06-30 17:34:44]    [ 14 ] 查看应用程序崩溃事件 (Low) [Admin] [Auth]
[2026-06-30 17:34:44]    [ 15 ] 检查系统内存使用 (Low)  [Auto]
[2026-06-30 17:34:44]    [ 16 ] 清理应用程序临时文件 (Low)  [Auto]
[2026-06-30 17:34:44] 🚨 [D-016] Windows更新错误
[2026-06-30 17:34:44]    [ 17 ] 停止Windows更新服务 (High) [Admin] [Auth]
[2026-06-30 17:34:44]    [ 18 ] 重命名SoftwareDistribution文件夹 (High) [Admin] [Auth]
[2026-06-30 17:34:44]    [ 19 ] 重命名Catroot2文件夹 (High) [Admin] [Auth]
[2026-06-30 17:34:44]    [ 20 ] 启动Windows更新服务 (Medium) [Admin] [Auth]
[2026-06-30 17:34:44]    [ 21 ] 运行DISM和SFC修复 (Medium) [Admin] [Auth]
[2026-06-30 17:34:44]    [ 22 ] 查看Windows更新事件 (Low) [Admin] [Auth]
[2026-06-30 17:34:44] 🚨 [A-004] 托管代码异常
[2026-06-30 17:34:44]    [ 23 ] 查看.NET异常事件 (Low) [Admin] [Auth]
[2026-06-30 17:34:44]    [ 24 ] 检查已安装的.NET版本 (Low)  [Auto]
[2026-06-30 17:34:44]    [ 25 ] 修复.NET Framework (Medium) [Admin] [Auth]
[2026-06-30 17:34:44] 🚨 [F-012] 服务启动失败
[2026-06-30 17:34:44]    [ 26 ] 查看所有服务状态 (Low) [Admin] [Auth]
[2026-06-30 17:34:44]    [ 27 ] 查看服务详细信息 (Low) [Admin] [Auth]
[2026-06-30 17:34:44]    [ 28 ] 查看服务控制管理器事件 (Low) [Admin] [Auth]
[2026-06-30 17:34:44]    [ 29 ] 打开服务管理器 (Low)  [Auto]
[2026-06-30 17:34:44]    [ 30 ] 启动特定服务 (Medium) [Admin] [Auth]
[2026-06-30 17:34:44] 🚨 [B-022] 外部设备无法识别
[2026-06-30 17:34:44]    [ 31 ] 查看USB设备 (Low) [Admin] [Auth]
[2026-06-30 17:34:44]    [ 32 ] 查看所有有问题的设备 (Low) [Admin] [Auth]
[2026-06-30 17:34:44]    [ 33 ] 重置USB集线器 (Low) [Admin] [Auth]
[2026-06-30 17:34:44] [17:34:44] 
[2026-06-30 17:34:44] >>> 请在下方输入 [序号] 执行修复，或直接按 [Enter] 退出引擎：
[2026-06-30 17:34:57] 👤 [17:34:57] 你: 16
[2026-06-30 17:34:57] [17:34:57] ⚙️ 正在执行防线修复: 清理应用程序临时文件 ...
[2026-06-30 17:34:57] ✅ AURORA Undo 管理器初始化完成
[2026-06-30 17:34:57]    备份目录：G:\PowerShellBat\AURORA-Analyzer\AURORA-Analyzer-Factory-Dev\AURORA-Analyzer-Factory\Scripts\Session\..\SessionCache\backup
[2026-06-30 17:34:57] [17:34:57] 🔍 执行前置检查...
[2026-06-30 17:34:57] [17:34:57] ✅ 前置检查通过
[2026-06-30 17:34:58] [17:34:58] 
[2026-06-30 17:34:58] [17:34:58] 📦 Phase 4.2: 正在创建撤销保护（Undo Support）...
[2026-06-30 17:34:58] 🔧 开始修复会话：RS_20260630_173458_493
[2026-06-30 17:34:58]    类型：清理应用程序临时文件
[2026-06-30 17:34:58]    目标：清理应用程序临时文件
[2026-06-30 17:34:58] [17:34:58]    ✅ 修复会话已创建：RS_20260630_173458_493
[2026-06-30 17:34:58] ✅ 修复会话完成：RS_20260630_173458_493
[2026-06-30 17:34:58]    状态：Success
[2026-06-30 17:34:58]    执行命令数：0
[2026-06-30 17:34:58]    可撤销：❌ 否
[2026-06-30 17:34:58] [17:34:58] 
[2026-06-30 17:34:58] [17:34:58] ⚙️ 正在执行...
[2026-06-30 17:34:58] [17:34:58] ✅ 执行成功
[2026-06-30 17:34:58] [17:34:58] ⏱️ 执行时间: 0.12 秒
[2026-06-30 17:35:01] [17:35:01] ✅ 指令下发成功。
[2026-06-30 17:35:02] [17:35:02] 
[2026-06-30 17:35:02] ================== [ 靶向自主修复方案 ] ==================
[2026-06-30 17:35:02] [17:35:02] 🚨 [A-002] 蓝屏转储
[2026-06-30 17:35:02]    [ 1 ] 查看蓝屏相关事件 (Low) [Admin] [Auth]
[2026-06-30 17:35:02]    [ 2 ] 检查Windows可靠性监视器 (Low)  [Auto]
[2026-06-30 17:35:02]    [ 3 ] 运行Windows内存诊断 (Low)  [Auto]
[2026-06-30 17:35:02]    [ 4 ] 检查驱动器完整性 (Medium) [Admin] [Auth]
[2026-06-30 17:35:02]    [ 5 ] 查看转储文件位置 (Low) [Admin] [Auth]
[2026-06-30 17:35:02] 🚨 [A-011] 磁盘错误
[2026-06-30 17:35:02]    [ 6 ] 检查磁盘状态 (Low)  [Auto]
[2026-06-30 17:35:02]    [ 7 ] 检查磁盘健康状态 (Low) [Admin] [Auth]
[2026-06-30 17:35:02]    [ 8 ] 获取SMART健康信息 (Low) [Admin] [Auth]
[2026-06-30 17:35:02]    [ 9 ] 运行CHKDSK检查C盘(警告:物理损坏时可能有风险) (High) [Admin] [Auth]
[2026-06-30 17:35:02]    [ 10 ] 查看磁盘事件日志 (Low) [Admin] [Auth]
[2026-06-30 17:35:02] 🚨 [H-001] TLS/SSL 安全协议错误
[2026-06-30 17:35:02]    [ 11 ] 查看 Schannel 错误 (Low)  [Auth]
[2026-06-30 17:35:02]    [ 12 ] 启用 TLS 1.2 (Medium) [Admin] [Auth]
[2026-06-30 17:35:02]    [ 13 ] 清除 SSL 状态 (Low)  [Auth]
[2026-06-30 17:35:02] 🚨 [A-003] 程序崩溃
[2026-06-30 17:35:02]    [ 14 ] 查看应用程序崩溃事件 (Low) [Admin] [Auth]
[2026-06-30 17:35:02]    [ 15 ] 检查系统内存使用 (Low)  [Auto]
[2026-06-30 17:35:02]    [ 16 ] 清理应用程序临时文件 (Low)  [Auto]
[2026-06-30 17:35:02] 🚨 [D-016] Windows更新错误
[2026-06-30 17:35:02]    [ 17 ] 停止Windows更新服务 (High) [Admin] [Auth]
[2026-06-30 17:35:02]    [ 18 ] 重命名SoftwareDistribution文件夹 (High) [Admin] [Auth]
[2026-06-30 17:35:02]    [ 19 ] 重命名Catroot2文件夹 (High) [Admin] [Auth]
[2026-06-30 17:35:02]    [ 20 ] 启动Windows更新服务 (Medium) [Admin] [Auth]
[2026-06-30 17:35:02]    [ 21 ] 运行DISM和SFC修复 (Medium) [Admin] [Auth]
[2026-06-30 17:35:02]    [ 22 ] 查看Windows更新事件 (Low) [Admin] [Auth]
[2026-06-30 17:35:02] 🚨 [A-004] 托管代码异常
[2026-06-30 17:35:02]    [ 23 ] 查看.NET异常事件 (Low) [Admin] [Auth]
[2026-06-30 17:35:02]    [ 24 ] 检查已安装的.NET版本 (Low)  [Auto]
[2026-06-30 17:35:02]    [ 25 ] 修复.NET Framework (Medium) [Admin] [Auth]
[2026-06-30 17:35:02] 🚨 [F-012] 服务启动失败
[2026-06-30 17:35:02]    [ 26 ] 查看所有服务状态 (Low) [Admin] [Auth]
[2026-06-30 17:35:02]    [ 27 ] 查看服务详细信息 (Low) [Admin] [Auth]
[2026-06-30 17:35:02]    [ 28 ] 查看服务控制管理器事件 (Low) [Admin] [Auth]
[2026-06-30 17:35:02]    [ 29 ] 打开服务管理器 (Low)  [Auto]
[2026-06-30 17:35:02]    [ 30 ] 启动特定服务 (Medium) [Admin] [Auth]
[2026-06-30 17:35:02] 🚨 [B-022] 外部设备无法识别
[2026-06-30 17:35:02]    [ 31 ] 查看USB设备 (Low) [Admin] [Auth]
[2026-06-30 17:35:02]    [ 32 ] 查看所有有问题的设备 (Low) [Admin] [Auth]
[2026-06-30 17:35:02]    [ 33 ] 重置USB集线器 (Low) [Admin] [Auth]
[2026-06-30 17:35:02] [17:35:02] 
[2026-06-30 17:35:02] >>> 请在下方输入 [序号] 执行修复，或直接按 [Enter] 退出引擎：
[2026-06-30 17:35:07] 👤 [17:35:07] 你: 22
[2026-06-30 17:35:07] [17:35:07] ⚙️ 正在执行防线修复: 查看Windows更新事件 ...
[2026-06-30 17:35:07] ✅ AURORA Undo 管理器初始化完成
[2026-06-30 17:35:07]    备份目录：G:\PowerShellBat\AURORA-Analyzer\AURORA-Analyzer-Factory-Dev\AURORA-Analyzer-Factory\Scripts\Session\..\SessionCache\backup
[2026-06-30 17:35:07] [17:35:07] 🔍 执行前置检查...
[2026-06-30 17:35:08] [17:35:08] ❌ 需要管理员权限！请以管理员身份重新运行 AURORA。\n提示：右键点击 AURORA-Analyzer.exe，选择'以管理员身份运行'
[2026-06-30 17:35:09] [syncHash] ElevationAuthorized = true (engine-triggered, restarting)
[2026-06-30 17:35:10] [17:35:10] ✅ 指令下发成功。
[2026-06-30 17:35:10] >>> 正在终止...
[2026-06-30 17:35:39] >>> StartAnalysisAsync entered
[2026-06-30 17:35:39] >>> [安全警告] 引擎完整性检查失败: FILE_MISSING:CoreEngine
[2026-06-30 17:35:39] 💻 硬件评估层级: [Extreme]
[2026-06-30 17:35:39] ✅ 管理员权限：已获取 - 全部功能可用
[2026-06-30 17:35:39] >>> 正在执行分析...
[2026-06-30 17:35:39] >>> 启动智能诊断与自主修复模式引擎...
[2026-06-30 17:35:40] [17:35:40] 🤖 正在初始化 AURORA 智能诊断与自主修复引擎...
[2026-06-30 17:35:41] [17:35:41] 🖥️ 操作系统: Microsoft Windows 11 教育版
[2026-06-30 17:35:41] [17:35:41] ⏱️ 系统连续运行时间: 32.7 小时
[2026-06-30 17:35:41] [17:35:41] ✅ 运行时间达标且未见近期崩溃。
[2026-06-30 17:35:41] 🎯 靶向锁定: 常规 24H 健康巡检 (范围: 06-29 17:35 ~ 06-30 17:35)
[2026-06-30 17:35:41] [17:35:41] 📋 发现 2 个蓝屏转储文件，正在解析关键信息...
[2026-06-30 17:35:41] [17:35:41] ✅ Minidump 分析完成，共分析 2 个文件
[2026-06-30 17:35:41] [17:35:41] ⚡ 正在从内核提取高危日志 (Critical/Error/Warning)...
[2026-06-30 17:35:41] [17:35:41] 🔍 正在从系统实时提取日志...
[2026-06-30 17:35:41] [17:35:41] 📦 成功提取并轻量化 109 条异常事件记录。
[2026-06-30 17:35:41] [17:35:41] 🧠 正在装载并预编译 AURORA-TechData 知识图谱...
[2026-06-30 17:35:42] [17:35:42] Knowledge base cached (10.283203125.ToString('F1') KB)
[2026-06-30 17:35:42] [17:35:42] ✅ 图谱装载完成，激活 32 条诊断规则。开始极速碰撞...
[2026-06-30 17:35:42] [17:35:42] 🎯 碰撞分析完成！发现 3 类已知高危问题。
[2026-06-30 17:35:42] [17:35:42] 
[2026-06-30 17:35:42] ================== [ 靶向自主修复方案 ] ==================
[2026-06-30 17:35:42] [17:35:42] 🚨 [H-001] TLS/SSL 安全协议错误
[2026-06-30 17:35:42]    [ 1 ] 查看 Schannel 错误 (Low)  [Auth]
[2026-06-30 17:35:42]    [ 2 ] 启用 TLS 1.2 (Medium) [Admin] [Auth]
[2026-06-30 17:35:42]    [ 3 ] 清除 SSL 状态 (Low)  [Auth]
[2026-06-30 17:35:42] 🚨 [A-003] 程序崩溃
[2026-06-30 17:35:42]    [ 4 ] 查看应用程序崩溃事件 (Low) [Admin] [Auth]
[2026-06-30 17:35:42]    [ 5 ] 检查系统内存使用 (Low)  [Auto]
[2026-06-30 17:35:42]    [ 6 ] 清理应用程序临时文件 (Low)  [Auto]
[2026-06-30 17:35:42] 🚨 [A-004] 托管代码异常
[2026-06-30 17:35:42]    [ 7 ] 查看.NET异常事件 (Low) [Admin] [Auth]
[2026-06-30 17:35:42]    [ 8 ] 检查已安装的.NET版本 (Low)  [Auto]
[2026-06-30 17:35:42]    [ 9 ] 修复.NET Framework (Medium) [Admin] [Auth]
[2026-06-30 17:35:42] [17:35:42] 
[2026-06-30 17:35:42] >>> 请在下方输入 [序号] 执行修复，或直接按 [Enter] 退出引擎：
[2026-06-30 17:35:42] [17:35:42] 
[2026-06-30 17:35:42] ================== [ 靶向自主修复方案 ] ==================
[2026-06-30 17:35:42] [17:35:42] 🚨 [H-001] TLS/SSL 安全协议错误
[2026-06-30 17:35:42]    [ 1 ] 查看 Schannel 错误 (Low)  [Auth]
[2026-06-30 17:35:42]    [ 2 ] 启用 TLS 1.2 (Medium) [Admin] [Auth]
[2026-06-30 17:35:42]    [ 3 ] 清除 SSL 状态 (Low)  [Auth]
[2026-06-30 17:35:42] 🚨 [A-003] 程序崩溃
[2026-06-30 17:35:42]    [ 4 ] 查看应用程序崩溃事件 (Low) [Admin] [Auth]
[2026-06-30 17:35:42]    [ 5 ] 检查系统内存使用 (Low)  [Auto]
[2026-06-30 17:35:42]    [ 6 ] 清理应用程序临时文件 (Low)  [Auto]
[2026-06-30 17:35:42] 🚨 [A-004] 托管代码异常
[2026-06-30 17:35:42]    [ 7 ] 查看.NET异常事件 (Low) [Admin] [Auth]
[2026-06-30 17:35:42]    [ 8 ] 检查已安装的.NET版本 (Low)  [Auto]
[2026-06-30 17:35:42]    [ 9 ] 修复.NET Framework (Medium) [Admin] [Auth]
[2026-06-30 17:35:42] [17:35:42] 
[2026-06-30 17:35:42] >>> 请在下方输入 [序号] 执行修复，或直接按 [Enter] 退出引擎：
[2026-06-30 17:35:59] 👤 [17:35:59] 你: 5
[2026-06-30 17:35:59] [17:35:59] ⚙️ 正在执行防线修复: 检查系统内存使用 ...
[2026-06-30 17:35:59] ✅ AURORA Undo 管理器初始化完成
[2026-06-30 17:35:59]    备份目录：G:\PowerShellBat\AURORA-Analyzer\AURORA-Analyzer-Factory-Dev\AURORA-Analyzer-Factory\Scripts\Session\..\SessionCache\backup
[2026-06-30 17:35:59] [17:35:59] 🔍 执行前置检查...
[2026-06-30 17:35:59] [17:35:59] ✅ 前置检查通过
[2026-06-30 17:36:00] [17:36:00] 
[2026-06-30 17:36:00] [17:36:00] 📦 Phase 4.2: 正在创建撤销保护（Undo Support）...
[2026-06-30 17:36:00] 🔧 开始修复会话：RS_20260630_173600_160
[2026-06-30 17:36:00]    类型：检查系统内存使用
[2026-06-30 17:36:00]    目标：检查系统内存使用
[2026-06-30 17:36:00] [17:36:00]    ✅ 修复会话已创建：RS_20260630_173600_160
[2026-06-30 17:36:00] ✅ 修复会话完成：RS_20260630_173600_160
[2026-06-30 17:36:00]    状态：Success
[2026-06-30 17:36:00]    执行命令数：0
[2026-06-30 17:36:00]    可撤销：❌ 否
[2026-06-30 17:36:00] [17:36:00] 
[2026-06-30 17:36:00] [17:36:00] ⚙️ 正在执行...
[2026-06-30 17:36:00] [17:36:00] ✅ 执行成功
[2026-06-30 17:36:00] [17:36:00] ⏱️ 执行时间: 0.10 秒
[2026-06-30 17:36:00] [17:36:00] 📋 执行输出:
[2026-06-30 17:36:00] [17:36:00]   Name                    Memory(MB)
[2026-06-30 17:36:00] [17:36:00]   ----                    ----------
[2026-06-30 17:36:00] [17:36:00]   explorer                    504.79
[2026-06-30 17:36:00] [17:36:00]   Memory Compression          370.12
[2026-06-30 17:36:00] [17:36:00]   PowerToys.PowerLauncher     272.56
[2026-06-30 17:36:00] [17:36:00]   dwm                         262.04
[2026-06-30 17:36:00] [17:36:00]   msedge                      253.43
[2026-06-30 17:36:00] [17:36:00]   msedge                      241.71
[2026-06-30 17:36:00] [17:36:00]   SunloginClient              224.33
[2026-06-30 17:36:00] [17:36:00]   Taskmgr                     221.28
[2026-06-30 17:36:00] [17:36:00]    ...还有 2 行输出未显示
[2026-06-30 17:36:03] [17:36:03] ✅ 指令下发成功。
[2026-06-30 17:36:04] [17:36:04] 
[2026-06-30 17:36:04] ================== [ 靶向自主修复方案 ] ==================
[2026-06-30 17:36:04] [17:36:04] 🚨 [H-001] TLS/SSL 安全协议错误
[2026-06-30 17:36:04]    [ 1 ] 查看 Schannel 错误 (Low)  [Auth]
[2026-06-30 17:36:04]    [ 2 ] 启用 TLS 1.2 (Medium) [Admin] [Auth]
[2026-06-30 17:36:04]    [ 3 ] 清除 SSL 状态 (Low)  [Auth]
[2026-06-30 17:36:04] 🚨 [A-003] 程序崩溃
[2026-06-30 17:36:04]    [ 4 ] 查看应用程序崩溃事件 (Low) [Admin] [Auth]
[2026-06-30 17:36:04]    [ 5 ] 检查系统内存使用 (Low)  [Auto]
[2026-06-30 17:36:04]    [ 6 ] 清理应用程序临时文件 (Low)  [Auto]
[2026-06-30 17:36:04] 🚨 [A-004] 托管代码异常
[2026-06-30 17:36:04]    [ 7 ] 查看.NET异常事件 (Low) [Admin] [Auth]
[2026-06-30 17:36:04]    [ 8 ] 检查已安装的.NET版本 (Low)  [Auto]
[2026-06-30 17:36:04]    [ 9 ] 修复.NET Framework (Medium) [Admin] [Auth]
[2026-06-30 17:36:04] [17:36:04] 
[2026-06-30 17:36:04] >>> 请在下方输入 [序号] 执行修复，或直接按 [Enter] 退出引擎：
[2026-06-30 17:36:10] >>> 正在终止...
[2026-06-30 17:36:10] [已取消]
[2026-06-30 17:49:36] >>> StartAnalysisAsync entered
[2026-06-30 17:49:36] >>> [安全警告] 引擎完整性检查失败: FILE_MISSING:CoreEngine
[2026-06-30 17:49:36] 💻 硬件评估层级: [Extreme]
[2026-06-30 17:49:36] ⚠️ 管理员权限：未获取 - 部分功能受限
[2026-06-30 17:49:36] >>> 正在执行分析...
[2026-06-30 17:49:37] [安全守卫] 正在初始化 (第 1 次)...
[2026-06-30 17:49:37] [安全守卫] baseForGuard: G:\PowerShellBat\AURORA-Analyzer\AURORA-Analyzer-Factory-Dev\AURORA-Analyzer-Factory\Scripts\Security
[2026-06-30 17:49:37] [安全守卫] rootDir: G:\PowerShellBat\AURORA-Analyzer\AURORA-Analyzer-Factory-Dev\AURORA-Analyzer-Factory
[2026-06-30 17:49:37] [安全守卫] 初始化成功
[2026-06-30 17:49:37] [诊断] 正在执行环境安全扫描...
[2026-06-30 17:49:37] [诊断] 扫描结果: NONE
[2026-06-30 17:49:37] [安全守卫] 启动环境扫描完成 - 安全
[2026-06-30 17:49:37] [安全守卫] 已启动持续性检测（每 3 秒）
[2026-06-30 17:49:37] [安全守卫] WMI 实时监控启动失败，将仅使用轮询模式
[2026-06-30 17:49:37] [PRO] Starting AURORA PRO Mode (Language: CHS)
[2026-06-30 17:49:37] [PRO] Loading Unified PRO Engine...
[2026-06-30 17:49:38] [安全守卫] 正在初始化 (第 1 次)...
[2026-06-30 17:49:38] [安全守卫] baseForGuard: G:\PowerShellBat\AURORA-Analyzer\AURORA-Analyzer-Factory-Dev\AURORA-Analyzer-Factory\Scripts\Security
[2026-06-30 17:49:38] [安全守卫] rootDir: G:\PowerShellBat\AURORA-Analyzer\AURORA-Analyzer-Factory-Dev\AURORA-Analyzer-Factory
[2026-06-30 17:49:38] [安全守卫] 初始化成功
[2026-06-30 17:49:38] [诊断] 正在执行环境安全扫描...
[2026-06-30 17:49:38] [诊断] 扫描结果: NONE
[2026-06-30 17:49:38] [安全守卫] 启动环境扫描完成 - 安全
[2026-06-30 17:49:38] [安全守卫] 已启动持续性检测（每 3 秒）
[2026-06-30 17:49:38] [安全守卫] WMI 实时监控启动失败，将仅使用轮询模式
[2026-06-30 17:49:38] [17:49:38] [Info] 正在初始化 AURORA Core Engine...
[2026-06-30 17:49:39] [17:49:39] [Info] 系统：Microsoft Windows 11 教育版 (10.0.26200)
[2026-06-30 17:49:39] [17:49:39] [Info] PowerShell: v5.1.26100.8737
[2026-06-30 17:49:39] [17:49:39] [Info] 架构：x64
[2026-06-30 17:49:39] [17:49:39] [Success] Core Engine 初始化完成
[2026-06-30 17:49:39] 🔄 检测到未完成的会话
[2026-06-30 17:49:39] ========================================
[2026-06-30 17:49:40] 会话 ID: SESSION_20260630_173022_6777
[2026-06-30 17:49:40] 已保存进度：0%
[2026-06-30 17:49:40] 当前阶段：正在导出：完整 Application 日志
[2026-06-30 17:49:40] 保存时间：2026-06-30T17:34:10.0400711+08:00
[2026-06-30 17:49:40] 已挂起天数：0 天
[2026-06-30 17:49:40] ⏳ 等待用户在 GUI 上做出选择...
[2026-06-30 17:49:42] [syncHash] SessionRestarted = true
[2026-06-30 17:49:42] 🔄 用户选择重新开始，清除会话...
[2026-06-30 17:49:43] /// AURORA Analyzer Release Version ///
[2026-06-30 17:49:43] /// AURORA 2026 VelociRaptor-GR 版权所有 ///
[2026-06-30 17:49:43] /// Windows 系统事件日志导出与智能分析工具 ///
[2026-06-30 17:49:43] ///请稍后... 正在检测当前系统日期...///
[2026-06-30 17:49:43] 📅 检测完成! 当前日期为: 2026-06-30///
[2026-06-30 17:49:43] ///正在检查缓存状态...///
[2026-06-30 17:49:44] ///缓存状态检查完成!///
[2026-06-30 17:49:44] 【请选择日志类型】
[2026-06-30 17:49:44] 1: System (系统)
[2026-06-30 17:49:44] 2: Application (应用程序)
[2026-06-30 17:49:44] 3: Security (安全) - 需要管理员权限
[2026-06-30 17:49:44] 4: Setup (安装) - 需要管理员权限
[2026-06-30 17:49:44] 5: DNS Server (DNS服务器) - 需要管理员权限
[2026-06-30 17:49:44] 6: DHCP Server (DHCP服务器) - 需要管理员权限
[2026-06-30 17:49:44] 7: Active Directory (活动目录) - 需要管理员权限
[2026-06-30 17:49:44] 8: IIS (Web服务器) - 需要管理员权限
[2026-06-30 17:49:44] 💡 提示：可选择多个日志类型，用逗号或空格分隔（如：1,2 或 1 2）
[2026-06-30 17:49:44] [17:49:44] > 请进行输入: 
[2026-06-30 17:49:44] 请输入选项 (1-8)，直接回车则使用默认: System
[2026-06-30 17:50:08] 👤 [17:50:08] 你: [按下了回车 / 使用默认值]
[2026-06-30 17:50:09] ✅ 已选择日志类型: System
[2026-06-30 17:50:09] 【请选择导出模式】
[2026-06-30 17:50:09] 1: 单日导出（例如：2026-01-21）
[2026-06-30 17:50:09] 2: 日期范围导出（起止日期，格式：YYYY-MM-DD）
[2026-06-30 17:50:09] [17:50:08] > 请进行输入: 
[2026-06-30 17:50:09] 请输入选项 (1 或 2)
[2026-06-30 17:50:13] 👤 [17:50:13] 你: 1
[2026-06-30 17:50:14] [17:50:14] > 请进行输入: 
[2026-06-30 17:50:14] 请输入日期 (格式：YYYY-MM-DD)，直接回车则导出今日日志
[2026-06-30 17:50:15] 👤 [17:50:15] 你: [按下了回车 / 使用默认值]
[2026-06-30 17:50:15] 【事件过滤选项】
[2026-06-30 17:50:15] 1: 无过滤（默认）
[2026-06-30 17:50:15] 2: 按事件 ID 过滤
[2026-06-30 17:50:15] 3: 按事件提供程序过滤
[2026-06-30 17:50:15] 4: 按事件级别过滤
[2026-06-30 17:50:15] [17:50:15] > 请进行输入: 
[2026-06-30 17:50:15] 请选择过滤选项 (1-4)，直接回车则使用默认: 1
[2026-06-30 17:50:16] 👤 [17:50:16] 你: [按下了回车 / 使用默认值]
[2026-06-30 17:50:16] ⚠️ 检测到 scopes 是单个对象，正在转换为数组...
[2026-06-30 17:50:16] ✅ scopes 验证完成，共 1 个范围
[2026-06-30 17:50:16] ━━━━━━━━━━━━━━━━━━━━━━━━ 评估系统性能 ━━━━━━━━━━━━━━━━━━━━━━━━
[2026-06-30 17:50:16] 【正在评估系统性能...】
[2026-06-30 17:50:25] 处理器：11th Gen Intel(R) Core(TM) i7-11800H @ 2.30GHz 8 核心 @ 4147 MHz (基础: 2304 MHz)
[2026-06-30 17:50:25] 内存容量：31.74 GB
[2026-06-30 17:50:25] 磁盘性能分数: 50/50
[2026-06-30 17:50:25] 磁盘配置：2 个 SSD, 0 个 HDD
[2026-06-30 17:50:25] 正在计算性能分数...
[2026-06-30 17:50:25] 您的性能分数为：100/100
[2026-06-30 17:50:32] 使用最佳分块大小：7 小时/块
[2026-06-30 17:50:32] 根据系统负载使用 11/16 个线程
[2026-06-30 17:50:38] ✅ 知识图谱索引创建成功
[2026-06-30 17:50:38] ✅ 知识图谱加载成功，包含 9 个分类
[2026-06-30 17:50:38] 【资源优化策略】
[2026-06-30 17:50:38] 性能等级: HighPerformance
[2026-06-30 17:50:38] 日志扫描并行度: 16
[2026-06-30 17:50:38] 报告生成并行度: 12.8
[2026-06-30 17:50:38] 缓存压缩: False
[2026-06-30 17:50:38] I/O 缓冲区大小：131072 bytes
[2026-06-30 17:50:38] ━━━━━━━━━━━━━━━━━━━━━━ 扫描高危事件 + 导出 ━━━━━━━━━━━━━━━━━━━━━━
[2026-06-30 17:50:38] ========================================
[2026-06-30 17:50:38]   [1/1] 正在处理：System
[2026-06-30 17:50:38] ========================================
[2026-06-30 17:50:38] 【无匹配缓存，正在扫描所选范围内的高危事件...】
[2026-06-30 17:50:44] [系统资源监控] 并行线程数: 4, 内存使用率: 45.86%
[2026-06-30 17:50:45] [知识库分析] 正在批量处理 99 条事件的知识库查询...
[2026-06-30 17:50:45] [知识库分析] 批量处理完成
[2026-06-30 17:50:49] 【高危事件扫描完成】共发现 99 条高危事件
[2026-06-30 17:50:49] 【扫描完成】
[2026-06-30 17:50:49] 发现：0 条严重事件，12 条错误，87 条警告（共 99 条高危事件）
[2026-06-30 17:50:49] 总日志数：212 条
[2026-06-30 17:50:49] 【系统健康评估】
[2026-06-30 17:50:49] 错误: 12 | 警告: 87 | 严重: 0
[2026-06-30 17:50:49] 健康评分: 48/100 | 健康等级: 较差
[2026-06-30 17:50:49] 系统状态：较差 —— 存在大量异常，建议立即检查！
[2026-06-30 17:50:49] [17:50:49] > 请进行输入: 
[2026-06-30 17:50:49] 按 Enter 仅导出高危事件，或输入 '1' 导出完整日志
[2026-06-30 17:50:52] 👤 [17:50:52] 你: 1
[2026-06-30 17:50:56] 数据已存入缓存...
[2026-06-30 17:50:56] 【完整 System 日志读取完成】共采集 212 条事件
[2026-06-30 17:50:56] 【正在导出：完整 System 日志】
[2026-06-30 17:50:57] 【正在执行高级日志模式分析...】
[2026-06-30 17:50:57] 摘要报告已保存至：G:\PowerShellBat\AURORA-Analyzer\AURORA-Analyzer-Factory-Dev\AURORA-Analyzer-Factory\UserLogs\系统_日志_20260630_摘要.txt
[2026-06-30 17:50:57] 已导出:
[2026-06-30 17:50:57]   CSV: G:\PowerShellBat\AURORA-Analyzer\AURORA-Analyzer-Factory-Dev\AURORA-Analyzer-Factory\UserLogs\系统_日志_20260630.csv
[2026-06-30 17:50:57]   JSON: G:\PowerShellBat\AURORA-Analyzer\AURORA-Analyzer-Factory-Dev\AURORA-Analyzer-Factory\UserLogs\系统_日志_20260630.json
[2026-06-30 17:50:57]   XML: G:\PowerShellBat\AURORA-Analyzer\AURORA-Analyzer-Factory-Dev\AURORA-Analyzer-Factory\UserLogs\系统_日志_20260630.xml
[2026-06-30 17:50:57] [17:50:57] > 请进行输入: 是否进行日志趋势分析？(Y/N) [默认: N]
[2026-06-30 17:51:02] 👤 [17:51:02] 你: Y
[2026-06-30 17:51:05] 趋势分析报告已保存至：G:\PowerShellBat\AURORA-Analyzer\AURORA-Analyzer-Factory-Dev\AURORA-Analyzer-Factory\UserLogs\系统_日志_20260630_to_20260630_趋势分析.txt
[2026-06-30 17:51:05] 趋势数据已保存至：G:\PowerShellBat\AURORA-Analyzer\AURORA-Analyzer-Factory-Dev\AURORA-Analyzer-Factory\UserLogs\系统_日志_20260630_to_20260630_趋势数据.csv
[2026-06-30 17:51:05] 【趋势分析完成】
[2026-06-30 17:51:05] 🧠 正在调用 AURORA 智能诊断引擎...
[2026-06-30 17:51:05] ========================================
[2026-06-30 17:51:05]   智能诊断分析可用
[2026-06-30 17:51:05] ========================================
[2026-06-30 17:51:05] 📊 已检测到导出的 CSV 文件：
[2026-06-30 17:51:05]    位置：G:\PowerShellBat\AURORA-Analyzer\AURORA-Analyzer-Factory-Dev\AURORA-Analyzer-Factory\UserLogs
[2026-06-30 17:51:05]    文件：找到 18 个 CSV 文件
[2026-06-30 17:51:05] 🔍 智能模式将执行：
[2026-06-30 17:51:05]    ✓ 加载已导出的 CSV 文件
[2026-06-30 17:51:05]    ✓ 知识库靶向碰撞分析
[2026-06-30 17:51:05]    ✓ 提供自主修复方案
[2026-06-30 17:51:05] ⚡ 是否立即启动智能诊断分析？
[2026-06-30 17:51:05] ========================================
[2026-06-30 17:51:05] 📋 正在等待用户确认...
[2026-06-30 17:51:08] [syncHash] SmartAnalysisAuthorized = true
[2026-06-30 17:51:08] ✅ GUI 已响应智能分析请求（等待了 2850ms）
[2026-06-30 17:51:08] ✅ 用户确认，开始智能分析...
[2026-06-30 17:51:08] 📖 正在加载智能引擎...
[2026-06-30 17:51:08] [17:51:08] 🤖 正在初始化 AURORA 智能诊断与自主修复引擎...
[2026-06-30 17:51:09] [17:51:09] 🖥️ 操作系统: Microsoft Windows 11 教育版
[2026-06-30 17:51:09] [17:51:09] ⏱️ 系统连续运行时间: 32.96 小时
[2026-06-30 17:51:09] [17:51:09] ✅ 运行时间达标且未见近期崩溃。
[2026-06-30 17:51:09] 🎯 靶向锁定: 常规 24H 健康巡检 (范围: 06-29 17:51 ~ 06-30 17:51)
[2026-06-30 17:51:09] [17:51:09] ⚡ 正在从内核提取高危日志 (Critical/Error/Warning)...
[2026-06-30 17:51:09] [17:51:09] 📖 检测到 PRO 模式导出，正在读取：G:\PowerShellBat\AURORA-Analyzer\AURORA-Analyzer-Factory-Dev\AURORA-Analyzer-Factory\UserLogs
[2026-06-30 17:51:09] [17:51:09] ✅ 找到 9 个导出的 CSV 文件，正在加载...
[2026-06-30 17:51:09] [17:51:09] 📂 分析的日志类型：Application、System
[2026-06-30 17:51:09] [17:51:09]    正在加载：应用程序_日志_20260101___20260301.csv
[2026-06-30 17:51:10] [17:51:10]    正在加载：系统_日志_20260101___20260130.csv
[2026-06-30 17:51:10] [17:51:10]    正在加载：系统_日志_20260101___20260201.csv
[2026-06-30 17:51:10] [17:51:10]    正在加载：系统_日志_20260101___20260301.csv
[2026-06-30 17:51:10] [17:51:10]    正在加载：系统_日志_20260101___20260501.csv
[2026-06-30 17:51:10] [17:51:10]    正在加载：系统_日志_20260626.csv
[2026-06-30 17:51:10] [17:51:10]    正在加载：系统_日志_20260627.csv
[2026-06-30 17:51:10] [17:51:10]    正在加载：系统_日志_20260629.csv
[2026-06-30 17:51:10] [17:51:10]    正在加载：系统_日志_20260630.csv
[2026-06-30 17:51:10] [17:51:10] ✅ 已加载 3886 个事件
[2026-06-30 17:51:10] [17:51:10] 📦 成功提取并轻量化 3886 条异常事件记录。
[2026-06-30 17:51:10] [17:51:10] 🧠 正在装载并预编译 AURORA-TechData 知识图谱...
[2026-06-30 17:51:10] [17:51:10] Knowledge base cached (10.283203125.ToString('F1') KB)
[2026-06-30 17:51:10] [17:51:10] ✅ 图谱装载完成，激活 32 条诊断规则。开始极速碰撞...
[2026-06-30 17:51:10] [17:51:10] 🎯 碰撞分析完成！发现 8 类已知高危问题。
[2026-06-30 17:51:10] [17:51:10] 
[2026-06-30 17:51:10] ================== [ 靶向自主修复方案 ] ==================
[2026-06-30 17:51:10] [17:51:10] 🚨 [A-002] 蓝屏转储
[2026-06-30 17:51:10]    [ 1 ] 查看蓝屏相关事件 (Low) [Admin] [Auth]
[2026-06-30 17:51:10]    [ 2 ] 检查Windows可靠性监视器 (Low)  [Auto]
[2026-06-30 17:51:10]    [ 3 ] 运行Windows内存诊断 (Low)  [Auto]
[2026-06-30 17:51:10]    [ 4 ] 检查驱动器完整性 (Medium) [Admin] [Auth]
[2026-06-30 17:51:10]    [ 5 ] 查看转储文件位置 (Low) [Admin] [Auth]
[2026-06-30 17:51:10] 🚨 [A-011] 磁盘错误
[2026-06-30 17:51:10]    [ 6 ] 检查磁盘状态 (Low)  [Auto]
[2026-06-30 17:51:10]    [ 7 ] 检查磁盘健康状态 (Low) [Admin] [Auth]
[2026-06-30 17:51:10]    [ 8 ] 获取SMART健康信息 (Low) [Admin] [Auth]
[2026-06-30 17:51:10]    [ 9 ] 运行CHKDSK检查C盘(警告:物理损坏时可能有风险) (High) [Admin] [Auth]
[2026-06-30 17:51:10]    [ 10 ] 查看磁盘事件日志 (Low) [Admin] [Auth]
[2026-06-30 17:51:10] 🚨 [H-001] TLS/SSL 安全协议错误
[2026-06-30 17:51:10]    [ 11 ] 查看 Schannel 错误 (Low)  [Auth]
[2026-06-30 17:51:10]    [ 12 ] 启用 TLS 1.2 (Medium) [Admin] [Auth]
[2026-06-30 17:51:10]    [ 13 ] 清除 SSL 状态 (Low)  [Auth]
[2026-06-30 17:51:10] 🚨 [A-003] 程序崩溃
[2026-06-30 17:51:10]    [ 14 ] 查看应用程序崩溃事件 (Low) [Admin] [Auth]
[2026-06-30 17:51:10]    [ 15 ] 检查系统内存使用 (Low)  [Auto]
[2026-06-30 17:51:10]    [ 16 ] 清理应用程序临时文件 (Low)  [Auto]
[2026-06-30 17:51:10] 🚨 [D-016] Windows更新错误
[2026-06-30 17:51:10]    [ 17 ] 停止Windows更新服务 (High) [Admin] [Auth]
[2026-06-30 17:51:10]    [ 18 ] 重命名SoftwareDistribution文件夹 (High) [Admin] [Auth]
[2026-06-30 17:51:10]    [ 19 ] 重命名Catroot2文件夹 (High) [Admin] [Auth]
[2026-06-30 17:51:10]    [ 20 ] 启动Windows更新服务 (Medium) [Admin] [Auth]
[2026-06-30 17:51:10]    [ 21 ] 运行DISM和SFC修复 (Medium) [Admin] [Auth]
[2026-06-30 17:51:10]    [ 22 ] 查看Windows更新事件 (Low) [Admin] [Auth]
[2026-06-30 17:51:11] 🚨 [A-004] 托管代码异常
[2026-06-30 17:51:11]    [ 23 ] 查看.NET异常事件 (Low) [Admin] [Auth]
[2026-06-30 17:51:11]    [ 24 ] 检查已安装的.NET版本 (Low)  [Auto]
[2026-06-30 17:51:11]    [ 25 ] 修复.NET Framework (Medium) [Admin] [Auth]
[2026-06-30 17:51:11] 🚨 [F-012] 服务启动失败
[2026-06-30 17:51:11]    [ 26 ] 查看所有服务状态 (Low) [Admin] [Auth]
[2026-06-30 17:51:11]    [ 27 ] 查看服务详细信息 (Low) [Admin] [Auth]
[2026-06-30 17:51:11]    [ 28 ] 查看服务控制管理器事件 (Low) [Admin] [Auth]
[2026-06-30 17:51:11]    [ 29 ] 打开服务管理器 (Low)  [Auto]
[2026-06-30 17:51:11]    [ 30 ] 启动特定服务 (Medium) [Admin] [Auth]
[2026-06-30 17:51:11] 🚨 [B-022] 外部设备无法识别
[2026-06-30 17:51:11]    [ 31 ] 查看USB设备 (Low) [Admin] [Auth]
[2026-06-30 17:51:11]    [ 32 ] 查看所有有问题的设备 (Low) [Admin] [Auth]
[2026-06-30 17:51:11]    [ 33 ] 重置USB集线器 (Low) [Admin] [Auth]
[2026-06-30 17:51:11] [17:51:10] 
[2026-06-30 17:51:11] >>> 请在下方输入 [序号] 执行修复，或直接按 [Enter] 退出引擎：
[2026-06-30 17:51:11] [17:51:10] 
[2026-06-30 17:51:11] ================== [ 靶向自主修复方案 ] ==================
[2026-06-30 17:51:11] [17:51:10] 🚨 [A-002] 蓝屏转储
[2026-06-30 17:51:11]    [ 1 ] 查看蓝屏相关事件 (Low) [Admin] [Auth]
[2026-06-30 17:51:11]    [ 2 ] 检查Windows可靠性监视器 (Low)  [Auto]
[2026-06-30 17:51:11]    [ 3 ] 运行Windows内存诊断 (Low)  [Auto]
[2026-06-30 17:51:11]    [ 4 ] 检查驱动器完整性 (Medium) [Admin] [Auth]
[2026-06-30 17:51:11]    [ 5 ] 查看转储文件位置 (Low) [Admin] [Auth]
[2026-06-30 17:51:11] 🚨 [A-011] 磁盘错误
[2026-06-30 17:51:11]    [ 6 ] 检查磁盘状态 (Low)  [Auto]
[2026-06-30 17:51:11]    [ 7 ] 检查磁盘健康状态 (Low) [Admin] [Auth]
[2026-06-30 17:51:11]    [ 8 ] 获取SMART健康信息 (Low) [Admin] [Auth]
[2026-06-30 17:51:11]    [ 9 ] 运行CHKDSK检查C盘(警告:物理损坏时可能有风险) (High) [Admin] [Auth]
[2026-06-30 17:51:11]    [ 10 ] 查看磁盘事件日志 (Low) [Admin] [Auth]
[2026-06-30 17:51:11] 🚨 [H-001] TLS/SSL 安全协议错误
[2026-06-30 17:51:11]    [ 11 ] 查看 Schannel 错误 (Low)  [Auth]
[2026-06-30 17:51:11]    [ 12 ] 启用 TLS 1.2 (Medium) [Admin] [Auth]
[2026-06-30 17:51:11]    [ 13 ] 清除 SSL 状态 (Low)  [Auth]
[2026-06-30 17:51:11] 🚨 [A-003] 程序崩溃
[2026-06-30 17:51:11]    [ 14 ] 查看应用程序崩溃事件 (Low) [Admin] [Auth]
[2026-06-30 17:51:11]    [ 15 ] 检查系统内存使用 (Low)  [Auto]
[2026-06-30 17:51:11]    [ 16 ] 清理应用程序临时文件 (Low)  [Auto]
[2026-06-30 17:51:11] 🚨 [D-016] Windows更新错误
[2026-06-30 17:51:11]    [ 17 ] 停止Windows更新服务 (High) [Admin] [Auth]
[2026-06-30 17:51:11]    [ 18 ] 重命名SoftwareDistribution文件夹 (High) [Admin] [Auth]
[2026-06-30 17:51:11]    [ 19 ] 重命名Catroot2文件夹 (High) [Admin] [Auth]
[2026-06-30 17:51:11]    [ 20 ] 启动Windows更新服务 (Medium) [Admin] [Auth]
[2026-06-30 17:51:11]    [ 21 ] 运行DISM和SFC修复 (Medium) [Admin] [Auth]
[2026-06-30 17:51:11]    [ 22 ] 查看Windows更新事件 (Low) [Admin] [Auth]
[2026-06-30 17:51:11] 🚨 [A-004] 托管代码异常
[2026-06-30 17:51:11]    [ 23 ] 查看.NET异常事件 (Low) [Admin] [Auth]
[2026-06-30 17:51:11]    [ 24 ] 检查已安装的.NET版本 (Low)  [Auto]
[2026-06-30 17:51:11]    [ 25 ] 修复.NET Framework (Medium) [Admin] [Auth]
[2026-06-30 17:51:11] 🚨 [F-012] 服务启动失败
[2026-06-30 17:51:11]    [ 26 ] 查看所有服务状态 (Low) [Admin] [Auth]
[2026-06-30 17:51:11]    [ 27 ] 查看服务详细信息 (Low) [Admin] [Auth]
[2026-06-30 17:51:11]    [ 28 ] 查看服务控制管理器事件 (Low) [Admin] [Auth]
[2026-06-30 17:51:11]    [ 29 ] 打开服务管理器 (Low)  [Auto]
[2026-06-30 17:51:11]    [ 30 ] 启动特定服务 (Medium) [Admin] [Auth]
[2026-06-30 17:51:11] 🚨 [B-022] 外部设备无法识别
[2026-06-30 17:51:11]    [ 31 ] 查看USB设备 (Low) [Admin] [Auth]
[2026-06-30 17:51:11]    [ 32 ] 查看所有有问题的设备 (Low) [Admin] [Auth]
[2026-06-30 17:51:11]    [ 33 ] 重置USB集线器 (Low) [Admin] [Auth]
[2026-06-30 17:51:11] [17:51:10] 
[2026-06-30 17:51:11] >>> 请在下方输入 [序号] 执行修复，或直接按 [Enter] 退出引擎：
[2026-06-30 17:51:24] 👤 [17:51:24] 你: 14
[2026-06-30 17:51:24] [17:51:24] ⚙️ 正在执行防线修复: 查看应用程序崩溃事件 ...
[2026-06-30 17:51:24] ✅ AURORA Undo 管理器初始化完成
[2026-06-30 17:51:24]    备份目录：G:\PowerShellBat\AURORA-Analyzer\AURORA-Analyzer-Factory-Dev\AURORA-Analyzer-Factory\Scripts\Session\..\SessionCache\backup
[2026-06-30 17:51:24] [17:51:24] 🔍 执行前置检查...
[2026-06-30 17:51:24] [17:51:24] ❌ 需要管理员权限！请以管理员身份重新运行 AURORA。\n提示：右键点击 AURORA-Analyzer.exe，选择'以管理员身份运行'
[2026-06-30 17:51:26] [17:51:26] ✅ 指令下发成功。
[2026-06-30 17:51:27] [17:51:27] 
[2026-06-30 17:51:27] ================== [ 靶向自主修复方案 ] ==================
[2026-06-30 17:51:27] [17:51:27] 🚨 [A-002] 蓝屏转储
[2026-06-30 17:51:27]    [ 1 ] 查看蓝屏相关事件 (Low) [Admin] [Auth]
[2026-06-30 17:51:27]    [ 2 ] 检查Windows可靠性监视器 (Low)  [Auto]
[2026-06-30 17:51:27]    [ 3 ] 运行Windows内存诊断 (Low)  [Auto]
[2026-06-30 17:51:27]    [ 4 ] 检查驱动器完整性 (Medium) [Admin] [Auth]
[2026-06-30 17:51:27]    [ 5 ] 查看转储文件位置 (Low) [Admin] [Auth]
[2026-06-30 17:51:27] 🚨 [A-011] 磁盘错误
[2026-06-30 17:51:27]    [ 6 ] 检查磁盘状态 (Low)  [Auto]
[2026-06-30 17:51:27]    [ 7 ] 检查磁盘健康状态 (Low) [Admin] [Auth]
[2026-06-30 17:51:27]    [ 8 ] 获取SMART健康信息 (Low) [Admin] [Auth]
[2026-06-30 17:51:27]    [ 9 ] 运行CHKDSK检查C盘(警告:物理损坏时可能有风险) (High) [Admin] [Auth]
[2026-06-30 17:51:27]    [ 10 ] 查看磁盘事件日志 (Low) [Admin] [Auth]
[2026-06-30 17:51:27] 🚨 [H-001] TLS/SSL 安全协议错误
[2026-06-30 17:51:27]    [ 11 ] 查看 Schannel 错误 (Low)  [Auth]
[2026-06-30 17:51:27]    [ 12 ] 启用 TLS 1.2 (Medium) [Admin] [Auth]
[2026-06-30 17:51:27]    [ 13 ] 清除 SSL 状态 (Low)  [Auth]
[2026-06-30 17:51:27] 🚨 [A-003] 程序崩溃
[2026-06-30 17:51:27]    [ 14 ] 查看应用程序崩溃事件 (Low) [Admin] [Auth]
[2026-06-30 17:51:27]    [ 15 ] 检查系统内存使用 (Low)  [Auto]
[2026-06-30 17:51:27]    [ 16 ] 清理应用程序临时文件 (Low)  [Auto]
[2026-06-30 17:51:27] 🚨 [D-016] Windows更新错误
[2026-06-30 17:51:27]    [ 17 ] 停止Windows更新服务 (High) [Admin] [Auth]
[2026-06-30 17:51:27]    [ 18 ] 重命名SoftwareDistribution文件夹 (High) [Admin] [Auth]
[2026-06-30 17:51:27]    [ 19 ] 重命名Catroot2文件夹 (High) [Admin] [Auth]
[2026-06-30 17:51:27]    [ 20 ] 启动Windows更新服务 (Medium) [Admin] [Auth]
[2026-06-30 17:51:27]    [ 21 ] 运行DISM和SFC修复 (Medium) [Admin] [Auth]
[2026-06-30 17:51:27]    [ 22 ] 查看Windows更新事件 (Low) [Admin] [Auth]
[2026-06-30 17:51:27] 🚨 [A-004] 托管代码异常
[2026-06-30 17:51:27]    [ 23 ] 查看.NET异常事件 (Low) [Admin] [Auth]
[2026-06-30 17:51:27]    [ 24 ] 检查已安装的.NET版本 (Low)  [Auto]
[2026-06-30 17:51:27]    [ 25 ] 修复.NET Framework (Medium) [Admin] [Auth]
[2026-06-30 17:51:27] 🚨 [F-012] 服务启动失败
[2026-06-30 17:51:27]    [ 26 ] 查看所有服务状态 (Low) [Admin] [Auth]
[2026-06-30 17:51:27]    [ 27 ] 查看服务详细信息 (Low) [Admin] [Auth]
[2026-06-30 17:51:27]    [ 28 ] 查看服务控制管理器事件 (Low) [Admin] [Auth]
[2026-06-30 17:51:27]    [ 29 ] 打开服务管理器 (Low)  [Auto]
[2026-06-30 17:51:27]    [ 30 ] 启动特定服务 (Medium) [Admin] [Auth]
[2026-06-30 17:51:27] 🚨 [B-022] 外部设备无法识别
[2026-06-30 17:51:27]    [ 31 ] 查看USB设备 (Low) [Admin] [Auth]
[2026-06-30 17:51:27]    [ 32 ] 查看所有有问题的设备 (Low) [Admin] [Auth]
[2026-06-30 17:51:27]    [ 33 ] 重置USB集线器 (Low) [Admin] [Auth]
[2026-06-30 17:51:27] [17:51:27] 
[2026-06-30 17:51:27] >>> 请在下方输入 [序号] 执行修复，或直接按 [Enter] 退出引擎：
[2026-06-30 17:51:28] [syncHash] ElevationAuthorized = false
[2026-06-30 17:51:30] [syncHash] ElevationAuthorized = false
[2026-06-30 17:51:37] 👤 [17:51:37] 你: [按下了回车 / 使用默认值]
[2026-06-30 17:51:37] [17:51:37] ⏭️ 用户跳过修复，引擎准备退出。
[2026-06-30 17:51:37] [17:51:37] 👋 智能引擎分析完毕，进程安全退出。
[2026-06-30 17:51:37] ✅ 智能诊断分析完成！
[2026-06-30 17:51:37] ✅ 操作完成！感谢使用本工具。
[2026-06-30 17:51:37] >>> 分析完成
[2026-06-30 17:51:37] [分析完成]
[2026-06-30 22:18:28] >>> StartAnalysisAsync entered
[2026-06-30 22:18:28] >>> [安全警告] 引擎完整性检查失败: FILE_MISSING:CoreEngine
[2026-06-30 22:18:28] 💻 硬件评估层级: [Extreme]
[2026-06-30 22:18:28] ⚠️ 管理员权限：未获取 - 部分功能受限
[2026-06-30 22:18:28] >>> 正在执行分析...
[2026-06-30 22:18:30] [安全守卫] 正在初始化 (第 1 次)...
[2026-06-30 22:18:30] [安全守卫] baseForGuard: E:\PowerShellBat\AURORA-Analyzer\AURORA-Analyzer-Factory-Dev\AURORA-Analyzer-Factory\Scripts\Security
[2026-06-30 22:18:30] [安全守卫] rootDir: E:\PowerShellBat\AURORA-Analyzer\AURORA-Analyzer-Factory-Dev\AURORA-Analyzer-Factory
[2026-06-30 22:18:30] [安全守卫] 初始化成功
[2026-06-30 22:18:30] [诊断] 正在执行环境安全扫描...
[2026-06-30 22:18:30] [诊断] 扫描结果: NONE
[2026-06-30 22:18:30] [安全守卫] 启动环境扫描完成 - 安全
[2026-06-30 22:18:30] [安全守卫] 已启动持续性检测（每 3 秒）
[2026-06-30 22:18:30] [安全守卫] WMI 实时监控启动失败，将仅使用轮询模式
[2026-06-30 22:18:30] [PRO] Starting AURORA PRO Mode (Language: CHS)
[2026-06-30 22:18:30] [PRO] Loading Unified PRO Engine...
[2026-06-30 22:18:30] [安全守卫] 正在初始化 (第 1 次)...
[2026-06-30 22:18:30] [安全守卫] baseForGuard: E:\PowerShellBat\AURORA-Analyzer\AURORA-Analyzer-Factory-Dev\AURORA-Analyzer-Factory\Scripts\Security
[2026-06-30 22:18:30] [安全守卫] rootDir: E:\PowerShellBat\AURORA-Analyzer\AURORA-Analyzer-Factory-Dev\AURORA-Analyzer-Factory
[2026-06-30 22:18:30] [安全守卫] 初始化成功
[2026-06-30 22:18:30] [诊断] 正在执行环境安全扫描...
[2026-06-30 22:18:30] [诊断] 扫描结果: NONE
[2026-06-30 22:18:30] [安全守卫] 启动环境扫描完成 - 安全
[2026-06-30 22:18:30] [安全守卫] 已启动持续性检测（每 3 秒）
[2026-06-30 22:18:30] [安全守卫] WMI 实时监控启动失败，将仅使用轮询模式
[2026-06-30 22:18:30] [22:18:30] [Info] 正在初始化 AURORA Core Engine...
[2026-06-30 22:18:31] [22:18:31] [Info] 系统：Microsoft Windows 11 专业版 (10.0.26200)
[2026-06-30 22:18:31] [22:18:31] [Info] PowerShell: v5.1.26100.7920
[2026-06-30 22:18:31] [22:18:31] [Info] 架构：x64
[2026-06-30 22:18:31] [22:18:31] [Success] Core Engine 初始化完成
[2026-06-30 22:18:32] /// AURORA Analyzer Release Version ///
[2026-06-30 22:18:32] /// AURORA 2026 VelociRaptor-GR 版权所有 ///
[2026-06-30 22:18:32] /// Windows 系统事件日志导出与智能分析工具 ///
[2026-06-30 22:18:32] ///请稍后... 正在检测当前系统日期...///
[2026-06-30 22:18:32] 📅 检测完成! 当前日期为: 2026-06-30///
[2026-06-30 22:18:32] ///正在检查缓存状态...///
[2026-06-30 22:18:32] ///缓存状态检查完成!///
[2026-06-30 22:18:32] 【请选择日志类型】
[2026-06-30 22:18:32] 1: System (系统)
[2026-06-30 22:18:32] 2: Application (应用程序)
[2026-06-30 22:18:32] 3: Security (安全) - 需要管理员权限
[2026-06-30 22:18:32] 4: Setup (安装) - 需要管理员权限
[2026-06-30 22:18:32] 5: DNS Server (DNS服务器) - 需要管理员权限
[2026-06-30 22:18:32] 6: DHCP Server (DHCP服务器) - 需要管理员权限
[2026-06-30 22:18:32] 7: Active Directory (活动目录) - 需要管理员权限
[2026-06-30 22:18:32] 8: IIS (Web服务器) - 需要管理员权限
[2026-06-30 22:18:32] 💡 提示：可选择多个日志类型，用逗号或空格分隔（如：1,2 或 1 2）
[2026-06-30 22:18:32] [22:18:32] > 请进行输入: 
[2026-06-30 22:18:32] 请输入选项 (1-8)，直接回车则使用默认: System
[2026-06-30 22:18:44] >>> 正在终止...
[2026-06-30 22:18:44] [已取消]
[2026-06-30 22:51:54] >>> StartAnalysisAsync entered
[2026-06-30 22:51:54] >>> [安全警告] 引擎完整性检查失败: FILE_MISSING:CoreEngine
[2026-06-30 22:51:54] 💻 硬件评估层级: [Extreme]
[2026-06-30 22:51:54] ⚠️ 管理员权限：未获取 - 部分功能受限
[2026-06-30 22:51:54] >>> 正在执行分析...
[2026-06-30 22:51:55] [安全守卫] 正在初始化 (第 1 次)...
[2026-06-30 22:51:55] [安全守卫] baseForGuard: E:\PowerShellBat\AURORA-Analyzer\AURORA-Analyzer-Factory-Dev\AURORA-Analyzer-Factory\Scripts\Security
[2026-06-30 22:51:55] [安全守卫] rootDir: E:\PowerShellBat\AURORA-Analyzer\AURORA-Analyzer-Factory-Dev\AURORA-Analyzer-Factory
[2026-06-30 22:51:55] [安全守卫] 初始化成功
[2026-06-30 22:51:55] [诊断] 正在执行环境安全扫描...
[2026-06-30 22:51:55] [诊断] 扫描结果: NONE
[2026-06-30 22:51:55] [安全守卫] 启动环境扫描完成 - 安全
[2026-06-30 22:51:55] [安全守卫] 已启动持续性检测（每 3 秒）
[2026-06-30 22:51:55] [安全守卫] WMI 实时监控启动失败，将仅使用轮询模式
[2026-06-30 22:51:55] [PRO] Starting AURORA PRO Mode (Language: CHS)
[2026-06-30 22:51:55] [PRO] Loading Unified PRO Engine...
[2026-06-30 22:51:55] [安全守卫] 正在初始化 (第 1 次)...
[2026-06-30 22:51:55] [安全守卫] baseForGuard: E:\PowerShellBat\AURORA-Analyzer\AURORA-Analyzer-Factory-Dev\AURORA-Analyzer-Factory\Scripts\Security
[2026-06-30 22:51:55] [安全守卫] rootDir: E:\PowerShellBat\AURORA-Analyzer\AURORA-Analyzer-Factory-Dev\AURORA-Analyzer-Factory
[2026-06-30 22:51:55] [安全守卫] 初始化成功
[2026-06-30 22:51:55] [诊断] 正在执行环境安全扫描...
[2026-06-30 22:51:55] [诊断] 扫描结果: NONE
[2026-06-30 22:51:55] [安全守卫] 启动环境扫描完成 - 安全
[2026-06-30 22:51:55] [安全守卫] 已启动持续性检测（每 3 秒）
[2026-06-30 22:51:55] [安全守卫] WMI 实时监控启动失败，将仅使用轮询模式
[2026-06-30 22:51:55] [22:51:55] [Info] 正在初始化 AURORA Core Engine...
[2026-06-30 22:51:56] [22:51:56] [Info] 系统：Microsoft Windows 11 专业版 (10.0.26200)
[2026-06-30 22:51:56] [22:51:56] [Info] PowerShell: v5.1.26100.7920
[2026-06-30 22:51:56] [22:51:56] [Info] 架构：x64
[2026-06-30 22:51:56] [22:51:56] [Success] Core Engine 初始化完成
[2026-06-30 22:51:56] 🔄 检测到未完成的会话
[2026-06-30 22:51:56] ========================================
[2026-06-30 22:51:56] 会话 ID: SESSION_20260630_221831_1389
[2026-06-30 22:51:56] 已保存进度：0%
[2026-06-30 22:51:56] 当前阶段：Initialized
[2026-06-30 22:51:56] 保存时间：2026-06-30T22:18:31.8945310+08:00
[2026-06-30 22:51:56] 已挂起天数：0 天
[2026-06-30 22:51:56] ⏳ 等待用户在 GUI 上做出选择...
[2026-06-30 22:51:59] [syncHash] SessionRestarted = true
[2026-06-30 22:51:59] 🔄 用户选择重新开始，清除会话...
[2026-06-30 22:51:59] /// AURORA Analyzer Release Version ///
[2026-06-30 22:51:59] /// AURORA 2026 VelociRaptor-GR 版权所有 ///
[2026-06-30 22:51:59] /// Windows 系统事件日志导出与智能分析工具 ///
[2026-06-30 22:51:59] ///请稍后... 正在检测当前系统日期...///
[2026-06-30 22:51:59] 📅 检测完成! 当前日期为: 2026-06-30///
[2026-06-30 22:51:59] ///正在检查缓存状态...///
[2026-06-30 22:52:00] ///缓存状态检查完成!///
[2026-06-30 22:52:00] 【请选择日志类型】
[2026-06-30 22:52:00] 1: System (系统)
[2026-06-30 22:52:00] 2: Application (应用程序)
[2026-06-30 22:52:00] 3: Security (安全) - 需要管理员权限
[2026-06-30 22:52:00] 4: Setup (安装) - 需要管理员权限
[2026-06-30 22:52:00] 5: DNS Server (DNS服务器) - 需要管理员权限
[2026-06-30 22:52:00] 6: DHCP Server (DHCP服务器) - 需要管理员权限
[2026-06-30 22:52:00] 7: Active Directory (活动目录) - 需要管理员权限
[2026-06-30 22:52:00] 8: IIS (Web服务器) - 需要管理员权限
[2026-06-30 22:52:00] 💡 提示：可选择多个日志类型，用逗号或空格分隔（如：1,2 或 1 2）
[2026-06-30 22:52:00] [22:52:00] > 请进行输入: 
[2026-06-30 22:52:00] 请输入选项 (1-8)，直接回车则使用默认: System
[2026-06-30 22:52:06] >>> 正在终止...
[2026-06-30 22:52:06] [已取消]
[2026-07-01 09:58:46] >>> StartAnalysisAsync entered
[2026-07-01 09:58:46] >>> [安全警告] 引擎完整性检查失败: FILE_MISSING:CoreEngine
[2026-07-01 09:58:46] 💻 硬件评估层级: [Extreme]
[2026-07-01 09:58:46] ⚠️ 管理员权限：未获取 - 部分功能受限
[2026-07-01 09:58:46] >>> 正在执行分析...
[2026-07-01 09:58:47] [安全守卫] 正在初始化 (第 1 次)...
[2026-07-01 09:58:47] [安全守卫] baseForGuard: G:\PowerShellBat\AURORA-Analyzer\AURORA-Analyzer-Factory-Dev\AURORA-Analyzer-Factory\Scripts\Security
[2026-07-01 09:58:47] [安全守卫] rootDir: G:\PowerShellBat\AURORA-Analyzer\AURORA-Analyzer-Factory-Dev\AURORA-Analyzer-Factory
[2026-07-01 09:58:47] [安全守卫] 初始化成功
[2026-07-01 09:58:47] [诊断] 正在执行环境安全扫描...
[2026-07-01 09:58:47] [诊断] 扫描结果: NONE
[2026-07-01 09:58:47] [安全守卫] 启动环境扫描完成 - 安全
[2026-07-01 09:58:47] [安全守卫] 已启动持续性检测（每 3 秒）
[2026-07-01 09:58:47] [安全守卫] WMI 实时监控启动失败，将仅使用轮询模式
[2026-07-01 09:58:47] [PRO] Starting AURORA PRO Mode (Language: CHS)
[2026-07-01 09:58:47] [PRO] Loading Unified PRO Engine...
[2026-07-01 09:58:47] [安全守卫] 正在初始化 (第 1 次)...
[2026-07-01 09:58:47] [安全守卫] baseForGuard: G:\PowerShellBat\AURORA-Analyzer\AURORA-Analyzer-Factory-Dev\AURORA-Analyzer-Factory\Scripts\Security
[2026-07-01 09:58:47] [安全守卫] rootDir: G:\PowerShellBat\AURORA-Analyzer\AURORA-Analyzer-Factory-Dev\AURORA-Analyzer-Factory
[2026-07-01 09:58:47] [安全守卫] 初始化成功
[2026-07-01 09:58:47] [诊断] 正在执行环境安全扫描...
[2026-07-01 09:58:48] [诊断] 扫描结果: NONE
[2026-07-01 09:58:48] [安全守卫] 启动环境扫描完成 - 安全
[2026-07-01 09:58:48] [安全守卫] 已启动持续性检测（每 3 秒）
[2026-07-01 09:58:48] [安全守卫] WMI 实时监控启动失败，将仅使用轮询模式
[2026-07-01 09:58:48] [09:58:48] [Info] 正在初始化 AURORA Core Engine...
[2026-07-01 09:58:49] [09:58:49] [Info] 系统：Microsoft Windows 11 教育版 (10.0.26200)
[2026-07-01 09:58:49] [09:58:49] [Info] PowerShell: v5.1.26100.8737
[2026-07-01 09:58:49] [09:58:49] [Info] 架构：x64
[2026-07-01 09:58:49] [09:58:49] [Success] Core Engine 初始化完成
[2026-07-01 09:58:49] 🔄 检测到未完成的会话
[2026-07-01 09:58:49] ========================================
[2026-07-01 09:58:49] 会话 ID: SESSION_20260630_225159_3221
[2026-07-01 09:58:49] 已保存进度：0%
[2026-07-01 09:58:49] 当前阶段：Initialized
[2026-07-01 09:58:49] 保存时间：2026-06-30T22:51:59.0758974+08:00
[2026-07-01 09:58:49] 已挂起天数：0.5 天
[2026-07-01 09:58:49] ⏳ 等待用户在 GUI 上做出选择...
[2026-07-01 09:58:52] [syncHash] SessionRestarted = true
[2026-07-01 09:58:52] 🔄 用户选择重新开始，清除会话...
[2026-07-01 09:58:53] /// AURORA Analyzer Release Version ///
[2026-07-01 09:58:53] /// AURORA 2026 VelociRaptor-GR 版权所有 ///
[2026-07-01 09:58:53] /// Windows 系统事件日志导出与智能分析工具 ///
[2026-07-01 09:58:53] ///请稍后... 正在检测当前系统日期...///
[2026-07-01 09:58:53] 📅 检测完成! 当前日期为: 2026-07-01///
[2026-07-01 09:58:53] ///正在检查缓存状态...///
[2026-07-01 09:58:54] ///缓存状态检查完成!///
[2026-07-01 09:58:54] 【请选择日志类型】
[2026-07-01 09:58:54] 1: System (系统)
[2026-07-01 09:58:54] 2: Application (应用程序)
[2026-07-01 09:58:54] 3: Security (安全) - 需要管理员权限
[2026-07-01 09:58:54] 4: Setup (安装) - 需要管理员权限
[2026-07-01 09:58:54] 5: DNS Server (DNS服务器) - 需要管理员权限
[2026-07-01 09:58:54] 6: DHCP Server (DHCP服务器) - 需要管理员权限
[2026-07-01 09:58:54] 7: Active Directory (活动目录) - 需要管理员权限
[2026-07-01 09:58:54] 8: IIS (Web服务器) - 需要管理员权限
[2026-07-01 09:58:54] 💡 提示：可选择多个日志类型，用逗号或空格分隔（如：1,2 或 1 2）
[2026-07-01 09:58:54] [09:58:54] > 请进行输入: 
[2026-07-01 09:58:54] 请输入选项 (1-8)，直接回车则使用默认: System
[2026-07-01 09:59:11] >>> 正在终止...
[2026-07-01 09:59:11] [已取消]
[2026-07-01 10:47:04] >>> StartAnalysisAsync entered
[2026-07-01 10:47:04] >>> [安全警告] 引擎完整性检查失败: FILE_MISSING:CoreEngine
[2026-07-01 10:47:04] 💻 硬件评估层级: [Extreme]
[2026-07-01 10:47:04] ⚠️ 管理员权限：未获取 - 部分功能受限
[2026-07-01 10:47:04] >>> 正在执行分析...
[2026-07-01 10:47:05] [安全守卫] 正在初始化 (第 1 次)...
[2026-07-01 10:47:05] [安全守卫] baseForGuard: G:\PowerShellBat\AURORA-Analyzer\AURORA-Analyzer-Factory-Dev\AURORA-Analyzer-Factory\Scripts\Security
[2026-07-01 10:47:05] [安全守卫] rootDir: G:\PowerShellBat\AURORA-Analyzer\AURORA-Analyzer-Factory-Dev\AURORA-Analyzer-Factory
[2026-07-01 10:47:05] [安全守卫] 初始化成功
[2026-07-01 10:47:05] [诊断] 正在执行环境安全扫描...
[2026-07-01 10:47:05] [诊断] 扫描结果: NONE
[2026-07-01 10:47:05] [安全守卫] 启动环境扫描完成 - 安全
[2026-07-01 10:47:05] [安全守卫] 已启动持续性检测（每 3 秒）
[2026-07-01 10:47:05] [安全守卫] WMI 实时监控启动失败，将仅使用轮询模式
[2026-07-01 10:47:05] [PRO] Starting AURORA PRO Mode (Language: CHS)
[2026-07-01 10:47:05] [PRO] Loading Unified PRO Engine...
[2026-07-01 10:47:05] [安全守卫] 正在初始化 (第 1 次)...
[2026-07-01 10:47:05] [安全守卫] baseForGuard: G:\PowerShellBat\AURORA-Analyzer\AURORA-Analyzer-Factory-Dev\AURORA-Analyzer-Factory\Scripts\Security
[2026-07-01 10:47:05] [安全守卫] rootDir: G:\PowerShellBat\AURORA-Analyzer\AURORA-Analyzer-Factory-Dev\AURORA-Analyzer-Factory
[2026-07-01 10:47:05] [安全守卫] 初始化成功
[2026-07-01 10:47:05] [诊断] 正在执行环境安全扫描...
[2026-07-01 10:47:06] [诊断] 扫描结果: NONE
[2026-07-01 10:47:06] [安全守卫] 启动环境扫描完成 - 安全
[2026-07-01 10:47:06] [安全守卫] 已启动持续性检测（每 3 秒）
[2026-07-01 10:47:06] [安全守卫] WMI 实时监控启动失败，将仅使用轮询模式
[2026-07-01 10:47:06] [10:47:06] [Info] 正在初始化 AURORA Core Engine...
[2026-07-01 10:47:07] [10:47:07] [Info] 系统：Microsoft Windows 11 教育版 (10.0.26200)
[2026-07-01 10:47:07] [10:47:07] [Info] PowerShell: v5.1.26100.8737
[2026-07-01 10:47:07] [10:47:07] [Info] 架构：x64
[2026-07-01 10:47:07] [10:47:07] [Success] Core Engine 初始化完成
[2026-07-01 10:47:07] 🔄 检测到未完成的会话
[2026-07-01 10:47:07] ========================================
[2026-07-01 10:47:07] 会话 ID: SESSION_20260701_095852_1397
[2026-07-01 10:47:07] 已保存进度：0%
[2026-07-01 10:47:07] 当前阶段：Initialized
[2026-07-01 10:47:07] 保存时间：2026-07-01T09:58:52.3628499+08:00
[2026-07-01 10:47:07] 已挂起天数：0 天
[2026-07-01 10:47:07] ⏳ 等待用户在 GUI 上做出选择...
[2026-07-01 10:47:09] [syncHash] SessionRestarted = true
[2026-07-01 10:47:09] 🔄 用户选择重新开始，清除会话...
[2026-07-01 10:47:11] /// AURORA Analyzer Release Version ///
[2026-07-01 10:47:11] /// AURORA 2026 VelociRaptor-GR 版权所有 ///
[2026-07-01 10:47:11] /// Windows 系统事件日志导出与智能分析工具 ///
[2026-07-01 10:47:11] ///请稍后... 正在检测当前系统日期...///
[2026-07-01 10:47:11] 📅 检测完成! 当前日期为: 2026-07-01///
[2026-07-01 10:47:11] ///正在检查缓存状态...///
[2026-07-01 10:47:12] ///缓存状态检查完成!///
[2026-07-01 10:47:12] 【请选择日志类型】
[2026-07-01 10:47:12] 1: System (系统)
[2026-07-01 10:47:12] 2: Application (应用程序)
[2026-07-01 10:47:12] 3: Security (安全) - 需要管理员权限
[2026-07-01 10:47:12] 4: Setup (安装) - 需要管理员权限
[2026-07-01 10:47:12] 5: DNS Server (DNS服务器) - 需要管理员权限
[2026-07-01 10:47:12] 6: DHCP Server (DHCP服务器) - 需要管理员权限
[2026-07-01 10:47:12] 7: Active Directory (活动目录) - 需要管理员权限
[2026-07-01 10:47:12] 8: IIS (Web服务器) - 需要管理员权限
[2026-07-01 10:47:12] 💡 提示：可选择多个日志类型，用逗号或空格分隔（如：1,2 或 1 2）
[2026-07-01 10:47:12] [10:47:12] > 请进行输入: 
[2026-07-01 10:47:12] 请输入选项 (1-8)，直接回车则使用默认: System
[2026-07-01 10:47:54] 👤 [10:47:54] 你: [按下了回车 / 使用默认值]
[2026-07-01 10:47:54] ✅ 已选择日志类型: System
[2026-07-01 10:47:54] 【请选择导出模式】
[2026-07-01 10:47:54] 1: 单日导出（例如：2026-01-21）
[2026-07-01 10:47:54] 2: 日期范围导出（起止日期，格式：YYYY-MM-DD）
[2026-07-01 10:47:54] [10:47:54] > 请进行输入: 
[2026-07-01 10:47:54] 请输入选项 (1 或 2)
[2026-07-01 10:50:18] >>> 正在终止...
[2026-07-01 10:50:18] [已取消]
[2026-07-01 11:05:42] >>> StartAnalysisAsync entered
[2026-07-01 11:05:42] >>> [安全警告] 引擎完整性检查失败: FILE_MISSING:CoreEngine
[2026-07-01 11:05:42] 💻 硬件评估层级: [Extreme]
[2026-07-01 11:05:42] ⚠️ 管理员权限：未获取 - 部分功能受限
[2026-07-01 11:05:42] >>> 正在执行分析...
[2026-07-01 11:05:43] [安全守卫] 正在初始化 (第 1 次)...
[2026-07-01 11:05:43] [安全守卫] baseForGuard: G:\PowerShellBat\AURORA-Analyzer\AURORA-Analyzer-Factory-Dev\AURORA-Analyzer-Factory\Scripts\Security
[2026-07-01 11:05:43] [安全守卫] rootDir: G:\PowerShellBat\AURORA-Analyzer\AURORA-Analyzer-Factory-Dev\AURORA-Analyzer-Factory
[2026-07-01 11:05:43] [安全守卫] 初始化成功
[2026-07-01 11:05:43] [诊断] 正在执行环境安全扫描...
[2026-07-01 11:05:43] [诊断] 扫描结果: NONE
[2026-07-01 11:05:43] [安全守卫] 启动环境扫描完成 - 安全
[2026-07-01 11:05:44] [安全守卫] 已启动持续性检测（每 3 秒）
[2026-07-01 11:05:44] [安全守卫] WMI 实时监控启动失败，将仅使用轮询模式
[2026-07-01 11:05:44] [PRO] Starting AURORA PRO Mode (Language: CHS)
[2026-07-01 11:05:44] [PRO] Loading Unified PRO Engine...
[2026-07-01 11:05:44] [安全守卫] 正在初始化 (第 1 次)...
[2026-07-01 11:05:44] [安全守卫] baseForGuard: G:\PowerShellBat\AURORA-Analyzer\AURORA-Analyzer-Factory-Dev\AURORA-Analyzer-Factory\Scripts\Security
[2026-07-01 11:05:44] [安全守卫] rootDir: G:\PowerShellBat\AURORA-Analyzer\AURORA-Analyzer-Factory-Dev\AURORA-Analyzer-Factory
[2026-07-01 11:05:44] [安全守卫] 初始化成功
[2026-07-01 11:05:44] [诊断] 正在执行环境安全扫描...
[2026-07-01 11:05:44] [诊断] 扫描结果: NONE
[2026-07-01 11:05:44] [安全守卫] 启动环境扫描完成 - 安全
[2026-07-01 11:05:44] [安全守卫] 已启动持续性检测（每 3 秒）
[2026-07-01 11:05:44] [安全守卫] WMI 实时监控启动失败，将仅使用轮询模式
[2026-07-01 11:05:44] [11:05:44] [Info] 正在初始化 AURORA Core Engine...
[2026-07-01 11:05:45] [11:05:45] [Info] 系统：Microsoft Windows 11 教育版 (10.0.26200)
[2026-07-01 11:05:45] [11:05:45] [Info] PowerShell: v5.1.26100.8737
[2026-07-01 11:05:45] [11:05:45] [Info] 架构：x64
[2026-07-01 11:05:45] [11:05:45] [Success] Core Engine 初始化完成
[2026-07-01 11:05:46] 🔄 检测到未完成的会话
[2026-07-01 11:05:46] ========================================
[2026-07-01 11:05:46] 会话 ID: SESSION_20260701_104709_5900
[2026-07-01 11:05:46] 已保存进度：0%
[2026-07-01 11:05:46] 当前阶段：Initialized
[2026-07-01 11:05:46] 保存时间：2026-07-01T10:47:09.6507744+08:00
[2026-07-01 11:05:46] 已挂起天数：0 天
[2026-07-01 11:05:46] ⏳ 等待用户在 GUI 上做出选择...
[2026-07-01 11:05:48] [syncHash] SessionRestarted = true
[2026-07-01 11:05:48] 🔄 用户选择重新开始，清除会话...
[2026-07-01 11:05:50] /// AURORA Analyzer Release Version ///
[2026-07-01 11:05:50] /// AURORA 2026 VelociRaptor-GR 版权所有 ///
[2026-07-01 11:05:50] /// Windows 系统事件日志导出与智能分析工具 ///
[2026-07-01 11:05:50] ///请稍后... 正在检测当前系统日期...///
[2026-07-01 11:05:50] 📅 检测完成! 当前日期为: 2026-07-01///
[2026-07-01 11:05:50] ///正在检查缓存状态...///
[2026-07-01 11:05:51] ///缓存状态检查完成!///
[2026-07-01 11:05:51] 【请选择日志类型】
[2026-07-01 11:05:51] 1: System (系统)
[2026-07-01 11:05:51] 2: Application (应用程序)
[2026-07-01 11:05:51] 3: Security (安全) - 需要管理员权限
[2026-07-01 11:05:51] 4: Setup (安装) - 需要管理员权限
[2026-07-01 11:05:51] 5: DNS Server (DNS服务器) - 需要管理员权限
[2026-07-01 11:05:51] 6: DHCP Server (DHCP服务器) - 需要管理员权限
[2026-07-01 11:05:51] 7: Active Directory (活动目录) - 需要管理员权限
[2026-07-01 11:05:51] 8: IIS (Web服务器) - 需要管理员权限
[2026-07-01 11:05:51] 💡 提示：可选择多个日志类型，用逗号或空格分隔（如：1,2 或 1 2）
[2026-07-01 11:05:51] [11:05:51] > 请进行输入: 
[2026-07-01 11:05:51] 请输入选项 (1-8)，直接回车则使用默认: System
[2026-07-01 11:06:00] >>> 正在终止...
[2026-07-01 11:06:00] [已取消]
[2026-07-01 11:31:50] >>> StartAnalysisAsync entered
[2026-07-01 11:31:50] >>> [安全警告] 引擎完整性检查失败: FILE_MISSING:CoreEngine
[2026-07-01 11:31:50] 💻 硬件评估层级: [Extreme]
[2026-07-01 11:31:50] ⚠️ 管理员权限：未获取 - 部分功能受限
[2026-07-01 11:31:50] >>> 正在执行分析...
[2026-07-01 11:31:51] [安全守卫] 正在初始化 (第 1 次)...
[2026-07-01 11:31:51] [安全守卫] baseForGuard: G:\PowerShellBat\AURORA-Analyzer\AURORA-Analyzer-Factory-Dev\AURORA-Analyzer-Factory\Scripts\Security
[2026-07-01 11:31:51] [安全守卫] rootDir: G:\PowerShellBat\AURORA-Analyzer\AURORA-Analyzer-Factory-Dev\AURORA-Analyzer-Factory
[2026-07-01 11:31:51] [安全守卫] 初始化成功
[2026-07-01 11:31:51] [诊断] 正在执行环境安全扫描...
[2026-07-01 11:31:51] [诊断] 扫描结果: NONE
[2026-07-01 11:31:51] [安全守卫] 启动环境扫描完成 - 安全
[2026-07-01 11:31:51] [安全守卫] 已启动持续性检测（每 3 秒）
[2026-07-01 11:31:51] [安全守卫] WMI 实时监控启动失败，将仅使用轮询模式
[2026-07-01 11:31:51] [PRO] Starting AURORA PRO Mode (Language: CHS)
[2026-07-01 11:31:51] [PRO] Loading Unified PRO Engine...
[2026-07-01 11:31:51] [安全守卫] 正在初始化 (第 1 次)...
[2026-07-01 11:31:51] [安全守卫] baseForGuard: G:\PowerShellBat\AURORA-Analyzer\AURORA-Analyzer-Factory-Dev\AURORA-Analyzer-Factory\Scripts\Security
[2026-07-01 11:31:51] [安全守卫] rootDir: G:\PowerShellBat\AURORA-Analyzer\AURORA-Analyzer-Factory-Dev\AURORA-Analyzer-Factory
[2026-07-01 11:31:51] [安全守卫] 初始化成功
[2026-07-01 11:31:51] [诊断] 正在执行环境安全扫描...
[2026-07-01 11:31:51] [诊断] 扫描结果: NONE
[2026-07-01 11:31:51] [安全守卫] 启动环境扫描完成 - 安全
[2026-07-01 11:31:51] [安全守卫] 已启动持续性检测（每 3 秒）
[2026-07-01 11:31:51] [安全守卫] WMI 实时监控启动失败，将仅使用轮询模式
[2026-07-01 11:31:51] [11:31:51] [Info] 正在初始化 AURORA Core Engine...
[2026-07-01 11:31:53] [11:31:53] [Info] 系统：Microsoft Windows 11 教育版 (10.0.26200)
[2026-07-01 11:31:53] [11:31:53] [Info] PowerShell: v5.1.26100.8737
[2026-07-01 11:31:53] [11:31:53] [Info] 架构：x64
[2026-07-01 11:31:53] [11:31:53] [Success] Core Engine 初始化完成
[2026-07-01 11:31:53] 🔄 检测到未完成的会话
[2026-07-01 11:31:53] ========================================
[2026-07-01 11:31:53] 会话 ID: SESSION_20260701_110548_3195
[2026-07-01 11:31:53] 已保存进度：0%
[2026-07-01 11:31:53] 当前阶段：Initialized
[2026-07-01 11:31:53] 保存时间：2026-07-01T11:05:48.4882345+08:00
[2026-07-01 11:31:53] 已挂起天数：0 天
[2026-07-01 11:31:53] ⏳ 等待用户在 GUI 上做出选择...
[2026-07-01 11:31:55] [syncHash] SessionRestarted = true
[2026-07-01 11:31:55] 🔄 用户选择重新开始，清除会话...
[2026-07-01 11:31:56] /// AURORA Analyzer Release Version ///
[2026-07-01 11:31:56] /// AURORA 2026 VelociRaptor-GR 版权所有 ///
[2026-07-01 11:31:56] /// Windows 系统事件日志导出与智能分析工具 ///
[2026-07-01 11:31:56] ///请稍后... 正在检测当前系统日期...///
[2026-07-01 11:31:56] 📅 检测完成! 当前日期为: 2026-07-01///
[2026-07-01 11:31:56] ///正在检查缓存状态...///
[2026-07-01 11:31:57] ///缓存状态检查完成!///
[2026-07-01 11:31:57] 【请选择日志类型】
[2026-07-01 11:31:57] 1: System (系统)
[2026-07-01 11:31:57] 2: Application (应用程序)
[2026-07-01 11:31:57] 3: Security (安全) - 需要管理员权限
[2026-07-01 11:31:57] 4: Setup (安装) - 需要管理员权限
[2026-07-01 11:31:57] 5: DNS Server (DNS服务器) - 需要管理员权限
[2026-07-01 11:31:57] 6: DHCP Server (DHCP服务器) - 需要管理员权限
[2026-07-01 11:31:57] 7: Active Directory (活动目录) - 需要管理员权限
[2026-07-01 11:31:57] 8: IIS (Web服务器) - 需要管理员权限
[2026-07-01 11:31:57] 💡 提示：可选择多个日志类型，用逗号或空格分隔（如：1,2 或 1 2）
[2026-07-01 11:31:57] [11:31:57] > 请进行输入: 
[2026-07-01 11:31:57] 请输入选项 (1-8)，直接回车则使用默认: System
[2026-07-01 11:32:32] >>> 正在终止...
[2026-07-01 11:32:32] [已取消]
[2026-07-01 11:35:07] >>> StartAnalysisAsync entered
[2026-07-01 11:35:07] >>> [安全警告] 引擎完整性检查失败: FILE_MISSING:CoreEngine
[2026-07-01 11:35:07] 💻 硬件评估层级: [Extreme]
[2026-07-01 11:35:07] ⚠️ 管理员权限：未获取 - 部分功能受限
[2026-07-01 11:35:07] >>> 正在执行分析...
[2026-07-01 11:35:07] >>> 启动智能诊断与自主修复模式引擎...
[2026-07-01 11:35:08] [11:35:08] 🤖 正在初始化 AURORA 智能诊断与自主修复引擎...
[2026-07-01 11:35:10] [11:35:10] 🖥️ 操作系统: Microsoft Windows 11 教育版
[2026-07-01 11:35:10] [11:35:10] ⏱️ 系统连续运行时间: 50.69 小时
[2026-07-01 11:35:10] [11:35:10] ✅ 运行时间达标且未见近期崩溃。
[2026-07-01 11:35:10] 🎯 靶向锁定: 常规 24H 健康巡检 (范围: 06-30 11:35 ~ 07-01 11:35)
[2026-07-01 11:35:10] [11:35:10] ⚡ 正在从内核提取高危日志 (Critical/Error/Warning)...
[2026-07-01 11:35:10] [11:35:10] 🔍 正在从系统实时提取日志...
[2026-07-01 11:35:10] [11:35:10] 📦 成功提取并轻量化 134 条异常事件记录。
[2026-07-01 11:35:10] [11:35:10] 🧠 正在装载并预编译 AURORA-TechData 知识图谱...
[2026-07-01 11:35:10] [11:35:10] Knowledge base cached (10.283203125.ToString('F1') KB)
[2026-07-01 11:35:10] [11:35:10] ✅ 图谱装载完成，激活 32 条诊断规则。开始极速碰撞...
[2026-07-01 11:35:10] [11:35:10] 🎯 碰撞分析完成！发现 2 类已知高危问题。
[2026-07-01 11:35:10] [11:35:10] 
[2026-07-01 11:35:10] ================== [ 靶向自主修复方案 ] ==================
[2026-07-01 11:35:10] [11:35:10] 🚨 [H-001] TLS/SSL 安全协议错误
[2026-07-01 11:35:10]    [ 1 ] 查看 Schannel 错误 (Low)  [Auth]
[2026-07-01 11:35:10]    [ 2 ] 启用 TLS 1.2 (Medium) [Admin] [Auth]
[2026-07-01 11:35:10]    [ 3 ] 清除 SSL 状态 (Low)  [Auth]
[2026-07-01 11:35:10] 🚨 [A-003] 程序崩溃
[2026-07-01 11:35:10]    [ 4 ] 查看应用程序崩溃事件 (Low) [Admin] [Auth]
[2026-07-01 11:35:10]    [ 5 ] 检查系统内存使用 (Low)  [Auto]
[2026-07-01 11:35:10]    [ 6 ] 清理应用程序临时文件 (Low)  [Auto]
[2026-07-01 11:35:10] [11:35:10] 
[2026-07-01 11:35:10] >>> 请在下方输入 [序号] 执行修复，或直接按 [Enter] 退出引擎：
[2026-07-01 11:35:10] [11:35:10] 
[2026-07-01 11:35:10] ================== [ 靶向自主修复方案 ] ==================
[2026-07-01 11:35:10] [11:35:10] 🚨 [H-001] TLS/SSL 安全协议错误
[2026-07-01 11:35:10]    [ 1 ] 查看 Schannel 错误 (Low)  [Auth]
[2026-07-01 11:35:10]    [ 2 ] 启用 TLS 1.2 (Medium) [Admin] [Auth]
[2026-07-01 11:35:10]    [ 3 ] 清除 SSL 状态 (Low)  [Auth]
[2026-07-01 11:35:10] 🚨 [A-003] 程序崩溃
[2026-07-01 11:35:10]    [ 4 ] 查看应用程序崩溃事件 (Low) [Admin] [Auth]
[2026-07-01 11:35:10]    [ 5 ] 检查系统内存使用 (Low)  [Auto]
[2026-07-01 11:35:10]    [ 6 ] 清理应用程序临时文件 (Low)  [Auto]
[2026-07-01 11:35:10] [11:35:10] 
[2026-07-01 11:35:10] >>> 请在下方输入 [序号] 执行修复，或直接按 [Enter] 退出引擎：
[2026-07-01 11:35:19] 👤 [11:35:19] 你: 5
[2026-07-01 11:35:19] [11:35:19] ⚙️ 正在执行防线修复: 检查系统内存使用 ...
[2026-07-01 11:35:20] ✅ AURORA Undo 管理器初始化完成
[2026-07-01 11:35:20]    备份目录：G:\PowerShellBat\AURORA-Analyzer\AURORA-Analyzer-Factory-Dev\AURORA-Analyzer-Factory\Scripts\Session\..\SessionCache\backup
[2026-07-01 11:35:20] [11:35:20] 🔍 执行前置检查...
[2026-07-01 11:35:20] [11:35:20] ✅ 前置检查通过
[2026-07-01 11:35:21] [11:35:21] 
[2026-07-01 11:35:21] [11:35:21] 📦 Phase 4.2: 正在创建撤销保护（Undo Support）...
[2026-07-01 11:35:21] 🔧 开始修复会话：RS_20260701_113521_604
[2026-07-01 11:35:21]    类型：检查系统内存使用
[2026-07-01 11:35:21]    目标：检查系统内存使用
[2026-07-01 11:35:21] [11:35:21]    ✅ 修复会话已创建：RS_20260701_113521_604
[2026-07-01 11:35:21] ✅ 修复会话完成：RS_20260701_113521_604
[2026-07-01 11:35:21]    状态：Success
[2026-07-01 11:35:21]    执行命令数：0
[2026-07-01 11:35:21]    可撤销：❌ 否
[2026-07-01 11:35:21] [11:35:21] 
[2026-07-01 11:35:21] [11:35:21] ⚙️ 正在执行...
[2026-07-01 11:35:21] [11:35:21] ✅ 执行成功
[2026-07-01 11:35:21] [11:35:21] ⏱️ 执行时间: 0.11 秒
[2026-07-01 11:35:21] [11:35:21] 📋 执行输出:
[2026-07-01 11:35:21] [11:35:21]   Name               Memory(MB)
[2026-07-01 11:35:21] [11:35:21]   ----               ----------
[2026-07-01 11:35:21] [11:35:21]   Memory Compression    1223.48
[2026-07-01 11:35:21] [11:35:21]   Trae CN                419.05
[2026-07-01 11:35:21] [11:35:21]   dotnet                 310.65
[2026-07-01 11:35:21] [11:35:21]   Lingma                  259.9
[2026-07-01 11:35:21] [11:35:21]   explorer               231.11
[2026-07-01 11:35:21] [11:35:21]   AURORA.Wpf             193.08
[2026-07-01 11:35:21] [11:35:21]   Weixin                  189.2
[2026-07-01 11:35:21] [11:35:21]   Trae CN                155.84
[2026-07-01 11:35:21] [11:35:21]    ...还有 2 行输出未显示
[2026-07-01 11:35:24] [11:35:24] ✅ 指令下发成功。
[2026-07-01 11:35:25] [11:35:25] 
[2026-07-01 11:35:25] ================== [ 靶向自主修复方案 ] ==================
[2026-07-01 11:35:25] [11:35:25] 🚨 [H-001] TLS/SSL 安全协议错误
[2026-07-01 11:35:25]    [ 1 ] 查看 Schannel 错误 (Low)  [Auth]
[2026-07-01 11:35:25]    [ 2 ] 启用 TLS 1.2 (Medium) [Admin] [Auth]
[2026-07-01 11:35:25]    [ 3 ] 清除 SSL 状态 (Low)  [Auth]
[2026-07-01 11:35:25] 🚨 [A-003] 程序崩溃
[2026-07-01 11:35:25]    [ 4 ] 查看应用程序崩溃事件 (Low) [Admin] [Auth]
[2026-07-01 11:35:25]    [ 5 ] 检查系统内存使用 (Low)  [Auto]
[2026-07-01 11:35:25]    [ 6 ] 清理应用程序临时文件 (Low)  [Auto]
[2026-07-01 11:35:25] [11:35:25] 
[2026-07-01 11:35:25] >>> 请在下方输入 [序号] 执行修复，或直接按 [Enter] 退出引擎：
[2026-07-01 11:35:39] 👤 [11:35:39] 你: 6
[2026-07-01 11:35:39] [11:35:39] ⚙️ 正在执行防线修复: 清理应用程序临时文件 ...
[2026-07-01 11:35:40] ✅ AURORA Undo 管理器初始化完成
[2026-07-01 11:35:40]    备份目录：G:\PowerShellBat\AURORA-Analyzer\AURORA-Analyzer-Factory-Dev\AURORA-Analyzer-Factory\Scripts\Session\..\SessionCache\backup
[2026-07-01 11:35:40] [11:35:40] 🔍 执行前置检查...
[2026-07-01 11:35:40] [11:35:40] ✅ 前置检查通过
[2026-07-01 11:35:40] [11:35:40] 
[2026-07-01 11:35:40] [11:35:40] 📦 Phase 4.2: 正在创建撤销保护（Undo Support）...
[2026-07-01 11:35:40] 🔧 开始修复会话：RS_20260701_113540_130
[2026-07-01 11:35:40]    类型：清理应用程序临时文件
[2026-07-01 11:35:40]    目标：清理应用程序临时文件
[2026-07-01 11:35:40] [11:35:40]    ✅ 修复会话已创建：RS_20260701_113540_130
[2026-07-01 11:35:40] ✅ 修复会话完成：RS_20260701_113540_130
[2026-07-01 11:35:40]    状态：Success
[2026-07-01 11:35:40]    执行命令数：0
[2026-07-01 11:35:40]    可撤销：❌ 否
[2026-07-01 11:35:40] [11:35:40] 
[2026-07-01 11:35:41] [11:35:41] ⚙️ 正在执行...
[2026-07-01 11:35:41] [11:35:41] ✅ 执行成功
[2026-07-01 11:35:41] [11:35:41] ⏱️ 执行时间: 0.08 秒
[2026-07-01 11:35:44] [11:35:44] ✅ 指令下发成功。
[2026-07-01 11:35:45] [11:35:45] 
[2026-07-01 11:35:45] ================== [ 靶向自主修复方案 ] ==================
[2026-07-01 11:35:45] [11:35:45] 🚨 [H-001] TLS/SSL 安全协议错误
[2026-07-01 11:35:45]    [ 1 ] 查看 Schannel 错误 (Low)  [Auth]
[2026-07-01 11:35:45]    [ 2 ] 启用 TLS 1.2 (Medium) [Admin] [Auth]
[2026-07-01 11:35:45]    [ 3 ] 清除 SSL 状态 (Low)  [Auth]
[2026-07-01 11:35:45] 🚨 [A-003] 程序崩溃
[2026-07-01 11:35:45]    [ 4 ] 查看应用程序崩溃事件 (Low) [Admin] [Auth]
[2026-07-01 11:35:45]    [ 5 ] 检查系统内存使用 (Low)  [Auto]
[2026-07-01 11:35:45]    [ 6 ] 清理应用程序临时文件 (Low)  [Auto]
[2026-07-01 11:35:45] [11:35:45] 
[2026-07-01 11:35:45] >>> 请在下方输入 [序号] 执行修复，或直接按 [Enter] 退出引擎：
[2026-07-01 11:35:54] 👤 [11:35:54] 你: [按下了回车 / 使用默认值]
[2026-07-01 11:35:54] [分析完成]
[2026-07-03 11:35:22] >>> StartAnalysisAsync entered
[2026-07-03 11:35:22] >>> [安全警告] 引擎完整性检查失败: FILE_MISSING:CoreEngine
[2026-07-03 11:35:22] 💻 硬件评估层级: [Extreme]
[2026-07-03 11:35:22] ⚠️ 管理员权限：未获取 - 部分功能受限
[2026-07-03 11:35:22] >>> 正在执行分析...
[2026-07-03 11:35:23] [安全守卫] 正在初始化 (第 1 次)...
[2026-07-03 11:35:24] [安全守卫] baseForGuard: G:\PowerShellBat\AURORA-Analyzer\AURORA-Analyzer-Factory-Dev\AURORA-Analyzer-Factory\Scripts\Security
[2026-07-03 11:35:24] [安全守卫] rootDir: G:\PowerShellBat\AURORA-Analyzer\AURORA-Analyzer-Factory-Dev\AURORA-Analyzer-Factory
[2026-07-03 11:35:24] [安全守卫] 初始化成功
[2026-07-03 11:35:24] [诊断] 正在执行环境安全扫描...
[2026-07-03 11:35:24] [诊断] 扫描结果: NONE
[2026-07-03 11:35:24] [安全守卫] 启动环境扫描完成 - 安全
[2026-07-03 11:35:24] [安全守卫] 已启动持续性检测（每 3 秒）
[2026-07-03 11:35:24] [安全守卫] WMI 实时监控启动失败，将仅使用轮询模式
[2026-07-03 11:35:24] [PRO] Starting AURORA PRO Mode (Language: CHS)
[2026-07-03 11:35:24] [PRO] Loading Unified PRO Engine...
[2026-07-03 11:35:24] [安全守卫] 正在初始化 (第 1 次)...
[2026-07-03 11:35:24] [安全守卫] baseForGuard: G:\PowerShellBat\AURORA-Analyzer\AURORA-Analyzer-Factory-Dev\AURORA-Analyzer-Factory\Scripts\Security
[2026-07-03 11:35:24] [安全守卫] rootDir: G:\PowerShellBat\AURORA-Analyzer\AURORA-Analyzer-Factory-Dev\AURORA-Analyzer-Factory
[2026-07-03 11:35:24] [安全守卫] 初始化成功
[2026-07-03 11:35:24] [诊断] 正在执行环境安全扫描...
[2026-07-03 11:35:24] [诊断] 扫描结果: NONE
[2026-07-03 11:35:24] [安全守卫] 启动环境扫描完成 - 安全
[2026-07-03 11:35:24] [安全守卫] 已启动持续性检测（每 3 秒）
[2026-07-03 11:35:24] [安全守卫] WMI 实时监控启动失败，将仅使用轮询模式
[2026-07-03 11:35:24] [11:35:24] [Info] 正在初始化 AURORA Core Engine...
[2026-07-03 11:35:26] [11:35:26] [Info] 系统：Microsoft Windows 11 教育版 (10.0.26200)
[2026-07-03 11:35:26] [11:35:26] [Info] PowerShell: v5.1.26100.8737
[2026-07-03 11:35:26] [11:35:26] [Info] 架构：x64
[2026-07-03 11:35:26] [11:35:26] [Success] Core Engine 初始化完成
[2026-07-03 11:35:26] 🔄 检测到未完成的会话
[2026-07-03 11:35:26] ========================================
[2026-07-03 11:35:26] 会话 ID: SESSION_20260701_131724_4776
[2026-07-03 11:35:26] 已保存进度：0%
[2026-07-03 11:35:26] 当前阶段：Initialized
[2026-07-03 11:35:26] 保存时间：2026-07-01T13:17:24.9714718+08:00
[2026-07-03 11:35:26] 已挂起天数：1.9 天
[2026-07-03 11:35:26] ⏳ 等待用户在 GUI 上做出选择...
[2026-07-03 11:35:31] [syncHash] SessionRestarted = true
[2026-07-03 11:35:31] 🔄 用户选择重新开始，清除会话...
[2026-07-03 11:35:33] /// AURORA Analyzer Release Version ///
[2026-07-03 11:35:33] /// AURORA 2026 VelociRaptor-GR 版权所有 ///
[2026-07-03 11:35:33] /// Windows 系统事件日志导出与智能分析工具 ///
[2026-07-03 11:35:33] ///请稍后... 正在检测当前系统日期...///
[2026-07-03 11:35:33] 📅 检测完成! 当前日期为: 2026-07-03///
[2026-07-03 11:35:33] ///正在检查缓存状态...///
[2026-07-03 11:35:35] >>> 正在终止...
[2026-07-03 11:35:35] [已取消]
[2026-07-03 12:35:44] >>> StartAnalysisAsync entered
[2026-07-03 12:35:44] >>> [安全警告] 引擎完整性检查失败: FILE_MISSING:CoreEngine
[2026-07-03 12:35:44] 💻 硬件评估层级: [Extreme]
[2026-07-03 12:35:44] ⚠️ 管理员权限：未获取 - 部分功能受限
[2026-07-03 12:35:44] >>> 正在执行分析...
[2026-07-03 12:35:45] [安全守卫] 正在初始化 (第 1 次)...
[2026-07-03 12:35:45] [安全守卫] baseForGuard: G:\PowerShellBat\AURORA-Analyzer\AURORA-Analyzer-Factory-Dev\AURORA-Analyzer-Factory\Scripts\Security
[2026-07-03 12:35:45] [安全守卫] rootDir: G:\PowerShellBat\AURORA-Analyzer\AURORA-Analyzer-Factory-Dev\AURORA-Analyzer-Factory
[2026-07-03 12:35:45] [安全守卫] 初始化成功
[2026-07-03 12:35:45] [诊断] 正在执行环境安全扫描...
[2026-07-03 12:35:46] [诊断] 扫描结果: NONE
[2026-07-03 12:35:46] [安全守卫] 启动环境扫描完成 - 安全
[2026-07-03 12:35:46] [安全守卫] 已启动持续性检测（每 3 秒）
[2026-07-03 12:35:46] [安全守卫] WMI 实时监控启动失败，将仅使用轮询模式
[2026-07-03 12:35:46] [PRO] Starting AURORA PRO Mode (Language: CHS)
[2026-07-03 12:35:46] [PRO] Loading Unified PRO Engine...
[2026-07-03 12:35:46] [安全守卫] 正在初始化 (第 1 次)...
[2026-07-03 12:35:46] [安全守卫] baseForGuard: G:\PowerShellBat\AURORA-Analyzer\AURORA-Analyzer-Factory-Dev\AURORA-Analyzer-Factory\Scripts\Security
[2026-07-03 12:35:46] [安全守卫] rootDir: G:\PowerShellBat\AURORA-Analyzer\AURORA-Analyzer-Factory-Dev\AURORA-Analyzer-Factory
[2026-07-03 12:35:46] [安全守卫] 初始化成功
[2026-07-03 12:35:46] [诊断] 正在执行环境安全扫描...
[2026-07-03 12:35:46] [诊断] 扫描结果: NONE
[2026-07-03 12:35:46] [安全守卫] 启动环境扫描完成 - 安全
[2026-07-03 12:35:46] [安全守卫] 已启动持续性检测（每 3 秒）
[2026-07-03 12:35:46] [安全守卫] WMI 实时监控启动失败，将仅使用轮询模式
[2026-07-03 12:35:46] [12:35:46] [Info] 正在初始化 AURORA Core Engine...
[2026-07-03 12:35:48] [12:35:48] [Info] 系统：Microsoft Windows 11 教育版 (10.0.26200)
[2026-07-03 12:35:48] [12:35:48] [Info] PowerShell: v5.1.26100.8737
[2026-07-03 12:35:48] [12:35:48] [Info] 架构：x64
[2026-07-03 12:35:48] [12:35:48] [Success] Core Engine 初始化完成
[2026-07-03 12:35:48] 🔄 检测到未完成的会话
[2026-07-03 12:35:48] ========================================
[2026-07-03 12:35:48] 会话 ID: SESSION_20260703_113531_3865
[2026-07-03 12:35:48] 已保存进度：0%
[2026-07-03 12:35:48] 当前阶段：Initialized
[2026-07-03 12:35:48] 保存时间：2026-07-03T11:35:31.4948596+08:00
[2026-07-03 12:35:48] 已挂起天数：0 天
[2026-07-03 12:35:48] ⏳ 等待用户在 GUI 上做出选择...
[2026-07-03 12:35:50] [syncHash] SessionRestarted = true
[2026-07-03 12:35:50] 🔄 用户选择重新开始，清除会话...
[2026-07-03 12:35:53] /// AURORA Analyzer Release Version ///
[2026-07-03 12:35:53] /// AURORA 2026 VelociRaptor-GR 版权所有 ///
[2026-07-03 12:35:53] /// Windows 系统事件日志导出与智能分析工具 ///
[2026-07-03 12:35:53] ///请稍后... 正在检测当前系统日期...///
[2026-07-03 12:35:53] 📅 检测完成! 当前日期为: 2026-07-03///
[2026-07-03 12:35:53] ///正在检查缓存状态...///
[2026-07-03 12:35:54] ///缓存状态检查完成!///
[2026-07-03 12:35:54] 【请选择日志类型】
[2026-07-03 12:35:54] 1: System (系统)
[2026-07-03 12:35:54] 2: Application (应用程序)
[2026-07-03 12:35:54] 3: Security (安全) - 需要管理员权限
[2026-07-03 12:35:54] 4: Setup (安装) - 需要管理员权限
[2026-07-03 12:35:54] 5: DNS Server (DNS服务器) - 需要管理员权限
[2026-07-03 12:35:54] 6: DHCP Server (DHCP服务器) - 需要管理员权限
[2026-07-03 12:35:54] 7: Active Directory (活动目录) - 需要管理员权限
[2026-07-03 12:35:54] 8: IIS (Web服务器) - 需要管理员权限
[2026-07-03 12:35:54] 💡 提示：可选择多个日志类型，用逗号或空格分隔（如：1,2 或 1 2）
[2026-07-03 12:35:54] [12:35:54] > 请进行输入: 
[2026-07-03 12:35:54] 请输入选项 (1-8)，直接回车则使用默认: System
[2026-07-03 12:36:28] >>> 正在终止...
[2026-07-03 12:36:28] [已取消]
[2026-07-03 12:59:04] >>> StartAnalysisAsync entered
[2026-07-03 12:59:04] >>> [安全警告] 引擎完整性检查失败: FILE_MISSING:CoreEngine
[2026-07-03 12:59:04] 💻 硬件评估层级: [Extreme]
[2026-07-03 12:59:04] ⚠️ 管理员权限：未获取 - 部分功能受限
[2026-07-03 12:59:04] >>> 正在执行分析...
[2026-07-03 12:59:05] [安全守卫] 正在初始化 (第 1 次)...
[2026-07-03 12:59:05] [安全守卫] baseForGuard: G:\PowerShellBat\AURORA-Analyzer\AURORA-Analyzer-Factory-Dev\AURORA-Analyzer-Factory\Scripts\Security
[2026-07-03 12:59:05] [安全守卫] rootDir: G:\PowerShellBat\AURORA-Analyzer\AURORA-Analyzer-Factory-Dev\AURORA-Analyzer-Factory
[2026-07-03 12:59:05] [安全守卫] 初始化成功
[2026-07-03 12:59:05] [诊断] 正在执行环境安全扫描...
[2026-07-03 12:59:05] [诊断] 扫描结果: NONE
[2026-07-03 12:59:05] [安全守卫] 启动环境扫描完成 - 安全
[2026-07-03 12:59:05] [安全守卫] 已启动持续性检测（每 3 秒）
[2026-07-03 12:59:05] [安全守卫] WMI 实时监控启动失败，将仅使用轮询模式
[2026-07-03 12:59:05] [PRO] Starting AURORA PRO Mode (Language: CHS)
[2026-07-03 12:59:05] [PRO] Loading Unified PRO Engine...
[2026-07-03 12:59:05] [安全守卫] 正在初始化 (第 1 次)...
[2026-07-03 12:59:05] [安全守卫] baseForGuard: G:\PowerShellBat\AURORA-Analyzer\AURORA-Analyzer-Factory-Dev\AURORA-Analyzer-Factory\Scripts\Security
[2026-07-03 12:59:05] [安全守卫] rootDir: G:\PowerShellBat\AURORA-Analyzer\AURORA-Analyzer-Factory-Dev\AURORA-Analyzer-Factory
[2026-07-03 12:59:05] [安全守卫] 初始化成功
[2026-07-03 12:59:05] [诊断] 正在执行环境安全扫描...
[2026-07-03 12:59:05] [诊断] 扫描结果: NONE
[2026-07-03 12:59:05] [安全守卫] 启动环境扫描完成 - 安全
[2026-07-03 12:59:05] [安全守卫] 已启动持续性检测（每 3 秒）
[2026-07-03 12:59:05] [安全守卫] WMI 实时监控启动失败，将仅使用轮询模式
[2026-07-03 12:59:06] [12:59:06] [Info] 正在初始化 AURORA Core Engine...
[2026-07-03 12:59:07] [12:59:07] [Info] 系统：Microsoft Windows 11 教育版 (10.0.26200)
[2026-07-03 12:59:07] [12:59:07] [Info] PowerShell: v5.1.26100.8737
[2026-07-03 12:59:07] [12:59:07] [Info] 架构：x64
[2026-07-03 12:59:07] [12:59:07] [Success] Core Engine 初始化完成
[2026-07-03 12:59:08] 🔄 检测到未完成的会话
[2026-07-03 12:59:08] ========================================
[2026-07-03 12:59:08] 会话 ID: SESSION_20260703_123550_6081
[2026-07-03 12:59:08] 已保存进度：0%
[2026-07-03 12:59:08] 当前阶段：Initialized
[2026-07-03 12:59:08] 保存时间：2026-07-03T12:35:50.8315124+08:00
[2026-07-03 12:59:08] 已挂起天数：0 天
[2026-07-03 12:59:08] ⏳ 等待用户在 GUI 上做出选择...
[2026-07-03 12:59:16] [syncHash] SessionRestarted = true
[2026-07-03 12:59:16] 🔄 用户选择重新开始，清除会话...
[2026-07-03 12:59:18] /// AURORA Analyzer Release Version ///
[2026-07-03 12:59:18] /// AURORA 2026 VelociRaptor-GR 版权所有 ///
[2026-07-03 12:59:18] /// Windows 系统事件日志导出与智能分析工具 ///
[2026-07-03 12:59:18] ///请稍后... 正在检测当前系统日期...///
[2026-07-03 12:59:18] 📅 检测完成! 当前日期为: 2026-07-03///
[2026-07-03 12:59:18] ///正在检查缓存状态...///
[2026-07-03 12:59:19] ///缓存状态检查完成!///
[2026-07-03 12:59:19] 【请选择日志类型】
[2026-07-03 12:59:19] 1: System (系统)
[2026-07-03 12:59:19] 2: Application (应用程序)
[2026-07-03 12:59:19] 3: Security (安全) - 需要管理员权限
[2026-07-03 12:59:19] 4: Setup (安装) - 需要管理员权限
[2026-07-03 12:59:19] 5: DNS Server (DNS服务器) - 需要管理员权限
[2026-07-03 12:59:19] 6: DHCP Server (DHCP服务器) - 需要管理员权限
[2026-07-03 12:59:19] 7: Active Directory (活动目录) - 需要管理员权限
[2026-07-03 12:59:19] 8: IIS (Web服务器) - 需要管理员权限
[2026-07-03 12:59:19] 💡 提示：可选择多个日志类型，用逗号或空格分隔（如：1,2 或 1 2）
[2026-07-03 12:59:19] [12:59:19] > 请进行输入: 
[2026-07-03 12:59:19] 请输入选项 (1-8)，直接回车则使用默认: System
[2026-07-03 12:59:24] 👤 [12:59:24] 你: [按下了回车 / 使用默认值]
[2026-07-03 12:59:24] ✅ 已选择日志类型: System
[2026-07-03 12:59:24] 【请选择导出模式】
[2026-07-03 12:59:24] 1: 单日导出（例如：2026-01-21）
[2026-07-03 12:59:24] 2: 日期范围导出（起止日期，格式：YYYY-MM-DD）
[2026-07-03 12:59:24] [12:59:24] > 请进行输入: 
[2026-07-03 12:59:24] 请输入选项 (1 或 2)
[2026-07-03 12:59:29] 👤 [12:59:29] 你: 1
[2026-07-03 12:59:29] [12:59:29] > 请进行输入: 
[2026-07-03 12:59:29] 请输入日期 (格式：YYYY-MM-DD)，直接回车则导出今日日志
[2026-07-03 12:59:31] 👤 [12:59:31] 你: [按下了回车 / 使用默认值]
[2026-07-03 12:59:31] 【事件过滤选项】
[2026-07-03 12:59:31] 1: 无过滤（默认）
[2026-07-03 12:59:31] 2: 按事件 ID 过滤
[2026-07-03 12:59:31] 3: 按事件提供程序过滤
[2026-07-03 12:59:31] 4: 按事件级别过滤
[2026-07-03 12:59:31] [12:59:31] > 请进行输入: 
[2026-07-03 12:59:31] 请选择过滤选项 (1-4)，直接回车则使用默认: 1
[2026-07-03 12:59:33] 👤 [12:59:33] 你: [按下了回车 / 使用默认值]
[2026-07-03 12:59:33] ⚠️ 检测到 scopes 是单个对象，正在转换为数组...
[2026-07-03 12:59:33] ✅ scopes 验证完成，共 1 个范围
[2026-07-03 12:59:33] ━━━━━━━━━━━━━━━━━━━━━━━━ 评估系统性能 ━━━━━━━━━━━━━━━━━━━━━━━━
[2026-07-03 12:59:33] 【正在评估系统性能...】
[2026-07-03 12:59:51] 处理器：11th Gen Intel(R) Core(TM) i7-11800H @ 2.30GHz 8 核心 @ 4193 MHz (基础: 2304 MHz)
[2026-07-03 12:59:51] 内存容量：31.74 GB
[2026-07-03 12:59:51] 磁盘性能分数: 50/50
[2026-07-03 12:59:51] 磁盘配置：2 个 SSD, 0 个 HDD
[2026-07-03 12:59:51] 正在计算性能分数...
[2026-07-03 12:59:51] 您的性能分数为：100/100
[2026-07-03 13:00:00] 使用最佳分块大小：7 小时/块
[2026-07-03 13:00:00] 根据系统负载使用 11/16 个线程
[2026-07-03 13:00:08] ✅ 知识图谱索引创建成功
[2026-07-03 13:00:08] ✅ 知识图谱加载成功，包含 9 个分类
[2026-07-03 13:00:08] 【资源优化策略】
[2026-07-03 13:00:08] 性能等级: HighPerformance
[2026-07-03 13:00:08] 日志扫描并行度: 16
[2026-07-03 13:00:08] 报告生成并行度: 12.8
[2026-07-03 13:00:08] 缓存压缩: False
[2026-07-03 13:00:08] I/O 缓冲区大小：131072 bytes
[2026-07-03 13:00:08] ━━━━━━━━━━━━━━━━━━━━━━ 扫描高危事件 + 导出 ━━━━━━━━━━━━━━━━━━━━━━
[2026-07-03 13:00:08] ========================================
[2026-07-03 13:00:08]   [1/1] 正在处理：System
[2026-07-03 13:00:08] ========================================
[2026-07-03 13:00:08] 【无匹配缓存，正在扫描所选范围内的高危事件...】
[2026-07-03 13:00:16] [系统资源监控] 并行线程数: 4, 内存使用率: 28.59%
[2026-07-03 13:00:18] [知识库分析] 正在批量处理 58 条事件的知识库查询...
[2026-07-03 13:00:18] [知识库分析] 批量处理完成
[2026-07-03 13:00:24] 【高危事件扫描完成】共发现 58 条高危事件
[2026-07-03 13:00:24] 【扫描完成】
[2026-07-03 13:00:24] 发现：0 条严重事件，14 条错误，44 条警告（共 58 条高危事件）
[2026-07-03 13:00:24] 总日志数：133 条
[2026-07-03 13:00:24] 【系统健康评估】
[2026-07-03 13:00:24] 错误: 14 | 警告: 44 | 严重: 0
[2026-07-03 13:00:24] 健康评分: 46/100 | 健康等级: 较差
[2026-07-03 13:00:24] 系统状态：较差 —— 存在大量异常，建议立即检查！
[2026-07-03 13:00:24] [13:00:24] > 请进行输入: 
[2026-07-03 13:00:24] 按 Enter 仅导出高危事件，或输入 '1' 导出完整日志
[2026-07-03 13:00:27] 👤 [13:00:27] 你: 1
[2026-07-03 13:00:32] 数据已存入缓存...
[2026-07-03 13:00:32] 【完整 System 日志读取完成】共采集 133 条事件
[2026-07-03 13:00:32] 【正在导出：完整 System 日志】
[2026-07-03 13:00:34] 【正在执行高级日志模式分析...】
[2026-07-03 13:00:34] 摘要报告已保存至：G:\PowerShellBat\AURORA-Analyzer\AURORA-Analyzer-Factory-Dev\AURORA-Analyzer-Factory\UserLogs\系统_日志_20260703_摘要.txt
[2026-07-03 13:00:34] 已导出:
[2026-07-03 13:00:34]   CSV: G:\PowerShellBat\AURORA-Analyzer\AURORA-Analyzer-Factory-Dev\AURORA-Analyzer-Factory\UserLogs\系统_日志_20260703.csv
[2026-07-03 13:00:34]   JSON: G:\PowerShellBat\AURORA-Analyzer\AURORA-Analyzer-Factory-Dev\AURORA-Analyzer-Factory\UserLogs\系统_日志_20260703.json
[2026-07-03 13:00:34]   XML: G:\PowerShellBat\AURORA-Analyzer\AURORA-Analyzer-Factory-Dev\AURORA-Analyzer-Factory\UserLogs\系统_日志_20260703.xml
[2026-07-03 13:00:34] [13:00:34] > 请进行输入: 是否进行日志趋势分析？(Y/N) [默认: N]
[2026-07-03 13:00:38] 👤 [13:00:38] 你: y
[2026-07-03 13:00:42] 趋势分析报告已保存至：G:\PowerShellBat\AURORA-Analyzer\AURORA-Analyzer-Factory-Dev\AURORA-Analyzer-Factory\UserLogs\系统_日志_20260703_to_20260703_趋势分析.txt
[2026-07-03 13:00:42] 趋势数据已保存至：G:\PowerShellBat\AURORA-Analyzer\AURORA-Analyzer-Factory-Dev\AURORA-Analyzer-Factory\UserLogs\系统_日志_20260703_to_20260703_趋势数据.csv
[2026-07-03 13:00:42] 【趋势分析完成】
[2026-07-03 13:00:42] 🧠 正在调用 AURORA 智能诊断引擎...
[2026-07-03 13:00:42] ========================================
[2026-07-03 13:00:42]   智能诊断分析可用
[2026-07-03 13:00:42] ========================================
[2026-07-03 13:00:42] 📊 已检测到导出的 CSV 文件：
[2026-07-03 13:00:42]    位置：G:\PowerShellBat\AURORA-Analyzer\AURORA-Analyzer-Factory-Dev\AURORA-Analyzer-Factory\UserLogs
[2026-07-03 13:00:42]    文件：找到 2 个 CSV 文件
[2026-07-03 13:00:42] 🔍 智能模式将执行：
[2026-07-03 13:00:42]    ✓ 加载已导出的 CSV 文件
[2026-07-03 13:00:42]    ✓ 知识库靶向碰撞分析
[2026-07-03 13:00:42]    ✓ 提供自主修复方案
[2026-07-03 13:00:42] ⚡ 是否立即启动智能诊断分析？
[2026-07-03 13:00:42] ========================================
[2026-07-03 13:00:42] 📋 正在等待用户确认...
[2026-07-03 13:00:44] [syncHash] SmartAnalysisAuthorized = true
[2026-07-03 13:00:44] ✅ GUI 已响应智能分析请求（等待了 2350ms）
[2026-07-03 13:00:44] ✅ 用户确认，开始智能分析...
[2026-07-03 13:00:44] 📖 正在加载智能引擎...
[2026-07-03 13:00:45] [13:00:45] 🤖 正在初始化 AURORA 智能诊断与自主修复引擎...
[2026-07-03 13:00:47] [13:00:47] 🖥️ 操作系统: Microsoft Windows 11 教育版
[2026-07-03 13:00:47] [13:00:47] ⏱️ 系统连续运行时间: 100.12 小时
[2026-07-03 13:00:47] [13:00:47] ✅ 运行时间达标且未见近期崩溃。
[2026-07-03 13:00:47] 🎯 靶向锁定: 常规 24H 健康巡检 (范围: 07-02 13:00 ~ 07-03 13:00)
[2026-07-03 13:00:47] [13:00:47] ⚡ 正在从内核提取高危日志 (Critical/Error/Warning)...
[2026-07-03 13:00:47] [13:00:47] 📖 检测到 PRO 模式导出，正在读取：G:\PowerShellBat\AURORA-Analyzer\AURORA-Analyzer-Factory-Dev\AURORA-Analyzer-Factory\UserLogs
[2026-07-03 13:00:47] [13:00:47] ✅ 找到 1 个导出的 CSV 文件，正在加载...
[2026-07-03 13:00:47] [13:00:47] 📂 分析的日志类型：System
[2026-07-03 13:00:47] [13:00:47] ⚠️ 警告：未找到以下日志文件 - 应用程序日志
[2026-07-03 13:00:47] [13:00:47] 💡 提示：请在 PRO 模式中也导出这些日志以获得完整分析
[2026-07-03 13:00:47] [13:00:47]    正在加载：系统_日志_20260703.csv
[2026-07-03 13:00:47] [13:00:47] ✅ 已加载 58 个事件
[2026-07-03 13:00:47] [13:00:47] 📦 成功提取并轻量化 58 条异常事件记录。
[2026-07-03 13:00:47] [13:00:47] 🧠 正在装载并预编译 AURORA-TechData 知识图谱...
[2026-07-03 13:00:47] [13:00:47] Knowledge base cached (10.283203125.ToString('F1') KB)
[2026-07-03 13:00:47] [13:00:47] ✅ 图谱装载完成，激活 32 条诊断规则。开始极速碰撞...
[2026-07-03 13:00:47] [13:00:47] 🎯 碰撞分析完成！发现 2 类已知高危问题。
[2026-07-03 13:00:47] [13:00:47] 
[2026-07-03 13:00:47] ================== [ 靶向自主修复方案 ] ==================
[2026-07-03 13:00:47] [13:00:47] 🚨 [H-001] TLS/SSL 安全协议错误
[2026-07-03 13:00:47]    [ 1 ] 查看 Schannel 错误 (Low)  [Auth]
[2026-07-03 13:00:47]    [ 2 ] 启用 TLS 1.2 (Medium) [Admin] [Auth]
[2026-07-03 13:00:47]    [ 3 ] 清除 SSL 状态 (Low)  [Auth]
[2026-07-03 13:00:47] 🚨 [D-016] Windows更新错误
[2026-07-03 13:00:47]    [ 4 ] 停止Windows更新服务 (High) [Admin] [Auth]
[2026-07-03 13:00:47]    [ 5 ] 重命名SoftwareDistribution文件夹 (High) [Admin] [Auth]
[2026-07-03 13:00:47]    [ 6 ] 重命名Catroot2文件夹 (High) [Admin] [Auth]
[2026-07-03 13:00:47]    [ 7 ] 启动Windows更新服务 (Medium) [Admin] [Auth]
[2026-07-03 13:00:47]    [ 8 ] 运行DISM和SFC修复 (Medium) [Admin] [Auth]
[2026-07-03 13:00:47]    [ 9 ] 查看Windows更新事件 (Low) [Admin] [Auth]
[2026-07-03 13:00:47] [13:00:47] 
[2026-07-03 13:00:47] >>> 请在下方输入 [序号] 执行修复，或直接按 [Enter] 退出引擎：
[2026-07-03 13:00:47] [13:00:47] 
[2026-07-03 13:00:47] ================== [ 靶向自主修复方案 ] ==================
[2026-07-03 13:00:47] [13:00:47] 🚨 [H-001] TLS/SSL 安全协议错误
[2026-07-03 13:00:47]    [ 1 ] 查看 Schannel 错误 (Low)  [Auth]
[2026-07-03 13:00:47]    [ 2 ] 启用 TLS 1.2 (Medium) [Admin] [Auth]
[2026-07-03 13:00:47]    [ 3 ] 清除 SSL 状态 (Low)  [Auth]
[2026-07-03 13:00:47] 🚨 [D-016] Windows更新错误
[2026-07-03 13:00:47]    [ 4 ] 停止Windows更新服务 (High) [Admin] [Auth]
[2026-07-03 13:00:47]    [ 5 ] 重命名SoftwareDistribution文件夹 (High) [Admin] [Auth]
[2026-07-03 13:00:47]    [ 6 ] 重命名Catroot2文件夹 (High) [Admin] [Auth]
[2026-07-03 13:00:47]    [ 7 ] 启动Windows更新服务 (Medium) [Admin] [Auth]
[2026-07-03 13:00:47]    [ 8 ] 运行DISM和SFC修复 (Medium) [Admin] [Auth]
[2026-07-03 13:00:47]    [ 9 ] 查看Windows更新事件 (Low) [Admin] [Auth]
[2026-07-03 13:00:47] [13:00:47] 
[2026-07-03 13:00:47] >>> 请在下方输入 [序号] 执行修复，或直接按 [Enter] 退出引擎：
[2026-07-03 13:01:02] 👤 [13:01:02] 你: 9
[2026-07-03 13:01:03] [13:01:02] ⚙️ 正在执行防线修复: 查看Windows更新事件 ...
[2026-07-03 13:01:03] ✅ AURORA Undo 管理器初始化完成
[2026-07-03 13:01:03]    备份目录：G:\PowerShellBat\AURORA-Analyzer\AURORA-Analyzer-Factory-Dev\AURORA-Analyzer-Factory\Scripts\Session\..\SessionCache\backup
[2026-07-03 13:01:03] [13:01:03] 🔍 执行前置检查...
[2026-07-03 13:01:03] [13:01:03] ❌ 需要管理员权限！请以管理员身份重新运行 AURORA。\n提示：右键点击 AURORA-Analyzer.exe，选择'以管理员身份运行'
[2026-07-03 13:01:05] [syncHash] ElevationAuthorized = false
[2026-07-03 13:01:05] [13:01:05] ✅ 指令下发成功。
[2026-07-03 13:01:06] [13:01:06] 
[2026-07-03 13:01:06] ================== [ 靶向自主修复方案 ] ==================
[2026-07-03 13:01:06] [13:01:06] 🚨 [H-001] TLS/SSL 安全协议错误
[2026-07-03 13:01:06]    [ 1 ] 查看 Schannel 错误 (Low)  [Auth]
[2026-07-03 13:01:06]    [ 2 ] 启用 TLS 1.2 (Medium) [Admin] [Auth]
[2026-07-03 13:01:06]    [ 3 ] 清除 SSL 状态 (Low)  [Auth]
[2026-07-03 13:01:06] 🚨 [D-016] Windows更新错误
[2026-07-03 13:01:06]    [ 4 ] 停止Windows更新服务 (High) [Admin] [Auth]
[2026-07-03 13:01:06]    [ 5 ] 重命名SoftwareDistribution文件夹 (High) [Admin] [Auth]
[2026-07-03 13:01:06]    [ 6 ] 重命名Catroot2文件夹 (High) [Admin] [Auth]
[2026-07-03 13:01:06]    [ 7 ] 启动Windows更新服务 (Medium) [Admin] [Auth]
[2026-07-03 13:01:06]    [ 8 ] 运行DISM和SFC修复 (Medium) [Admin] [Auth]
[2026-07-03 13:01:06]    [ 9 ] 查看Windows更新事件 (Low) [Admin] [Auth]
[2026-07-03 13:01:06] [13:01:06] 
[2026-07-03 13:01:06] >>> 请在下方输入 [序号] 执行修复，或直接按 [Enter] 退出引擎：
[2026-07-03 13:01:10] 👤 [13:01:10] 你: [按下了回车 / 使用默认值]
[2026-07-03 13:01:10] [13:01:10] ⏭️ 用户跳过修复，引擎准备退出。
[2026-07-03 13:01:10] [13:01:10] 👋 智能引擎分析完毕，进程安全退出。
[2026-07-03 13:01:10] ✅ 智能诊断分析完成！
[2026-07-03 13:01:10] ✅ 操作完成！感谢使用本工具。
[2026-07-03 13:01:10] >>> 分析完成
[2026-07-03 13:01:10] [分析完成]
[2026-07-03 15:03:15] >>> StartAnalysisAsync entered
[2026-07-03 15:03:15] >>> [安全警告] 引擎完整性检查失败: FILE_MISSING:CoreEngine
[2026-07-03 15:03:15] 💻 硬件评估层级: [Extreme]
[2026-07-03 15:03:15] ⚠️ 管理员权限：未获取 - 部分功能受限
[2026-07-03 15:03:15] >>> 正在执行分析...
[2026-07-03 15:03:15] >>> 启动智能诊断与自主修复模式引擎...
[2026-07-03 15:03:15] [15:03:15] 🤖 正在初始化 AURORA 智能诊断与自主修复引擎...
[2026-07-03 15:03:18] [15:03:18] 🖥️ 操作系统: Microsoft Windows 11 教育版
[2026-07-03 15:03:18] [15:03:18] ⏱️ 系统连续运行时间: 102.16 小时
[2026-07-03 15:03:18] [15:03:18] ✅ 运行时间达标且未见近期崩溃。
[2026-07-03 15:03:18] 🎯 靶向锁定: 常规 24H 健康巡检 (范围: 07-02 15:03 ~ 07-03 15:03)
[2026-07-03 15:03:18] [15:03:18] ⚡ 正在从内核提取高危日志 (Critical/Error/Warning)...
[2026-07-03 15:03:18] [15:03:18] 🔍 正在从系统实时提取日志...
[2026-07-03 15:03:18] [15:03:18] 📦 成功提取并轻量化 106 条异常事件记录。
[2026-07-03 15:03:18] [15:03:18] 🧠 正在装载并预编译 AURORA-TechData 知识图谱...
[2026-07-03 15:03:18] [15:03:18] Knowledge base cached (10.283203125.ToString('F1') KB)
[2026-07-03 15:03:18] [15:03:18] ✅ 图谱装载完成，激活 32 条诊断规则。开始极速碰撞...
[2026-07-03 15:03:19] [15:03:18] 🎯 碰撞分析完成！发现 2 类已知高危问题。
[2026-07-03 15:03:19] [15:03:18] 
[2026-07-03 15:03:19] ================== [ 靶向自主修复方案 ] ==================
[2026-07-03 15:03:19] [15:03:18] 🚨 [H-001] TLS/SSL 安全协议错误
[2026-07-03 15:03:19]    [ 1 ] 查看 Schannel 错误 (Low)  [Auth]
[2026-07-03 15:03:19]    [ 2 ] 启用 TLS 1.2 (Medium) [Admin] [Auth]
[2026-07-03 15:03:19]    [ 3 ] 清除 SSL 状态 (Low)  [Auth]
[2026-07-03 15:03:19] 🚨 [D-016] Windows更新错误
[2026-07-03 15:03:19]    [ 4 ] 停止Windows更新服务 (High) [Admin] [Auth]
[2026-07-03 15:03:19]    [ 5 ] 重命名SoftwareDistribution文件夹 (High) [Admin] [Auth]
[2026-07-03 15:03:19]    [ 6 ] 重命名Catroot2文件夹 (High) [Admin] [Auth]
[2026-07-03 15:03:19]    [ 7 ] 启动Windows更新服务 (Medium) [Admin] [Auth]
[2026-07-03 15:03:19]    [ 8 ] 运行DISM和SFC修复 (Medium) [Admin] [Auth]
[2026-07-03 15:03:19]    [ 9 ] 查看Windows更新事件 (Low) [Admin] [Auth]
[2026-07-03 15:03:19] [15:03:18] 
[2026-07-03 15:03:19] >>> 请在下方输入 [序号] 执行修复，或直接按 [Enter] 退出引擎：
[2026-07-03 15:03:28] 👤 [15:03:28] 你: 9
[2026-07-03 15:03:28] [15:03:28] ⚙️ 正在执行防线修复: 查看Windows更新事件 ...
[2026-07-03 15:03:28] ✅ AURORA Undo 管理器初始化完成
[2026-07-03 15:03:28]    备份目录：G:\PowerShellBat\AURORA-Analyzer\AURORA-Analyzer-Factory-Dev\AURORA-Analyzer-Factory\Scripts\Session\..\SessionCache\backup
[2026-07-03 15:03:28] [15:03:28] 🔍 执行前置检查...
[2026-07-03 15:03:28] [15:03:28] ❌ 需要管理员权限！请以管理员身份重新运行 AURORA。\n提示：右键点击 AURORA-Analyzer.exe，选择'以管理员身份运行'
[2026-07-03 15:03:30] [15:03:30] ✅ 指令下发成功。
[2026-07-03 15:03:31] [15:03:31] 
[2026-07-03 15:03:31] ================== [ 靶向自主修复方案 ] ==================
[2026-07-03 15:03:31] [15:03:31] 🚨 [H-001] TLS/SSL 安全协议错误
[2026-07-03 15:03:31]    [ 1 ] 查看 Schannel 错误 (Low)  [Auth]
[2026-07-03 15:03:31]    [ 2 ] 启用 TLS 1.2 (Medium) [Admin] [Auth]
[2026-07-03 15:03:31]    [ 3 ] 清除 SSL 状态 (Low)  [Auth]
[2026-07-03 15:03:31] 🚨 [D-016] Windows更新错误
[2026-07-03 15:03:31]    [ 4 ] 停止Windows更新服务 (High) [Admin] [Auth]
[2026-07-03 15:03:31]    [ 5 ] 重命名SoftwareDistribution文件夹 (High) [Admin] [Auth]
[2026-07-03 15:03:31]    [ 6 ] 重命名Catroot2文件夹 (High) [Admin] [Auth]
[2026-07-03 15:03:31]    [ 7 ] 启动Windows更新服务 (Medium) [Admin] [Auth]
[2026-07-03 15:03:31]    [ 8 ] 运行DISM和SFC修复 (Medium) [Admin] [Auth]
[2026-07-03 15:03:31]    [ 9 ] 查看Windows更新事件 (Low) [Admin] [Auth]
[2026-07-03 15:03:31] [15:03:31] 
[2026-07-03 15:03:31] >>> 请在下方输入 [序号] 执行修复，或直接按 [Enter] 退出引擎：
[2026-07-03 15:03:33] [syncHash] ElevationAuthorized = false
[2026-07-03 15:03:34] [syncHash] ElevationAuthorized = false
[2026-07-03 15:14:14] >>> StartAnalysisAsync entered
[2026-07-03 15:14:14] >>> [安全警告] 引擎完整性检查失败: FILE_MISSING:CoreEngine
[2026-07-03 15:14:14] 💻 硬件评估层级: [Extreme]
[2026-07-03 15:14:14] ⚠️ 管理员权限：未获取 - 部分功能受限
[2026-07-03 15:14:14] >>> 正在执行分析...
[2026-07-03 15:14:14] [安全守卫] 正在初始化 (第 1 次)...
[2026-07-03 15:14:15] [安全守卫] baseForGuard: G:\PowerShellBat\AURORA-Analyzer\AURORA-Analyzer-Factory-Dev\AURORA-Analyzer-Factory\Scripts\Security
[2026-07-03 15:14:15] [安全守卫] rootDir: G:\PowerShellBat\AURORA-Analyzer\AURORA-Analyzer-Factory-Dev\AURORA-Analyzer-Factory
[2026-07-03 15:14:15] [安全守卫] 初始化成功
[2026-07-03 15:14:15] [诊断] 正在执行环境安全扫描...
[2026-07-03 15:14:15] [诊断] 扫描结果: NONE
[2026-07-03 15:14:15] [安全守卫] 启动环境扫描完成 - 安全
[2026-07-03 15:14:15] [安全守卫] 已启动持续性检测（每 3 秒）
[2026-07-03 15:14:15] [安全守卫] WMI 实时监控启动失败，将仅使用轮询模式
[2026-07-03 15:14:15] [PRO] Starting AURORA PRO Mode (Language: CHS)
[2026-07-03 15:14:15] [PRO] Loading Unified PRO Engine...
[2026-07-03 15:14:15] [安全守卫] 正在初始化 (第 1 次)...
[2026-07-03 15:14:15] [安全守卫] baseForGuard: G:\PowerShellBat\AURORA-Analyzer\AURORA-Analyzer-Factory-Dev\AURORA-Analyzer-Factory\Scripts\Security
[2026-07-03 15:14:15] [安全守卫] rootDir: G:\PowerShellBat\AURORA-Analyzer\AURORA-Analyzer-Factory-Dev\AURORA-Analyzer-Factory
[2026-07-03 15:14:15] [安全守卫] 初始化成功
[2026-07-03 15:14:15] [诊断] 正在执行环境安全扫描...
[2026-07-03 15:14:15] [诊断] 扫描结果: NONE
[2026-07-03 15:14:15] [安全守卫] 启动环境扫描完成 - 安全
[2026-07-03 15:14:15] [安全守卫] 已启动持续性检测（每 3 秒）
[2026-07-03 15:14:15] [安全守卫] WMI 实时监控启动失败，将仅使用轮询模式
[2026-07-03 15:14:15] [15:14:15] [Info] 正在初始化 AURORA Core Engine...
[2026-07-03 15:14:17] [15:14:17] [Info] 系统：Microsoft Windows 11 教育版 (10.0.26200)
[2026-07-03 15:14:17] [15:14:17] [Info] PowerShell: v5.1.26100.8737
[2026-07-03 15:14:17] [15:14:17] [Info] 架构：x64
[2026-07-03 15:14:17] [15:14:17] [Success] Core Engine 初始化完成
[2026-07-03 15:14:20] /// AURORA Analyzer Release Version ///
[2026-07-03 15:14:20] /// AURORA 2026 VelociRaptor-GR 版权所有 ///
[2026-07-03 15:14:20] /// Windows 系统事件日志导出与智能分析工具 ///
[2026-07-03 15:14:20] ///请稍后... 正在检测当前系统日期...///
[2026-07-03 15:14:20] 📅 检测完成! 当前日期为: 2026-07-03///
[2026-07-03 15:14:20] ///正在检查缓存状态...///
[2026-07-03 15:14:21] ///缓存状态检查完成!///
[2026-07-03 15:14:21] 【请选择日志类型】
[2026-07-03 15:14:21] 1: System (系统)
[2026-07-03 15:14:21] 2: Application (应用程序)
[2026-07-03 15:14:21] 3: Security (安全) - 需要管理员权限
[2026-07-03 15:14:21] 4: Setup (安装) - 需要管理员权限
[2026-07-03 15:14:21] 5: DNS Server (DNS服务器) - 需要管理员权限
[2026-07-03 15:14:21] 6: DHCP Server (DHCP服务器) - 需要管理员权限
[2026-07-03 15:14:21] 7: Active Directory (活动目录) - 需要管理员权限
[2026-07-03 15:14:21] 8: IIS (Web服务器) - 需要管理员权限
[2026-07-03 15:14:21] 💡 提示：可选择多个日志类型，用逗号或空格分隔（如：1,2 或 1 2）
[2026-07-03 15:14:21] [15:14:21] > 请进行输入: 
[2026-07-03 15:14:21] 请输入选项 (1-8)，直接回车则使用默认: System
[2026-07-03 15:14:23] 👤 [15:14:23] 你: [按下了回车 / 使用默认值]
[2026-07-03 15:14:23] ✅ 已选择日志类型: System
[2026-07-03 15:14:23] 【请选择导出模式】
[2026-07-03 15:14:23] 1: 单日导出（例如：2026-01-21）
[2026-07-03 15:14:23] 2: 日期范围导出（起止日期，格式：YYYY-MM-DD）
[2026-07-03 15:14:23] [15:14:23] > 请进行输入: 
[2026-07-03 15:14:23] 请输入选项 (1 或 2)
[2026-07-03 15:14:27] 👤 [15:14:27] 你: 1
[2026-07-03 15:14:27] [15:14:27] > 请进行输入: 
[2026-07-03 15:14:27] 请输入日期 (格式：YYYY-MM-DD)，直接回车则导出今日日志
[2026-07-03 15:14:28] 👤 [15:14:28] 你: [按下了回车 / 使用默认值]
[2026-07-03 15:14:28] 【事件过滤选项】
[2026-07-03 15:14:28] 1: 无过滤（默认）
[2026-07-03 15:14:28] 2: 按事件 ID 过滤
[2026-07-03 15:14:28] 3: 按事件提供程序过滤
[2026-07-03 15:14:28] 4: 按事件级别过滤
[2026-07-03 15:14:28] [15:14:28] > 请进行输入: 
[2026-07-03 15:14:28] 请选择过滤选项 (1-4)，直接回车则使用默认: 1
[2026-07-03 15:14:29] 👤 [15:14:29] 你: [按下了回车 / 使用默认值]
[2026-07-03 15:14:29] ⚠️ 检测到 scopes 是单个对象，正在转换为数组...
[2026-07-03 15:14:29] ✅ scopes 验证完成，共 1 个范围
[2026-07-03 15:14:29] ━━━━━━━━━━━━━━━━━━━━━━━━ 评估系统性能 ━━━━━━━━━━━━━━━━━━━━━━━━
[2026-07-03 15:14:29] 【正在评估系统性能...】
[2026-07-03 15:14:47] 处理器：11th Gen Intel(R) Core(TM) i7-11800H @ 2.30GHz 8 核心 @ 4078 MHz (基础: 2304 MHz)
[2026-07-03 15:14:47] 内存容量：31.74 GB
[2026-07-03 15:14:47] 磁盘性能分数: 50/50
[2026-07-03 15:14:47] 磁盘配置：2 个 SSD, 0 个 HDD
[2026-07-03 15:14:47] 正在计算性能分数...
[2026-07-03 15:14:47] 您的性能分数为：100/100
[2026-07-03 15:14:58] 使用最佳分块大小：7 小时/块
[2026-07-03 15:14:58] 根据系统负载使用 11/16 个线程
[2026-07-03 15:15:07] ✅ 知识图谱索引创建成功
[2026-07-03 15:15:07] ✅ 知识图谱加载成功，包含 9 个分类
[2026-07-03 15:15:07] 【资源优化策略】
[2026-07-03 15:15:07] 性能等级: HighPerformance
[2026-07-03 15:15:07] 日志扫描并行度: 16
[2026-07-03 15:15:07] 报告生成并行度: 12.8
[2026-07-03 15:15:07] 缓存压缩: False
[2026-07-03 15:15:07] I/O 缓冲区大小：131072 bytes
[2026-07-03 15:15:07] ━━━━━━━━━━━━━━━━━━━━━━ 扫描高危事件 + 导出 ━━━━━━━━━━━━━━━━━━━━━━
[2026-07-03 15:15:07] ========================================
[2026-07-03 15:15:07]   [1/1] 正在处理：System
[2026-07-03 15:15:07] ========================================
[2026-07-03 15:15:07] 【无匹配缓存，正在扫描所选范围内的高危事件...】
[2026-07-03 15:15:15] [系统资源监控] 并行线程数: 4, 内存使用率: 38.12%
[2026-07-03 15:15:16] [知识库分析] 正在批量处理 76 条事件的知识库查询...
[2026-07-03 15:15:16] [知识库分析] 批量处理完成
[2026-07-03 15:15:23] 【高危事件扫描完成】共发现 76 条高危事件
[2026-07-03 15:15:23] 【扫描完成】
[2026-07-03 15:15:23] 发现：0 条严重事件，14 条错误，62 条警告（共 76 条高危事件）
[2026-07-03 15:15:23] 总日志数：165 条
[2026-07-03 15:15:23] 【系统健康评估】
[2026-07-03 15:15:23] 错误: 14 | 警告: 62 | 严重: 0
[2026-07-03 15:15:23] 健康评分: 45/100 | 健康等级: 较差
[2026-07-03 15:15:23] 系统状态：较差 —— 存在大量异常，建议立即检查！
[2026-07-03 15:15:23] [15:15:23] > 请进行输入: 
[2026-07-03 15:15:23] 按 Enter 仅导出高危事件，或输入 '1' 导出完整日志
[2026-07-03 15:15:27] 👤 [15:15:27] 你: 1
[2026-07-03 15:15:33] 数据已存入缓存...
[2026-07-03 15:15:33] 【完整 System 日志读取完成】共采集 165 条事件
[2026-07-03 15:15:33] 【正在导出：完整 System 日志】
[2026-07-03 15:15:36] 【正在执行高级日志模式分析...】
[2026-07-03 15:15:36] 摘要报告已保存至：G:\PowerShellBat\AURORA-Analyzer\AURORA-Analyzer-Factory-Dev\AURORA-Analyzer-Factory\UserLogs\系统_日志_20260703_摘要.txt
[2026-07-03 15:15:36] 已导出:
[2026-07-03 15:15:36]   CSV: G:\PowerShellBat\AURORA-Analyzer\AURORA-Analyzer-Factory-Dev\AURORA-Analyzer-Factory\UserLogs\系统_日志_20260703.csv
[2026-07-03 15:15:36]   JSON: G:\PowerShellBat\AURORA-Analyzer\AURORA-Analyzer-Factory-Dev\AURORA-Analyzer-Factory\UserLogs\系统_日志_20260703.json
[2026-07-03 15:15:36]   XML: G:\PowerShellBat\AURORA-Analyzer\AURORA-Analyzer-Factory-Dev\AURORA-Analyzer-Factory\UserLogs\系统_日志_20260703.xml
[2026-07-03 15:15:36] [15:15:36] > 请进行输入: 是否进行日志趋势分析？(Y/N) [默认: N]
[2026-07-03 15:15:40] 👤 [15:15:40] 你: y
[2026-07-03 15:15:44] 趋势分析报告已保存至：G:\PowerShellBat\AURORA-Analyzer\AURORA-Analyzer-Factory-Dev\AURORA-Analyzer-Factory\UserLogs\系统_日志_20260703_to_20260703_趋势分析.txt
[2026-07-03 15:15:44] 趋势数据已保存至：G:\PowerShellBat\AURORA-Analyzer\AURORA-Analyzer-Factory-Dev\AURORA-Analyzer-Factory\UserLogs\系统_日志_20260703_to_20260703_趋势数据.csv
[2026-07-03 15:15:44] 【趋势分析完成】
[2026-07-03 15:15:44] 🧠 正在调用 AURORA 智能诊断引擎...
[2026-07-03 15:15:44] ========================================
[2026-07-03 15:15:44]   智能诊断分析可用
[2026-07-03 15:15:44] ========================================
[2026-07-03 15:15:44] 📊 已检测到导出的 CSV 文件：
[2026-07-03 15:15:44]    位置：G:\PowerShellBat\AURORA-Analyzer\AURORA-Analyzer-Factory-Dev\AURORA-Analyzer-Factory\UserLogs
[2026-07-03 15:15:44]    文件：找到 2 个 CSV 文件
[2026-07-03 15:15:44] 🔍 智能模式将执行：
[2026-07-03 15:15:44]    ✓ 加载已导出的 CSV 文件
[2026-07-03 15:15:44]    ✓ 知识库靶向碰撞分析
[2026-07-03 15:15:44]    ✓ 提供自主修复方案
[2026-07-03 15:15:44] ⚡ 是否立即启动智能诊断分析？
[2026-07-03 15:15:44] ========================================
[2026-07-03 15:15:44] 📋 正在等待用户确认...
[2026-07-03 15:15:50] [syncHash] SmartAnalysisAuthorized = true
[2026-07-03 15:15:50] ✅ GUI 已响应智能分析请求（等待了 5500ms）
[2026-07-03 15:15:50] ✅ 用户确认，开始智能分析...
[2026-07-03 15:15:50] 📖 正在加载智能引擎...
[2026-07-03 15:15:50] [15:15:50] 🤖 正在初始化 AURORA 智能诊断与自主修复引擎...
[2026-07-03 15:15:53] [15:15:53] 🖥️ 操作系统: Microsoft Windows 11 教育版
[2026-07-03 15:15:53] [15:15:53] ⏱️ 系统连续运行时间: 102.37 小时
[2026-07-03 15:15:53] [15:15:53] ✅ 运行时间达标且未见近期崩溃。
[2026-07-03 15:15:53] 🎯 靶向锁定: 常规 24H 健康巡检 (范围: 07-02 15:15 ~ 07-03 15:15)
[2026-07-03 15:15:53] [15:15:53] ⚡ 正在从内核提取高危日志 (Critical/Error/Warning)...
[2026-07-03 15:15:53] [15:15:53] 📖 检测到 PRO 模式导出，正在读取：G:\PowerShellBat\AURORA-Analyzer\AURORA-Analyzer-Factory-Dev\AURORA-Analyzer-Factory\UserLogs
[2026-07-03 15:15:53] [15:15:53] ✅ 找到 1 个导出的 CSV 文件，正在加载...
[2026-07-03 15:15:53] [15:15:53] 📂 分析的日志类型：System
[2026-07-03 15:15:53] [15:15:53] ⚠️ 警告：未找到以下日志文件 - 应用程序日志
[2026-07-03 15:15:53] [15:15:53] 💡 提示：请在 PRO 模式中也导出这些日志以获得完整分析
[2026-07-03 15:15:53] [15:15:53]    正在加载：系统_日志_20260703.csv
[2026-07-03 15:15:53] [15:15:53] ✅ 已加载 76 个事件
[2026-07-03 15:15:53] [15:15:53] 📦 成功提取并轻量化 76 条异常事件记录。
[2026-07-03 15:15:53] [15:15:53] 🧠 正在装载并预编译 AURORA-TechData 知识图谱...
[2026-07-03 15:15:53] [15:15:53] Knowledge base cached (10.283203125.ToString('F1') KB)
[2026-07-03 15:15:53] [15:15:53] ✅ 图谱装载完成，激活 32 条诊断规则。开始极速碰撞...
[2026-07-03 15:15:53] [15:15:53] 🎯 碰撞分析完成！发现 2 类已知高危问题。
[2026-07-03 15:15:53] [15:15:53] 
[2026-07-03 15:15:53] ================== [ 靶向自主修复方案 ] ==================
[2026-07-03 15:15:53] [15:15:53] 🚨 [H-001] TLS/SSL 安全协议错误
[2026-07-03 15:15:53]    [ 1 ] 查看 Schannel 错误 (Low)  [Auth]
[2026-07-03 15:15:53]    [ 2 ] 启用 TLS 1.2 (Medium) [Admin] [Auth]
[2026-07-03 15:15:53]    [ 3 ] 清除 SSL 状态 (Low)  [Auth]
[2026-07-03 15:15:53] 🚨 [D-016] Windows更新错误
[2026-07-03 15:15:53]    [ 4 ] 停止Windows更新服务 (High) [Admin] [Auth]
[2026-07-03 15:15:53]    [ 5 ] 重命名SoftwareDistribution文件夹 (High) [Admin] [Auth]
[2026-07-03 15:15:53]    [ 6 ] 重命名Catroot2文件夹 (High) [Admin] [Auth]
[2026-07-03 15:15:53]    [ 7 ] 启动Windows更新服务 (Medium) [Admin] [Auth]
[2026-07-03 15:15:53]    [ 8 ] 运行DISM和SFC修复 (Medium) [Admin] [Auth]
[2026-07-03 15:15:53]    [ 9 ] 查看Windows更新事件 (Low) [Admin] [Auth]
[2026-07-03 15:15:53] [15:15:53] 
[2026-07-03 15:15:53] >>> 请在下方输入 [序号] 执行修复，或直接按 [Enter] 退出引擎：
[2026-07-03 15:16:02] 👤 [15:16:02] 你: 9
[2026-07-03 15:16:02] [15:16:02] ⚙️ 正在执行防线修复: 查看Windows更新事件 ...
[2026-07-03 15:16:02] ✅ AURORA Undo 管理器初始化完成
[2026-07-03 15:16:02]    备份目录：G:\PowerShellBat\AURORA-Analyzer\AURORA-Analyzer-Factory-Dev\AURORA-Analyzer-Factory\Scripts\Session\..\SessionCache\backup
[2026-07-03 15:16:02] [15:16:02] 🔍 执行前置检查...
[2026-07-03 15:16:02] [15:16:02] ❌ 需要管理员权限！请以管理员身份重新运行 AURORA。\n提示：右键点击 AURORA-Analyzer.exe，选择'以管理员身份运行'
[2026-07-03 15:16:04] [15:16:04] ✅ 指令下发成功。
[2026-07-03 15:16:05] [15:16:05] 
[2026-07-03 15:16:05] ================== [ 靶向自主修复方案 ] ==================
[2026-07-03 15:16:05] [15:16:05] 🚨 [H-001] TLS/SSL 安全协议错误
[2026-07-03 15:16:05]    [ 1 ] 查看 Schannel 错误 (Low)  [Auth]
[2026-07-03 15:16:05]    [ 2 ] 启用 TLS 1.2 (Medium) [Admin] [Auth]
[2026-07-03 15:16:05]    [ 3 ] 清除 SSL 状态 (Low)  [Auth]
[2026-07-03 15:16:05] 🚨 [D-016] Windows更新错误
[2026-07-03 15:16:05]    [ 4 ] 停止Windows更新服务 (High) [Admin] [Auth]
[2026-07-03 15:16:05]    [ 5 ] 重命名SoftwareDistribution文件夹 (High) [Admin] [Auth]
[2026-07-03 15:16:05]    [ 6 ] 重命名Catroot2文件夹 (High) [Admin] [Auth]
[2026-07-03 15:16:05]    [ 7 ] 启动Windows更新服务 (Medium) [Admin] [Auth]
[2026-07-03 15:16:05]    [ 8 ] 运行DISM和SFC修复 (Medium) [Admin] [Auth]
[2026-07-03 15:16:05]    [ 9 ] 查看Windows更新事件 (Low) [Admin] [Auth]
[2026-07-03 15:16:05] [15:16:05] 
[2026-07-03 15:16:05] >>> 请在下方输入 [序号] 执行修复，或直接按 [Enter] 退出引擎：
[2026-07-03 15:16:05] [syncHash] ElevationAuthorized = false
[2026-07-03 15:16:22] [syncHash] ElevationAuthorized = false
[2026-07-03 15:16:24] [syncHash] ElevationAuthorized = false
[2026-07-03 15:16:27] [syncHash] ElevationAuthorized = false
[2026-07-03 15:16:32] [syncHash] ElevationAuthorized = false
[2026-07-03 15:16:38] [syncHash] ElevationAuthorized = false
[2026-07-03 15:16:41] 👤 [15:16:41] 你: [按下了回车 / 使用默认值]
[2026-07-03 15:16:41] [15:16:41] ⏭️ 用户跳过修复，引擎准备退出。
[2026-07-03 15:16:41] [15:16:41] 👋 智能引擎分析完毕，进程安全退出。
[2026-07-03 15:16:41] ✅ 智能诊断分析完成！
[2026-07-03 15:16:41] ✅ 操作完成！感谢使用本工具。
[2026-07-03 15:16:41] >>> 分析完成
[2026-07-03 15:16:41] [分析完成]
[2026-07-03 15:41:12] >>> StartAnalysisAsync entered
[2026-07-03 15:41:12] >>> [安全警告] 引擎完整性检查失败: FILE_MISSING:CoreEngine
[2026-07-03 15:41:12] 💻 硬件评估层级: [Extreme]
[2026-07-03 15:41:12] ✅ 管理员权限：已获取 - 全部功能可用
[2026-07-03 15:41:12] >>> 正在执行分析...
[2026-07-03 15:41:12] >>> 启动智能诊断与自主修复模式引擎...
[2026-07-03 15:41:13] [15:41:13] 🤖 正在初始化 AURORA 智能诊断与自主修复引擎...
[2026-07-03 15:41:15] [15:41:15] 🖥️ 操作系统: Microsoft Windows 11 教育版
[2026-07-03 15:41:15] [15:41:15] ⏱️ 系统连续运行时间: 102.8 小时
[2026-07-03 15:41:15] [15:41:15] ✅ 运行时间达标且未见近期崩溃。
[2026-07-03 15:41:15] 🎯 靶向锁定: 常规 24H 健康巡检 (范围: 07-02 15:41 ~ 07-03 15:41)
[2026-07-03 15:41:15] [15:41:15] 📋 发现 2 个蓝屏转储文件，正在解析关键信息...
[2026-07-03 15:41:15] [15:41:15] ✅ Minidump 分析完成，共分析 2 个文件
[2026-07-03 15:41:15] [15:41:15] ⚡ 正在从内核提取高危日志 (Critical/Error/Warning)...
[2026-07-03 15:41:15] [15:41:15] 🔍 正在从系统实时提取日志...
[2026-07-03 15:41:15] [15:41:15] 📦 成功提取并轻量化 109 条异常事件记录。
[2026-07-03 15:41:15] [15:41:15] 🧠 正在装载并预编译 AURORA-TechData 知识图谱...
[2026-07-03 15:41:16] [15:41:16] Knowledge base cached (10.283203125.ToString('F1') KB)
[2026-07-03 15:41:16] [15:41:16] ✅ 图谱装载完成，激活 32 条诊断规则。开始极速碰撞...
[2026-07-03 15:41:16] [15:41:16] 🎯 碰撞分析完成！发现 2 类已知高危问题。
[2026-07-03 15:41:16] [15:41:16] 
[2026-07-03 15:41:16] ================== [ 靶向自主修复方案 ] ==================
[2026-07-03 15:41:16] [15:41:16] 🚨 [H-001] TLS/SSL 安全协议错误
[2026-07-03 15:41:16]    [ 1 ] 查看 Schannel 错误 (Low)  [Auth]
[2026-07-03 15:41:16]    [ 2 ] 启用 TLS 1.2 (Medium) [Admin] [Auth]
[2026-07-03 15:41:16]    [ 3 ] 清除 SSL 状态 (Low)  [Auth]
[2026-07-03 15:41:16] 🚨 [D-016] Windows更新错误
[2026-07-03 15:41:16]    [ 4 ] 停止Windows更新服务 (High) [Admin] [Auth]
[2026-07-03 15:41:16]    [ 5 ] 重命名SoftwareDistribution文件夹 (High) [Admin] [Auth]
[2026-07-03 15:41:16]    [ 6 ] 重命名Catroot2文件夹 (High) [Admin] [Auth]
[2026-07-03 15:41:16]    [ 7 ] 启动Windows更新服务 (Medium) [Admin] [Auth]
[2026-07-03 15:41:16]    [ 8 ] 运行DISM和SFC修复 (Medium) [Admin] [Auth]
[2026-07-03 15:41:16]    [ 9 ] 查看Windows更新事件 (Low) [Admin] [Auth]
[2026-07-03 15:41:16] [15:41:16] 
[2026-07-03 15:41:16] >>> 请在下方输入 [序号] 执行修复，或直接按 [Enter] 退出引擎：
[2026-07-03 15:41:26] >>> 正在终止...
[2026-07-03 15:41:26] [已取消]
[2026-07-03 16:13:00] >>> StartAnalysisAsync entered
[2026-07-03 16:13:00] >>> [安全警告] 引擎完整性检查失败: FILE_MISSING:CoreEngine
[2026-07-03 16:13:00] 💻 硬件评估层级: [Extreme]
[2026-07-03 16:13:00] ⚠️ 管理员权限：未获取 - 部分功能受限
[2026-07-03 16:13:00] >>> 正在执行分析...
[2026-07-03 16:13:01] [安全守卫] 正在初始化 (第 1 次)...
[2026-07-03 16:13:01] [安全守卫] baseForGuard: G:\PowerShellBat\AURORA-Analyzer\AURORA-Analyzer-Factory-Dev\AURORA-Analyzer-Factory\Scripts\Security
[2026-07-03 16:13:01] [安全守卫] rootDir: G:\PowerShellBat\AURORA-Analyzer\AURORA-Analyzer-Factory-Dev\AURORA-Analyzer-Factory
[2026-07-03 16:13:01] [安全守卫] 初始化成功
[2026-07-03 16:13:01] [诊断] 正在执行环境安全扫描...
[2026-07-03 16:13:01] [诊断] 扫描结果: NONE
[2026-07-03 16:13:01] [安全守卫] 启动环境扫描完成 - 安全
[2026-07-03 16:13:01] [安全守卫] 已启动持续性检测（每 3 秒）
[2026-07-03 16:13:01] [安全守卫] WMI 实时监控启动失败，将仅使用轮询模式
[2026-07-03 16:13:02] [PRO] Starting AURORA PRO Mode (Language: CHS)
[2026-07-03 16:13:02] [PRO] Loading Unified PRO Engine...
[2026-07-03 16:13:02] [安全守卫] 正在初始化 (第 1 次)...
[2026-07-03 16:13:02] [安全守卫] baseForGuard: G:\PowerShellBat\AURORA-Analyzer\AURORA-Analyzer-Factory-Dev\AURORA-Analyzer-Factory\Scripts\Security
[2026-07-03 16:13:02] [安全守卫] rootDir: G:\PowerShellBat\AURORA-Analyzer\AURORA-Analyzer-Factory-Dev\AURORA-Analyzer-Factory
[2026-07-03 16:13:02] [安全守卫] 初始化成功
[2026-07-03 16:13:02] [诊断] 正在执行环境安全扫描...
[2026-07-03 16:13:02] [诊断] 扫描结果: NONE
[2026-07-03 16:13:02] [安全守卫] 启动环境扫描完成 - 安全
[2026-07-03 16:13:02] [安全守卫] 已启动持续性检测（每 3 秒）
[2026-07-03 16:13:02] [安全守卫] WMI 实时监控启动失败，将仅使用轮询模式
[2026-07-03 16:13:02] [16:13:02] [Info] 正在初始化 AURORA Core Engine...
[2026-07-03 16:13:07] [16:13:06] [Info] 系统：Microsoft Windows 11 教育版 (10.0.26200)
[2026-07-03 16:13:07] [16:13:06] [Info] PowerShell: v5.1.26100.8737
[2026-07-03 16:13:07] [16:13:06] [Info] 架构：x64
[2026-07-03 16:13:07] [16:13:06] [Success] Core Engine 初始化完成
[2026-07-03 16:13:10] /// AURORA Analyzer Release Version ///
[2026-07-03 16:13:10] /// AURORA 2026 VelociRaptor-GR 版权所有 ///
[2026-07-03 16:13:10] /// Windows 系统事件日志导出与智能分析工具 ///
[2026-07-03 16:13:10] ///请稍后... 正在检测当前系统日期...///
[2026-07-03 16:13:10] 📅 检测完成! 当前日期为: 2026-07-03///
[2026-07-03 16:13:10] ///正在检查缓存状态...///
[2026-07-03 16:13:13] ///缓存状态检查完成!///
[2026-07-03 16:13:13] 【请选择日志类型】
[2026-07-03 16:13:13] 1: System (系统)
[2026-07-03 16:13:13] 2: Application (应用程序)
[2026-07-03 16:13:13] 3: Security (安全) - 需要管理员权限
[2026-07-03 16:13:13] 4: Setup (安装) - 需要管理员权限
[2026-07-03 16:13:13] 5: DNS Server (DNS服务器) - 需要管理员权限
[2026-07-03 16:13:13] 6: DHCP Server (DHCP服务器) - 需要管理员权限
[2026-07-03 16:13:13] 7: Active Directory (活动目录) - 需要管理员权限
[2026-07-03 16:13:13] 8: IIS (Web服务器) - 需要管理员权限
[2026-07-03 16:13:13] 💡 提示：可选择多个日志类型，用逗号或空格分隔（如：1,2 或 1 2）
[2026-07-03 16:13:13] [16:13:13] > 请进行输入: 
[2026-07-03 16:13:13] 请输入选项 (1-8)，直接回车则使用默认: System
[2026-07-03 16:14:43] 👤 [16:14:43] 你: [按下了回车 / 使用默认值]
[2026-07-03 16:14:43] ✅ 已选择日志类型: System
[2026-07-03 16:14:43] 【请选择导出模式】
[2026-07-03 16:14:43] 1: 单日导出（例如：2026-01-21）
[2026-07-03 16:14:43] 2: 日期范围导出（起止日期，格式：YYYY-MM-DD）
[2026-07-03 16:14:43] [16:14:43] > 请进行输入: 
[2026-07-03 16:14:43] 请输入选项 (1 或 2)
[2026-07-03 16:14:44] 👤 [16:14:44] 你: 1
[2026-07-03 16:14:44] [16:14:44] > 请进行输入: 
[2026-07-03 16:14:44] 请输入日期 (格式：YYYY-MM-DD)，直接回车则导出今日日志
[2026-07-03 16:14:48] >>> 正在终止...
[2026-07-03 16:14:48] [已取消]
[2026-07-03 17:17:58] >>> StartAnalysisAsync entered
[2026-07-03 17:17:58] >>> [安全警告] 引擎完整性检查失败: FILE_MISSING:CoreEngine
[2026-07-03 17:17:58] 💻 硬件评估层级: [Extreme]
[2026-07-03 17:17:58] ⚠️ 管理员权限：未获取 - 部分功能受限
[2026-07-03 17:17:58] >>> 正在执行分析...
[2026-07-03 17:17:59] [安全守卫] 正在初始化 (第 1 次)...
[2026-07-03 17:17:59] [安全守卫] baseForGuard: G:\PowerShellBat\AURORA-Analyzer\AURORA-Analyzer-Factory-Dev\AURORA-Analyzer-Factory\Scripts\Security
[2026-07-03 17:17:59] [安全守卫] rootDir: G:\PowerShellBat\AURORA-Analyzer\AURORA-Analyzer-Factory-Dev\AURORA-Analyzer-Factory
[2026-07-03 17:17:59] [安全守卫] 初始化成功
[2026-07-03 17:17:59] [诊断] 正在执行环境安全扫描...
[2026-07-03 17:17:59] [诊断] 扫描结果: NONE
[2026-07-03 17:17:59] [安全守卫] 启动环境扫描完成 - 安全
[2026-07-03 17:17:59] [安全守卫] 已启动持续性检测（每 3 秒）
[2026-07-03 17:17:59] [安全守卫] WMI 实时监控启动失败，将仅使用轮询模式
[2026-07-03 17:17:59] [PRO] Starting AURORA PRO Mode (Language: CHS)
[2026-07-03 17:17:59] [PRO] Loading Unified PRO Engine...
[2026-07-03 17:17:59] [安全守卫] 正在初始化 (第 1 次)...
[2026-07-03 17:17:59] [安全守卫] baseForGuard: G:\PowerShellBat\AURORA-Analyzer\AURORA-Analyzer-Factory-Dev\AURORA-Analyzer-Factory\Scripts\Security
[2026-07-03 17:17:59] [安全守卫] rootDir: G:\PowerShellBat\AURORA-Analyzer\AURORA-Analyzer-Factory-Dev\AURORA-Analyzer-Factory
[2026-07-03 17:17:59] [安全守卫] 初始化成功
[2026-07-03 17:17:59] [诊断] 正在执行环境安全扫描...
[2026-07-03 17:17:59] [诊断] 扫描结果: NONE
[2026-07-03 17:17:59] [安全守卫] 启动环境扫描完成 - 安全
[2026-07-03 17:17:59] [安全守卫] 已启动持续性检测（每 3 秒）
[2026-07-03 17:17:59] [安全守卫] WMI 实时监控启动失败，将仅使用轮询模式
[2026-07-03 17:17:59] [17:17:59] [Info] 正在初始化 AURORA Core Engine...
[2026-07-03 17:18:02] [17:18:02] [Info] 系统：Microsoft Windows 11 教育版 (10.0.26200)
[2026-07-03 17:18:02] [17:18:02] [Info] PowerShell: v5.1.26100.8737
[2026-07-03 17:18:02] [17:18:02] [Info] 架构：x64
[2026-07-03 17:18:02] [17:18:02] [Success] Core Engine 初始化完成
[2026-07-03 17:18:02] 🔄 检测到未完成的会话
[2026-07-03 17:18:02] ========================================
[2026-07-03 17:18:02] 会话 ID: SESSION_20260703_161306_7858
[2026-07-03 17:18:02] 已保存进度：0%
[2026-07-03 17:18:02] 当前阶段：Initialized
[2026-07-03 17:18:02] 保存时间：2026-07-03T16:13:07.0059501+08:00
[2026-07-03 17:18:02] 已挂起天数：0 天
[2026-07-03 17:18:02] ⏳ 等待用户在 GUI 上做出选择...
[2026-07-03 17:18:08] [syncHash] SessionRestarted = true
[2026-07-03 17:18:08] 🔄 用户选择重新开始，清除会话...
[2026-07-03 17:18:11] /// AURORA Analyzer Release Version ///
[2026-07-03 17:18:11] /// AURORA 2026 VelociRaptor-GR 版权所有 ///
[2026-07-03 17:18:11] /// Windows 系统事件日志导出与智能分析工具 ///
[2026-07-03 17:18:11] ///请稍后... 正在检测当前系统日期...///
[2026-07-03 17:18:11] 📅 检测完成! 当前日期为: 2026-07-03///
[2026-07-03 17:18:11] ///正在检查缓存状态...///
[2026-07-03 17:18:13] ///缓存状态检查完成!///
[2026-07-03 17:18:13] 【请选择日志类型】
[2026-07-03 17:18:13] 1: System (系统)
[2026-07-03 17:18:13] 2: Application (应用程序)
[2026-07-03 17:18:13] 3: Security (安全) - 需要管理员权限
[2026-07-03 17:18:13] 4: Setup (安装) - 需要管理员权限
[2026-07-03 17:18:13] 5: DNS Server (DNS服务器) - 需要管理员权限
[2026-07-03 17:18:13] 6: DHCP Server (DHCP服务器) - 需要管理员权限
[2026-07-03 17:18:13] 7: Active Directory (活动目录) - 需要管理员权限
[2026-07-03 17:18:13] 8: IIS (Web服务器) - 需要管理员权限
[2026-07-03 17:18:13] 💡 提示：可选择多个日志类型，用逗号或空格分隔（如：1,2 或 1 2）
[2026-07-03 17:18:13] [17:18:13] > 请进行输入: 
[2026-07-03 17:18:13] 请输入选项 (1-8)，直接回车则使用默认: System
[2026-07-03 17:18:44] 👤 [17:18:44] 你: 1 3
[2026-07-03 17:18:44] ❌ 访问 Security 日志时出错：尝试执行未经授权的操作。
[2026-07-03 17:18:44] 【请选择日志类型】
[2026-07-03 17:18:44] 1: System (系统)
[2026-07-03 17:18:44] 2: Application (应用程序)
[2026-07-03 17:18:44] 3: Security (安全) - 需要管理员权限
[2026-07-03 17:18:44] 4: Setup (安装) - 需要管理员权限
[2026-07-03 17:18:44] 5: DNS Server (DNS服务器) - 需要管理员权限
[2026-07-03 17:18:44] 6: DHCP Server (DHCP服务器) - 需要管理员权限
[2026-07-03 17:18:44] 7: Active Directory (活动目录) - 需要管理员权限
[2026-07-03 17:18:44] 8: IIS (Web服务器) - 需要管理员权限
[2026-07-03 17:18:44] 💡 提示：可选择多个日志类型，用逗号或空格分隔（如：1,2 或 1 2）
[2026-07-03 17:18:44] [17:18:44] > 请进行输入: 
[2026-07-03 17:18:44] 请输入选项 (1-8)，直接回车则使用默认: System
[2026-07-03 17:18:48] 👤 [17:18:48] 你: 1 2
[2026-07-03 17:18:48] ✅ 已选择日志类型: System, Application
[2026-07-03 17:18:48] 【请选择导出模式】
[2026-07-03 17:18:48] 1: 单日导出（例如：2026-01-21）
[2026-07-03 17:18:48] 2: 日期范围导出（起止日期，格式：YYYY-MM-DD）
[2026-07-03 17:18:48] [17:18:48] > 请进行输入: 
[2026-07-03 17:18:48] 请输入选项 (1 或 2)
[2026-07-03 17:18:50] 👤 [17:18:50] 你: 2
[2026-07-03 17:18:50] [17:18:50] > 请进行输入: 
[2026-07-03 17:18:50] 请输入起始日期 (格式：YYYY-MM-DD)
[2026-07-03 17:18:55] 👤 [17:18:55] 你: 2026-05-01
[2026-07-03 17:18:55] [17:18:55] > 请进行输入: 请输入结束日期 (格式：YYYY-MM-DD)
[2026-07-03 17:19:00] 👤 [17:19:00] 你: 2026-05-15
[2026-07-03 17:19:00] 【事件过滤选项】
[2026-07-03 17:19:00] 1: 无过滤（默认）
[2026-07-03 17:19:00] 2: 按事件 ID 过滤
[2026-07-03 17:19:00] 3: 按事件提供程序过滤
[2026-07-03 17:19:00] 4: 按事件级别过滤
[2026-07-03 17:19:00] [17:19:00] > 请进行输入: 
[2026-07-03 17:19:00] 请选择过滤选项 (1-4)，直接回车则使用默认: 1
[2026-07-03 17:19:01] 👤 [17:19:01] 你: [按下了回车 / 使用默认值]
[2026-07-03 17:19:01] ✅ scopes 验证完成，共 2 个范围
[2026-07-03 17:19:01] ━━━━━━━━━━━━━━━━━━━━━━━━ 评估系统性能 ━━━━━━━━━━━━━━━━━━━━━━━━
[2026-07-03 17:19:01] 【正在评估系统性能...】
[2026-07-03 17:19:20] 处理器：11th Gen Intel(R) Core(TM) i7-11800H @ 2.30GHz 8 核心 @ 2304 MHz (基础: 2304 MHz)
[2026-07-03 17:19:20] 内存容量：31.74 GB
[2026-07-03 17:19:20] 磁盘性能分数: 50/50
[2026-07-03 17:19:20] 磁盘配置：2 个 SSD, 0 个 HDD
[2026-07-03 17:19:20] 正在计算性能分数...
[2026-07-03 17:19:20] 您的性能分数为：100/100
[2026-07-03 17:19:31] 使用最佳分块大小：7 小时/块
[2026-07-03 17:19:31] 根据系统负载使用 13/16 个线程
[2026-07-03 17:19:40] ✅ 知识图谱索引创建成功
[2026-07-03 17:19:40] ✅ 知识图谱加载成功，包含 9 个分类
[2026-07-03 17:19:40] 【资源优化策略】
[2026-07-03 17:19:40] 性能等级: HighPerformance
[2026-07-03 17:19:40] 日志扫描并行度: 16
[2026-07-03 17:19:40] 报告生成并行度: 12.8
[2026-07-03 17:19:40] 缓存压缩: False
[2026-07-03 17:19:40] I/O 缓冲区大小：131072 bytes
[2026-07-03 17:19:40] ━━━━━━━━━━━━━━━━━━━━━━ 扫描高危事件 + 导出 ━━━━━━━━━━━━━━━━━━━━━━
[2026-07-03 17:19:40] 🚀 Phase 3.4 并发优化：检测到多个日志类型，启用并发处理模式...
[2026-07-03 17:19:40]    日志类型数量：2
[2026-07-03 17:19:40]    预计加速比：2x
[2026-07-03 17:19:40]    最大并发线程数：2
[2026-07-03 17:19:40] 📦 正在启动并发任务...
[2026-07-03 17:19:40] [TPL并行处理] 初始线程数: 2, 任务数: 2
[2026-07-03 17:19:40] [TPL] 开始执行任务...
[2026-07-03 17:19:40] [TPL任务] 开始执行，日志类型: System
[2026-07-03 17:19:40] [TPL任务] 参数验证通过，开始调用 Get-HighRiskEvents...
[2026-07-03 17:20:18] [TPL任务] Get-HighRiskEvents 调用完成，获取 1606 条事件
[2026-07-03 17:20:18] [TPL任务] 事件统计完成: 严重=0, 错误=245, 警告=1350
[2026-07-03 17:20:18] [TPL] 任务执行完成
[2026-07-03 17:20:18] [TPL] 开始执行任务...
[2026-07-03 17:20:18] [TPL任务] 开始执行，日志类型: Application
[2026-07-03 17:20:18] [TPL任务] 参数验证通过，开始调用 Get-HighRiskEvents...
[2026-07-03 17:20:55] [TPL任务] Get-HighRiskEvents 调用完成，获取 307 条事件
[2026-07-03 17:20:55] [TPL任务] 事件统计完成: 严重=0, 错误=243, 警告=49
[2026-07-03 17:20:55] [TPL] 任务执行完成
[2026-07-03 17:20:55] 📊 并发任务完成，正在合并结果...
[2026-07-03 17:20:55] ✅ 并发处理完成
[2026-07-03 17:20:55] ========================================
[2026-07-03 17:20:55]   [1/2] 正在处理：System
[2026-07-03 17:20:55] ========================================
[2026-07-03 17:20:55] 【缓存信息】
[2026-07-03 17:20:55] 创建时间: 2026-07-03 17:20:13
[2026-07-03 17:20:55] 数据数量: 1595 条事件
[2026-07-03 17:20:55] 原始大小: 2.14 MB
[2026-07-03 17:20:55] 压缩大小: 2.14 MB
[2026-07-03 17:20:55] 缓存过期时间: 2026-07-03 17:50:13
[2026-07-03 17:20:55] [17:20:55] > 请进行输入: 是否使用缓存数据？(Y/N) [默认: Y]
[2026-07-03 17:21:11] 👤 [17:21:11] 你: y
[2026-07-03 17:21:11] 【使用缓存数据】
[2026-07-03 17:21:13] 【扫描完成】
[2026-07-03 17:21:13] 发现：0 条严重事件，245 条错误，1350 条警告（共 1595 条高危事件）
[2026-07-03 17:21:13] 总日志数：3023 条
[2026-07-03 17:21:13] 【系统健康评估】
[2026-07-03 17:21:13] 错误: 245 | 警告: 1350 | 严重: 0
[2026-07-03 17:21:13] 健康评分: 39/100 | 健康等级: 较差
[2026-07-03 17:21:13] 系统状态：较差 —— 存在大量异常，建议立即检查！
[2026-07-03 17:21:13] [17:21:13] > 请进行输入: 
[2026-07-03 17:21:13] 按 Enter 仅导出高危事件，或输入 '1' 导出完整日志
[2026-07-03 17:21:16] 👤 [17:21:16] 你: 1
[2026-07-03 17:21:29] 数据已存入缓存...
[2026-07-03 17:21:29] 【完整 System 日志读取完成】共采集 3023 条事件
[2026-07-03 17:21:29] 【正在导出：完整 System 日志】
[2026-07-03 17:21:31] 【正在执行高级日志模式分析...】
[2026-07-03 17:21:33] 摘要报告已保存至：G:\PowerShellBat\AURORA-Analyzer\AURORA-Analyzer-Factory-Dev\AURORA-Analyzer-Factory\UserLogs\系统_日志_20260501___20260515_摘要.txt
[2026-07-03 17:21:33] 已导出:
[2026-07-03 17:21:33]   CSV: G:\PowerShellBat\AURORA-Analyzer\AURORA-Analyzer-Factory-Dev\AURORA-Analyzer-Factory\UserLogs\系统_日志_20260501___20260515.csv
[2026-07-03 17:21:33]   JSON: G:\PowerShellBat\AURORA-Analyzer\AURORA-Analyzer-Factory-Dev\AURORA-Analyzer-Factory\UserLogs\系统_日志_20260501___20260515.json
[2026-07-03 17:21:33]   XML: G:\PowerShellBat\AURORA-Analyzer\AURORA-Analyzer-Factory-Dev\AURORA-Analyzer-Factory\UserLogs\系统_日志_20260501___20260515.xml
[2026-07-03 17:21:33] [17:21:33] > 请进行输入: 是否进行日志趋势分析？(Y/N) [默认: N]
[2026-07-03 17:21:36] 👤 [17:21:36] 你: y
[2026-07-03 17:22:42] 趋势分析报告已保存至：G:\PowerShellBat\AURORA-Analyzer\AURORA-Analyzer-Factory-Dev\AURORA-Analyzer-Factory\UserLogs\系统_日志_20260501_to_20260515_趋势分析.txt
[2026-07-03 17:22:42] 趋势数据已保存至：G:\PowerShellBat\AURORA-Analyzer\AURORA-Analyzer-Factory-Dev\AURORA-Analyzer-Factory\UserLogs\系统_日志_20260501_to_20260515_趋势数据.csv
[2026-07-03 17:22:42] 【趋势分析完成】
[2026-07-03 17:22:42] ========================================
[2026-07-03 17:22:42]   [2/2] 正在处理：Application
[2026-07-03 17:22:42] ========================================
[2026-07-03 17:22:42] 【缓存信息】
[2026-07-03 17:22:42] 创建时间: 2026-07-03 17:20:50
[2026-07-03 17:22:42] 数据数量: 292 条事件
[2026-07-03 17:22:42] 原始大小: 0.58 MB
[2026-07-03 17:22:42] 压缩大小: 0.58 MB
[2026-07-03 17:22:42] 缓存过期时间: 2026-07-03 17:50:50
[2026-07-03 17:22:42] [17:22:42] > 请进行输入: 是否使用缓存数据？(Y/N) [默认: Y]
[2026-07-03 17:22:46] 👤 [17:22:46] 你: y
[2026-07-03 17:22:46] 【使用缓存数据】
[2026-07-03 17:22:47] 【扫描完成】
[2026-07-03 17:22:47] 发现：0 条严重事件，243 条错误，49 条警告（共 292 条高危事件）
[2026-07-03 17:22:47] 总日志数：3080 条
[2026-07-03 17:22:47] 【系统健康评估】
[2026-07-03 17:22:47] 错误: 243 | 警告: 49 | 严重: 0
[2026-07-03 17:22:47] 健康评分: 83/100 | 健康等级: 良好
[2026-07-03 17:22:47] 系统状态：良好 —— 存在少量异常，建议定期检查！
[2026-07-03 17:22:47] 💡 使用之前选择的导出模式：Full
[2026-07-03 17:22:59] 数据已存入缓存...
[2026-07-03 17:22:59] 【完整 Application 日志读取完成】共采集 3080 条事件
[2026-07-03 17:22:59] 【正在导出：完整 Application 日志】
[2026-07-03 17:23:02] 【正在执行高级日志模式分析...】
[2026-07-03 17:23:02] 摘要报告已保存至：G:\PowerShellBat\AURORA-Analyzer\AURORA-Analyzer-Factory-Dev\AURORA-Analyzer-Factory\UserLogs\应用程序_日志_20260501___20260515_摘要.txt
[2026-07-03 17:23:03] 已导出:
[2026-07-03 17:23:03]   CSV: G:\PowerShellBat\AURORA-Analyzer\AURORA-Analyzer-Factory-Dev\AURORA-Analyzer-Factory\UserLogs\应用程序_日志_20260501___20260515.csv
[2026-07-03 17:23:03]   JSON: G:\PowerShellBat\AURORA-Analyzer\AURORA-Analyzer-Factory-Dev\AURORA-Analyzer-Factory\UserLogs\应用程序_日志_20260501___20260515.json
[2026-07-03 17:23:03]   XML: G:\PowerShellBat\AURORA-Analyzer\AURORA-Analyzer-Factory-Dev\AURORA-Analyzer-Factory\UserLogs\应用程序_日志_20260501___20260515.xml
[2026-07-03 17:24:09] 趋势分析报告已保存至：G:\PowerShellBat\AURORA-Analyzer\AURORA-Analyzer-Factory-Dev\AURORA-Analyzer-Factory\UserLogs\应用程序_日志_20260501_to_20260515_趋势分析.txt
[2026-07-03 17:24:09] 趋势数据已保存至：G:\PowerShellBat\AURORA-Analyzer\AURORA-Analyzer-Factory-Dev\AURORA-Analyzer-Factory\UserLogs\应用程序_日志_20260501_to_20260515_趋势数据.csv
[2026-07-03 17:24:09] 【趋势分析完成】
[2026-07-03 17:24:09] 🧠 正在调用 AURORA 智能诊断引擎...
[2026-07-03 17:24:09] ========================================
[2026-07-03 17:24:09]   智能诊断分析可用
[2026-07-03 17:24:09] ========================================
[2026-07-03 17:24:09] 📊 已检测到导出的 CSV 文件：
[2026-07-03 17:24:09]    位置：G:\PowerShellBat\AURORA-Analyzer\AURORA-Analyzer-Factory-Dev\AURORA-Analyzer-Factory\UserLogs
[2026-07-03 17:24:09]    文件：找到 6 个 CSV 文件
[2026-07-03 17:24:09] 🔍 智能模式将执行：
[2026-07-03 17:24:09]    ✓ 加载已导出的 CSV 文件
[2026-07-03 17:24:09]    ✓ 知识库靶向碰撞分析
[2026-07-03 17:24:09]    ✓ 提供自主修复方案
[2026-07-03 17:24:09] ⚡ 是否立即启动智能诊断分析？
[2026-07-03 17:24:09] ========================================
[2026-07-03 17:24:09] 📋 正在等待用户确认...
[2026-07-03 17:24:13] [syncHash] SmartAnalysisAuthorized = true
[2026-07-03 17:24:13] ✅ GUI 已响应智能分析请求（等待了 3750ms）
[2026-07-03 17:24:13] ✅ 用户确认，开始智能分析...
[2026-07-03 17:24:13] 📖 正在加载智能引擎...
[2026-07-03 17:24:13] [17:24:13] 🤖 正在初始化 AURORA 智能诊断与自主修复引擎...
[2026-07-03 17:24:16] [17:24:16] 🖥️ 操作系统: Microsoft Windows 11 教育版
[2026-07-03 17:24:16] [17:24:16] ⏱️ 系统连续运行时间: 104.51 小时
[2026-07-03 17:24:16] [17:24:16] ✅ 运行时间达标且未见近期崩溃。
[2026-07-03 17:24:16] 🎯 靶向锁定: 常规 24H 健康巡检 (范围: 07-02 17:24 ~ 07-03 17:24)
[2026-07-03 17:24:16] [17:24:16] ⚡ 正在从内核提取高危日志 (Critical/Error/Warning)...
[2026-07-03 17:24:16] [17:24:16] 📖 检测到 PRO 模式导出，正在读取：G:\PowerShellBat\AURORA-Analyzer\AURORA-Analyzer-Factory-Dev\AURORA-Analyzer-Factory\UserLogs
[2026-07-03 17:24:16] [17:24:16] ✅ 找到 3 个导出的 CSV 文件，正在加载...
[2026-07-03 17:24:16] [17:24:16] 📂 分析的日志类型：Application、System
[2026-07-03 17:24:16] [17:24:16]    正在加载：应用程序_日志_20260501___20260515.csv
[2026-07-03 17:24:16] [17:24:16]    正在加载：系统_日志_20260501___20260515.csv
[2026-07-03 17:24:16] [17:24:16]    正在加载：系统_日志_20260703.csv
[2026-07-03 17:24:16] [17:24:16] ✅ 已加载 1955 个事件
[2026-07-03 17:24:16] [17:24:16] 📦 成功提取并轻量化 1955 条异常事件记录。
[2026-07-03 17:24:16] [17:24:16] 🧠 正在装载并预编译 AURORA-TechData 知识图谱...
[2026-07-03 17:24:16] [17:24:16] Knowledge base cached (10.283203125.ToString('F1') KB)
[2026-07-03 17:24:16] [17:24:16] ✅ 图谱装载完成，激活 32 条诊断规则。开始极速碰撞...
[2026-07-03 17:24:16] [17:24:16] 🎯 碰撞分析完成！发现 6 类已知高危问题。
[2026-07-03 17:24:16] [17:24:16] 
[2026-07-03 17:24:16] ================== [ 靶向自主修复方案 ] ==================
[2026-07-03 17:24:16] [17:24:16] 🚨 [H-001] TLS/SSL 安全协议错误
[2026-07-03 17:24:16]    [ 1 ] 查看 Schannel 错误 (Low)  [Auth]
[2026-07-03 17:24:16]    [ 2 ] 启用 TLS 1.2 (Medium) [Admin] [Auth]
[2026-07-03 17:24:16]    [ 3 ] 清除 SSL 状态 (Low)  [Auth]
[2026-07-03 17:24:16] 🚨 [A-003] 程序崩溃
[2026-07-03 17:24:16]    [ 4 ] 查看应用程序崩溃事件 (Low) [Admin] [Auth]
[2026-07-03 17:24:16]    [ 5 ] 检查系统内存使用 (Low)  [Auto]
[2026-07-03 17:24:16]    [ 6 ] 清理应用程序临时文件 (Low)  [Auto]
[2026-07-03 17:24:16] 🚨 [D-016] Windows更新错误
[2026-07-03 17:24:16]    [ 7 ] 停止Windows更新服务 (High) [Admin] [Auth]
[2026-07-03 17:24:16]    [ 8 ] 重命名SoftwareDistribution文件夹 (High) [Admin] [Auth]
[2026-07-03 17:24:16]    [ 9 ] 重命名Catroot2文件夹 (High) [Admin] [Auth]
[2026-07-03 17:24:16]    [ 10 ] 启动Windows更新服务 (Medium) [Admin] [Auth]
[2026-07-03 17:24:16]    [ 11 ] 运行DISM和SFC修复 (Medium) [Admin] [Auth]
[2026-07-03 17:24:16]    [ 12 ] 查看Windows更新事件 (Low) [Admin] [Auth]
[2026-07-03 17:24:16] 🚨 [A-004] 托管代码异常
[2026-07-03 17:24:16]    [ 13 ] 查看.NET异常事件 (Low) [Admin] [Auth]
[2026-07-03 17:24:16]    [ 14 ] 检查已安装的.NET版本 (Low)  [Auto]
[2026-07-03 17:24:16]    [ 15 ] 修复.NET Framework (Medium) [Admin] [Auth]
[2026-07-03 17:24:16] 🚨 [F-012] 服务启动失败
[2026-07-03 17:24:16]    [ 16 ] 查看所有服务状态 (Low) [Admin] [Auth]
[2026-07-03 17:24:16]    [ 17 ] 查看服务详细信息 (Low) [Admin] [Auth]
[2026-07-03 17:24:16]    [ 18 ] 查看服务控制管理器事件 (Low) [Admin] [Auth]
[2026-07-03 17:24:16]    [ 19 ] 打开服务管理器 (Low)  [Auto]
[2026-07-03 17:24:16]    [ 20 ] 启动特定服务 (Medium) [Admin] [Auth]
[2026-07-03 17:24:16] 🚨 [B-022] 外部设备无法识别
[2026-07-03 17:24:16]    [ 21 ] 查看USB设备 (Low) [Admin] [Auth]
[2026-07-03 17:24:16]    [ 22 ] 查看所有有问题的设备 (Low) [Admin] [Auth]
[2026-07-03 17:24:16]    [ 23 ] 重置USB集线器 (Low) [Admin] [Auth]
[2026-07-03 17:24:16] [17:24:16] 
[2026-07-03 17:24:16] >>> 请在下方输入 [序号] 执行修复，或直接按 [Enter] 退出引擎：
[2026-07-03 17:24:33] [syncHash] ElevationAuthorized = false
[2026-07-03 17:24:39] [syncHash] ElevationAuthorized = false
[2026-07-03 17:24:46] [syncHash] ElevationAuthorized = false
[2026-07-03 17:24:55] [syncHash] ElevationAuthorized = false
[2026-07-03 17:25:01] [syncHash] ElevationAuthorized = false
[2026-07-03 17:25:17] [syncHash] ElevationAuthorized = false
[2026-07-03 17:25:25] [syncHash] ElevationAuthorized = false
[2026-07-03 17:25:28] [syncHash] ElevationAuthorized = false
[2026-07-03 17:25:30] >>> 正在终止...
[2026-07-03 17:25:30] [已取消]
[2026-07-03 17:25:34] [syncHash] ElevationAuthorized = false
[2026-07-03 17:25:41] [syncHash] ElevationAuthorized = false
[2026-07-06 11:34:25] >>> StartAnalysisAsync entered
[2026-07-06 11:34:25] >>> [安全警告] 引擎完整性检查失败: FILE_MISSING:CoreEngine
[2026-07-06 11:34:25] 💻 硬件评估层级: [Extreme]
[2026-07-06 11:34:25] ⚠️ 管理员权限：未获取 - 部分功能受限
[2026-07-06 11:34:25] >>> 正在执行分析...
[2026-07-06 11:34:25] [安全守卫] 正在初始化 (第 1 次)...
[2026-07-06 11:34:26] [安全守卫] baseForGuard: G:\PowerShellBat\AURORA-Analyzer\AURORA-Analyzer-Factory-Dev\AURORA-Analyzer-Factory\Scripts\Security
[2026-07-06 11:34:26] [安全守卫] rootDir: G:\PowerShellBat\AURORA-Analyzer\AURORA-Analyzer-Factory-Dev\AURORA-Analyzer-Factory
[2026-07-06 11:34:26] [安全守卫] 初始化成功
[2026-07-06 11:34:26] [诊断] 正在执行环境安全扫描...
[2026-07-06 11:34:26] [诊断] 扫描结果: NONE
[2026-07-06 11:34:26] [安全守卫] 启动环境扫描完成 - 安全
[2026-07-06 11:34:26] [安全守卫] 已启动持续性检测（每 3 秒）
[2026-07-06 11:34:26] [安全守卫] WMI 实时监控启动失败，将仅使用轮询模式
[2026-07-06 11:34:26] [PRO] Starting AURORA PRO Mode (Language: CHS)
[2026-07-06 11:34:26] [PRO] Loading Unified PRO Engine...
[2026-07-06 11:34:26] [安全守卫] 正在初始化 (第 1 次)...
[2026-07-06 11:34:26] [安全守卫] baseForGuard: G:\PowerShellBat\AURORA-Analyzer\AURORA-Analyzer-Factory-Dev\AURORA-Analyzer-Factory\Scripts\Security
[2026-07-06 11:34:26] [安全守卫] rootDir: G:\PowerShellBat\AURORA-Analyzer\AURORA-Analyzer-Factory-Dev\AURORA-Analyzer-Factory
[2026-07-06 11:34:26] [安全守卫] 初始化成功
[2026-07-06 11:34:26] [诊断] 正在执行环境安全扫描...
[2026-07-06 11:34:26] [诊断] 扫描结果: NONE
[2026-07-06 11:34:26] [安全守卫] 启动环境扫描完成 - 安全
[2026-07-06 11:34:26] [安全守卫] 已启动持续性检测（每 3 秒）
[2026-07-06 11:34:26] [安全守卫] WMI 实时监控启动失败，将仅使用轮询模式
[2026-07-06 11:34:26] [11:34:26] [Info] 正在初始化 AURORA Core Engine...
[2026-07-06 11:34:29] [11:34:29] [Info] 系统：Microsoft Windows 11 教育版 (10.0.26200)
[2026-07-06 11:34:29] [11:34:29] [Info] PowerShell: v5.1.26100.8737
[2026-07-06 11:34:29] [11:34:29] [Info] 架构：x64
[2026-07-06 11:34:29] [11:34:29] [Success] Core Engine 初始化完成
[2026-07-06 11:34:29] 🔄 检测到未完成的会话
[2026-07-06 11:34:29] ========================================
[2026-07-06 11:34:29] 会话 ID: SESSION_20260703_171808_1223
[2026-07-06 11:34:29] 已保存进度：0%
[2026-07-06 11:34:29] 当前阶段：正在导出：完整 Application 日志
[2026-07-06 11:34:29] 保存时间：2026-07-03T17:24:09.3464961+08:00
[2026-07-06 11:34:29] 已挂起天数：2.8 天
[2026-07-06 11:34:29] ⏳ 等待用户在 GUI 上做出选择...
[2026-07-06 11:34:33] [syncHash] SessionRestarted = true
[2026-07-06 11:34:33] 🔄 用户选择重新开始，清除会话...
[2026-07-06 11:34:36] /// AURORA Analyzer Release Version ///
[2026-07-06 11:34:36] /// AURORA 2026 VelociRaptor-GR 版权所有 ///
[2026-07-06 11:34:36] /// Windows 系统事件日志导出与智能分析工具 ///
[2026-07-06 11:34:36] ///请稍后... 正在检测当前系统日期...///
[2026-07-06 11:34:36] 📅 检测完成! 当前日期为: 2026-07-06///
[2026-07-06 11:34:36] ///正在检查缓存状态...///
[2026-07-06 11:34:38] ///缓存状态检查完成!///
[2026-07-06 11:34:38] 【请选择日志类型】
[2026-07-06 11:34:38] 1: System (系统)
[2026-07-06 11:34:38] 2: Application (应用程序)
[2026-07-06 11:34:38] 3: Security (安全) - 需要管理员权限
[2026-07-06 11:34:38] 4: Setup (安装) - 需要管理员权限
[2026-07-06 11:34:38] 5: DNS Server (DNS服务器) - 需要管理员权限
[2026-07-06 11:34:38] 6: DHCP Server (DHCP服务器) - 需要管理员权限
[2026-07-06 11:34:38] 7: Active Directory (活动目录) - 需要管理员权限
[2026-07-06 11:34:38] 8: IIS (Web服务器) - 需要管理员权限
[2026-07-06 11:34:38] 💡 提示：可选择多个日志类型，用逗号或空格分隔（如：1,2 或 1 2）
[2026-07-06 11:34:38] [11:34:38] > 请进行输入: 
[2026-07-06 11:34:38] 请输入选项 (1-8)，直接回车则使用默认: System
[2026-07-06 11:34:44] [syncHash] ElevationAuthorized = false
[2026-07-06 11:34:51] [syncHash] ElevationAuthorized = false
[2026-07-06 11:34:56] [syncHash] ElevationAuthorized = false
[2026-07-06 11:35:08] [syncHash] ElevationAuthorized = false
[2026-07-06 11:35:10] >>> 正在终止...
[2026-07-06 11:35:10] [已取消]
[2026-07-06 12:54:30] >>> StartAnalysisAsync entered
[2026-07-06 12:54:30] >>> [安全警告] 引擎完整性检查失败: FILE_MISSING:CoreEngine
[2026-07-06 12:54:30] 💻 硬件评估层级: [Extreme]
[2026-07-06 12:54:30] ⚠️ 管理员权限：未获取 - 部分功能受限
[2026-07-06 12:54:30] >>> 正在执行分析...
[2026-07-06 12:54:31] [安全守卫] 正在初始化 (第 1 次)...
[2026-07-06 12:54:31] [安全守卫] baseForGuard: G:\PowerShellBat\AURORA-Analyzer\AURORA-Analyzer-Factory-Dev\AURORA-Analyzer-Factory\Scripts\Security
[2026-07-06 12:54:31] [安全守卫] rootDir: G:\PowerShellBat\AURORA-Analyzer\AURORA-Analyzer-Factory-Dev\AURORA-Analyzer-Factory
[2026-07-06 12:54:31] [安全守卫] 初始化成功
[2026-07-06 12:54:31] [诊断] 正在执行环境安全扫描...
[2026-07-06 12:54:31] [诊断] 扫描结果: NONE
[2026-07-06 12:54:31] [安全守卫] 启动环境扫描完成 - 安全
[2026-07-06 12:54:31] [安全守卫] 已启动持续性检测（每 3 秒）
[2026-07-06 12:54:32] [安全守卫] WMI 实时监控启动失败，将仅使用轮询模式
[2026-07-06 12:54:32] [PRO] Starting AURORA PRO Mode (Language: CHS)
[2026-07-06 12:54:32] [PRO] Loading Unified PRO Engine...
[2026-07-06 12:54:32] [安全守卫] 正在初始化 (第 1 次)...
[2026-07-06 12:54:32] [安全守卫] baseForGuard: G:\PowerShellBat\AURORA-Analyzer\AURORA-Analyzer-Factory-Dev\AURORA-Analyzer-Factory\Scripts\Security
[2026-07-06 12:54:32] [安全守卫] rootDir: G:\PowerShellBat\AURORA-Analyzer\AURORA-Analyzer-Factory-Dev\AURORA-Analyzer-Factory
[2026-07-06 12:54:32] [安全守卫] 初始化成功
[2026-07-06 12:54:32] [诊断] 正在执行环境安全扫描...
[2026-07-06 12:54:32] [诊断] 扫描结果: NONE
[2026-07-06 12:54:32] [安全守卫] 启动环境扫描完成 - 安全
[2026-07-06 12:54:32] [安全守卫] 已启动持续性检测（每 3 秒）
[2026-07-06 12:54:32] [安全守卫] WMI 实时监控启动失败，将仅使用轮询模式
[2026-07-06 12:54:32] [12:54:32] [Info] 正在初始化 AURORA Core Engine...
[2026-07-06 12:54:35] [12:54:35] [Info] 系统：Microsoft Windows 11 教育版 (10.0.26200)
[2026-07-06 12:54:35] [12:54:35] [Info] PowerShell: v5.1.26100.8737
[2026-07-06 12:54:35] [12:54:35] [Info] 架构：x64
[2026-07-06 12:54:35] [12:54:35] [Success] Core Engine 初始化完成
[2026-07-06 12:54:35] 🔄 检测到未完成的会话
[2026-07-06 12:54:35] ========================================
[2026-07-06 12:54:35] 会话 ID: SESSION_20260706_113433_9988
[2026-07-06 12:54:35] 已保存进度：0%
[2026-07-06 12:54:35] 当前阶段：Initialized
[2026-07-06 12:54:35] 保存时间：2026-07-06T11:34:33.9739620+08:00
[2026-07-06 12:54:35] 已挂起天数：0.1 天
[2026-07-06 12:54:35] ⏳ 等待用户在 GUI 上做出选择...
[2026-07-06 12:54:40] [syncHash] SessionRestarted = true
[2026-07-06 12:54:41] 🔄 用户选择重新开始，清除会话...
[2026-07-06 12:54:44] /// AURORA Analyzer Release Version ///
[2026-07-06 12:54:44] /// AURORA 2026 VelociRaptor-GR 版权所有 ///
[2026-07-06 12:54:44] /// Windows 系统事件日志导出与智能分析工具 ///
[2026-07-06 12:54:44] ///请稍后... 正在检测当前系统日期...///
[2026-07-06 12:54:44] 📅 检测完成! 当前日期为: 2026-07-06///
[2026-07-06 12:54:44] ///正在检查缓存状态...///
[2026-07-06 12:54:46] ///缓存状态检查完成!///
[2026-07-06 12:54:46] 【请选择日志类型】
[2026-07-06 12:54:46] 1: System (系统)
[2026-07-06 12:54:46] 2: Application (应用程序)
[2026-07-06 12:54:46] 3: Security (安全) - 需要管理员权限
[2026-07-06 12:54:46] 4: Setup (安装) - 需要管理员权限
[2026-07-06 12:54:46] 5: DNS Server (DNS服务器) - 需要管理员权限
[2026-07-06 12:54:46] 6: DHCP Server (DHCP服务器) - 需要管理员权限
[2026-07-06 12:54:46] 7: Active Directory (活动目录) - 需要管理员权限
[2026-07-06 12:54:46] 8: IIS (Web服务器) - 需要管理员权限
[2026-07-06 12:54:46] 💡 提示：可选择多个日志类型，用逗号或空格分隔（如：1,2 或 1 2）
[2026-07-06 12:54:46] [12:54:46] > 请进行输入: 
[2026-07-06 12:54:46] 请输入选项 (1-8)，直接回车则使用默认: System
[2026-07-06 12:55:19] [syncHash] ElevationAuthorized = false
[2026-07-06 12:55:29] >>> 正在终止...
[2026-07-06 12:55:29] [已取消]
[2026-07-06 13:23:25] [syncHash] ElevationAuthorized = false
[2026-07-06 13:23:30] [syncHash] ElevationAuthorized = false
[2026-07-06 13:33:14] [syncHash] ElevationAuthorized = false
[2026-07-06 13:33:19] [syncHash] ElevationAuthorized = false
[2026-07-06 13:33:24] [syncHash] ElevationAuthorized = false
[2026-07-06 13:33:28] [syncHash] ElevationAuthorized = false
[2026-07-06 14:16:14] [syncHash] ElevationAuthorized = false
[2026-07-06 15:28:38] >>> StartAnalysisAsync entered
[2026-07-06 15:28:39] >>> [安全警告] 引擎完整性检查失败: FILE_MISSING:CoreEngine
[2026-07-06 15:28:39] 💻 硬件评估层级: [Extreme]
[2026-07-06 15:28:39] ⚠️ 管理员权限：未获取 - 部分功能受限
[2026-07-06 15:28:39] >>> 正在执行分析...
[2026-07-06 15:28:39] [安全守卫] 正在初始化 (第 1 次)...
[2026-07-06 15:28:40] [安全守卫] baseForGuard: G:\PowerShellBat\AURORA-Analyzer\AURORA-Analyzer-Factory-Dev\AURORA-Analyzer-Factory\Scripts\Security
[2026-07-06 15:28:40] [安全守卫] rootDir: G:\PowerShellBat\AURORA-Analyzer\AURORA-Analyzer-Factory-Dev\AURORA-Analyzer-Factory
[2026-07-06 15:28:40] [安全守卫] 初始化成功
[2026-07-06 15:28:40] [诊断] 正在执行环境安全扫描...
[2026-07-06 15:28:40] [诊断] 扫描结果: NONE
[2026-07-06 15:28:40] [安全守卫] 启动环境扫描完成 - 安全
[2026-07-06 15:28:40] [安全守卫] 已启动持续性检测（每 3 秒）
[2026-07-06 15:28:40] [安全守卫] WMI 实时监控启动失败，将仅使用轮询模式
[2026-07-06 15:28:40] [PRO] Starting AURORA PRO Mode (Language: CHS)
[2026-07-06 15:28:40] [PRO] Loading Unified PRO Engine...
[2026-07-06 15:28:40] [安全守卫] 正在初始化 (第 1 次)...
[2026-07-06 15:28:40] [安全守卫] baseForGuard: G:\PowerShellBat\AURORA-Analyzer\AURORA-Analyzer-Factory-Dev\AURORA-Analyzer-Factory\Scripts\Security
[2026-07-06 15:28:40] [安全守卫] rootDir: G:\PowerShellBat\AURORA-Analyzer\AURORA-Analyzer-Factory-Dev\AURORA-Analyzer-Factory
[2026-07-06 15:28:40] [安全守卫] 初始化成功
[2026-07-06 15:28:40] [诊断] 正在执行环境安全扫描...
[2026-07-06 15:28:40] [诊断] 扫描结果: NONE
[2026-07-06 15:28:40] [安全守卫] 启动环境扫描完成 - 安全
[2026-07-06 15:28:40] [安全守卫] 已启动持续性检测（每 3 秒）
[2026-07-06 15:28:40] [安全守卫] WMI 实时监控启动失败，将仅使用轮询模式
[2026-07-06 15:28:41] [15:28:41] [Info] 正在初始化 AURORA Core Engine...
[2026-07-06 15:28:44] [15:28:44] [Info] 系统：Microsoft Windows 11 教育版 (10.0.26200)
[2026-07-06 15:28:44] [15:28:44] [Info] PowerShell: v5.1.26100.8737
[2026-07-06 15:28:44] [15:28:44] [Info] 架构：x64
[2026-07-06 15:28:44] [15:28:44] [Success] Core Engine 初始化完成
[2026-07-06 15:28:44] 🔄 检测到未完成的会话
[2026-07-06 15:28:44] ========================================
[2026-07-06 15:28:44] 会话 ID: SESSION_20260706_125441_4139
[2026-07-06 15:28:44] 已保存进度：0%
[2026-07-06 15:28:44] 当前阶段：Initialized
[2026-07-06 15:28:44] 保存时间：2026-07-06T12:54:41.0555567+08:00
[2026-07-06 15:28:44] 已挂起天数：0.1 天
[2026-07-06 15:28:44] ⏳ 等待用户在 GUI 上做出选择...
[2026-07-06 15:28:45] [syncHash] SessionRestarted = true
[2026-07-06 15:28:45] 🔄 用户选择重新开始，清除会话...
[2026-07-06 15:28:48] 👤 [15:28:48] 你: [按下了回车 / 使用默认值]
[2026-07-06 15:28:49] /// AURORA Analyzer Release Version ///
[2026-07-06 15:28:49] /// AURORA 2026 VelociRaptor-GR 版权所有 ///
[2026-07-06 15:28:49] /// Windows 系统事件日志导出与智能分析工具 ///
[2026-07-06 15:28:49] ///请稍后... 正在检测当前系统日期...///
[2026-07-06 15:28:49] 📅 检测完成! 当前日期为: 2026-07-06///
[2026-07-06 15:28:49] ///正在检查缓存状态...///
[2026-07-06 15:28:51] ///缓存状态检查完成!///
[2026-07-06 15:28:51] 【请选择日志类型】
[2026-07-06 15:28:51] 1: System (系统)
[2026-07-06 15:28:51] 2: Application (应用程序)
[2026-07-06 15:28:51] 3: Security (安全) - 需要管理员权限
[2026-07-06 15:28:51] 4: Setup (安装) - 需要管理员权限
[2026-07-06 15:28:51] 5: DNS Server (DNS服务器) - 需要管理员权限
[2026-07-06 15:28:51] 6: DHCP Server (DHCP服务器) - 需要管理员权限
[2026-07-06 15:28:51] 7: Active Directory (活动目录) - 需要管理员权限
[2026-07-06 15:28:51] 8: IIS (Web服务器) - 需要管理员权限
[2026-07-06 15:28:51] 💡 提示：可选择多个日志类型，用逗号或空格分隔（如：1,2 或 1 2）
[2026-07-06 15:28:51] [15:28:51] > 请进行输入: 
[2026-07-06 15:28:51] 请输入选项 (1-8)，直接回车则使用默认: System
[2026-07-06 15:28:52] 👤 [15:28:52] 你: [按下了回车 / 使用默认值]
[2026-07-06 15:28:52] ✅ 已选择日志类型: System
[2026-07-06 15:28:52] 【请选择导出模式】
[2026-07-06 15:28:52] 1: 单日导出（例如：2026-01-21）
[2026-07-06 15:28:52] 2: 日期范围导出（起止日期，格式：YYYY-MM-DD）
[2026-07-06 15:28:52] [15:28:52] > 请进行输入: 
[2026-07-06 15:28:52] 请输入选项 (1 或 2)
[2026-07-06 15:28:55] 👤 [15:28:55] 你: 1
[2026-07-06 15:28:55] [15:28:55] > 请进行输入: 
[2026-07-06 15:28:55] 请输入日期 (格式：YYYY-MM-DD)，直接回车则导出今日日志
[2026-07-06 15:28:56] 👤 [15:28:56] 你: [按下了回车 / 使用默认值]
[2026-07-06 15:28:57] 【事件过滤选项】
[2026-07-06 15:28:57] 1: 无过滤（默认）
[2026-07-06 15:28:57] 2: 按事件 ID 过滤
[2026-07-06 15:28:57] 3: 按事件提供程序过滤
[2026-07-06 15:28:57] 4: 按事件级别过滤
[2026-07-06 15:28:57] [15:28:57] > 请进行输入: 
[2026-07-06 15:28:57] 请选择过滤选项 (1-4)，直接回车则使用默认: 1
[2026-07-06 15:28:58] 👤 [15:28:58] 你: [按下了回车 / 使用默认值]
[2026-07-06 15:28:58] ⚠️ 检测到 scopes 是单个对象，正在转换为数组...
[2026-07-06 15:28:58] ✅ scopes 验证完成，共 1 个范围
[2026-07-06 15:28:58] ━━━━━━━━━━━━━━━━━━━━━━━━ 评估系统性能 ━━━━━━━━━━━━━━━━━━━━━━━━
[2026-07-06 15:28:58] 【正在评估系统性能...】
[2026-07-06 15:29:18] 处理器：11th Gen Intel(R) Core(TM) i7-11800H @ 2.30GHz 8 核心 @ 2304 MHz (基础: 2304 MHz)
[2026-07-06 15:29:18] 内存容量：31.74 GB
[2026-07-06 15:29:18] 磁盘性能分数: 50/50
[2026-07-06 15:29:18] 磁盘配置：2 个 SSD, 0 个 HDD
[2026-07-06 15:29:18] 正在计算性能分数...
[2026-07-06 15:29:18] 您的性能分数为：100/100
[2026-07-06 15:29:28] 使用最佳分块大小：6 小时/块
[2026-07-06 15:29:28] 根据系统负载使用 11/16 个线程
[2026-07-06 15:29:28] 系统负载：61%，已调整分块大小以减少系统压力
[2026-07-06 15:29:39] ✅ 知识图谱索引创建成功
[2026-07-06 15:29:39] ✅ 知识图谱加载成功，包含 9 个分类
[2026-07-06 15:29:39] 【资源优化策略】
[2026-07-06 15:29:39] 性能等级: HighPerformance
[2026-07-06 15:29:39] 日志扫描并行度: 16
[2026-07-06 15:29:39] 报告生成并行度: 12.8
[2026-07-06 15:29:39] 缓存压缩: False
[2026-07-06 15:29:39] I/O 缓冲区大小：131072 bytes
[2026-07-06 15:29:39] ━━━━━━━━━━━━━━━━━━━━━━ 扫描高危事件 + 导出 ━━━━━━━━━━━━━━━━━━━━━━
[2026-07-06 15:29:39] ========================================
[2026-07-06 15:29:39]   [1/1] 正在处理：System
[2026-07-06 15:29:39] ========================================
[2026-07-06 15:29:39] 【无匹配缓存，正在扫描所选范围内的高危事件...】
[2026-07-06 15:29:49] [系统资源监控] 并行线程数: 4, 内存使用率: 32.04%
[2026-07-06 15:29:50] [知识库分析] 正在批量处理 109 条事件的知识库查询...
[2026-07-06 15:29:51] [知识库分析] 批量处理完成
[2026-07-06 15:29:59] 【高危事件扫描完成】共发现 109 条高危事件
[2026-07-06 15:29:59] 【扫描完成】
[2026-07-06 15:29:59] 发现：0 条严重事件，33 条错误，76 条警告（共 109 条高危事件）
[2026-07-06 15:29:59] 总日志数：207 条
[2026-07-06 15:29:59] 【系统健康评估】
[2026-07-06 15:29:59] 错误: 33 | 警告: 76 | 严重: 0
[2026-07-06 15:29:59] 健康评分: 31/100 | 健康等级: 较差
[2026-07-06 15:29:59] 系统状态：较差 —— 存在大量异常，建议立即检查！
[2026-07-06 15:29:59] [15:29:59] > 请进行输入: 
[2026-07-06 15:29:59] 按 Enter 仅导出高危事件，或输入 '1' 导出完整日志
[2026-07-06 15:30:10] 👤 [15:30:10] 你: [按下了回车 / 使用默认值]
[2026-07-06 15:30:11] 【正在导出：仅高危事件】
[2026-07-06 15:30:14] 【正在执行高级日志模式分析...】
[2026-07-06 15:30:14] 摘要报告已保存至：G:\PowerShellBat\AURORA-Analyzer\AURORA-Analyzer-Factory-Dev\AURORA-Analyzer-Factory\UserLogs\系统_日志_20260706_摘要.txt
[2026-07-06 15:30:14] 已导出:
[2026-07-06 15:30:14]   CSV: G:\PowerShellBat\AURORA-Analyzer\AURORA-Analyzer-Factory-Dev\AURORA-Analyzer-Factory\UserLogs\系统_日志_20260706.csv
[2026-07-06 15:30:14]   JSON: G:\PowerShellBat\AURORA-Analyzer\AURORA-Analyzer-Factory-Dev\AURORA-Analyzer-Factory\UserLogs\系统_日志_20260706.json
[2026-07-06 15:30:14]   XML: G:\PowerShellBat\AURORA-Analyzer\AURORA-Analyzer-Factory-Dev\AURORA-Analyzer-Factory\UserLogs\系统_日志_20260706.xml
[2026-07-06 15:30:14] [15:30:14] > 请进行输入: 是否进行日志趋势分析？(Y/N) [默认: N]
[2026-07-06 15:30:21] 👤 [15:30:21] 你: y
[2026-07-06 15:30:26] 趋势分析报告已保存至：G:\PowerShellBat\AURORA-Analyzer\AURORA-Analyzer-Factory-Dev\AURORA-Analyzer-Factory\UserLogs\系统_日志_20260706_to_20260706_趋势分析.txt
[2026-07-06 15:30:26] 趋势数据已保存至：G:\PowerShellBat\AURORA-Analyzer\AURORA-Analyzer-Factory-Dev\AURORA-Analyzer-Factory\UserLogs\系统_日志_20260706_to_20260706_趋势数据.csv
[2026-07-06 15:30:26] 【趋势分析完成】
[2026-07-06 15:30:26] 🧠 正在调用 AURORA 智能诊断引擎...
[2026-07-06 15:30:26] ========================================
[2026-07-06 15:30:26]   智能诊断分析可用
[2026-07-06 15:30:26] ========================================
[2026-07-06 15:30:26] 📊 已检测到导出的 CSV 文件：
[2026-07-06 15:30:26]    位置：G:\PowerShellBat\AURORA-Analyzer\AURORA-Analyzer-Factory-Dev\AURORA-Analyzer-Factory\UserLogs
[2026-07-06 15:30:26]    文件：找到 8 个 CSV 文件
[2026-07-06 15:30:26] 🔍 智能模式将执行：
[2026-07-06 15:30:26]    ✓ 加载已导出的 CSV 文件
[2026-07-06 15:30:26]    ✓ 知识库靶向碰撞分析
[2026-07-06 15:30:26]    ✓ 提供自主修复方案
[2026-07-06 15:30:26] ⚡ 是否立即启动智能诊断分析？
[2026-07-06 15:30:26] ========================================
[2026-07-06 15:30:26] 📋 正在等待用户确认...
[2026-07-06 15:30:28] [syncHash] SmartAnalysisAuthorized = true
[2026-07-06 15:30:28] ✅ GUI 已响应智能分析请求（等待了 2400ms）
[2026-07-06 15:30:28] ✅ 用户确认，开始智能分析...
[2026-07-06 15:30:28] 📖 正在加载智能引擎...
[2026-07-06 15:30:28] [15:30:28] 🤖 正在初始化 AURORA 智能诊断与自主修复引擎...
[2026-07-06 15:30:32] [15:30:32] 🖥️ 操作系统: Microsoft Windows 11 教育版
[2026-07-06 15:30:32] [15:30:32] ⏱️ 系统连续运行时间: 174.62 小时
[2026-07-06 15:30:32] [15:30:32] ✅ 运行时间达标且未见近期崩溃。
[2026-07-06 15:30:32] 🎯 靶向锁定: 常规 24H 健康巡检 (范围: 07-05 15:30 ~ 07-06 15:30)
[2026-07-06 15:30:32] [15:30:32] ⚡ 正在从内核提取高危日志 (Critical/Error/Warning)...
[2026-07-06 15:30:32] [15:30:32] 📖 检测到 PRO 模式导出，正在读取：G:\PowerShellBat\AURORA-Analyzer\AURORA-Analyzer-Factory-Dev\AURORA-Analyzer-Factory\UserLogs
[2026-07-06 15:30:32] [15:30:32] ✅ 找到 4 个导出的 CSV 文件，正在加载...
[2026-07-06 15:30:32] [15:30:32] 📂 分析的日志类型：Application、System
[2026-07-06 15:30:32] [15:30:32]    正在加载：应用程序_日志_20260501___20260515.csv
[2026-07-06 15:30:32] [15:30:32]    正在加载：系统_日志_20260501___20260515.csv
[2026-07-06 15:30:32] [15:30:32]    正在加载：系统_日志_20260703.csv
[2026-07-06 15:30:32] [15:30:32]    正在加载：系统_日志_20260706.csv
[2026-07-06 15:30:32] [15:30:32] ✅ 已加载 2064 个事件
[2026-07-06 15:30:32] [15:30:32] 📦 成功提取并轻量化 2064 条异常事件记录。
[2026-07-06 15:30:32] [15:30:32] 🧠 正在装载并预编译 AURORA-TechData 知识图谱...
[2026-07-06 15:30:32] [15:30:32] Knowledge base cached (10.283203125.ToString('F1') KB)
[2026-07-06 15:30:32] [15:30:32] ✅ 图谱装载完成，激活 32 条诊断规则。开始极速碰撞...
[2026-07-06 15:30:32] [15:30:32] 🎯 碰撞分析完成！发现 6 类已知高危问题。
[2026-07-06 15:30:32] [15:30:32] 
[2026-07-06 15:30:32] ================== [ 靶向自主修复方案 ] ==================
[2026-07-06 15:30:32] [15:30:32] 🚨 [H-001] TLS/SSL 安全协议错误
[2026-07-06 15:30:32]    [ 1 ] 查看 Schannel 错误 (Low)  [Auth]
[2026-07-06 15:30:32]    [ 2 ] 启用 TLS 1.2 (Medium) [Admin] [Auth]
[2026-07-06 15:30:32]    [ 3 ] 清除 SSL 状态 (Low)  [Auth]
[2026-07-06 15:30:32] 🚨 [A-003] 程序崩溃
[2026-07-06 15:30:32]    [ 4 ] 查看应用程序崩溃事件 (Low) [Admin] [Auth]
[2026-07-06 15:30:32]    [ 5 ] 检查系统内存使用 (Low)  [Auto]
[2026-07-06 15:30:32]    [ 6 ] 清理应用程序临时文件 (Low)  [Auto]
[2026-07-06 15:30:32] 🚨 [D-016] Windows更新错误
[2026-07-06 15:30:32]    [ 7 ] 停止Windows更新服务 (High) [Admin] [Auth]
[2026-07-06 15:30:32]    [ 8 ] 重命名SoftwareDistribution文件夹 (High) [Admin] [Auth]
[2026-07-06 15:30:32]    [ 9 ] 重命名Catroot2文件夹 (High) [Admin] [Auth]
[2026-07-06 15:30:32]    [ 10 ] 启动Windows更新服务 (Medium) [Admin] [Auth]
[2026-07-06 15:30:32]    [ 11 ] 运行DISM和SFC修复 (Medium) [Admin] [Auth]
[2026-07-06 15:30:32]    [ 12 ] 查看Windows更新事件 (Low) [Admin] [Auth]
[2026-07-06 15:30:32] 🚨 [A-004] 托管代码异常
[2026-07-06 15:30:32]    [ 13 ] 查看.NET异常事件 (Low) [Admin] [Auth]
[2026-07-06 15:30:32]    [ 14 ] 检查已安装的.NET版本 (Low)  [Auto]
[2026-07-06 15:30:32]    [ 15 ] 修复.NET Framework (Medium) [Admin] [Auth]
[2026-07-06 15:30:32] 🚨 [F-012] 服务启动失败
[2026-07-06 15:30:32]    [ 16 ] 查看所有服务状态 (Low) [Admin] [Auth]
[2026-07-06 15:30:32]    [ 17 ] 查看服务详细信息 (Low) [Admin] [Auth]
[2026-07-06 15:30:32]    [ 18 ] 查看服务控制管理器事件 (Low) [Admin] [Auth]
[2026-07-06 15:30:32]    [ 19 ] 打开服务管理器 (Low)  [Auto]
[2026-07-06 15:30:32]    [ 20 ] 启动特定服务 (Medium) [Admin] [Auth]
[2026-07-06 15:30:32] 🚨 [B-022] 外部设备无法识别
[2026-07-06 15:30:32]    [ 21 ] 查看USB设备 (Low) [Admin] [Auth]
[2026-07-06 15:30:32]    [ 22 ] 查看所有有问题的设备 (Low) [Admin] [Auth]
[2026-07-06 15:30:32]    [ 23 ] 重置USB集线器 (Low) [Admin] [Auth]
[2026-07-06 15:30:32] [15:30:32] 
[2026-07-06 15:30:32] >>> 请在下方输入 [序号] 执行修复，或直接按 [Enter] 退出引擎：
[2026-07-06 15:30:44] 👤 [15:30:44] 你: [按下了回车 / 使用默认值]
[2026-07-06 15:30:44] [15:30:44] ⏭️ 用户跳过修复，引擎准备退出。
[2026-07-06 15:30:44] [15:30:44] 👋 智能引擎分析完毕，进程安全退出。
[2026-07-06 15:30:44] ✅ 智能诊断分析完成！
[2026-07-06 15:30:44] >>> 分析完成
[2026-07-06 15:30:44] [分析完成]
[2026-07-06 15:39:00] >>> StartAnalysisAsync entered
[2026-07-06 15:39:00] >>> [安全警告] 引擎完整性检查失败: FILE_MISSING:CoreEngine
[2026-07-06 15:39:00] 💻 硬件评估层级: [Extreme]
[2026-07-06 15:39:00] ⚠️ 管理员权限：未获取 - 部分功能受限
[2026-07-06 15:39:00] >>> 正在执行分析...
[2026-07-06 15:39:01] [安全守卫] 正在初始化 (第 1 次)...
[2026-07-06 15:39:01] [安全守卫] baseForGuard: G:\PowerShellBat\AURORA-Analyzer\AURORA-Analyzer-Factory-Dev\AURORA-Analyzer-Factory\Scripts\Security
[2026-07-06 15:39:01] [安全守卫] rootDir: G:\PowerShellBat\AURORA-Analyzer\AURORA-Analyzer-Factory-Dev\AURORA-Analyzer-Factory
[2026-07-06 15:39:01] [安全守卫] 初始化成功
[2026-07-06 15:39:01] [诊断] 正在执行环境安全扫描...
[2026-07-06 15:39:01] [诊断] 扫描结果: NONE
[2026-07-06 15:39:01] [安全守卫] 启动环境扫描完成 - 安全
[2026-07-06 15:39:01] [安全守卫] 已启动持续性检测（每 3 秒）
[2026-07-06 15:39:01] [安全守卫] WMI 实时监控启动失败，将仅使用轮询模式
[2026-07-06 15:39:02] [PRO] Starting AURORA PRO Mode (Language: CHS)
[2026-07-06 15:39:02] [PRO] Loading Unified PRO Engine...
[2026-07-06 15:39:02] [安全守卫] 正在初始化 (第 1 次)...
[2026-07-06 15:39:02] [安全守卫] baseForGuard: G:\PowerShellBat\AURORA-Analyzer\AURORA-Analyzer-Factory-Dev\AURORA-Analyzer-Factory\Scripts\Security
[2026-07-06 15:39:02] [安全守卫] rootDir: G:\PowerShellBat\AURORA-Analyzer\AURORA-Analyzer-Factory-Dev\AURORA-Analyzer-Factory
[2026-07-06 15:39:02] [安全守卫] 初始化成功
[2026-07-06 15:39:02] [诊断] 正在执行环境安全扫描...
[2026-07-06 15:39:02] [诊断] 扫描结果: NONE
[2026-07-06 15:39:02] [安全守卫] 启动环境扫描完成 - 安全
[2026-07-06 15:39:02] [安全守卫] 已启动持续性检测（每 3 秒）
[2026-07-06 15:39:02] [安全守卫] WMI 实时监控启动失败，将仅使用轮询模式
[2026-07-06 15:39:02] [15:39:02] [Info] 正在初始化 AURORA Core Engine...
[2026-07-06 15:39:05] [15:39:05] [Info] 系统：Microsoft Windows 11 教育版 (10.0.26200)
[2026-07-06 15:39:05] [15:39:05] [Info] PowerShell: v5.1.26100.8737
[2026-07-06 15:39:05] [15:39:05] [Info] 架构：x64
[2026-07-06 15:39:05] [15:39:05] [Success] Core Engine 初始化完成
[2026-07-06 15:39:07] /// AURORA Analyzer Release Version ///
[2026-07-06 15:39:07] /// AURORA 2026 VelociRaptor-GR 版权所有 ///
[2026-07-06 15:39:07] /// Windows 系统事件日志导出与智能分析工具 ///
[2026-07-06 15:39:07] ///请稍后... 正在检测当前系统日期...///
[2026-07-06 15:39:07] 📅 检测完成! 当前日期为: 2026-07-06///
[2026-07-06 15:39:07] ///正在检查缓存状态...///
[2026-07-06 15:39:10] ///缓存状态检查完成!///
[2026-07-06 15:39:10] 【请选择日志类型】
[2026-07-06 15:39:10] 1: System (系统)
[2026-07-06 15:39:10] 2: Application (应用程序)
[2026-07-06 15:39:10] 3: Security (安全) - 需要管理员权限
[2026-07-06 15:39:10] 4: Setup (安装) - 需要管理员权限
[2026-07-06 15:39:10] 5: DNS Server (DNS服务器) - 需要管理员权限
[2026-07-06 15:39:10] 6: DHCP Server (DHCP服务器) - 需要管理员权限
[2026-07-06 15:39:10] 7: Active Directory (活动目录) - 需要管理员权限
[2026-07-06 15:39:10] 8: IIS (Web服务器) - 需要管理员权限
[2026-07-06 15:39:10] 💡 提示：可选择多个日志类型，用逗号或空格分隔（如：1,2 或 1 2）
[2026-07-06 15:39:10] [15:39:10] > 请进行输入: 
[2026-07-06 15:39:10] 请输入选项 (1-8)，直接回车则使用默认: System
[2026-07-06 15:39:33] 👤 [15:39:33] 你: [按下了回车 / 使用默认值]
[2026-07-06 15:39:33] ✅ 已选择日志类型: System
[2026-07-06 15:39:33] 【请选择导出模式】
[2026-07-06 15:39:33] 1: 单日导出（例如：2026-01-21）
[2026-07-06 15:39:33] 2: 日期范围导出（起止日期，格式：YYYY-MM-DD）
[2026-07-06 15:39:33] [15:39:33] > 请进行输入: 
[2026-07-06 15:39:33] 请输入选项 (1 或 2)
[2026-07-06 15:40:12] >>> 正在终止...
[2026-07-06 15:40:12] [已取消]
[2026-07-06 16:35:48] >>> StartAnalysisAsync entered
[2026-07-06 16:35:48] >>> [安全警告] 引擎完整性检查失败: FILE_MISSING:CoreEngine
[2026-07-06 16:35:48] 💻 硬件评估层级: [Extreme]
[2026-07-06 16:35:48] ⚠️ 管理员权限：未获取 - 部分功能受限
[2026-07-06 16:35:48] >>> 正在执行分析...
[2026-07-06 16:35:49] [安全守卫] 正在初始化 (第 1 次)...
[2026-07-06 16:35:49] [安全守卫] baseForGuard: G:\PowerShellBat\AURORA-Analyzer\AURORA-Analyzer-Factory-Dev\AURORA-Analyzer-Factory\Scripts\Security
[2026-07-06 16:35:49] [安全守卫] rootDir: G:\PowerShellBat\AURORA-Analyzer\AURORA-Analyzer-Factory-Dev\AURORA-Analyzer-Factory
[2026-07-06 16:35:49] [安全守卫] 初始化成功
[2026-07-06 16:35:49] [诊断] 正在执行环境安全扫描...
[2026-07-06 16:35:49] [诊断] 扫描结果: NONE
[2026-07-06 16:35:49] [安全守卫] 启动环境扫描完成 - 安全
[2026-07-06 16:35:49] [安全守卫] 已启动持续性检测（每 3 秒）
[2026-07-06 16:35:49] [安全守卫] WMI 实时监控启动失败，将仅使用轮询模式
[2026-07-06 16:35:50] [PRO] Starting AURORA PRO Mode (Language: CHS)
[2026-07-06 16:35:50] [PRO] Loading Unified PRO Engine...
[2026-07-06 16:35:50] [安全守卫] 正在初始化 (第 1 次)...
[2026-07-06 16:35:50] [安全守卫] baseForGuard: G:\PowerShellBat\AURORA-Analyzer\AURORA-Analyzer-Factory-Dev\AURORA-Analyzer-Factory\Scripts\Security
[2026-07-06 16:35:50] [安全守卫] rootDir: G:\PowerShellBat\AURORA-Analyzer\AURORA-Analyzer-Factory-Dev\AURORA-Analyzer-Factory
[2026-07-06 16:35:50] [安全守卫] 初始化成功
[2026-07-06 16:35:50] [诊断] 正在执行环境安全扫描...
[2026-07-06 16:35:50] [诊断] 扫描结果: NONE
[2026-07-06 16:35:50] [安全守卫] 启动环境扫描完成 - 安全
[2026-07-06 16:35:50] [安全守卫] 已启动持续性检测（每 3 秒）
[2026-07-06 16:35:50] [安全守卫] WMI 实时监控启动失败，将仅使用轮询模式
[2026-07-06 16:35:50] [16:35:50] [Info] 正在初始化 AURORA Core Engine...
[2026-07-06 16:35:53] [16:35:53] [Info] 系统：Microsoft Windows 11 教育版 (10.0.26200)
[2026-07-06 16:35:53] [16:35:53] [Info] PowerShell: v5.1.26100.8737
[2026-07-06 16:35:53] [16:35:53] [Info] 架构：x64
[2026-07-06 16:35:53] [16:35:53] [Success] Core Engine 初始化完成
[2026-07-06 16:35:53] 🔄 检测到未完成的会话
[2026-07-06 16:35:53] ========================================
[2026-07-06 16:35:53] 会话 ID: SESSION_20260706_153905_7125
[2026-07-06 16:35:53] 已保存进度：0%
[2026-07-06 16:35:53] 当前阶段：Initialized
[2026-07-06 16:35:53] 保存时间：2026-07-06T15:39:05.2415290+08:00
[2026-07-06 16:35:53] 已挂起天数：0 天
[2026-07-06 16:35:53] ⏳ 等待用户在 GUI 上做出选择...
[2026-07-06 16:35:57] [syncHash] SessionRestarted = true
[2026-07-06 16:35:57] 🔄 用户选择重新开始，清除会话...
[2026-07-06 16:36:00] /// AURORA Analyzer Release Version ///
[2026-07-06 16:36:00] /// AURORA 2026 VelociRaptor-GR 版权所有 ///
[2026-07-06 16:36:00] /// Windows 系统事件日志导出与智能分析工具 ///
[2026-07-06 16:36:00] ///请稍后... 正在检测当前系统日期...///
[2026-07-06 16:36:00] 📅 检测完成! 当前日期为: 2026-07-06///
[2026-07-06 16:36:00] ///正在检查缓存状态...///
[2026-07-06 16:36:00] >>> 正在终止...
[2026-07-06 16:36:00] [已取消]
[2026-07-06 17:04:16] [syncHash] ElevationAuthorized = false
[2026-07-07 13:12:46] >>> StartAnalysisAsync entered
[2026-07-07 13:12:46] >>> [安全警告] 引擎完整性检查失败: FILE_MISSING:CoreEngine
[2026-07-07 13:12:46] 💻 硬件评估层级: [Extreme]
[2026-07-07 13:12:46] ⚠️ 管理员权限：未获取 - 部分功能受限
[2026-07-07 13:12:46] >>> 正在执行分析...
[2026-07-07 13:12:47] [安全守卫] 正在初始化 (第 1 次)...
[2026-07-07 13:12:47] [安全守卫] baseForGuard: G:\PowerShellBat\AURORA-Analyzer\AURORA-Analyzer-Factory-Dev\AURORA-Analyzer-Factory\Scripts\Security
[2026-07-07 13:12:47] [安全守卫] rootDir: G:\PowerShellBat\AURORA-Analyzer\AURORA-Analyzer-Factory-Dev\AURORA-Analyzer-Factory
[2026-07-07 13:12:47] [安全守卫] 初始化成功
[2026-07-07 13:12:47] [诊断] 正在执行环境安全扫描...
[2026-07-07 13:12:47] [诊断] 扫描结果: NONE
[2026-07-07 13:12:47] [安全守卫] 启动环境扫描完成 - 安全
[2026-07-07 13:12:47] [安全守卫] 已启动持续性检测（每 3 秒）
[2026-07-07 13:12:47] [安全守卫] WMI 实时监控启动失败，将仅使用轮询模式
[2026-07-07 13:12:47] [PRO] Starting AURORA PRO Mode (Language: CHS)
[2026-07-07 13:12:47] [PRO] Loading Unified PRO Engine...
[2026-07-07 13:12:47] [安全守卫] 正在初始化 (第 1 次)...
[2026-07-07 13:12:47] [安全守卫] baseForGuard: G:\PowerShellBat\AURORA-Analyzer\AURORA-Analyzer-Factory-Dev\AURORA-Analyzer-Factory\Scripts\Security
[2026-07-07 13:12:47] [安全守卫] rootDir: G:\PowerShellBat\AURORA-Analyzer\AURORA-Analyzer-Factory-Dev\AURORA-Analyzer-Factory
[2026-07-07 13:12:47] [安全守卫] 初始化成功
[2026-07-07 13:12:47] [诊断] 正在执行环境安全扫描...
[2026-07-07 13:12:47] [诊断] 扫描结果: NONE
[2026-07-07 13:12:47] [安全守卫] 启动环境扫描完成 - 安全
[2026-07-07 13:12:47] [安全守卫] 已启动持续性检测（每 3 秒）
[2026-07-07 13:12:47] [安全守卫] WMI 实时监控启动失败，将仅使用轮询模式
[2026-07-07 13:12:47] [13:12:47] [Info] 正在初始化 AURORA Core Engine...
[2026-07-07 13:12:50] [13:12:50] [Info] 系统：Microsoft Windows 11 教育版 (10.0.26200)
[2026-07-07 13:12:50] [13:12:50] [Info] PowerShell: v5.1.26100.8737
[2026-07-07 13:12:50] [13:12:50] [Info] 架构：x64
[2026-07-07 13:12:50] [13:12:50] [Success] Core Engine 初始化完成
[2026-07-07 13:12:50] 🔄 检测到未完成的会话
[2026-07-07 13:12:50] ========================================
[2026-07-07 13:12:51] 会话 ID: SESSION_20260706_163557_3576
[2026-07-07 13:12:51] 已保存进度：0%
[2026-07-07 13:12:51] 当前阶段：Initialized
[2026-07-07 13:12:51] 保存时间：2026-07-06T16:35:57.4928975+08:00
[2026-07-07 13:12:51] 已挂起天数：0.9 天
[2026-07-07 13:12:51] ⏳ 等待用户在 GUI 上做出选择...
[2026-07-07 13:12:54] [syncHash] SessionRestarted = true
[2026-07-07 13:12:54] 🔄 用户选择重新开始，清除会话...
[2026-07-07 13:12:56] /// AURORA Analyzer Release Version ///
[2026-07-07 13:12:56] /// AURORA 2026 VelociRaptor-GR 版权所有 ///
[2026-07-07 13:12:56] /// Windows 系统事件日志导出与智能分析工具 ///
[2026-07-07 13:12:56] ///请稍后... 正在检测当前系统日期...///
[2026-07-07 13:12:56] 📅 检测完成! 当前日期为: 2026-07-07///
[2026-07-07 13:12:56] ///正在检查缓存状态...///
[2026-07-07 13:12:58] ///缓存状态检查完成!///
[2026-07-07 13:12:58] 【请选择日志类型】
[2026-07-07 13:12:58] 1: System (系统)
[2026-07-07 13:12:58] 2: Application (应用程序)
[2026-07-07 13:12:58] 3: Security (安全) - 需要管理员权限
[2026-07-07 13:12:58] 4: Setup (安装) - 需要管理员权限
[2026-07-07 13:12:59] 5: DNS Server (DNS服务器) - 需要管理员权限
[2026-07-07 13:12:59] 6: DHCP Server (DHCP服务器) - 需要管理员权限
[2026-07-07 13:12:59] 7: Active Directory (活动目录) - 需要管理员权限
[2026-07-07 13:12:59] 8: IIS (Web服务器) - 需要管理员权限
[2026-07-07 13:12:59] 💡 提示：可选择多个日志类型，用逗号或空格分隔（如：1,2 或 1 2）
[2026-07-07 13:12:59] [13:12:58] > 请进行输入: 
[2026-07-07 13:12:59] 请输入选项 (1-8)，直接回车则使用默认: System
[2026-07-07 13:13:27] >>> 正在终止...
[2026-07-07 13:13:27] [已取消]
[2026-07-07 13:25:27] >>> StartAnalysisAsync entered
[2026-07-07 13:25:27] >>> [安全警告] 引擎完整性检查失败: FILE_MISSING:CoreEngine
[2026-07-07 13:25:27] 💻 硬件评估层级: [Extreme]
[2026-07-07 13:25:27] ⚠️ 管理员权限：未获取 - 部分功能受限
[2026-07-07 13:25:27] >>> 正在执行分析...
[2026-07-07 13:25:28] [安全守卫] 正在初始化 (第 1 次)...
[2026-07-07 13:25:28] [安全守卫] baseForGuard: G:\PowerShellBat\AURORA-Analyzer\AURORA-Analyzer-Factory-Dev\AURORA-Analyzer-Factory\Scripts\Security
[2026-07-07 13:25:28] [安全守卫] rootDir: G:\PowerShellBat\AURORA-Analyzer\AURORA-Analyzer-Factory-Dev\AURORA-Analyzer-Factory
[2026-07-07 13:25:28] [安全守卫] 初始化成功
[2026-07-07 13:25:28] [诊断] 正在执行环境安全扫描...
[2026-07-07 13:25:28] [诊断] 扫描结果: NONE
[2026-07-07 13:25:28] [安全守卫] 启动环境扫描完成 - 安全
[2026-07-07 13:25:28] [安全守卫] 已启动持续性检测（每 3 秒）
[2026-07-07 13:25:29] [安全守卫] WMI 实时监控启动失败，将仅使用轮询模式
[2026-07-07 13:25:29] [PRO] Starting AURORA PRO Mode (Language: CHS)
[2026-07-07 13:25:29] [PRO] Loading Unified PRO Engine...
[2026-07-07 13:25:29] [安全守卫] 正在初始化 (第 1 次)...
[2026-07-07 13:25:29] [安全守卫] baseForGuard: G:\PowerShellBat\AURORA-Analyzer\AURORA-Analyzer-Factory-Dev\AURORA-Analyzer-Factory\Scripts\Security
[2026-07-07 13:25:29] [安全守卫] rootDir: G:\PowerShellBat\AURORA-Analyzer\AURORA-Analyzer-Factory-Dev\AURORA-Analyzer-Factory
[2026-07-07 13:25:29] [安全守卫] 初始化成功
[2026-07-07 13:25:29] [诊断] 正在执行环境安全扫描...
[2026-07-07 13:25:29] [诊断] 扫描结果: NONE
[2026-07-07 13:25:29] [安全守卫] 启动环境扫描完成 - 安全
[2026-07-07 13:25:29] [安全守卫] 已启动持续性检测（每 3 秒）
[2026-07-07 13:25:29] [安全守卫] WMI 实时监控启动失败，将仅使用轮询模式
[2026-07-07 13:25:29] [13:25:29] [Info] 正在初始化 AURORA Core Engine...
[2026-07-07 13:25:32] [13:25:32] [Info] 系统：Microsoft Windows 11 教育版 (10.0.26200)
[2026-07-07 13:25:32] [13:25:32] [Info] PowerShell: v5.1.26100.8737
[2026-07-07 13:25:32] [13:25:32] [Info] 架构：x64
[2026-07-07 13:25:32] [13:25:32] [Success] Core Engine 初始化完成
[2026-07-07 13:25:32] 🔄 检测到未完成的会话
[2026-07-07 13:25:32] ========================================
[2026-07-07 13:25:32] 会话 ID: SESSION_20260707_131254_9596
[2026-07-07 13:25:32] 已保存进度：0%
[2026-07-07 13:25:32] 当前阶段：Initialized
[2026-07-07 13:25:32] 保存时间：2026-07-07T13:12:54.2533789+08:00
[2026-07-07 13:25:32] 已挂起天数：0 天
[2026-07-07 13:25:32] ⏳ 等待用户在 GUI 上做出选择...
[2026-07-07 13:25:37] [syncHash] SessionRestarted = true
[2026-07-07 13:25:37] 🔄 用户选择重新开始，清除会话...
[2026-07-07 13:25:40] /// AURORA Analyzer Release Version ///
[2026-07-07 13:25:40] /// AURORA 2026 VelociRaptor-GR 版权所有 ///
[2026-07-07 13:25:40] /// Windows 系统事件日志导出与智能分析工具 ///
[2026-07-07 13:25:40] ///请稍后... 正在检测当前系统日期...///
[2026-07-07 13:25:40] 📅 检测完成! 当前日期为: 2026-07-07///
[2026-07-07 13:25:40] ///正在检查缓存状态...///
[2026-07-07 13:25:42] ///缓存状态检查完成!///
[2026-07-07 13:25:42] 【请选择日志类型】
[2026-07-07 13:25:42] 1: System (系统)
[2026-07-07 13:25:42] 2: Application (应用程序)
[2026-07-07 13:25:42] 3: Security (安全) - 需要管理员权限
[2026-07-07 13:25:42] 4: Setup (安装) - 需要管理员权限
[2026-07-07 13:25:42] 5: DNS Server (DNS服务器) - 需要管理员权限
[2026-07-07 13:25:42] 6: DHCP Server (DHCP服务器) - 需要管理员权限
[2026-07-07 13:25:42] 7: Active Directory (活动目录) - 需要管理员权限
[2026-07-07 13:25:42] 8: IIS (Web服务器) - 需要管理员权限
[2026-07-07 13:25:42] 💡 提示：可选择多个日志类型，用逗号或空格分隔（如：1,2 或 1 2）
[2026-07-07 13:25:42] [13:25:42] > 请进行输入: 
[2026-07-07 13:25:42] 请输入选项 (1-8)，直接回车则使用默认: System
[2026-07-07 13:25:50] >>> 正在终止...
[2026-07-07 13:25:50] [已取消]
[2026-07-07 14:23:11] >>> StartAnalysisAsync entered
[2026-07-07 14:23:11] >>> [安全警告] 引擎完整性检查失败: FILE_MISSING:CoreEngine
[2026-07-07 14:23:11] 💻 硬件评估层级: [Extreme]
[2026-07-07 14:23:11] ⚠️ 管理员权限：未获取 - 部分功能受限
[2026-07-07 14:23:11] >>> 正在执行分析...
[2026-07-07 14:23:12] [安全守卫] 正在初始化 (第 1 次)...
[2026-07-07 14:23:13] >>> 正在终止...
[2026-07-07 14:23:13] [已取消]
[2026-07-07 15:00:02] >>> StartAnalysisAsync entered
[2026-07-07 15:00:02] >>> [安全警告] 引擎完整性检查失败: FILE_MISSING:CoreEngine
[2026-07-07 15:00:02] 💻 硬件评估层级: [Extreme]
[2026-07-07 15:00:02] ⚠️ 管理员权限：未获取 - 部分功能受限
[2026-07-07 15:00:02] >>> 正在执行分析...
[2026-07-07 15:00:03] [安全守卫] 正在初始化 (第 1 次)...
[2026-07-07 15:00:03] [安全守卫] baseForGuard: G:\PowerShellBat\AURORA-Analyzer\AURORA-Analyzer-Factory-Dev\AURORA-Analyzer-Factory\Scripts\Security
[2026-07-07 15:00:03] [安全守卫] rootDir: G:\PowerShellBat\AURORA-Analyzer\AURORA-Analyzer-Factory-Dev\AURORA-Analyzer-Factory
[2026-07-07 15:00:03] [安全守卫] 初始化成功
[2026-07-07 15:00:03] [诊断] 正在执行环境安全扫描...
[2026-07-07 15:00:03] [诊断] 扫描结果: NONE
[2026-07-07 15:00:03] [安全守卫] 启动环境扫描完成 - 安全
[2026-07-07 15:00:03] [安全守卫] 已启动持续性检测（每 3 秒）
[2026-07-07 15:00:03] [安全守卫] WMI 实时监控启动失败，将仅使用轮询模式
[2026-07-07 15:00:03] [PRO] Starting AURORA PRO Mode (Language: CHS)
[2026-07-07 15:00:03] [PRO] Loading Unified PRO Engine...
[2026-07-07 15:00:03] [安全守卫] 正在初始化 (第 1 次)...
[2026-07-07 15:00:03] [安全守卫] baseForGuard: G:\PowerShellBat\AURORA-Analyzer\AURORA-Analyzer-Factory-Dev\AURORA-Analyzer-Factory\Scripts\Security
[2026-07-07 15:00:03] [安全守卫] rootDir: G:\PowerShellBat\AURORA-Analyzer\AURORA-Analyzer-Factory-Dev\AURORA-Analyzer-Factory
[2026-07-07 15:00:03] [安全守卫] 初始化成功
[2026-07-07 15:00:03] [诊断] 正在执行环境安全扫描...
[2026-07-07 15:00:03] [诊断] 扫描结果: NONE
[2026-07-07 15:00:03] [安全守卫] 启动环境扫描完成 - 安全
[2026-07-07 15:00:03] [安全守卫] 已启动持续性检测（每 3 秒）
[2026-07-07 15:00:03] [安全守卫] WMI 实时监控启动失败，将仅使用轮询模式
[2026-07-07 15:00:04] [15:00:04] [Info] 正在初始化 AURORA Core Engine...
[2026-07-07 15:00:06] [15:00:06] [Info] 系统：Microsoft Windows 11 教育版 (10.0.26200)
[2026-07-07 15:00:06] [15:00:06] [Info] PowerShell: v5.1.26100.8737
[2026-07-07 15:00:06] [15:00:06] [Info] 架构：x64
[2026-07-07 15:00:06] [15:00:06] [Success] Core Engine 初始化完成
[2026-07-07 15:00:06] 🔄 检测到未完成的会话
[2026-07-07 15:00:06] ========================================
[2026-07-07 15:00:07] 会话 ID: SESSION_20260707_132537_8359
[2026-07-07 15:00:07] 已保存进度：0%
[2026-07-07 15:00:07] 当前阶段：Initialized
[2026-07-07 15:00:07] 保存时间：2026-07-07T13:25:37.3268114+08:00
[2026-07-07 15:00:07] 已挂起天数：0.1 天
[2026-07-07 15:00:07] ⏳ 等待用户在 GUI 上做出选择...
[2026-07-07 15:00:09] [syncHash] SessionRestarted = true
[2026-07-07 15:00:09] 🔄 用户选择重新开始，清除会话...
[2026-07-07 15:00:12] /// AURORA Analyzer Release Version ///
[2026-07-07 15:00:12] /// AURORA 2026 VelociRaptor-GR 版权所有 ///
[2026-07-07 15:00:12] /// Windows 系统事件日志导出与智能分析工具 ///
[2026-07-07 15:00:12] ///请稍后... 正在检测当前系统日期...///
[2026-07-07 15:00:12] 📅 检测完成! 当前日期为: 2026-07-07///
[2026-07-07 15:00:12] ///正在检查缓存状态...///
[2026-07-07 15:00:14] ///缓存状态检查完成!///
[2026-07-07 15:00:15] 【请选择日志类型】
[2026-07-07 15:00:15] 1: System (系统)
[2026-07-07 15:00:15] 2: Application (应用程序)
[2026-07-07 15:00:15] 3: Security (安全) - 需要管理员权限
[2026-07-07 15:00:15] 4: Setup (安装) - 需要管理员权限
[2026-07-07 15:00:15] 5: DNS Server (DNS服务器) - 需要管理员权限
[2026-07-07 15:00:15] 6: DHCP Server (DHCP服务器) - 需要管理员权限
[2026-07-07 15:00:15] 7: Active Directory (活动目录) - 需要管理员权限
[2026-07-07 15:00:15] 8: IIS (Web服务器) - 需要管理员权限
[2026-07-07 15:00:15] 💡 提示：可选择多个日志类型，用逗号或空格分隔（如：1,2 或 1 2）
[2026-07-07 15:00:15] [15:00:15] > 请进行输入: 
[2026-07-07 15:00:15] 请输入选项 (1-8)，直接回车则使用默认: System
[2026-07-07 15:00:16] [syncHash] ElevationAuthorized = false
[2026-07-07 15:00:19] >>> 正在终止...
[2026-07-07 15:00:19] [已取消]
[2026-07-07 15:11:06] [syncHash] ElevationAuthorized = false
[2026-07-07 15:11:09] [syncHash] ElevationAuthorized = false
[2026-07-07 15:11:25] [syncHash] ElevationAuthorized = false
[2026-07-07 15:11:28] [syncHash] ElevationAuthorized = false
[2026-07-07 15:11:31] >>> StartAnalysisAsync entered
[2026-07-07 15:11:31] >>> [安全警告] 引擎完整性检查失败: FILE_MISSING:CoreEngine
[2026-07-07 15:11:31] 💻 硬件评估层级: [Extreme]
[2026-07-07 15:11:31] ⚠️ 管理员权限：未获取 - 部分功能受限
[2026-07-07 15:11:31] >>> 正在执行分析...
[2026-07-07 15:11:32] [安全守卫] 正在初始化 (第 1 次)...
[2026-07-07 15:11:32] [安全守卫] baseForGuard: G:\PowerShellBat\AURORA-Analyzer\AURORA-Analyzer-Factory-Dev\AURORA-Analyzer-Factory\Scripts\Security
[2026-07-07 15:11:32] [安全守卫] rootDir: G:\PowerShellBat\AURORA-Analyzer\AURORA-Analyzer-Factory-Dev\AURORA-Analyzer-Factory
[2026-07-07 15:11:32] [安全守卫] 初始化成功
[2026-07-07 15:11:32] [诊断] 正在执行环境安全扫描...
[2026-07-07 15:11:32] [诊断] 扫描结果: NONE
[2026-07-07 15:11:32] [安全守卫] 启动环境扫描完成 - 安全
[2026-07-07 15:11:32] [安全守卫] 已启动持续性检测（每 3 秒）
[2026-07-07 15:11:32] [安全守卫] WMI 实时监控启动失败，将仅使用轮询模式
[2026-07-07 15:11:33] [PRO] Starting AURORA PRO Mode (Language: CHS)
[2026-07-07 15:11:33] [PRO] Loading Unified PRO Engine...
[2026-07-07 15:11:33] [安全守卫] 正在初始化 (第 1 次)...
[2026-07-07 15:11:33] [安全守卫] baseForGuard: G:\PowerShellBat\AURORA-Analyzer\AURORA-Analyzer-Factory-Dev\AURORA-Analyzer-Factory\Scripts\Security
[2026-07-07 15:11:33] [安全守卫] rootDir: G:\PowerShellBat\AURORA-Analyzer\AURORA-Analyzer-Factory-Dev\AURORA-Analyzer-Factory
[2026-07-07 15:11:33] [安全守卫] 初始化成功
[2026-07-07 15:11:33] [诊断] 正在执行环境安全扫描...
[2026-07-07 15:11:33] [诊断] 扫描结果: NONE
[2026-07-07 15:11:33] [安全守卫] 启动环境扫描完成 - 安全
[2026-07-07 15:11:33] [安全守卫] 已启动持续性检测（每 3 秒）
[2026-07-07 15:11:33] [安全守卫] WMI 实时监控启动失败，将仅使用轮询模式
[2026-07-07 15:11:33] [15:11:33] [Info] 正在初始化 AURORA Core Engine...
[2026-07-07 15:11:35] [15:11:35] [Info] 系统：Microsoft Windows 11 教育版 (10.0.26200)
[2026-07-07 15:11:35] [15:11:35] [Info] PowerShell: v5.1.26100.8737
[2026-07-07 15:11:35] [15:11:35] [Info] 架构：x64
[2026-07-07 15:11:35] [15:11:35] [Success] Core Engine 初始化完成
[2026-07-07 15:11:35] 🔄 检测到未完成的会话
[2026-07-07 15:11:35] ========================================
[2026-07-07 15:11:35] 会话 ID: SESSION_20260707_150009_4566
[2026-07-07 15:11:35] 已保存进度：0%
[2026-07-07 15:11:35] 当前阶段：Initialized
[2026-07-07 15:11:35] 保存时间：2026-07-07T15:00:09.5534263+08:00
[2026-07-07 15:11:35] 已挂起天数：0 天
[2026-07-07 15:11:35] ⏳ 等待用户在 GUI 上做出选择...
[2026-07-07 15:11:38] [syncHash] SessionRestarted = true
[2026-07-07 15:11:38] 🔄 用户选择重新开始，清除会话...
[2026-07-07 15:11:40] /// AURORA Analyzer Release Version ///
[2026-07-07 15:11:40] /// AURORA 2026 VelociRaptor-GR 版权所有 ///
[2026-07-07 15:11:40] /// Windows 系统事件日志导出与智能分析工具 ///
[2026-07-07 15:11:40] ///请稍后... 正在检测当前系统日期...///
[2026-07-07 15:11:40] 📅 检测完成! 当前日期为: 2026-07-07///
[2026-07-07 15:11:40] ///正在检查缓存状态...///
[2026-07-07 15:11:42] ///缓存状态检查完成!///
[2026-07-07 15:11:42] 【请选择日志类型】
[2026-07-07 15:11:42] 1: System (系统)
[2026-07-07 15:11:42] 2: Application (应用程序)
[2026-07-07 15:11:42] 3: Security (安全) - 需要管理员权限
[2026-07-07 15:11:42] 4: Setup (安装) - 需要管理员权限
[2026-07-07 15:11:42] 5: DNS Server (DNS服务器) - 需要管理员权限
[2026-07-07 15:11:42] 6: DHCP Server (DHCP服务器) - 需要管理员权限
[2026-07-07 15:11:42] 7: Active Directory (活动目录) - 需要管理员权限
[2026-07-07 15:11:42] 8: IIS (Web服务器) - 需要管理员权限
[2026-07-07 15:11:42] 💡 提示：可选择多个日志类型，用逗号或空格分隔（如：1,2 或 1 2）
[2026-07-07 15:11:42] [15:11:42] > 请进行输入: 
[2026-07-07 15:11:42] 请输入选项 (1-8)，直接回车则使用默认: System
[2026-07-07 15:11:49] >>> 正在终止...
[2026-07-07 15:11:49] [已取消]
[2026-07-07 15:11:55] [syncHash] ElevationAuthorized = false
[2026-07-07 15:11:57] [syncHash] ElevationAuthorized = false
[2026-07-07 15:12:00] [syncHash] ElevationAuthorized = false
[2026-07-07 15:12:02] [syncHash] ElevationAuthorized = false
[2026-07-07 15:20:27] [syncHash] ElevationAuthorized = false
[2026-07-07 15:20:31] >>> StartAnalysisAsync entered
[2026-07-07 15:20:31] >>> [安全警告] 引擎完整性检查失败: FILE_MISSING:CoreEngine
[2026-07-07 15:20:31] 💻 硬件评估层级: [Extreme]
[2026-07-07 15:20:31] ⚠️ 管理员权限：未获取 - 部分功能受限
[2026-07-07 15:20:31] >>> 正在执行分析...
[2026-07-07 15:20:32] [安全守卫] 正在初始化 (第 1 次)...
[2026-07-07 15:20:32] [安全守卫] baseForGuard: G:\PowerShellBat\AURORA-Analyzer\AURORA-Analyzer-Factory-Dev\AURORA-Analyzer-Factory\Scripts\Security
[2026-07-07 15:20:32] [安全守卫] rootDir: G:\PowerShellBat\AURORA-Analyzer\AURORA-Analyzer-Factory-Dev\AURORA-Analyzer-Factory
[2026-07-07 15:20:32] [安全守卫] 初始化成功
[2026-07-07 15:20:32] [诊断] 正在执行环境安全扫描...
[2026-07-07 15:20:32] [诊断] 扫描结果: NONE
[2026-07-07 15:20:32] [安全守卫] 启动环境扫描完成 - 安全
[2026-07-07 15:20:32] [安全守卫] 已启动持续性检测（每 3 秒）
[2026-07-07 15:20:32] [安全守卫] WMI 实时监控启动失败，将仅使用轮询模式
[2026-07-07 15:20:32] [PRO] Starting AURORA PRO Mode (Language: CHS)
[2026-07-07 15:20:32] [PRO] Loading Unified PRO Engine...
[2026-07-07 15:20:32] [安全守卫] 正在初始化 (第 1 次)...
[2026-07-07 15:20:32] [安全守卫] baseForGuard: G:\PowerShellBat\AURORA-Analyzer\AURORA-Analyzer-Factory-Dev\AURORA-Analyzer-Factory\Scripts\Security
[2026-07-07 15:20:32] [安全守卫] rootDir: G:\PowerShellBat\AURORA-Analyzer\AURORA-Analyzer-Factory-Dev\AURORA-Analyzer-Factory
[2026-07-07 15:20:32] [安全守卫] 初始化成功
[2026-07-07 15:20:32] [诊断] 正在执行环境安全扫描...
[2026-07-07 15:20:33] [诊断] 扫描结果: NONE
[2026-07-07 15:20:33] [安全守卫] 启动环境扫描完成 - 安全
[2026-07-07 15:20:33] [安全守卫] 已启动持续性检测（每 3 秒）
[2026-07-07 15:20:33] [安全守卫] WMI 实时监控启动失败，将仅使用轮询模式
[2026-07-07 15:20:33] [15:20:33] [Info] 正在初始化 AURORA Core Engine...
[2026-07-07 15:20:36] [15:20:36] [Info] 系统：Microsoft Windows 11 教育版 (10.0.26200)
[2026-07-07 15:20:36] [15:20:36] [Info] PowerShell: v5.1.26100.8737
[2026-07-07 15:20:37] [15:20:36] [Info] 架构：x64
[2026-07-07 15:20:37] [15:20:36] [Success] Core Engine 初始化完成
[2026-07-07 15:20:37] 🔄 检测到未完成的会话
[2026-07-07 15:20:37] ========================================
[2026-07-07 15:20:37] 会话 ID: SESSION_20260707_151138_2697
[2026-07-07 15:20:37] 已保存进度：0%
[2026-07-07 15:20:37] 当前阶段：Initialized
[2026-07-07 15:20:37] 保存时间：2026-07-07T15:11:38.1847390+08:00
[2026-07-07 15:20:37] 已挂起天数：0 天
[2026-07-07 15:20:37] ⏳ 等待用户在 GUI 上做出选择...
[2026-07-07 15:20:38] [syncHash] SessionRestarted = true
[2026-07-07 15:20:38] 🔄 用户选择重新开始，清除会话...
[2026-07-07 15:20:41] /// AURORA Analyzer Release Version ///
[2026-07-07 15:20:41] /// AURORA 2026 VelociRaptor-GR 版权所有 ///
[2026-07-07 15:20:41] /// Windows 系统事件日志导出与智能分析工具 ///
[2026-07-07 15:20:41] ///请稍后... 正在检测当前系统日期...///
[2026-07-07 15:20:41] 📅 检测完成! 当前日期为: 2026-07-07///
[2026-07-07 15:20:41] ///正在检查缓存状态...///
[2026-07-07 15:20:44] ///缓存状态检查完成!///
[2026-07-07 15:20:44] 【请选择日志类型】
[2026-07-07 15:20:44] 1: System (系统)
[2026-07-07 15:20:44] 2: Application (应用程序)
[2026-07-07 15:20:44] 3: Security (安全) - 需要管理员权限
[2026-07-07 15:20:44] 4: Setup (安装) - 需要管理员权限
[2026-07-07 15:20:44] 5: DNS Server (DNS服务器) - 需要管理员权限
[2026-07-07 15:20:44] 6: DHCP Server (DHCP服务器) - 需要管理员权限
[2026-07-07 15:20:44] 7: Active Directory (活动目录) - 需要管理员权限
[2026-07-07 15:20:44] 8: IIS (Web服务器) - 需要管理员权限
[2026-07-07 15:20:44] 💡 提示：可选择多个日志类型，用逗号或空格分隔（如：1,2 或 1 2）
[2026-07-07 15:20:44] [15:20:44] > 请进行输入: 
[2026-07-07 15:20:44] 请输入选项 (1-8)，直接回车则使用默认: System
[2026-07-07 15:20:46] [syncHash] ElevationAuthorized = false
[2026-07-07 15:20:48] [syncHash] ElevationAuthorized = false
[2026-07-07 15:20:49] >>> 正在终止...
[2026-07-07 15:20:49] [已取消]
[2026-07-07 15:29:30] [syncHash] ElevationAuthorized = false
[2026-07-07 15:29:34] [syncHash] ElevationAuthorized = false
[2026-07-07 15:29:38] [syncHash] ElevationAuthorized = false
[2026-07-07 15:29:45] >>> StartAnalysisAsync entered
[2026-07-07 15:29:45] >>> [安全警告] 引擎完整性检查失败: FILE_MISSING:CoreEngine
[2026-07-07 15:29:45] 💻 硬件评估层级: [Extreme]
[2026-07-07 15:29:45] ⚠️ 管理员权限：未获取 - 部分功能受限
[2026-07-07 15:29:45] >>> 正在执行分析...
[2026-07-07 15:29:46] [安全守卫] 正在初始化 (第 1 次)...
[2026-07-07 15:29:46] [安全守卫] baseForGuard: G:\PowerShellBat\AURORA-Analyzer\AURORA-Analyzer-Factory-Dev\AURORA-Analyzer-Factory\Scripts\Security
[2026-07-07 15:29:46] [安全守卫] rootDir: G:\PowerShellBat\AURORA-Analyzer\AURORA-Analyzer-Factory-Dev\AURORA-Analyzer-Factory
[2026-07-07 15:29:46] [安全守卫] 初始化成功
[2026-07-07 15:29:46] [诊断] 正在执行环境安全扫描...
[2026-07-07 15:29:47] [诊断] 扫描结果: NONE
[2026-07-07 15:29:47] [安全守卫] 启动环境扫描完成 - 安全
[2026-07-07 15:29:47] [安全守卫] 已启动持续性检测（每 3 秒）
[2026-07-07 15:29:47] [安全守卫] WMI 实时监控启动失败，将仅使用轮询模式
[2026-07-07 15:29:47] [PRO] Starting AURORA PRO Mode (Language: CHS)
[2026-07-07 15:29:47] [PRO] Loading Unified PRO Engine...
[2026-07-07 15:29:47] [安全守卫] 正在初始化 (第 1 次)...
[2026-07-07 15:29:47] [安全守卫] baseForGuard: G:\PowerShellBat\AURORA-Analyzer\AURORA-Analyzer-Factory-Dev\AURORA-Analyzer-Factory\Scripts\Security
[2026-07-07 15:29:47] [安全守卫] rootDir: G:\PowerShellBat\AURORA-Analyzer\AURORA-Analyzer-Factory-Dev\AURORA-Analyzer-Factory
[2026-07-07 15:29:47] [安全守卫] 初始化成功
[2026-07-07 15:29:47] [诊断] 正在执行环境安全扫描...
[2026-07-07 15:29:47] [诊断] 扫描结果: NONE
[2026-07-07 15:29:47] [安全守卫] 启动环境扫描完成 - 安全
[2026-07-07 15:29:47] [安全守卫] 已启动持续性检测（每 3 秒）
[2026-07-07 15:29:47] [安全守卫] WMI 实时监控启动失败，将仅使用轮询模式
[2026-07-07 15:29:47] [15:29:47] [Info] 正在初始化 AURORA Core Engine...
[2026-07-07 15:29:50] [15:29:50] [Info] 系统：Microsoft Windows 11 教育版 (10.0.26200)
[2026-07-07 15:29:50] [15:29:50] [Info] PowerShell: v5.1.26100.8737
[2026-07-07 15:29:50] [15:29:50] [Info] 架构：x64
[2026-07-07 15:29:50] [15:29:50] [Success] Core Engine 初始化完成
[2026-07-07 15:29:50] 🔄 检测到未完成的会话
[2026-07-07 15:29:50] ========================================
[2026-07-07 15:29:50] 会话 ID: SESSION_20260707_152038_6225
[2026-07-07 15:29:50] 已保存进度：0%
[2026-07-07 15:29:50] 当前阶段：Initialized
[2026-07-07 15:29:50] 保存时间：2026-07-07T15:20:38.8194091+08:00
[2026-07-07 15:29:50] 已挂起天数：0 天
[2026-07-07 15:29:50] ⏳ 等待用户在 GUI 上做出选择...
[2026-07-07 15:29:52] [syncHash] SessionRestarted = true
[2026-07-07 15:29:52] 🔄 用户选择重新开始，清除会话...
[2026-07-07 15:29:55] /// AURORA Analyzer Release Version ///
[2026-07-07 15:29:55] /// AURORA 2026 VelociRaptor-GR 版权所有 ///
[2026-07-07 15:29:55] /// Windows 系统事件日志导出与智能分析工具 ///
[2026-07-07 15:29:55] ///请稍后... 正在检测当前系统日期...///
[2026-07-07 15:29:55] 📅 检测完成! 当前日期为: 2026-07-07///
[2026-07-07 15:29:55] ///正在检查缓存状态...///
[2026-07-07 15:29:57] ///缓存状态检查完成!///
[2026-07-07 15:29:57] 【请选择日志类型】
[2026-07-07 15:29:57] 1: System (系统)
[2026-07-07 15:29:57] 2: Application (应用程序)
[2026-07-07 15:29:57] 3: Security (安全) - 需要管理员权限
[2026-07-07 15:29:57] 4: Setup (安装) - 需要管理员权限
[2026-07-07 15:29:57] 5: DNS Server (DNS服务器) - 需要管理员权限
[2026-07-07 15:29:57] 6: DHCP Server (DHCP服务器) - 需要管理员权限
[2026-07-07 15:29:57] 7: Active Directory (活动目录) - 需要管理员权限
[2026-07-07 15:29:57] 8: IIS (Web服务器) - 需要管理员权限
[2026-07-07 15:29:57] 💡 提示：可选择多个日志类型，用逗号或空格分隔（如：1,2 或 1 2）
[2026-07-07 15:29:57] [15:29:57] > 请进行输入: 
[2026-07-07 15:29:57] 请输入选项 (1-8)，直接回车则使用默认: System
[2026-07-07 15:30:02] 👤 [15:30:02] 你: [按下了回车 / 使用默认值]
[2026-07-07 15:30:02] ✅ 已选择日志类型: System
[2026-07-07 15:30:02] 【请选择导出模式】
[2026-07-07 15:30:02] 1: 单日导出（例如：2026-01-21）
[2026-07-07 15:30:02] 2: 日期范围导出（起止日期，格式：YYYY-MM-DD）
[2026-07-07 15:30:02] [15:30:02] > 请进行输入: 
[2026-07-07 15:30:02] 请输入选项 (1 或 2)
[2026-07-07 15:30:04] 👤 [15:30:04] 你: 1
[2026-07-07 15:30:04] [15:30:04] > 请进行输入: 
[2026-07-07 15:30:04] 请输入日期 (格式：YYYY-MM-DD)，直接回车则导出今日日志
[2026-07-07 15:30:04] 👤 [15:30:04] 你: [按下了回车 / 使用默认值]
[2026-07-07 15:30:04] 【事件过滤选项】
[2026-07-07 15:30:04] 1: 无过滤（默认）
[2026-07-07 15:30:04] 2: 按事件 ID 过滤
[2026-07-07 15:30:04] 3: 按事件提供程序过滤
[2026-07-07 15:30:04] 4: 按事件级别过滤
[2026-07-07 15:30:04] [15:30:04] > 请进行输入: 
[2026-07-07 15:30:04] 请选择过滤选项 (1-4)，直接回车则使用默认: 1
[2026-07-07 15:30:05] 👤 [15:30:05] 你: [按下了回车 / 使用默认值]
[2026-07-07 15:30:05] ⚠️ 检测到 scopes 是单个对象，正在转换为数组...
[2026-07-07 15:30:05] ✅ scopes 验证完成，共 1 个范围
[2026-07-07 15:30:05] ━━━━━━━━━━━━━━━━━━━━━━━━ 评估系统性能 ━━━━━━━━━━━━━━━━━━━━━━━━
[2026-07-07 15:30:05] 【正在评估系统性能...】
[2026-07-07 15:30:25] 处理器：11th Gen Intel(R) Core(TM) i7-11800H @ 2.30GHz 8 核心 @ 2304 MHz (基础: 2304 MHz)
[2026-07-07 15:30:25] 内存容量：31.74 GB
[2026-07-07 15:30:25] 磁盘性能分数: 50/50
[2026-07-07 15:30:25] 磁盘配置：2 个 SSD, 0 个 HDD
[2026-07-07 15:30:25] 正在计算性能分数...
[2026-07-07 15:30:25] 您的性能分数为：100/100
[2026-07-07 15:30:37] 使用最佳分块大小：7 小时/块
[2026-07-07 15:30:37] 根据系统负载使用 13/16 个线程
[2026-07-07 15:30:47] ✅ 知识图谱索引创建成功
[2026-07-07 15:30:47] ✅ 知识图谱加载成功，包含 9 个分类
[2026-07-07 15:30:47] 【资源优化策略】
[2026-07-07 15:30:47] 性能等级: HighPerformance
[2026-07-07 15:30:47] 日志扫描并行度: 16
[2026-07-07 15:30:47] 报告生成并行度: 12.8
[2026-07-07 15:30:47] 缓存压缩: False
[2026-07-07 15:30:47] I/O 缓冲区大小：131072 bytes
[2026-07-07 15:30:47] ━━━━━━━━━━━━━━━━━━━━━━ 扫描高危事件 + 导出 ━━━━━━━━━━━━━━━━━━━━━━
[2026-07-07 15:30:47] ========================================
[2026-07-07 15:30:47]   [1/1] 正在处理：System
[2026-07-07 15:30:47] ========================================
[2026-07-07 15:30:47] 【无匹配缓存，正在扫描所选范围内的高危事件...】
[2026-07-07 15:30:56] [系统资源监控] 并行线程数: 4, 内存使用率: 33.8%
[2026-07-07 15:30:58] [知识库分析] 正在批量处理 102 条事件的知识库查询...
[2026-07-07 15:30:58] [知识库分析] 批量处理完成
[2026-07-07 15:31:07] 【高危事件扫描完成】共发现 102 条高危事件
[2026-07-07 15:31:07] 【扫描完成】
[2026-07-07 15:31:07] 发现：0 条严重事件，19 条错误，83 条警告（共 102 条高危事件）
[2026-07-07 15:31:07] 总日志数：190 条
[2026-07-07 15:31:07] 【系统健康评估】
[2026-07-07 15:31:07] 错误: 19 | 警告: 83 | 严重: 0
[2026-07-07 15:31:07] 健康评分: 36/100 | 健康等级: 较差
[2026-07-07 15:31:07] 系统状态：较差 —— 存在大量异常，建议立即检查！
[2026-07-07 15:31:07] [15:31:07] > 请进行输入: 
[2026-07-07 15:31:07] 按 Enter 仅导出高危事件，或输入 '1' 导出完整日志
[2026-07-07 15:31:11] 👤 [15:31:11] 你: 1
[2026-07-07 15:31:19] 数据已存入缓存...
[2026-07-07 15:31:19] 【完整 System 日志读取完成】共采集 190 条事件
[2026-07-07 15:31:19] 【正在导出：完整 System 日志】
[2026-07-07 15:31:22] 【正在执行高级日志模式分析...】
[2026-07-07 15:31:22] 摘要报告已保存至：G:\PowerShellBat\AURORA-Analyzer\AURORA-Analyzer-Factory-Dev\AURORA-Analyzer-Factory\UserLogs\系统_日志_20260707_摘要.txt
[2026-07-07 15:31:22] 已导出:
[2026-07-07 15:31:22]   CSV: G:\PowerShellBat\AURORA-Analyzer\AURORA-Analyzer-Factory-Dev\AURORA-Analyzer-Factory\UserLogs\系统_日志_20260707.csv
[2026-07-07 15:31:22]   JSON: G:\PowerShellBat\AURORA-Analyzer\AURORA-Analyzer-Factory-Dev\AURORA-Analyzer-Factory\UserLogs\系统_日志_20260707.json
[2026-07-07 15:31:22]   XML: G:\PowerShellBat\AURORA-Analyzer\AURORA-Analyzer-Factory-Dev\AURORA-Analyzer-Factory\UserLogs\系统_日志_20260707.xml
[2026-07-07 15:31:22] [15:31:22] > 请进行输入: 是否进行日志趋势分析？(Y/N) [默认: N]
[2026-07-07 15:31:26] 👤 [15:31:26] 你: y
[2026-07-07 15:31:31] 趋势分析报告已保存至：G:\PowerShellBat\AURORA-Analyzer\AURORA-Analyzer-Factory-Dev\AURORA-Analyzer-Factory\UserLogs\系统_日志_20260707_to_20260707_趋势分析.txt
[2026-07-07 15:31:31] 趋势数据已保存至：G:\PowerShellBat\AURORA-Analyzer\AURORA-Analyzer-Factory-Dev\AURORA-Analyzer-Factory\UserLogs\系统_日志_20260707_to_20260707_趋势数据.csv
[2026-07-07 15:31:31] 【趋势分析完成】
[2026-07-07 15:31:31] 🧠 正在调用 AURORA 智能诊断引擎...
[2026-07-07 15:31:31] ========================================
[2026-07-07 15:31:31]   智能诊断分析可用
[2026-07-07 15:31:31] ========================================
[2026-07-07 15:31:31] 📊 已检测到导出的 CSV 文件：
[2026-07-07 15:31:31]    位置：G:\PowerShellBat\AURORA-Analyzer\AURORA-Analyzer-Factory-Dev\AURORA-Analyzer-Factory\UserLogs
[2026-07-07 15:31:31]    文件：找到 10 个 CSV 文件
[2026-07-07 15:31:31] 🔍 智能模式将执行：
[2026-07-07 15:31:31]    ✓ 加载已导出的 CSV 文件
[2026-07-07 15:31:31]    ✓ 知识库靶向碰撞分析
[2026-07-07 15:31:31]    ✓ 提供自主修复方案
[2026-07-07 15:31:31] ⚡ 是否立即启动智能诊断分析？
[2026-07-07 15:31:31] ========================================
[2026-07-07 15:31:31] 📋 正在等待用户确认...
[2026-07-07 15:31:34] [syncHash] SmartAnalysisAuthorized = true
[2026-07-07 15:31:34] ✅ GUI 已响应智能分析请求（等待了 3000ms）
[2026-07-07 15:31:34] ✅ 用户确认，开始智能分析...
[2026-07-07 15:31:34] 📖 正在加载智能引擎...
[2026-07-07 15:31:34] [15:31:34] 🤖 正在初始化 AURORA 智能诊断与自主修复引擎...
[2026-07-07 15:31:38] [15:31:38] 🖥️ 操作系统: Microsoft Windows 11 教育版
[2026-07-07 15:31:38] [15:31:38] ⏱️ 系统连续运行时间: 198.64 小时
[2026-07-07 15:31:38] [15:31:38] ✅ 运行时间达标且未见近期崩溃。
[2026-07-07 15:31:38] 🎯 靶向锁定: 常规 24H 健康巡检 (范围: 07-06 15:31 ~ 07-07 15:31)
[2026-07-07 15:31:38] [15:31:38] ⚡ 正在从内核提取高危日志 (Critical/Error/Warning)...
[2026-07-07 15:31:38] [15:31:38] 📖 检测到 PRO 模式导出，正在读取：G:\PowerShellBat\AURORA-Analyzer\AURORA-Analyzer-Factory-Dev\AURORA-Analyzer-Factory\UserLogs
[2026-07-07 15:31:38] [15:31:38] ✅ 找到 5 个导出的 CSV 文件，正在加载...
[2026-07-07 15:31:38] [15:31:38] 📂 分析的日志类型：Application、System
[2026-07-07 15:31:38] [15:31:38]    正在加载：应用程序_日志_20260501___20260515.csv
[2026-07-07 15:31:38] [15:31:38]    正在加载：系统_日志_20260501___20260515.csv
[2026-07-07 15:31:38] [15:31:38]    正在加载：系统_日志_20260703.csv
[2026-07-07 15:31:38] [15:31:38]    正在加载：系统_日志_20260706.csv
[2026-07-07 15:31:38] [15:31:38]    正在加载：系统_日志_20260707.csv
[2026-07-07 15:31:38] [15:31:38] ✅ 已加载 2166 个事件
[2026-07-07 15:31:38] [15:31:38] 📦 成功提取并轻量化 2166 条异常事件记录。
[2026-07-07 15:31:38] [15:31:38] 🧠 正在装载并预编译 AURORA-TechData 知识图谱...
[2026-07-07 15:31:38] [15:31:38] Knowledge base cached (10.283203125.ToString('F1') KB)
[2026-07-07 15:31:38] [15:31:38] ✅ 图谱装载完成，激活 32 条诊断规则。开始极速碰撞...
[2026-07-07 15:31:38] [15:31:38] 🎯 碰撞分析完成！发现 6 类已知高危问题。
[2026-07-07 15:31:38] [15:31:38] 
[2026-07-07 15:31:38] ================== [ 靶向自主修复方案 ] ==================
[2026-07-07 15:31:38] [15:31:38] 🚨 [H-001] TLS/SSL 安全协议错误
[2026-07-07 15:31:38]    [ 1 ] 查看 Schannel 错误 (Low)  [Auth]
[2026-07-07 15:31:38]    [ 2 ] 启用 TLS 1.2 (Medium) [Admin] [Auth]
[2026-07-07 15:31:38]    [ 3 ] 清除 SSL 状态 (Low)  [Auth]
[2026-07-07 15:31:38] 🚨 [A-003] 程序崩溃
[2026-07-07 15:31:38]    [ 4 ] 查看应用程序崩溃事件 (Low) [Admin] [Auth]
[2026-07-07 15:31:38]    [ 5 ] 检查系统内存使用 (Low)  [Auto]
[2026-07-07 15:31:38]    [ 6 ] 清理应用程序临时文件 (Low)  [Auto]
[2026-07-07 15:31:38] 🚨 [D-016] Windows更新错误
[2026-07-07 15:31:38]    [ 7 ] 停止Windows更新服务 (High) [Admin] [Auth]
[2026-07-07 15:31:38]    [ 8 ] 重命名SoftwareDistribution文件夹 (High) [Admin] [Auth]
[2026-07-07 15:31:38]    [ 9 ] 重命名Catroot2文件夹 (High) [Admin] [Auth]
[2026-07-07 15:31:38]    [ 10 ] 启动Windows更新服务 (Medium) [Admin] [Auth]
[2026-07-07 15:31:38]    [ 11 ] 运行DISM和SFC修复 (Medium) [Admin] [Auth]
[2026-07-07 15:31:38]    [ 12 ] 查看Windows更新事件 (Low) [Admin] [Auth]
[2026-07-07 15:31:38] 🚨 [A-004] 托管代码异常
[2026-07-07 15:31:38]    [ 13 ] 查看.NET异常事件 (Low) [Admin] [Auth]
[2026-07-07 15:31:38]    [ 14 ] 检查已安装的.NET版本 (Low)  [Auto]
[2026-07-07 15:31:38]    [ 15 ] 修复.NET Framework (Medium) [Admin] [Auth]
[2026-07-07 15:31:38] 🚨 [F-012] 服务启动失败
[2026-07-07 15:31:38]    [ 16 ] 查看所有服务状态 (Low) [Admin] [Auth]
[2026-07-07 15:31:38]    [ 17 ] 查看服务详细信息 (Low) [Admin] [Auth]
[2026-07-07 15:31:38]    [ 18 ] 查看服务控制管理器事件 (Low) [Admin] [Auth]
[2026-07-07 15:31:38]    [ 19 ] 打开服务管理器 (Low)  [Auto]
[2026-07-07 15:31:38]    [ 20 ] 启动特定服务 (Medium) [Admin] [Auth]
[2026-07-07 15:31:38] 🚨 [B-022] 外部设备无法识别
[2026-07-07 15:31:38]    [ 21 ] 查看USB设备 (Low) [Admin] [Auth]
[2026-07-07 15:31:38]    [ 22 ] 查看所有有问题的设备 (Low) [Admin] [Auth]
[2026-07-07 15:31:38]    [ 23 ] 重置USB集线器 (Low) [Admin] [Auth]
[2026-07-07 15:31:38] [15:31:38] 
[2026-07-07 15:31:38] >>> 请在下方输入 [序号] 执行修复，或直接按 [Enter] 退出引擎：
[2026-07-07 15:31:48] 👤 [15:31:48] 你: 14
[2026-07-07 15:31:48] [15:31:48] ⚙️ 正在执行防线修复: 检查已安装的.NET版本 ...
[2026-07-07 15:31:48] ✅ AURORA Undo 管理器初始化完成
[2026-07-07 15:31:48]    备份目录：G:\PowerShellBat\AURORA-Analyzer\AURORA-Analyzer-Factory-Dev\AURORA-Analyzer-Factory\Scripts\Session\..\SessionCache\backup
[2026-07-07 15:31:48] [15:31:48] 🔍 执行前置检查...
[2026-07-07 15:31:49] [15:31:49] ✅ 前置检查通过
[2026-07-07 15:31:49] [15:31:49] 
[2026-07-07 15:31:49] [15:31:49] 📦 Phase 4.2: 正在创建撤销保护（Undo Support）...
[2026-07-07 15:31:49] 🔧 开始修复会话：RS_20260707_153149_885
[2026-07-07 15:31:49]    类型：检查已安装的.NET版本
[2026-07-07 15:31:49]    目标：检查已安装的.NET版本
[2026-07-07 15:31:49] [15:31:49]    ✅ 修复会话已创建：RS_20260707_153149_885
[2026-07-07 15:31:49] ✅ 修复会话完成：RS_20260707_153149_885
[2026-07-07 15:31:49]    状态：Success
[2026-07-07 15:31:49]    执行命令数：0
[2026-07-07 15:31:49]    可撤销：❌ 否
[2026-07-07 15:31:49] [15:31:49] 
[2026-07-07 15:31:49] [15:31:49] ⚙️ 正在执行...
[2026-07-07 15:31:49] [15:31:49] ✅ 执行成功
[2026-07-07 15:31:49] [15:31:49] ⏱️ 执行时间: 0.07 秒
[2026-07-07 15:31:49] [15:31:49] 📋 执行输出:
[2026-07-07 15:31:49] [15:31:49]   PSChildName                      Version        Release
[2026-07-07 15:31:49] [15:31:49]   -----------                      -------        -------
[2026-07-07 15:31:49] [15:31:49]   v2.0.50727                       2.0.50727.4927
[2026-07-07 15:31:49] [15:31:49]   v3.0                             3.0.30729.4926
[2026-07-07 15:31:49] [15:31:49]   Windows Communication Foundation 3.0.4506.4926
[2026-07-07 15:31:49] [15:31:49]   Windows Presentation Foundation  3.0.6920.4902
[2026-07-07 15:31:49] [15:31:49]   v3.5                             3.5.30729.4926
[2026-07-07 15:31:49] [15:31:49]   Client                           4.8.09221      533509
[2026-07-07 15:31:49] [15:31:49]   Full                             4.8.09221      533509
[2026-07-07 15:31:49] [15:31:49]   Client                           4.0.0.0
[2026-07-07 15:31:53] [15:31:53] ✅ 指令下发成功。
[2026-07-07 15:31:54] [15:31:54] 
[2026-07-07 15:31:54] ================== [ 靶向自主修复方案 ] ==================
[2026-07-07 15:31:54] [15:31:54] 🚨 [H-001] TLS/SSL 安全协议错误
[2026-07-07 15:31:54]    [ 1 ] 查看 Schannel 错误 (Low)  [Auth]
[2026-07-07 15:31:54]    [ 2 ] 启用 TLS 1.2 (Medium) [Admin] [Auth]
[2026-07-07 15:31:54]    [ 3 ] 清除 SSL 状态 (Low)  [Auth]
[2026-07-07 15:31:54] 🚨 [A-003] 程序崩溃
[2026-07-07 15:31:54]    [ 4 ] 查看应用程序崩溃事件 (Low) [Admin] [Auth]
[2026-07-07 15:31:54]    [ 5 ] 检查系统内存使用 (Low)  [Auto]
[2026-07-07 15:31:54]    [ 6 ] 清理应用程序临时文件 (Low)  [Auto]
[2026-07-07 15:31:54] 🚨 [D-016] Windows更新错误
[2026-07-07 15:31:54]    [ 7 ] 停止Windows更新服务 (High) [Admin] [Auth]
[2026-07-07 15:31:54]    [ 8 ] 重命名SoftwareDistribution文件夹 (High) [Admin] [Auth]
[2026-07-07 15:31:54]    [ 9 ] 重命名Catroot2文件夹 (High) [Admin] [Auth]
[2026-07-07 15:31:54]    [ 10 ] 启动Windows更新服务 (Medium) [Admin] [Auth]
[2026-07-07 15:31:54]    [ 11 ] 运行DISM和SFC修复 (Medium) [Admin] [Auth]
[2026-07-07 15:31:54]    [ 12 ] 查看Windows更新事件 (Low) [Admin] [Auth]
[2026-07-07 15:31:54] 🚨 [A-004] 托管代码异常
[2026-07-07 15:31:54]    [ 13 ] 查看.NET异常事件 (Low) [Admin] [Auth]
[2026-07-07 15:31:54]    [ 14 ] 检查已安装的.NET版本 (Low)  [Auto]
[2026-07-07 15:31:54]    [ 15 ] 修复.NET Framework (Medium) [Admin] [Auth]
[2026-07-07 15:31:54] 🚨 [F-012] 服务启动失败
[2026-07-07 15:31:54]    [ 16 ] 查看所有服务状态 (Low) [Admin] [Auth]
[2026-07-07 15:31:54]    [ 17 ] 查看服务详细信息 (Low) [Admin] [Auth]
[2026-07-07 15:31:54]    [ 18 ] 查看服务控制管理器事件 (Low) [Admin] [Auth]
[2026-07-07 15:31:54]    [ 19 ] 打开服务管理器 (Low)  [Auto]
[2026-07-07 15:31:54]    [ 20 ] 启动特定服务 (Medium) [Admin] [Auth]
[2026-07-07 15:31:54] 🚨 [B-022] 外部设备无法识别
[2026-07-07 15:31:54]    [ 21 ] 查看USB设备 (Low) [Admin] [Auth]
[2026-07-07 15:31:54]    [ 22 ] 查看所有有问题的设备 (Low) [Admin] [Auth]
[2026-07-07 15:31:54]    [ 23 ] 重置USB集线器 (Low) [Admin] [Auth]
[2026-07-07 15:31:54] [15:31:54] 
[2026-07-07 15:31:54] >>> 请在下方输入 [序号] 执行修复，或直接按 [Enter] 退出引擎：
[2026-07-07 15:32:02] 👤 [15:32:02] 你: 5
[2026-07-07 15:32:02] [15:32:02] ⚙️ 正在执行防线修复: 检查系统内存使用 ...
[2026-07-07 15:32:02] ✅ AURORA Undo 管理器初始化完成
[2026-07-07 15:32:02]    备份目录：G:\PowerShellBat\AURORA-Analyzer\AURORA-Analyzer-Factory-Dev\AURORA-Analyzer-Factory\Scripts\Session\..\SessionCache\backup
[2026-07-07 15:32:03] [15:32:03] 🔍 执行前置检查...
[2026-07-07 15:32:03] [15:32:03] ✅ 前置检查通过
[2026-07-07 15:32:03] [15:32:03] 
[2026-07-07 15:32:03] [15:32:03] 📦 Phase 4.2: 正在创建撤销保护（Undo Support）...
[2026-07-07 15:32:03] 🔧 开始修复会话：RS_20260707_153203_64
[2026-07-07 15:32:03]    类型：检查系统内存使用
[2026-07-07 15:32:03]    目标：检查系统内存使用
[2026-07-07 15:32:03] [15:32:03]    ✅ 修复会话已创建：RS_20260707_153203_64
[2026-07-07 15:32:03] ✅ 修复会话完成：RS_20260707_153203_64
[2026-07-07 15:32:03]    状态：Success
[2026-07-07 15:32:03]    执行命令数：0
[2026-07-07 15:32:03]    可撤销：❌ 否
[2026-07-07 15:32:03] [15:32:03] 
[2026-07-07 15:32:03] [15:32:03] ⚙️ 正在执行...
[2026-07-07 15:32:04] [15:32:04] ✅ 执行成功
[2026-07-07 15:32:04] [15:32:04] ⏱️ 执行时间: 0.11 秒
[2026-07-07 15:32:04] [15:32:04] 📋 执行输出:
[2026-07-07 15:32:04] [15:32:04]   Name                Memory(MB)
[2026-07-07 15:32:04] [15:32:04]   ----                ----------
[2026-07-07 15:32:04] [15:32:04]   Memory Compression      980.32
[2026-07-07 15:32:04] [15:32:04]   TRAE SOLO CN            325.98
[2026-07-07 15:32:04] [15:32:04]   Trae CN                 319.29
[2026-07-07 15:32:04] [15:32:04]   AURORA.Wpf               283.3
[2026-07-07 15:32:04] [15:32:04]   explorer                210.37
[2026-07-07 15:32:04] [15:32:04]   Weixin                  159.34
[2026-07-07 15:32:04] [15:32:04]   TRAE SOLO CN             134.8
[2026-07-07 15:32:04] [15:32:04]   Microsoft.CmdPal.UI     131.36
[2026-07-07 15:32:04] [15:32:04]    ...还有 2 行输出未显示
[2026-07-07 15:32:07] [15:32:07] ✅ 指令下发成功。
[2026-07-07 15:32:08] [15:32:08] 
[2026-07-07 15:32:08] ================== [ 靶向自主修复方案 ] ==================
[2026-07-07 15:32:08] [15:32:08] 🚨 [H-001] TLS/SSL 安全协议错误
[2026-07-07 15:32:08]    [ 1 ] 查看 Schannel 错误 (Low)  [Auth]
[2026-07-07 15:32:08]    [ 2 ] 启用 TLS 1.2 (Medium) [Admin] [Auth]
[2026-07-07 15:32:08]    [ 3 ] 清除 SSL 状态 (Low)  [Auth]
[2026-07-07 15:32:08] 🚨 [A-003] 程序崩溃
[2026-07-07 15:32:08]    [ 4 ] 查看应用程序崩溃事件 (Low) [Admin] [Auth]
[2026-07-07 15:32:08]    [ 5 ] 检查系统内存使用 (Low)  [Auto]
[2026-07-07 15:32:08]    [ 6 ] 清理应用程序临时文件 (Low)  [Auto]
[2026-07-07 15:32:08] 🚨 [D-016] Windows更新错误
[2026-07-07 15:32:08]    [ 7 ] 停止Windows更新服务 (High) [Admin] [Auth]
[2026-07-07 15:32:08]    [ 8 ] 重命名SoftwareDistribution文件夹 (High) [Admin] [Auth]
[2026-07-07 15:32:08]    [ 9 ] 重命名Catroot2文件夹 (High) [Admin] [Auth]
[2026-07-07 15:32:08]    [ 10 ] 启动Windows更新服务 (Medium) [Admin] [Auth]
[2026-07-07 15:32:08]    [ 11 ] 运行DISM和SFC修复 (Medium) [Admin] [Auth]
[2026-07-07 15:32:08]    [ 12 ] 查看Windows更新事件 (Low) [Admin] [Auth]
[2026-07-07 15:32:08] 🚨 [A-004] 托管代码异常
[2026-07-07 15:32:08]    [ 13 ] 查看.NET异常事件 (Low) [Admin] [Auth]
[2026-07-07 15:32:08]    [ 14 ] 检查已安装的.NET版本 (Low)  [Auto]
[2026-07-07 15:32:08]    [ 15 ] 修复.NET Framework (Medium) [Admin] [Auth]
[2026-07-07 15:32:08] 🚨 [F-012] 服务启动失败
[2026-07-07 15:32:08]    [ 16 ] 查看所有服务状态 (Low) [Admin] [Auth]
[2026-07-07 15:32:08]    [ 17 ] 查看服务详细信息 (Low) [Admin] [Auth]
[2026-07-07 15:32:08]    [ 18 ] 查看服务控制管理器事件 (Low) [Admin] [Auth]
[2026-07-07 15:32:08]    [ 19 ] 打开服务管理器 (Low)  [Auto]
[2026-07-07 15:32:08]    [ 20 ] 启动特定服务 (Medium) [Admin] [Auth]
[2026-07-07 15:32:08] 🚨 [B-022] 外部设备无法识别
[2026-07-07 15:32:08]    [ 21 ] 查看USB设备 (Low) [Admin] [Auth]
[2026-07-07 15:32:08]    [ 22 ] 查看所有有问题的设备 (Low) [Admin] [Auth]
[2026-07-07 15:32:08]    [ 23 ] 重置USB集线器 (Low) [Admin] [Auth]
[2026-07-07 15:32:08] [15:32:08] 
[2026-07-07 15:32:08] >>> 请在下方输入 [序号] 执行修复，或直接按 [Enter] 退出引擎：
[2026-07-07 15:32:17] 👤 [15:32:17] 你: 14
[2026-07-07 15:32:17] [15:32:17] ⚙️ 正在执行防线修复: 检查已安装的.NET版本 ...
[2026-07-07 15:32:18] ✅ AURORA Undo 管理器初始化完成
[2026-07-07 15:32:18]    备份目录：G:\PowerShellBat\AURORA-Analyzer\AURORA-Analyzer-Factory-Dev\AURORA-Analyzer-Factory\Scripts\Session\..\SessionCache\backup
[2026-07-07 15:32:18] [15:32:18] 🔍 执行前置检查...
[2026-07-07 15:32:18] [15:32:18] ✅ 前置检查通过
[2026-07-07 15:32:18] [15:32:18] 
[2026-07-07 15:32:18] [15:32:18] 📦 Phase 4.2: 正在创建撤销保护（Undo Support）...
[2026-07-07 15:32:18] 🔧 开始修复会话：RS_20260707_153218_106
[2026-07-07 15:32:18]    类型：检查已安装的.NET版本
[2026-07-07 15:32:18]    目标：检查已安装的.NET版本
[2026-07-07 15:32:18] [15:32:18]    ✅ 修复会话已创建：RS_20260707_153218_106
[2026-07-07 15:32:18] ✅ 修复会话完成：RS_20260707_153218_106
[2026-07-07 15:32:18]    状态：Success
[2026-07-07 15:32:18]    执行命令数：0
[2026-07-07 15:32:18]    可撤销：❌ 否
[2026-07-07 15:32:18] [15:32:18] 
[2026-07-07 15:32:19] [15:32:18] ⚙️ 正在执行...
[2026-07-07 15:32:19] [15:32:19] ✅ 执行成功
[2026-07-07 15:32:19] [15:32:19] ⏱️ 执行时间: 0.03 秒
[2026-07-07 15:32:19] [15:32:19] 📋 执行输出:
[2026-07-07 15:32:19] [15:32:19]   PSChildName                      Version        Release
[2026-07-07 15:32:19] [15:32:19]   -----------                      -------        -------
[2026-07-07 15:32:19] [15:32:19]   v2.0.50727                       2.0.50727.4927
[2026-07-07 15:32:19] [15:32:19]   v3.0                             3.0.30729.4926
[2026-07-07 15:32:19] [15:32:19]   Windows Communication Foundation 3.0.4506.4926
[2026-07-07 15:32:19] [15:32:19]   Windows Presentation Foundation  3.0.6920.4902
[2026-07-07 15:32:19] [15:32:19]   v3.5                             3.5.30729.4926
[2026-07-07 15:32:19] [15:32:19]   Client                           4.8.09221      533509
[2026-07-07 15:32:19] [15:32:19]   Full                             4.8.09221      533509
[2026-07-07 15:32:19] [15:32:19]   Client                           4.0.0.0
[2026-07-07 15:32:22] [15:32:22] ✅ 指令下发成功。
[2026-07-07 15:32:23] [15:32:23] 
[2026-07-07 15:32:23] ================== [ 靶向自主修复方案 ] ==================
[2026-07-07 15:32:23] [15:32:23] 🚨 [H-001] TLS/SSL 安全协议错误
[2026-07-07 15:32:23]    [ 1 ] 查看 Schannel 错误 (Low)  [Auth]
[2026-07-07 15:32:23]    [ 2 ] 启用 TLS 1.2 (Medium) [Admin] [Auth]
[2026-07-07 15:32:23]    [ 3 ] 清除 SSL 状态 (Low)  [Auth]
[2026-07-07 15:32:23] 🚨 [A-003] 程序崩溃
[2026-07-07 15:32:23]    [ 4 ] 查看应用程序崩溃事件 (Low) [Admin] [Auth]
[2026-07-07 15:32:23]    [ 5 ] 检查系统内存使用 (Low)  [Auto]
[2026-07-07 15:32:23]    [ 6 ] 清理应用程序临时文件 (Low)  [Auto]
[2026-07-07 15:32:23] 🚨 [D-016] Windows更新错误
[2026-07-07 15:32:23]    [ 7 ] 停止Windows更新服务 (High) [Admin] [Auth]
[2026-07-07 15:32:23]    [ 8 ] 重命名SoftwareDistribution文件夹 (High) [Admin] [Auth]
[2026-07-07 15:32:23]    [ 9 ] 重命名Catroot2文件夹 (High) [Admin] [Auth]
[2026-07-07 15:32:23]    [ 10 ] 启动Windows更新服务 (Medium) [Admin] [Auth]
[2026-07-07 15:32:23]    [ 11 ] 运行DISM和SFC修复 (Medium) [Admin] [Auth]
[2026-07-07 15:32:23]    [ 12 ] 查看Windows更新事件 (Low) [Admin] [Auth]
[2026-07-07 15:32:23] 🚨 [A-004] 托管代码异常
[2026-07-07 15:32:23]    [ 13 ] 查看.NET异常事件 (Low) [Admin] [Auth]
[2026-07-07 15:32:23]    [ 14 ] 检查已安装的.NET版本 (Low)  [Auto]
[2026-07-07 15:32:23]    [ 15 ] 修复.NET Framework (Medium) [Admin] [Auth]
[2026-07-07 15:32:23] 🚨 [F-012] 服务启动失败
[2026-07-07 15:32:23]    [ 16 ] 查看所有服务状态 (Low) [Admin] [Auth]
[2026-07-07 15:32:23]    [ 17 ] 查看服务详细信息 (Low) [Admin] [Auth]
[2026-07-07 15:32:23]    [ 18 ] 查看服务控制管理器事件 (Low) [Admin] [Auth]
[2026-07-07 15:32:23]    [ 19 ] 打开服务管理器 (Low)  [Auto]
[2026-07-07 15:32:23]    [ 20 ] 启动特定服务 (Medium) [Admin] [Auth]
[2026-07-07 15:32:23] 🚨 [B-022] 外部设备无法识别
[2026-07-07 15:32:23]    [ 21 ] 查看USB设备 (Low) [Admin] [Auth]
[2026-07-07 15:32:23]    [ 22 ] 查看所有有问题的设备 (Low) [Admin] [Auth]
[2026-07-07 15:32:23]    [ 23 ] 重置USB集线器 (Low) [Admin] [Auth]
[2026-07-07 15:32:23] [15:32:23] 
[2026-07-07 15:32:23] >>> 请在下方输入 [序号] 执行修复，或直接按 [Enter] 退出引擎：
[2026-07-07 15:32:34] 👤 [15:32:34] 你: [按下了回车 / 使用默认值]
[2026-07-07 15:32:34] [分析完成]
[2026-07-07 15:32:34] [15:32:34] ⏭️ 用户跳过修复，引擎准备退出。
[2026-07-07 15:32:34] [15:32:34] 👋 智能引擎分析完毕，进程安全退出。
[2026-07-07 15:32:34] ✅ 智能诊断分析完成！
[2026-07-07 15:32:34] ✅ 操作完成！感谢使用本工具。
[2026-07-07 15:39:45] [syncHash] ElevationAuthorized = false
[2026-07-07 15:39:48] [syncHash] ElevationAuthorized = false
[2026-07-07 15:39:52] [syncHash] ElevationAuthorized = false
[2026-07-07 15:39:55] [syncHash] ElevationAuthorized = false
[2026-07-07 15:40:01] [syncHash] ElevationAuthorized = false
[2026-07-07 15:40:36] >>> StartAnalysisAsync entered
[2026-07-07 15:40:36] >>> [安全警告] 引擎完整性检查失败: FILE_MISSING:CoreEngine
[2026-07-07 15:40:36] 💻 硬件评估层级: [Extreme]
[2026-07-07 15:40:36] ⚠️ 管理员权限：未获取 - 部分功能受限
[2026-07-07 15:40:36] >>> 正在执行分析...
[2026-07-07 15:40:37] [安全守卫] 正在初始化 (第 1 次)...
[2026-07-07 15:40:37] [安全守卫] baseForGuard: G:\PowerShellBat\AURORA-Analyzer\AURORA-Analyzer-Factory-Dev\AURORA-Analyzer-Factory\Scripts\Security
[2026-07-07 15:40:37] [安全守卫] rootDir: G:\PowerShellBat\AURORA-Analyzer\AURORA-Analyzer-Factory-Dev\AURORA-Analyzer-Factory
[2026-07-07 15:40:37] [安全守卫] 初始化成功
[2026-07-07 15:40:37] [诊断] 正在执行环境安全扫描...
[2026-07-07 15:40:37] [诊断] 扫描结果: NONE
[2026-07-07 15:40:37] [安全守卫] 启动环境扫描完成 - 安全
[2026-07-07 15:40:37] [安全守卫] 已启动持续性检测（每 3 秒）
[2026-07-07 15:40:38] [安全守卫] WMI 实时监控启动失败，将仅使用轮询模式
[2026-07-07 15:40:38] [PRO] Starting AURORA PRO Mode (Language: CHS)
[2026-07-07 15:40:38] [PRO] Loading Unified PRO Engine...
[2026-07-07 15:40:38] [安全守卫] 正在初始化 (第 1 次)...
[2026-07-07 15:40:38] [安全守卫] baseForGuard: G:\PowerShellBat\AURORA-Analyzer\AURORA-Analyzer-Factory-Dev\AURORA-Analyzer-Factory\Scripts\Security
[2026-07-07 15:40:38] [安全守卫] rootDir: G:\PowerShellBat\AURORA-Analyzer\AURORA-Analyzer-Factory-Dev\AURORA-Analyzer-Factory
[2026-07-07 15:40:38] [安全守卫] 初始化成功
[2026-07-07 15:40:38] [诊断] 正在执行环境安全扫描...
[2026-07-07 15:40:38] [诊断] 扫描结果: NONE
[2026-07-07 15:40:38] [安全守卫] 启动环境扫描完成 - 安全
[2026-07-07 15:40:38] [安全守卫] 已启动持续性检测（每 3 秒）
[2026-07-07 15:40:38] [安全守卫] WMI 实时监控启动失败，将仅使用轮询模式
[2026-07-07 15:40:38] [15:40:38] [Info] 正在初始化 AURORA Core Engine...
[2026-07-07 15:40:41] [15:40:41] [Info] 系统：Microsoft Windows 11 教育版 (10.0.26200)
[2026-07-07 15:40:41] [15:40:41] [Info] PowerShell: v5.1.26100.8737
[2026-07-07 15:40:41] [15:40:41] [Info] 架构：x64
[2026-07-07 15:40:41] [15:40:41] [Success] Core Engine 初始化完成
[2026-07-07 15:40:43] /// AURORA Analyzer Release Version ///
[2026-07-07 15:40:43] /// AURORA 2026 VelociRaptor-GR 版权所有 ///
[2026-07-07 15:40:43] /// Windows 系统事件日志导出与智能分析工具 ///
[2026-07-07 15:40:43] ///请稍后... 正在检测当前系统日期...///
[2026-07-07 15:40:43] 📅 检测完成! 当前日期为: 2026-07-07///
[2026-07-07 15:40:43] ///正在检查缓存状态...///
[2026-07-07 15:40:47] ///缓存状态检查完成!///
[2026-07-07 15:40:47] 【请选择日志类型】
[2026-07-07 15:40:47] 1: System (系统)
[2026-07-07 15:40:47] 2: Application (应用程序)
[2026-07-07 15:40:47] 3: Security (安全) - 需要管理员权限
[2026-07-07 15:40:47] 4: Setup (安装) - 需要管理员权限
[2026-07-07 15:40:47] 5: DNS Server (DNS服务器) - 需要管理员权限
[2026-07-07 15:40:47] 6: DHCP Server (DHCP服务器) - 需要管理员权限
[2026-07-07 15:40:47] 7: Active Directory (活动目录) - 需要管理员权限
[2026-07-07 15:40:47] 8: IIS (Web服务器) - 需要管理员权限
[2026-07-07 15:40:47] 💡 提示：可选择多个日志类型，用逗号或空格分隔（如：1,2 或 1 2）
[2026-07-07 15:40:47] [15:40:47] > 请进行输入: 
[2026-07-07 15:40:47] 请输入选项 (1-8)，直接回车则使用默认: System
[2026-07-07 15:40:53] >>> 正在终止...
[2026-07-07 15:40:53] [已取消]
[2026-07-07 15:46:59] [syncHash] ElevationAuthorized = false
[2026-07-07 15:47:02] [syncHash] ElevationAuthorized = false
[2026-07-07 16:05:11] [syncHash] ElevationAuthorized = false
[2026-07-07 16:05:13] [syncHash] ElevationAuthorized = false
[2026-07-07 16:18:17] [syncHash] ElevationAuthorized = false
[2026-07-07 16:18:20] [syncHash] ElevationAuthorized = false
[2026-07-07 16:18:23] [syncHash] ElevationAuthorized = false
