[2026-06-28 10:44:39] OnStartup
[2026-06-28 10:44:39] Password verification skipped: IsLaunchedByExe=true
[2026-06-28 10:44:39] Password verification passed
[2026-06-28 10:44:40] AURORA_PERF_TIER=Extreme
[2026-06-28 10:44:40] AURORA_LANGUAGE=CHS
[2026-06-28 10:44:40] AURORA_IS_LAUNCHED_BY_EXE=True
[2026-06-28 10:44:40] WARNING: Required directory missing: E:\PowerShellBat\Scripts
[2026-06-28 10:44:40] WARNING: Required directory missing: E:\PowerShellBat\Scripts\Core
[2026-06-28 10:44:40] WARNING: Required directory missing: E:\PowerShellBat\Scripts\Security
[2026-06-28 10:44:40] WARNING: Required directory missing: E:\PowerShellBat\Scripts\PRO
[2026-06-28 10:44:40] WARNING: Required directory missing: E:\PowerShellBat\Scripts\Engines
[2026-06-28 10:44:40] WARNING: Required directory missing: E:\PowerShellBat\Scripts\Session
[2026-06-28 10:44:40] WARNING: Required directory missing: E:\PowerShellBat\Scripts\GUI
[2026-06-28 10:44:40] WARNING: Required directory missing: E:\PowerShellBat\Scripts\UI
[2026-06-28 10:44:40] WARNING: Required file missing: E:\PowerShellBat\Scripts\Core\AURORA-CoreEngine.ps1
[2026-06-28 10:44:40] WARNING: Required file missing: E:\PowerShellBat\Scripts\Security\AURORA-SecurityModule.ps1
[2026-06-28 10:44:40] WARNING: Required file missing: E:\PowerShellBat\Scripts\PRO\AURORA-AnalyzerPRO-Engine.ps1
[2026-06-28 10:44:40] VerifyDirectoryIntegrity: OK
[2026-06-28 10:44:40] Directory integrity check passed
[2026-06-28 10:44:40] IntegrityGuard detection: NONE
[2026-06-28 10:44:40] IntegrityGuard initialized
[2026-06-28 10:44:40] ElevationService configured
[2026-06-28 10:44:40] Creating SplashScreenView
[2026-06-28 10:44:40] SplashScreenView.ctor begin
[2026-06-28 10:44:40] SplashScreenView.ctor InitializeComponent done
[2026-06-28 10:44:40] SplashScreenView.ctor done
[2026-06-28 10:44:40] MainWindow set to SplashScreenView
[2026-06-28 10:44:41] SplashScreenView.Loaded
[2026-06-28 10:44:41] SplashScreenView.Show() returned
[2026-06-28 10:44:52] SplashScreenView.LoadingComplete
[2026-06-28 10:44:53] ShowMainWindow: skipElevation (EXE-launched)
[2026-06-28 10:44:53] MainFormView.ctor begin
[2026-06-28 10:44:53] MainFormView.ctor InitializeComponent done
[2026-06-28 10:44:53] MainFormView.Loaded
[2026-06-28 10:44:53] MainFormView.PlayWindowEnterAnimation OK
[2026-06-28 10:44:53] SplashScreenView.Closed
[2026-06-28 10:45:02] PerformExitCleanup: done
[2026-06-28 10:45:02] PerformExitCleanup: done
[2026-06-28 11:13:47] OnStartup
[2026-06-28 11:13:47] Password verification skipped: IsLaunchedByExe=true
[2026-06-28 11:13:47] Password verification passed
[2026-06-28 11:13:47] AURORA_PERF_TIER=Extreme
[2026-06-28 11:13:47] AURORA_LANGUAGE=CHS
[2026-06-28 11:13:47] AURORA_IS_LAUNCHED_BY_EXE=True
[2026-06-28 11:13:47] WARNING: Required directory missing: E:\PowerShellBat\Scripts
[2026-06-28 11:13:47] WARNING: Required directory missing: E:\PowerShellBat\Scripts\Core
[2026-06-28 11:13:47] WARNING: Required directory missing: E:\PowerShellBat\Scripts\Security
[2026-06-28 11:13:47] WARNING: Required directory missing: E:\PowerShellBat\Scripts\PRO
[2026-06-28 11:13:47] WARNING: Required directory missing: E:\PowerShellBat\Scripts\Engines
[2026-06-28 11:13:47] WARNING: Required directory missing: E:\PowerShellBat\Scripts\Session
[2026-06-28 11:13:47] WARNING: Required directory missing: E:\PowerShellBat\Scripts\GUI
[2026-06-28 11:13:47] WARNING: Required directory missing: E:\PowerShellBat\Scripts\UI
[2026-06-28 11:13:47] WARNING: Required file missing: E:\PowerShellBat\Scripts\Core\AURORA-CoreEngine.ps1
[2026-06-28 11:13:47] WARNING: Required file missing: E:\PowerShellBat\Scripts\Security\AURORA-SecurityModule.ps1
[2026-06-28 11:13:47] WARNING: Required file missing: E:\PowerShellBat\Scripts\PRO\AURORA-AnalyzerPRO-Engine.ps1
[2026-06-28 11:13:47] VerifyDirectoryIntegrity: OK
[2026-06-28 11:13:47] Directory integrity check passed
[2026-06-28 11:13:47] IntegrityGuard detection: NONE
[2026-06-28 11:13:47] IntegrityGuard initialized
[2026-06-28 11:13:47] ElevationService configured
[2026-06-28 11:13:48] Creating SplashScreenView
[2026-06-28 11:13:48] SplashScreenView.ctor begin
[2026-06-28 11:13:48] SplashScreenView.ctor InitializeComponent done
[2026-06-28 11:13:48] SplashScreenView.ctor done
[2026-06-28 11:13:48] MainWindow set to SplashScreenView
[2026-06-28 11:13:48] SplashScreenView.Loaded
[2026-06-28 11:13:48] SplashScreenView.Show() returned
[2026-06-28 11:14:00] SplashScreenView.LoadingComplete
[2026-06-28 11:14:00] ShowMainWindow: show ElevationDialog first
[2026-06-28 11:14:20] ElevationDialog result: ContinueNormal
[2026-06-28 11:14:20] MainFormView.ctor begin
[2026-06-28 11:14:20] MainFormView.ctor InitializeComponent done
[2026-06-28 11:14:20] MainFormView.Loaded
[2026-06-28 11:14:20] MainFormView.PlayWindowEnterAnimation OK
[2026-06-28 11:14:20] SplashScreenView.Closed
[2026-06-28 11:14:25] PerformExitCleanup: done
[2026-06-28 11:14:25] PerformExitCleanup: done
[2026-06-28 11:31:55] OnStartup
[2026-06-28 11:31:55] Password verification skipped: IsLaunchedByExe=true
[2026-06-28 11:31:55] Password verification passed
[2026-06-28 11:31:55] AURORA_PERF_TIER=Extreme
[2026-06-28 11:31:55] AURORA_LANGUAGE=CHS
[2026-06-28 11:31:55] AURORA_IS_LAUNCHED_BY_EXE=True
[2026-06-28 11:31:55] WARNING: Required directory missing: E:\PowerShellBat\Scripts
[2026-06-28 11:31:55] WARNING: Required directory missing: E:\PowerShellBat\Scripts\Core
[2026-06-28 11:31:55] WARNING: Required directory missing: E:\PowerShellBat\Scripts\Security
[2026-06-28 11:31:55] WARNING: Required directory missing: E:\PowerShellBat\Scripts\PRO
[2026-06-28 11:31:55] WARNING: Required directory missing: E:\PowerShellBat\Scripts\Engines
[2026-06-28 11:31:55] WARNING: Required directory missing: E:\PowerShellBat\Scripts\Session
[2026-06-28 11:31:55] WARNING: Required directory missing: E:\PowerShellBat\Scripts\GUI
[2026-06-28 11:31:55] WARNING: Required directory missing: E:\PowerShellBat\Scripts\UI
[2026-06-28 11:31:55] WARNING: Required file missing: E:\PowerShellBat\Scripts\Core\AURORA-CoreEngine.ps1
[2026-06-28 11:31:55] WARNING: Required file missing: E:\PowerShellBat\Scripts\Security\AURORA-SecurityModule.ps1
[2026-06-28 11:31:55] WARNING: Required file missing: E:\PowerShellBat\Scripts\PRO\AURORA-AnalyzerPRO-Engine.ps1
[2026-06-28 11:31:55] VerifyDirectoryIntegrity: OK
[2026-06-28 11:31:55] Directory integrity check passed
[2026-06-28 11:31:55] IntegrityGuard detection: NONE
[2026-06-28 11:31:55] IntegrityGuard initialized
[2026-06-28 11:31:55] ElevationService configured
[2026-06-28 11:31:56] Creating SplashScreenView
[2026-06-28 11:31:56] SplashScreenView.ctor begin
[2026-06-28 11:31:56] SplashScreenView.ctor InitializeComponent done
[2026-06-28 11:31:56] SplashScreenView.ctor done
[2026-06-28 11:31:56] MainWindow set to SplashScreenView
[2026-06-28 11:31:56] SplashScreenView.Loaded
[2026-06-28 11:31:56] SplashScreenView.Show() returned
[2026-06-28 11:32:08] SplashScreenView.LoadingComplete
[2026-06-28 11:32:08] ShowMainWindow: show ElevationDialog first
[2026-06-28 11:32:19] ElevationDialog result: ContinueNormal
[2026-06-28 11:32:19] MainFormView.ctor begin
[2026-06-28 11:32:19] MainFormView.ctor InitializeComponent done
[2026-06-28 11:32:19] MainFormView.Loaded
[2026-06-28 11:32:19] MainFormView.PlayWindowEnterAnimation OK
[2026-06-28 11:32:19] SplashScreenView.Closed
[2026-06-28 11:32:35] ProModeView.ctor begin
[2026-06-28 11:32:35] ProModeView.ctor InitializeComponent done
[2026-06-28 11:32:35] [PRO-SWITCH] PlayWindowExitAnimationForModeSwitch begin
[2026-06-28 11:32:37] ProModeView.OnWindowLoaded begin
[2026-06-28 11:32:37] ProModeView IntegrityGuard runtime monitoring started
[2026-06-28 11:32:37] ProModeView.PlayProModeWindowEnter begin
[2026-06-28 11:32:37] ProModeView.PlayProModeWindowEnter scheduled
[2026-06-28 11:32:37] ProModeView.OnWindowLoaded end
[2026-06-28 11:32:41] PerformExitCleanup: done
[2026-06-28 11:32:41] PerformExitCleanup: done
[2026-06-28 19:07:59] OnStartup
[2026-06-28 19:07:59] Password verification skipped: IsLaunchedByExe=true
[2026-06-28 19:07:59] Password verification passed
[2026-06-28 19:07:59] AURORA_PERF_TIER=Extreme
[2026-06-28 19:07:59] AURORA_LANGUAGE=CHS
[2026-06-28 19:07:59] AURORA_IS_LAUNCHED_BY_EXE=True
[2026-06-28 19:07:59] WARNING: Required directory missing: E:\PowerShellBat\Scripts
[2026-06-28 19:07:59] WARNING: Required directory missing: E:\PowerShellBat\Scripts\Core
[2026-06-28 19:07:59] WARNING: Required directory missing: E:\PowerShellBat\Scripts\Security
[2026-06-28 19:07:59] WARNING: Required directory missing: E:\PowerShellBat\Scripts\PRO
[2026-06-28 19:07:59] WARNING: Required directory missing: E:\PowerShellBat\Scripts\Engines
[2026-06-28 19:07:59] WARNING: Required directory missing: E:\PowerShellBat\Scripts\Session
[2026-06-28 19:07:59] WARNING: Required directory missing: E:\PowerShellBat\Scripts\GUI
[2026-06-28 19:07:59] WARNING: Required directory missing: E:\PowerShellBat\Scripts\UI
[2026-06-28 19:07:59] WARNING: Required file missing: E:\PowerShellBat\Scripts\Core\AURORA-CoreEngine.ps1
[2026-06-28 19:07:59] WARNING: Required file missing: E:\PowerShellBat\Scripts\Security\AURORA-SecurityModule.ps1
[2026-06-28 19:07:59] WARNING: Required file missing: E:\PowerShellBat\Scripts\PRO\AURORA-AnalyzerPRO-Engine.ps1
[2026-06-28 19:07:59] VerifyDirectoryIntegrity: OK
[2026-06-28 19:07:59] Directory integrity check passed
[2026-06-28 19:07:59] IntegrityGuard detection: NONE
[2026-06-28 19:07:59] IntegrityGuard initialized
[2026-06-28 19:07:59] ElevationService configured
[2026-06-28 19:07:59] Creating SplashScreenView
[2026-06-28 19:07:59] SplashScreenView.ctor begin
[2026-06-28 19:07:59] SplashScreenView.ctor InitializeComponent done
[2026-06-28 19:07:59] SplashScreenView.ctor done
[2026-06-28 19:07:59] MainWindow set to SplashScreenView
[2026-06-28 19:08:00] SplashScreenView.Loaded
[2026-06-28 19:08:00] SplashScreenView.Show() returned
[2026-06-28 19:08:12] SplashScreenView.LoadingComplete
[2026-06-28 19:08:13] ShowMainWindow: show ElevationDialog first
[2026-06-28 19:08:23] ElevationDialog result: ContinueNormal
[2026-06-28 19:08:23] MainFormView.ctor begin
[2026-06-28 19:08:23] MainFormView.ctor InitializeComponent done
[2026-06-28 19:08:23] MainFormView.Loaded
[2026-06-28 19:08:23] MainFormView.PlayWindowEnterAnimation OK
[2026-06-28 19:08:23] SplashScreenView.Closed
[2026-06-28 19:08:26] PerformExitCleanup: done
[2026-06-28 19:08:26] PerformExitCleanup: done
[2026-06-28 19:08:51] OnStartup
[2026-06-28 19:08:51] Password verification skipped: IsLaunchedByExe=true
[2026-06-28 19:08:51] Password verification passed
[2026-06-28 19:08:51] AURORA_PERF_TIER=Extreme
[2026-06-28 19:08:51] AURORA_LANGUAGE=CHS
[2026-06-28 19:08:51] AURORA_IS_LAUNCHED_BY_EXE=True
[2026-06-28 19:08:51] WARNING: Required directory missing: E:\PowerShellBat\Scripts
[2026-06-28 19:08:51] WARNING: Required directory missing: E:\PowerShellBat\Scripts\Core
[2026-06-28 19:08:51] WARNING: Required directory missing: E:\PowerShellBat\Scripts\Security
[2026-06-28 19:08:51] WARNING: Required directory missing: E:\PowerShellBat\Scripts\PRO
[2026-06-28 19:08:51] WARNING: Required directory missing: E:\PowerShellBat\Scripts\Engines
[2026-06-28 19:08:51] WARNING: Required directory missing: E:\PowerShellBat\Scripts\Session
[2026-06-28 19:08:51] WARNING: Required directory missing: E:\PowerShellBat\Scripts\GUI
[2026-06-28 19:08:51] WARNING: Required directory missing: E:\PowerShellBat\Scripts\UI
[2026-06-28 19:08:51] WARNING: Required file missing: E:\PowerShellBat\Scripts\Core\AURORA-CoreEngine.ps1
[2026-06-28 19:08:51] WARNING: Required file missing: E:\PowerShellBat\Scripts\Security\AURORA-SecurityModule.ps1
[2026-06-28 19:08:51] WARNING: Required file missing: E:\PowerShellBat\Scripts\PRO\AURORA-AnalyzerPRO-Engine.ps1
[2026-06-28 19:08:51] VerifyDirectoryIntegrity: OK
[2026-06-28 19:08:51] Directory integrity check passed
[2026-06-28 19:08:51] IntegrityGuard detection: NONE
[2026-06-28 19:08:51] IntegrityGuard initialized
[2026-06-28 19:08:51] ElevationService configured
[2026-06-28 19:08:52] Creating SplashScreenView
[2026-06-28 19:08:52] SplashScreenView.ctor begin
[2026-06-28 19:08:52] SplashScreenView.ctor InitializeComponent done
[2026-06-28 19:08:52] SplashScreenView.ctor done
[2026-06-28 19:08:52] MainWindow set to SplashScreenView
[2026-06-28 19:08:52] SplashScreenView.Loaded
[2026-06-28 19:08:52] SplashScreenView.Show() returned
[2026-06-28 19:09:04] SplashScreenView.LoadingComplete
[2026-06-28 19:09:05] ShowMainWindow: show ElevationDialog first
[2026-06-28 19:09:14] ElevationDialog result: ContinueNormal
[2026-06-28 19:09:14] MainFormView.ctor begin
[2026-06-28 19:09:14] MainFormView.ctor InitializeComponent done
[2026-06-28 19:09:14] MainFormView.Loaded
[2026-06-28 19:09:14] MainFormView.PlayWindowEnterAnimation OK
[2026-06-28 19:09:14] SplashScreenView.Closed
[2026-06-28 19:09:17] PerformExitCleanup: done
[2026-06-28 19:09:17] PerformExitCleanup: done
[2026-06-28 19:17:00] OnStartup
[2026-06-28 19:17:00] Password verification skipped: IsLaunchedByExe=true
[2026-06-28 19:17:00] Password verification passed
[2026-06-28 19:17:00] AURORA_PERF_TIER=Extreme
[2026-06-28 19:17:00] AURORA_LANGUAGE=CHS
[2026-06-28 19:17:00] AURORA_IS_LAUNCHED_BY_EXE=True
[2026-06-28 19:17:00] WARNING: Required directory missing: E:\PowerShellBat\Scripts
[2026-06-28 19:17:00] WARNING: Required directory missing: E:\PowerShellBat\Scripts\Core
[2026-06-28 19:17:00] WARNING: Required directory missing: E:\PowerShellBat\Scripts\Security
[2026-06-28 19:17:00] WARNING: Required directory missing: E:\PowerShellBat\Scripts\PRO
[2026-06-28 19:17:00] WARNING: Required directory missing: E:\PowerShellBat\Scripts\Engines
[2026-06-28 19:17:00] WARNING: Required directory missing: E:\PowerShellBat\Scripts\Session
[2026-06-28 19:17:00] WARNING: Required directory missing: E:\PowerShellBat\Scripts\GUI
[2026-06-28 19:17:00] WARNING: Required directory missing: E:\PowerShellBat\Scripts\UI
[2026-06-28 19:17:00] WARNING: Required file missing: E:\PowerShellBat\Scripts\Core\AURORA-CoreEngine.ps1
[2026-06-28 19:17:00] WARNING: Required file missing: E:\PowerShellBat\Scripts\Security\AURORA-SecurityModule.ps1
[2026-06-28 19:17:00] WARNING: Required file missing: E:\PowerShellBat\Scripts\PRO\AURORA-AnalyzerPRO-Engine.ps1
[2026-06-28 19:17:00] VerifyDirectoryIntegrity: OK
[2026-06-28 19:17:00] Directory integrity check passed
[2026-06-28 19:17:00] IntegrityGuard detection: NONE
[2026-06-28 19:17:00] IntegrityGuard initialized
[2026-06-28 19:17:00] ElevationService configured
[2026-06-28 19:17:01] Creating SplashScreenView
[2026-06-28 19:17:01] SplashScreenView.ctor begin
[2026-06-28 19:17:01] SplashScreenView.ctor InitializeComponent done
[2026-06-28 19:17:01] SplashScreenView.ctor done
[2026-06-28 19:17:01] MainWindow set to SplashScreenView
[2026-06-28 19:17:02] SplashScreenView.Loaded
[2026-06-28 19:17:02] SplashScreenView.Show() returned
[2026-06-28 19:17:13] SplashScreenView.LoadingComplete
[2026-06-28 19:17:14] ShowMainWindow: show ElevationDialog first
[2026-06-28 19:17:17] ElevationDialog result: ContinueNormal
[2026-06-28 19:17:17] MainFormView.ctor begin
[2026-06-28 19:17:17] MainFormView.ctor InitializeComponent done
[2026-06-28 19:17:17] MainFormView.Loaded
[2026-06-28 19:17:17] MainFormView.PlayWindowEnterAnimation OK
[2026-06-28 19:17:17] SplashScreenView.Closed
[2026-06-28 19:17:21] PerformExitCleanup: done
[2026-06-28 19:17:21] PerformExitCleanup: done
[2026-06-28 19:20:24] OnStartup
[2026-06-28 19:20:24] Password verification skipped: IsLaunchedByExe=true
[2026-06-28 19:20:24] Password verification passed
[2026-06-28 19:20:24] AURORA_PERF_TIER=Extreme
[2026-06-28 19:20:24] AURORA_LANGUAGE=CHS
[2026-06-28 19:20:24] AURORA_IS_LAUNCHED_BY_EXE=True
[2026-06-28 19:20:24] WARNING: Required directory missing: E:\PowerShellBat\Scripts
[2026-06-28 19:20:24] WARNING: Required directory missing: E:\PowerShellBat\Scripts\Core
[2026-06-28 19:20:24] WARNING: Required directory missing: E:\PowerShellBat\Scripts\Security
[2026-06-28 19:20:24] WARNING: Required directory missing: E:\PowerShellBat\Scripts\PRO
[2026-06-28 19:20:24] WARNING: Required directory missing: E:\PowerShellBat\Scripts\Engines
[2026-06-28 19:20:24] WARNING: Required directory missing: E:\PowerShellBat\Scripts\Session
[2026-06-28 19:20:24] WARNING: Required directory missing: E:\PowerShellBat\Scripts\GUI
[2026-06-28 19:20:24] WARNING: Required directory missing: E:\PowerShellBat\Scripts\UI
[2026-06-28 19:20:24] WARNING: Required file missing: E:\PowerShellBat\Scripts\Core\AURORA-CoreEngine.ps1
[2026-06-28 19:20:24] WARNING: Required file missing: E:\PowerShellBat\Scripts\Security\AURORA-SecurityModule.ps1
[2026-06-28 19:20:24] WARNING: Required file missing: E:\PowerShellBat\Scripts\PRO\AURORA-AnalyzerPRO-Engine.ps1
[2026-06-28 19:20:24] VerifyDirectoryIntegrity: OK
[2026-06-28 19:20:24] Directory integrity check passed
[2026-06-28 19:20:24] IntegrityGuard detection: NONE
[2026-06-28 19:20:24] IntegrityGuard initialized
[2026-06-28 19:20:24] ElevationService configured
[2026-06-28 19:20:24] Creating SplashScreenView
[2026-06-28 19:20:24] SplashScreenView.ctor begin
[2026-06-28 19:20:24] SplashScreenView.ctor InitializeComponent done
[2026-06-28 19:20:24] SplashScreenView.ctor done
[2026-06-28 19:20:24] MainWindow set to SplashScreenView
[2026-06-28 19:20:25] SplashScreenView.Loaded
[2026-06-28 19:20:25] SplashScreenView.Show() returned
[2026-06-28 19:20:37] SplashScreenView.LoadingComplete
[2026-06-28 19:20:37] ShowMainWindow: show ElevationDialog first
[2026-06-28 19:20:41] ElevationDialog result: ContinueNormal
[2026-06-28 19:20:41] MainFormView.ctor begin
[2026-06-28 19:20:41] MainFormView.ctor InitializeComponent done
[2026-06-28 19:20:42] MainFormView.Loaded
[2026-06-28 19:20:42] MainFormView.PlayWindowEnterAnimation OK
[2026-06-28 19:20:42] SplashScreenView.Closed
[2026-06-28 19:20:45] PerformExitCleanup: done
[2026-06-28 19:20:45] PerformExitCleanup: done
[2026-06-28 19:21:46] OnStartup
[2026-06-28 19:21:46] Password verification skipped: IsLaunchedByExe=true
[2026-06-28 19:21:46] Password verification passed
[2026-06-28 19:21:46] AURORA_PERF_TIER=Extreme
[2026-06-28 19:21:46] AURORA_LANGUAGE=CHS
[2026-06-28 19:21:46] AURORA_IS_LAUNCHED_BY_EXE=True
[2026-06-28 19:21:46] WARNING: Required directory missing: E:\PowerShellBat\Scripts
[2026-06-28 19:21:46] WARNING: Required directory missing: E:\PowerShellBat\Scripts\Core
[2026-06-28 19:21:46] WARNING: Required directory missing: E:\PowerShellBat\Scripts\Security
[2026-06-28 19:21:46] WARNING: Required directory missing: E:\PowerShellBat\Scripts\PRO
[2026-06-28 19:21:46] WARNING: Required directory missing: E:\PowerShellBat\Scripts\Engines
[2026-06-28 19:21:46] WARNING: Required directory missing: E:\PowerShellBat\Scripts\Session
[2026-06-28 19:21:46] WARNING: Required directory missing: E:\PowerShellBat\Scripts\GUI
[2026-06-28 19:21:46] WARNING: Required directory missing: E:\PowerShellBat\Scripts\UI
[2026-06-28 19:21:46] WARNING: Required file missing: E:\PowerShellBat\Scripts\Core\AURORA-CoreEngine.ps1
[2026-06-28 19:21:46] WARNING: Required file missing: E:\PowerShellBat\Scripts\Security\AURORA-SecurityModule.ps1
[2026-06-28 19:21:46] WARNING: Required file missing: E:\PowerShellBat\Scripts\PRO\AURORA-AnalyzerPRO-Engine.ps1
[2026-06-28 19:21:46] VerifyDirectoryIntegrity: OK
[2026-06-28 19:21:46] Directory integrity check passed
[2026-06-28 19:21:46] IntegrityGuard detection: NONE
[2026-06-28 19:21:46] IntegrityGuard initialized
[2026-06-28 19:21:46] ElevationService configured
[2026-06-28 19:21:47] Creating SplashScreenView
[2026-06-28 19:21:47] SplashScreenView.ctor begin
[2026-06-28 19:21:47] SplashScreenView.ctor InitializeComponent done
[2026-06-28 19:21:47] SplashScreenView.ctor done
[2026-06-28 19:21:47] MainWindow set to SplashScreenView
[2026-06-28 19:21:47] SplashScreenView.Loaded
[2026-06-28 19:21:47] SplashScreenView.Show() returned
[2026-06-28 19:21:59] SplashScreenView.LoadingComplete
[2026-06-28 19:22:00] ShowMainWindow: show ElevationDialog first
[2026-06-28 19:22:03] ElevationDialog result: ContinueNormal
[2026-06-28 19:22:03] MainFormView.ctor begin
[2026-06-28 19:22:03] MainFormView.ctor InitializeComponent done
[2026-06-28 19:22:04] MainFormView.Loaded
[2026-06-28 19:22:04] MainFormView.PlayWindowEnterAnimation OK
[2026-06-28 19:22:04] SplashScreenView.Closed
[2026-06-28 19:22:07] PerformExitCleanup: done
[2026-06-28 19:22:07] PerformExitCleanup: done
[2026-06-28 19:28:15] OnStartup
[2026-06-28 19:28:15] Password verification skipped: IsLaunchedByExe=true
[2026-06-28 19:28:15] Password verification passed
[2026-06-28 19:28:15] AURORA_PERF_TIER=Extreme
[2026-06-28 19:28:15] AURORA_LANGUAGE=CHS
[2026-06-28 19:28:15] AURORA_IS_LAUNCHED_BY_EXE=True
[2026-06-28 19:28:15] WARNING: Required directory missing: E:\PowerShellBat\Scripts
[2026-06-28 19:28:15] WARNING: Required directory missing: E:\PowerShellBat\Scripts\Core
[2026-06-28 19:28:15] WARNING: Required directory missing: E:\PowerShellBat\Scripts\Security
[2026-06-28 19:28:15] WARNING: Required directory missing: E:\PowerShellBat\Scripts\PRO
[2026-06-28 19:28:15] WARNING: Required directory missing: E:\PowerShellBat\Scripts\Engines
[2026-06-28 19:28:15] WARNING: Required directory missing: E:\PowerShellBat\Scripts\Session
[2026-06-28 19:28:15] WARNING: Required directory missing: E:\PowerShellBat\Scripts\GUI
[2026-06-28 19:28:15] WARNING: Required directory missing: E:\PowerShellBat\Scripts\UI
[2026-06-28 19:28:15] WARNING: Required file missing: E:\PowerShellBat\Scripts\Core\AURORA-CoreEngine.ps1
[2026-06-28 19:28:15] WARNING: Required file missing: E:\PowerShellBat\Scripts\Security\AURORA-SecurityModule.ps1
[2026-06-28 19:28:15] WARNING: Required file missing: E:\PowerShellBat\Scripts\PRO\AURORA-AnalyzerPRO-Engine.ps1
[2026-06-28 19:28:15] VerifyDirectoryIntegrity: OK
[2026-06-28 19:28:15] Directory integrity check passed
[2026-06-28 19:28:15] IntegrityGuard detection: NONE
[2026-06-28 19:28:15] IntegrityGuard initialized
[2026-06-28 19:28:15] ElevationService configured
[2026-06-28 19:28:15] Creating SplashScreenView
[2026-06-28 19:28:15] SplashScreenView.ctor begin
[2026-06-28 19:28:16] SplashScreenView.ctor InitializeComponent done
[2026-06-28 19:28:16] SplashScreenView.ctor done
[2026-06-28 19:28:16] MainWindow set to SplashScreenView
[2026-06-28 19:28:16] SplashScreenView.Loaded
[2026-06-28 19:28:16] SplashScreenView.Show() returned
[2026-06-28 19:28:28] SplashScreenView.LoadingComplete
[2026-06-28 19:28:28] ShowMainWindow: show ElevationDialog first
[2026-06-28 19:28:37] ElevationDialog result: ContinueNormal
[2026-06-28 19:28:37] MainFormView.ctor begin
[2026-06-28 19:28:37] MainFormView.ctor InitializeComponent done
[2026-06-28 19:28:37] MainFormView.Loaded
[2026-06-28 19:28:37] MainFormView.PlayWindowEnterAnimation OK
[2026-06-28 19:28:37] SplashScreenView.Closed
[2026-06-28 19:28:53] ProModeView.ctor begin
[2026-06-28 19:28:53] ProModeView.ctor InitializeComponent done
[2026-06-28 19:28:53] [PRO-SWITCH] PlayWindowExitAnimationForModeSwitch begin
[2026-06-28 19:28:54] ProModeView.OnWindowLoaded begin
[2026-06-28 19:28:54] ProModeView IntegrityGuard runtime monitoring started
[2026-06-28 19:28:54] ProModeView.PlayProModeWindowEnter begin
[2026-06-28 19:28:54] ProModeView.PlayProModeWindowEnter scheduled
[2026-06-28 19:28:54] ProModeView.OnWindowLoaded end
[2026-06-28 19:31:18] PerformExitCleanup: done
[2026-06-28 19:31:18] PerformExitCleanup: done
[2026-06-28 23:44:17] OnStartup
[2026-06-28 23:44:17] Password verification skipped: IsLaunchedByExe=true
[2026-06-28 23:44:17] Password verification passed
[2026-06-28 23:44:17] AURORA_PERF_TIER=Extreme
[2026-06-28 23:44:17] AURORA_LANGUAGE=CHS
[2026-06-28 23:44:17] AURORA_IS_LAUNCHED_BY_EXE=True
[2026-06-28 23:44:17] WARNING: Required directory missing: E:\PowerShellBat\Scripts
[2026-06-28 23:44:17] WARNING: Required directory missing: E:\PowerShellBat\Scripts\Core
[2026-06-28 23:44:17] WARNING: Required directory missing: E:\PowerShellBat\Scripts\Security
[2026-06-28 23:44:17] WARNING: Required directory missing: E:\PowerShellBat\Scripts\PRO
[2026-06-28 23:44:17] WARNING: Required directory missing: E:\PowerShellBat\Scripts\Engines
[2026-06-28 23:44:17] WARNING: Required directory missing: E:\PowerShellBat\Scripts\Session
[2026-06-28 23:44:17] WARNING: Required directory missing: E:\PowerShellBat\Scripts\GUI
[2026-06-28 23:44:17] WARNING: Required directory missing: E:\PowerShellBat\Scripts\UI
[2026-06-28 23:44:17] WARNING: Required file missing: E:\PowerShellBat\Scripts\Core\AURORA-CoreEngine.ps1
[2026-06-28 23:44:17] WARNING: Required file missing: E:\PowerShellBat\Scripts\Security\AURORA-SecurityModule.ps1
[2026-06-28 23:44:17] WARNING: Required file missing: E:\PowerShellBat\Scripts\PRO\AURORA-AnalyzerPRO-Engine.ps1
[2026-06-28 23:44:17] VerifyDirectoryIntegrity: OK
[2026-06-28 23:44:17] Directory integrity check passed
[2026-06-28 23:44:17] IntegrityGuard detection: NONE
[2026-06-28 23:44:17] IntegrityGuard initialized
[2026-06-28 23:44:17] ElevationService configured
[2026-06-28 23:44:17] Creating SplashScreenView
[2026-06-28 23:44:17] SplashScreenView.ctor begin
[2026-06-28 23:44:17] SplashScreenView.ctor InitializeComponent done
[2026-06-28 23:44:17] SplashScreenView.ctor done
[2026-06-28 23:44:17] MainWindow set to SplashScreenView
[2026-06-28 23:44:18] SplashScreenView.Loaded
[2026-06-28 23:44:18] SplashScreenView.Show() returned
[2026-06-28 23:44:29] SplashScreenView.LoadingComplete
[2026-06-28 23:44:30] ShowMainWindow: show ElevationDialog first
[2026-06-28 23:44:39] ElevationDialog result: ContinueNormal
[2026-06-28 23:44:39] MainFormView.ctor begin
[2026-06-28 23:44:39] MainFormView.ctor InitializeComponent done
[2026-06-28 23:44:39] MainFormView.Loaded
[2026-06-28 23:44:39] MainFormView.PlayWindowEnterAnimation OK
[2026-06-28 23:44:39] SplashScreenView.Closed
[2026-06-28 23:44:49] PerformExitCleanup: done
[2026-06-28 23:44:49] PerformExitCleanup: done
[2026-06-29 09:57:57] OnStartup
[2026-06-29 09:57:57] Password verification skipped: IsLaunchedByExe=true
[2026-06-29 09:57:57] Password verification passed
[2026-06-29 09:57:57] AURORA_PERF_TIER=Extreme
[2026-06-29 09:57:57] AURORA_LANGUAGE=CHS
[2026-06-29 09:57:57] AURORA_IS_LAUNCHED_BY_EXE=True
[2026-06-29 09:57:57] WARNING: Required directory missing: G:\PowerShellBat\Scripts
[2026-06-29 09:57:57] WARNING: Required directory missing: G:\PowerShellBat\Scripts\Core
[2026-06-29 09:57:57] WARNING: Required directory missing: G:\PowerShellBat\Scripts\Security
[2026-06-29 09:57:57] WARNING: Required directory missing: G:\PowerShellBat\Scripts\PRO
[2026-06-29 09:57:57] WARNING: Required directory missing: G:\PowerShellBat\Scripts\Engines
[2026-06-29 09:57:57] WARNING: Required directory missing: G:\PowerShellBat\Scripts\Session
[2026-06-29 09:57:57] WARNING: Required directory missing: G:\PowerShellBat\Scripts\GUI
[2026-06-29 09:57:57] WARNING: Required directory missing: G:\PowerShellBat\Scripts\UI
[2026-06-29 09:57:57] WARNING: Required file missing: G:\PowerShellBat\Scripts\Core\AURORA-CoreEngine.ps1
[2026-06-29 09:57:57] WARNING: Required file missing: G:\PowerShellBat\Scripts\Security\AURORA-SecurityModule.ps1
[2026-06-29 09:57:57] WARNING: Required file missing: G:\PowerShellBat\Scripts\PRO\AURORA-AnalyzerPRO-Engine.ps1
[2026-06-29 09:57:57] VerifyDirectoryIntegrity: OK
[2026-06-29 09:57:57] Directory integrity check passed
[2026-06-29 09:57:57] IntegrityGuard detection: NONE
[2026-06-29 09:57:57] IntegrityGuard initialized
[2026-06-29 09:57:57] ElevationService configured
[2026-06-29 09:57:58] Creating SplashScreenView
[2026-06-29 09:57:58] SplashScreenView.ctor begin
[2026-06-29 09:57:58] SplashScreenView.ctor InitializeComponent done
[2026-06-29 09:57:58] SplashScreenView.ctor done
[2026-06-29 09:57:58] MainWindow set to SplashScreenView
[2026-06-29 09:57:59] SplashScreenView.Loaded
[2026-06-29 09:57:59] SplashScreenView.Show() returned
[2026-06-29 09:58:10] SplashScreenView.LoadingComplete
[2026-06-29 09:58:11] ShowMainWindow: show ElevationDialog first
[2026-06-29 09:58:16] SplashScreenView.Closed
[2026-06-29 09:58:16] PerformExitCleanup: done
[2026-06-29 09:58:16] PerformExitCleanup: done
[2026-06-29 09:58:43] OnStartup
[2026-06-29 09:58:43] Password verification skipped: IsLaunchedByExe=true
[2026-06-29 09:58:43] Password verification passed
[2026-06-29 09:58:43] AURORA_PERF_TIER=Extreme
[2026-06-29 09:58:43] AURORA_LANGUAGE=CHS
[2026-06-29 09:58:43] AURORA_IS_LAUNCHED_BY_EXE=True
[2026-06-29 09:58:43] WARNING: Required directory missing: G:\PowerShellBat\Scripts
[2026-06-29 09:58:43] WARNING: Required directory missing: G:\PowerShellBat\Scripts\Core
[2026-06-29 09:58:43] WARNING: Required directory missing: G:\PowerShellBat\Scripts\Security
[2026-06-29 09:58:43] WARNING: Required directory missing: G:\PowerShellBat\Scripts\PRO
[2026-06-29 09:58:43] WARNING: Required directory missing: G:\PowerShellBat\Scripts\Engines
[2026-06-29 09:58:43] WARNING: Required directory missing: G:\PowerShellBat\Scripts\Session
[2026-06-29 09:58:43] WARNING: Required directory missing: G:\PowerShellBat\Scripts\GUI
[2026-06-29 09:58:43] WARNING: Required directory missing: G:\PowerShellBat\Scripts\UI
[2026-06-29 09:58:43] WARNING: Required file missing: G:\PowerShellBat\Scripts\Core\AURORA-CoreEngine.ps1
[2026-06-29 09:58:43] WARNING: Required file missing: G:\PowerShellBat\Scripts\Security\AURORA-SecurityModule.ps1
[2026-06-29 09:58:43] WARNING: Required file missing: G:\PowerShellBat\Scripts\PRO\AURORA-AnalyzerPRO-Engine.ps1
[2026-06-29 09:58:43] VerifyDirectoryIntegrity: OK
[2026-06-29 09:58:43] Directory integrity check passed
[2026-06-29 09:58:43] IntegrityGuard detection: NONE
[2026-06-29 09:58:43] IntegrityGuard initialized
[2026-06-29 09:58:43] ElevationService configured
[2026-06-29 09:58:43] Creating SplashScreenView
[2026-06-29 09:58:43] SplashScreenView.ctor begin
[2026-06-29 09:58:43] SplashScreenView.ctor InitializeComponent done
[2026-06-29 09:58:43] SplashScreenView.ctor done
[2026-06-29 09:58:43] MainWindow set to SplashScreenView
[2026-06-29 09:58:44] SplashScreenView.Loaded
[2026-06-29 09:58:44] SplashScreenView.Show() returned
[2026-06-29 09:58:55] SplashScreenView.LoadingComplete
[2026-06-29 09:58:56] ShowMainWindow: show ElevationDialog first
[2026-06-29 09:59:06] ElevationDialog result: ContinueNormal
[2026-06-29 09:59:06] MainFormView.ctor begin
[2026-06-29 09:59:06] MainFormView.ctor InitializeComponent done
[2026-06-29 09:59:06] MainFormView.Loaded
[2026-06-29 09:59:06] MainFormView.PlayWindowEnterAnimation OK
[2026-06-29 09:59:06] SplashScreenView.Closed
[2026-06-29 10:01:34] ProModeView.ctor begin
[2026-06-29 10:01:34] ProModeView.ctor InitializeComponent done
[2026-06-29 10:01:34] [PRO-SWITCH] PlayWindowExitAnimationForModeSwitch begin
[2026-06-29 10:01:36] ProModeView.OnWindowLoaded begin
[2026-06-29 10:01:36] ProModeView IntegrityGuard runtime monitoring started
[2026-06-29 10:01:36] ProModeView.PlayProModeWindowEnter begin
[2026-06-29 10:01:36] ProModeView.PlayProModeWindowEnter scheduled
[2026-06-29 10:01:36] ProModeView.OnWindowLoaded end
[2026-06-29 10:01:57] PerformExitCleanup: done
[2026-06-29 10:01:57] PerformExitCleanup: done
[2026-06-29 10:02:12] OnStartup
[2026-06-29 10:02:12] Password verification skipped: IsLaunchedByExe=true
[2026-06-29 10:02:12] Password verification passed
[2026-06-29 10:02:12] AURORA_PERF_TIER=Extreme
[2026-06-29 10:02:12] AURORA_LANGUAGE=CHS
[2026-06-29 10:02:12] AURORA_IS_LAUNCHED_BY_EXE=True
[2026-06-29 10:02:12] WARNING: Required directory missing: G:\PowerShellBat\Scripts
[2026-06-29 10:02:12] WARNING: Required directory missing: G:\PowerShellBat\Scripts\Core
[2026-06-29 10:02:12] WARNING: Required directory missing: G:\PowerShellBat\Scripts\Security
[2026-06-29 10:02:12] WARNING: Required directory missing: G:\PowerShellBat\Scripts\PRO
[2026-06-29 10:02:12] WARNING: Required directory missing: G:\PowerShellBat\Scripts\Engines
[2026-06-29 10:02:12] WARNING: Required directory missing: G:\PowerShellBat\Scripts\Session
[2026-06-29 10:02:12] WARNING: Required directory missing: G:\PowerShellBat\Scripts\GUI
[2026-06-29 10:02:12] WARNING: Required directory missing: G:\PowerShellBat\Scripts\UI
[2026-06-29 10:02:12] WARNING: Required file missing: G:\PowerShellBat\Scripts\Core\AURORA-CoreEngine.ps1
[2026-06-29 10:02:12] WARNING: Required file missing: G:\PowerShellBat\Scripts\Security\AURORA-SecurityModule.ps1
[2026-06-29 10:02:12] WARNING: Required file missing: G:\PowerShellBat\Scripts\PRO\AURORA-AnalyzerPRO-Engine.ps1
[2026-06-29 10:02:12] VerifyDirectoryIntegrity: OK
[2026-06-29 10:02:12] Directory integrity check passed
[2026-06-29 10:02:12] IntegrityGuard detection: NONE
[2026-06-29 10:02:12] IntegrityGuard initialized
[2026-06-29 10:02:12] ElevationService configured
[2026-06-29 10:02:12] Creating SplashScreenView
[2026-06-29 10:02:12] SplashScreenView.ctor begin
[2026-06-29 10:02:12] SplashScreenView.ctor InitializeComponent done
[2026-06-29 10:02:12] SplashScreenView.ctor done
[2026-06-29 10:02:12] MainWindow set to SplashScreenView
[2026-06-29 10:02:13] SplashScreenView.Loaded
[2026-06-29 10:02:13] SplashScreenView.Show() returned
[2026-06-29 10:02:24] SplashScreenView.LoadingComplete
[2026-06-29 10:02:25] ShowMainWindow: show ElevationDialog first
[2026-06-29 10:04:14] ElevationDialog result: ContinueNormal
[2026-06-29 10:04:14] MainFormView.ctor begin
[2026-06-29 10:04:14] MainFormView.ctor InitializeComponent done
[2026-06-29 10:04:15] MainFormView.Loaded
[2026-06-29 10:04:15] MainFormView.PlayWindowEnterAnimation OK
[2026-06-29 10:04:15] SplashScreenView.Closed
[2026-06-29 10:04:40] ProModeView.ctor begin
[2026-06-29 10:04:40] ProModeView.ctor InitializeComponent done
[2026-06-29 10:04:40] [PRO-SWITCH] PlayWindowExitAnimationForModeSwitch begin
[2026-06-29 10:04:41] ProModeView.OnWindowLoaded begin
[2026-06-29 10:04:41] ProModeView IntegrityGuard runtime monitoring started
[2026-06-29 10:04:41] ProModeView.PlayProModeWindowEnter begin
[2026-06-29 10:04:41] ProModeView.PlayProModeWindowEnter scheduled
[2026-06-29 10:04:41] ProModeView.OnWindowLoaded end
[2026-06-29 10:04:55] PerformExitCleanup: done
[2026-06-29 10:04:55] PerformExitCleanup: done
[2026-06-29 10:05:48] OnStartup
[2026-06-29 10:05:48] Password verification skipped: IsLaunchedByExe=true
[2026-06-29 10:05:48] Password verification passed
[2026-06-29 10:05:48] AURORA_PERF_TIER=Extreme
[2026-06-29 10:05:48] AURORA_LANGUAGE=CHS
[2026-06-29 10:05:48] AURORA_IS_LAUNCHED_BY_EXE=True
[2026-06-29 10:05:48] WARNING: Required directory missing: G:\PowerShellBat\Scripts
[2026-06-29 10:05:48] WARNING: Required directory missing: G:\PowerShellBat\Scripts\Core
[2026-06-29 10:05:48] WARNING: Required directory missing: G:\PowerShellBat\Scripts\Security
[2026-06-29 10:05:48] WARNING: Required directory missing: G:\PowerShellBat\Scripts\PRO
[2026-06-29 10:05:48] WARNING: Required directory missing: G:\PowerShellBat\Scripts\Engines
[2026-06-29 10:05:48] WARNING: Required directory missing: G:\PowerShellBat\Scripts\Session
[2026-06-29 10:05:48] WARNING: Required directory missing: G:\PowerShellBat\Scripts\GUI
[2026-06-29 10:05:48] WARNING: Required directory missing: G:\PowerShellBat\Scripts\UI
[2026-06-29 10:05:48] WARNING: Required file missing: G:\PowerShellBat\Scripts\Core\AURORA-CoreEngine.ps1
[2026-06-29 10:05:48] WARNING: Required file missing: G:\PowerShellBat\Scripts\Security\AURORA-SecurityModule.ps1
[2026-06-29 10:05:48] WARNING: Required file missing: G:\PowerShellBat\Scripts\PRO\AURORA-AnalyzerPRO-Engine.ps1
[2026-06-29 10:05:48] VerifyDirectoryIntegrity: OK
[2026-06-29 10:05:48] Directory integrity check passed
[2026-06-29 10:05:48] IntegrityGuard detection: NONE
[2026-06-29 10:05:48] IntegrityGuard initialized
[2026-06-29 10:05:48] ElevationService configured
[2026-06-29 10:05:49] Creating SplashScreenView
[2026-06-29 10:05:49] SplashScreenView.ctor begin
[2026-06-29 10:05:49] SplashScreenView.ctor InitializeComponent done
[2026-06-29 10:05:49] SplashScreenView.ctor done
[2026-06-29 10:05:49] MainWindow set to SplashScreenView
[2026-06-29 10:05:49] SplashScreenView.Loaded
[2026-06-29 10:05:49] SplashScreenView.Show() returned
[2026-06-29 10:06:01] SplashScreenView.LoadingComplete
[2026-06-29 10:06:01] ShowMainWindow: show ElevationDialog first
[2026-06-29 10:06:05] ElevationDialog result: ContinueNormal
[2026-06-29 10:06:05] MainFormView.ctor begin
[2026-06-29 10:06:05] MainFormView.ctor InitializeComponent done
[2026-06-29 10:06:05] MainFormView.Loaded
[2026-06-29 10:06:05] MainFormView.PlayWindowEnterAnimation OK
[2026-06-29 10:06:05] SplashScreenView.Closed
[2026-06-29 10:06:11] ProModeView.ctor begin
[2026-06-29 10:06:11] ProModeView.ctor InitializeComponent done
[2026-06-29 10:06:11] [PRO-SWITCH] PlayWindowExitAnimationForModeSwitch begin
[2026-06-29 10:06:13] ProModeView.OnWindowLoaded begin
[2026-06-29 10:06:13] ProModeView IntegrityGuard runtime monitoring started
[2026-06-29 10:06:13] ProModeView.PlayProModeWindowEnter begin
[2026-06-29 10:06:13] ProModeView.PlayProModeWindowEnter scheduled
[2026-06-29 10:06:13] ProModeView.OnWindowLoaded end
[2026-06-29 10:06:33] PerformExitCleanup: done
[2026-06-29 10:06:33] PerformExitCleanup: done
[2026-06-29 10:31:36] OnStartup
[2026-06-29 10:31:36] Password verification skipped: IsLaunchedByExe=true
[2026-06-29 10:31:36] Password verification passed
[2026-06-29 10:31:36] AURORA_PERF_TIER=Extreme
[2026-06-29 10:31:36] AURORA_LANGUAGE=CHS
[2026-06-29 10:31:36] AURORA_IS_LAUNCHED_BY_EXE=True
[2026-06-29 10:31:36] WARNING: Required directory missing: G:\PowerShellBat\Scripts
[2026-06-29 10:31:36] WARNING: Required directory missing: G:\PowerShellBat\Scripts\Core
[2026-06-29 10:31:36] WARNING: Required directory missing: G:\PowerShellBat\Scripts\Security
[2026-06-29 10:31:36] WARNING: Required directory missing: G:\PowerShellBat\Scripts\PRO
[2026-06-29 10:31:36] WARNING: Required directory missing: G:\PowerShellBat\Scripts\Engines
[2026-06-29 10:31:36] WARNING: Required directory missing: G:\PowerShellBat\Scripts\Session
[2026-06-29 10:31:36] WARNING: Required directory missing: G:\PowerShellBat\Scripts\GUI
[2026-06-29 10:31:36] WARNING: Required directory missing: G:\PowerShellBat\Scripts\UI
[2026-06-29 10:31:36] WARNING: Required file missing: G:\PowerShellBat\Scripts\Core\AURORA-CoreEngine.ps1
[2026-06-29 10:31:36] WARNING: Required file missing: G:\PowerShellBat\Scripts\Security\AURORA-SecurityModule.ps1
[2026-06-29 10:31:36] WARNING: Required file missing: G:\PowerShellBat\Scripts\PRO\AURORA-AnalyzerPRO-Engine.ps1
[2026-06-29 10:31:36] VerifyDirectoryIntegrity: OK
[2026-06-29 10:31:36] Directory integrity check passed
[2026-06-29 10:31:36] IntegrityGuard detection: NONE
[2026-06-29 10:31:36] IntegrityGuard initialized
[2026-06-29 10:31:36] ElevationService configured
[2026-06-29 10:31:37] Creating SplashScreenView
[2026-06-29 10:31:37] SplashScreenView.ctor begin
[2026-06-29 10:31:37] SplashScreenView.ctor InitializeComponent done
[2026-06-29 10:31:37] SplashScreenView.ctor done
[2026-06-29 10:31:37] MainWindow set to SplashScreenView
[2026-06-29 10:31:37] SplashScreenView.Loaded
[2026-06-29 10:31:37] SplashScreenView.Show() returned
[2026-06-29 10:31:49] SplashScreenView.LoadingComplete
[2026-06-29 10:31:49] ShowMainWindow: show ElevationDialog first
[2026-06-29 10:32:01] ElevationDialog result: ContinueNormal
[2026-06-29 10:32:01] MainFormView.ctor begin
[2026-06-29 10:32:01] MainFormView.ctor InitializeComponent done
[2026-06-29 10:32:01] MainFormView.Loaded
[2026-06-29 10:32:01] MainFormView.PlayWindowEnterAnimation OK
[2026-06-29 10:32:01] SplashScreenView.Closed
[2026-06-29 10:32:26] ProModeView.ctor begin
[2026-06-29 10:32:26] ProModeView.ctor InitializeComponent done
[2026-06-29 10:32:26] [PRO-SWITCH] PlayWindowExitAnimationForModeSwitch begin
[2026-06-29 10:32:27] ProModeView.OnWindowLoaded begin
[2026-06-29 10:32:27] ProModeView IntegrityGuard runtime monitoring started
[2026-06-29 10:32:27] ProModeView.PlayProModeWindowEnter begin
[2026-06-29 10:32:27] ProModeView.PlayProModeWindowEnter scheduled
[2026-06-29 10:32:27] ProModeView.OnWindowLoaded end
[2026-06-29 10:32:41] PerformExitCleanup: done
[2026-06-29 10:32:41] PerformExitCleanup: done
[2026-06-29 10:59:19] OnStartup
[2026-06-29 10:59:19] Password verification skipped: IsLaunchedByExe=true
[2026-06-29 10:59:19] Password verification passed
[2026-06-29 10:59:19] AURORA_PERF_TIER=Extreme
[2026-06-29 10:59:19] AURORA_LANGUAGE=CHS
[2026-06-29 10:59:19] AURORA_IS_LAUNCHED_BY_EXE=True
[2026-06-29 10:59:19] WARNING: Required directory missing: G:\PowerShellBat\Scripts
[2026-06-29 10:59:19] WARNING: Required directory missing: G:\PowerShellBat\Scripts\Core
[2026-06-29 10:59:19] WARNING: Required directory missing: G:\PowerShellBat\Scripts\Security
[2026-06-29 10:59:19] WARNING: Required directory missing: G:\PowerShellBat\Scripts\PRO
[2026-06-29 10:59:19] WARNING: Required directory missing: G:\PowerShellBat\Scripts\Engines
[2026-06-29 10:59:19] WARNING: Required directory missing: G:\PowerShellBat\Scripts\Session
[2026-06-29 10:59:19] WARNING: Required directory missing: G:\PowerShellBat\Scripts\GUI
[2026-06-29 10:59:19] WARNING: Required directory missing: G:\PowerShellBat\Scripts\UI
[2026-06-29 10:59:19] WARNING: Required file missing: G:\PowerShellBat\Scripts\Core\AURORA-CoreEngine.ps1
[2026-06-29 10:59:19] WARNING: Required file missing: G:\PowerShellBat\Scripts\Security\AURORA-SecurityModule.ps1
[2026-06-29 10:59:19] WARNING: Required file missing: G:\PowerShellBat\Scripts\PRO\AURORA-AnalyzerPRO-Engine.ps1
[2026-06-29 10:59:19] VerifyDirectoryIntegrity: OK
[2026-06-29 10:59:19] Directory integrity check passed
[2026-06-29 10:59:19] IntegrityGuard detection: NONE
[2026-06-29 10:59:19] IntegrityGuard initialized
[2026-06-29 10:59:19] ElevationService configured
[2026-06-29 10:59:19] Creating SplashScreenView
[2026-06-29 10:59:19] SplashScreenView.ctor begin
[2026-06-29 10:59:19] SplashScreenView.ctor InitializeComponent done
[2026-06-29 10:59:19] SplashScreenView.ctor done
[2026-06-29 10:59:19] MainWindow set to SplashScreenView
[2026-06-29 10:59:20] SplashScreenView.Loaded
[2026-06-29 10:59:20] SplashScreenView.Show() returned
[2026-06-29 10:59:31] SplashScreenView.LoadingComplete
[2026-06-29 10:59:32] ShowMainWindow: show ElevationDialog first
[2026-06-29 11:00:01] ElevationDialog result: ContinueNormal
[2026-06-29 11:00:01] MainFormView.ctor begin
[2026-06-29 11:00:01] MainFormView.ctor InitializeComponent done
[2026-06-29 11:00:02] MainFormView.Loaded
[2026-06-29 11:00:02] MainFormView.PlayWindowEnterAnimation OK
[2026-06-29 11:00:02] SplashScreenView.Closed
[2026-06-29 11:03:54] PerformExitCleanup: done
[2026-06-29 11:03:54] PerformExitCleanup: done
[2026-06-29 11:04:49] OnStartup
[2026-06-29 11:04:49] Password verification skipped: IsLaunchedByExe=true
[2026-06-29 11:04:49] Password verification passed
[2026-06-29 11:04:49] AURORA_PERF_TIER=Extreme
[2026-06-29 11:04:49] AURORA_LANGUAGE=CHS
[2026-06-29 11:04:49] AURORA_IS_LAUNCHED_BY_EXE=True
[2026-06-29 11:04:49] WARNING: Required directory missing: G:\PowerShellBat\Scripts
[2026-06-29 11:04:49] WARNING: Required directory missing: G:\PowerShellBat\Scripts\Core
[2026-06-29 11:04:49] WARNING: Required directory missing: G:\PowerShellBat\Scripts\Security
[2026-06-29 11:04:49] WARNING: Required directory missing: G:\PowerShellBat\Scripts\PRO
[2026-06-29 11:04:49] WARNING: Required directory missing: G:\PowerShellBat\Scripts\Engines
[2026-06-29 11:04:49] WARNING: Required directory missing: G:\PowerShellBat\Scripts\Session
[2026-06-29 11:04:49] WARNING: Required directory missing: G:\PowerShellBat\Scripts\GUI
[2026-06-29 11:04:49] WARNING: Required directory missing: G:\PowerShellBat\Scripts\UI
[2026-06-29 11:04:49] WARNING: Required file missing: G:\PowerShellBat\Scripts\Core\AURORA-CoreEngine.ps1
[2026-06-29 11:04:49] WARNING: Required file missing: G:\PowerShellBat\Scripts\Security\AURORA-SecurityModule.ps1
[2026-06-29 11:04:49] WARNING: Required file missing: G:\PowerShellBat\Scripts\PRO\AURORA-AnalyzerPRO-Engine.ps1
[2026-06-29 11:04:49] VerifyDirectoryIntegrity: OK
[2026-06-29 11:04:49] Directory integrity check passed
[2026-06-29 11:04:49] IntegrityGuard detection: NONE
[2026-06-29 11:04:49] IntegrityGuard initialized
[2026-06-29 11:04:49] ElevationService configured
[2026-06-29 11:04:49] Creating SplashScreenView
[2026-06-29 11:04:49] SplashScreenView.ctor begin
[2026-06-29 11:04:49] SplashScreenView.ctor InitializeComponent done
[2026-06-29 11:04:49] SplashScreenView.ctor done
[2026-06-29 11:04:49] MainWindow set to SplashScreenView
[2026-06-29 11:04:50] SplashScreenView.Loaded
[2026-06-29 11:04:50] SplashScreenView.Show() returned
[2026-06-29 11:05:01] SplashScreenView.LoadingComplete
[2026-06-29 11:05:02] ShowMainWindow: show ElevationDialog first
[2026-06-29 11:05:10] SplashScreenView.Closed
[2026-06-29 11:05:10] PerformExitCleanup: done
[2026-06-29 11:05:10] PerformExitCleanup: done
[2026-06-29 11:08:15] OnStartup
[2026-06-29 11:08:15] Password verification skipped: IsLaunchedByExe=true
[2026-06-29 11:08:15] Password verification passed
[2026-06-29 11:08:15] AURORA_PERF_TIER=Extreme
[2026-06-29 11:08:15] AURORA_LANGUAGE=CHS
[2026-06-29 11:08:15] AURORA_IS_LAUNCHED_BY_EXE=True
[2026-06-29 11:08:15] WARNING: Required directory missing: G:\PowerShellBat\Scripts
[2026-06-29 11:08:15] WARNING: Required directory missing: G:\PowerShellBat\Scripts\Core
[2026-06-29 11:08:15] WARNING: Required directory missing: G:\PowerShellBat\Scripts\Security
[2026-06-29 11:08:15] WARNING: Required directory missing: G:\PowerShellBat\Scripts\PRO
[2026-06-29 11:08:15] WARNING: Required directory missing: G:\PowerShellBat\Scripts\Engines
[2026-06-29 11:08:15] WARNING: Required directory missing: G:\PowerShellBat\Scripts\Session
[2026-06-29 11:08:15] WARNING: Required directory missing: G:\PowerShellBat\Scripts\GUI
[2026-06-29 11:08:15] WARNING: Required directory missing: G:\PowerShellBat\Scripts\UI
[2026-06-29 11:08:15] WARNING: Required file missing: G:\PowerShellBat\Scripts\Core\AURORA-CoreEngine.ps1
[2026-06-29 11:08:15] WARNING: Required file missing: G:\PowerShellBat\Scripts\Security\AURORA-SecurityModule.ps1
[2026-06-29 11:08:15] WARNING: Required file missing: G:\PowerShellBat\Scripts\PRO\AURORA-AnalyzerPRO-Engine.ps1
[2026-06-29 11:08:15] VerifyDirectoryIntegrity: OK
[2026-06-29 11:08:15] Directory integrity check passed
[2026-06-29 11:08:15] IntegrityGuard detection: NONE
[2026-06-29 11:08:15] IntegrityGuard initialized
[2026-06-29 11:08:15] ElevationService configured
[2026-06-29 11:08:15] Creating SplashScreenView
[2026-06-29 11:08:15] SplashScreenView.ctor begin
[2026-06-29 11:08:16] SplashScreenView.ctor InitializeComponent done
[2026-06-29 11:08:16] SplashScreenView.ctor done
[2026-06-29 11:08:16] MainWindow set to SplashScreenView
[2026-06-29 11:08:16] SplashScreenView.Loaded
[2026-06-29 11:08:16] SplashScreenView.Show() returned
[2026-06-29 11:08:27] SplashScreenView.LoadingComplete
[2026-06-29 11:08:28] ShowMainWindow: show ElevationDialog first
[2026-06-29 11:08:35] ElevationDialog result: ContinueNormal
[2026-06-29 11:08:35] MainFormView.ctor begin
[2026-06-29 11:08:35] MainFormView.ctor InitializeComponent done
[2026-06-29 11:08:36] MainFormView.Loaded
[2026-06-29 11:08:36] MainFormView.PlayWindowEnterAnimation OK
[2026-06-29 11:08:36] SplashScreenView.Closed
[2026-06-29 11:09:22] PerformExitCleanup: done
[2026-06-29 11:09:22] PerformExitCleanup: done
[2026-06-29 11:14:27] OnStartup
[2026-06-29 11:14:27] Password verification skipped: IsLaunchedByExe=true
[2026-06-29 11:14:27] Password verification passed
[2026-06-29 11:14:27] AURORA_PERF_TIER=Extreme
[2026-06-29 11:14:27] AURORA_LANGUAGE=CHS
[2026-06-29 11:14:27] AURORA_IS_LAUNCHED_BY_EXE=True
[2026-06-29 11:14:27] WARNING: Required directory missing: G:\PowerShellBat\Scripts
[2026-06-29 11:14:27] WARNING: Required directory missing: G:\PowerShellBat\Scripts\Core
[2026-06-29 11:14:27] WARNING: Required directory missing: G:\PowerShellBat\Scripts\Security
[2026-06-29 11:14:27] WARNING: Required directory missing: G:\PowerShellBat\Scripts\PRO
[2026-06-29 11:14:27] WARNING: Required directory missing: G:\PowerShellBat\Scripts\Engines
[2026-06-29 11:14:27] WARNING: Required directory missing: G:\PowerShellBat\Scripts\Session
[2026-06-29 11:14:27] WARNING: Required directory missing: G:\PowerShellBat\Scripts\GUI
[2026-06-29 11:14:27] WARNING: Required directory missing: G:\PowerShellBat\Scripts\UI
[2026-06-29 11:14:27] WARNING: Required file missing: G:\PowerShellBat\Scripts\Core\AURORA-CoreEngine.ps1
[2026-06-29 11:14:27] WARNING: Required file missing: G:\PowerShellBat\Scripts\Security\AURORA-SecurityModule.ps1
[2026-06-29 11:14:27] WARNING: Required file missing: G:\PowerShellBat\Scripts\PRO\AURORA-AnalyzerPRO-Engine.ps1
[2026-06-29 11:14:27] VerifyDirectoryIntegrity: OK
[2026-06-29 11:14:27] Directory integrity check passed
[2026-06-29 11:14:28] IntegrityGuard detection: NONE
[2026-06-29 11:14:28] IntegrityGuard initialized
[2026-06-29 11:14:28] ElevationService configured
[2026-06-29 11:14:28] Creating SplashScreenView
[2026-06-29 11:14:28] SplashScreenView.ctor begin
[2026-06-29 11:14:28] SplashScreenView.ctor InitializeComponent done
[2026-06-29 11:14:28] SplashScreenView.ctor done
[2026-06-29 11:14:28] MainWindow set to SplashScreenView
[2026-06-29 11:14:29] SplashScreenView.Loaded
[2026-06-29 11:14:29] SplashScreenView.Show() returned
[2026-06-29 11:14:40] SplashScreenView.LoadingComplete
[2026-06-29 11:14:41] ShowMainWindow: show ElevationDialog first
[2026-06-29 11:15:03] ElevationDialog result: ContinueNormal
[2026-06-29 11:15:03] MainFormView.ctor begin
[2026-06-29 11:15:03] MainFormView.ctor InitializeComponent done
[2026-06-29 11:15:03] MainFormView.Loaded
[2026-06-29 11:15:03] MainFormView.PlayWindowEnterAnimation OK
[2026-06-29 11:15:03] SplashScreenView.Closed
[2026-06-29 11:15:26] PerformExitCleanup: done
[2026-06-29 11:15:26] PerformExitCleanup: done
[2026-06-29 11:17:48] OnStartup
[2026-06-29 11:17:48] Password verification skipped: IsLaunchedByExe=true
[2026-06-29 11:17:48] Password verification passed
[2026-06-29 11:17:48] AURORA_PERF_TIER=Extreme
[2026-06-29 11:17:48] AURORA_LANGUAGE=CHS
[2026-06-29 11:17:48] AURORA_IS_LAUNCHED_BY_EXE=True
[2026-06-29 11:17:48] WARNING: Required directory missing: G:\PowerShellBat\Scripts
[2026-06-29 11:17:48] WARNING: Required directory missing: G:\PowerShellBat\Scripts\Core
[2026-06-29 11:17:48] WARNING: Required directory missing: G:\PowerShellBat\Scripts\Security
[2026-06-29 11:17:48] WARNING: Required directory missing: G:\PowerShellBat\Scripts\PRO
[2026-06-29 11:17:48] WARNING: Required directory missing: G:\PowerShellBat\Scripts\Engines
[2026-06-29 11:17:48] WARNING: Required directory missing: G:\PowerShellBat\Scripts\Session
[2026-06-29 11:17:48] WARNING: Required directory missing: G:\PowerShellBat\Scripts\GUI
[2026-06-29 11:17:48] WARNING: Required directory missing: G:\PowerShellBat\Scripts\UI
[2026-06-29 11:17:48] WARNING: Required file missing: G:\PowerShellBat\Scripts\Core\AURORA-CoreEngine.ps1
[2026-06-29 11:17:48] WARNING: Required file missing: G:\PowerShellBat\Scripts\Security\AURORA-SecurityModule.ps1
[2026-06-29 11:17:48] WARNING: Required file missing: G:\PowerShellBat\Scripts\PRO\AURORA-AnalyzerPRO-Engine.ps1
[2026-06-29 11:17:48] VerifyDirectoryIntegrity: OK
[2026-06-29 11:17:48] Directory integrity check passed
[2026-06-29 11:17:48] IntegrityGuard detection: NONE
[2026-06-29 11:17:48] IntegrityGuard initialized
[2026-06-29 11:17:48] ElevationService configured
[2026-06-29 11:17:48] Creating SplashScreenView
[2026-06-29 11:17:48] SplashScreenView.ctor begin
[2026-06-29 11:17:49] SplashScreenView.ctor InitializeComponent done
[2026-06-29 11:17:49] SplashScreenView.ctor done
[2026-06-29 11:17:49] MainWindow set to SplashScreenView
[2026-06-29 11:17:49] SplashScreenView.Loaded
[2026-06-29 11:17:49] SplashScreenView.Show() returned
[2026-06-29 11:18:00] SplashScreenView.LoadingComplete
[2026-06-29 11:18:01] ShowMainWindow: show ElevationDialog first
[2026-06-29 11:18:30] ElevationDialog result: ContinueNormal
[2026-06-29 11:18:30] MainFormView.ctor begin
[2026-06-29 11:18:30] MainFormView.ctor InitializeComponent done
[2026-06-29 11:18:30] MainFormView.Loaded
[2026-06-29 11:18:30] MainFormView.PlayWindowEnterAnimation OK
[2026-06-29 11:18:30] SplashScreenView.Closed
[2026-06-29 11:19:53] PerformExitCleanup: done
[2026-06-29 11:19:53] PerformExitCleanup: done
[2026-06-29 11:40:04] OnStartup
[2026-06-29 11:40:04] Password verification skipped: IsLaunchedByExe=true
[2026-06-29 11:40:04] Password verification passed
[2026-06-29 11:40:04] AURORA_PERF_TIER=Extreme
[2026-06-29 11:40:04] AURORA_LANGUAGE=CHS
[2026-06-29 11:40:04] AURORA_IS_LAUNCHED_BY_EXE=True
[2026-06-29 11:40:04] WARNING: Required directory missing: G:\PowerShellBat\Scripts
[2026-06-29 11:40:04] WARNING: Required directory missing: G:\PowerShellBat\Scripts\Core
[2026-06-29 11:40:04] WARNING: Required directory missing: G:\PowerShellBat\Scripts\Security
[2026-06-29 11:40:04] WARNING: Required directory missing: G:\PowerShellBat\Scripts\PRO
[2026-06-29 11:40:04] WARNING: Required directory missing: G:\PowerShellBat\Scripts\Engines
[2026-06-29 11:40:04] WARNING: Required directory missing: G:\PowerShellBat\Scripts\Session
[2026-06-29 11:40:04] WARNING: Required directory missing: G:\PowerShellBat\Scripts\GUI
[2026-06-29 11:40:04] WARNING: Required directory missing: G:\PowerShellBat\Scripts\UI
[2026-06-29 11:40:04] WARNING: Required file missing: G:\PowerShellBat\Scripts\Core\AURORA-CoreEngine.ps1
[2026-06-29 11:40:04] WARNING: Required file missing: G:\PowerShellBat\Scripts\Security\AURORA-SecurityModule.ps1
[2026-06-29 11:40:04] WARNING: Required file missing: G:\PowerShellBat\Scripts\PRO\AURORA-AnalyzerPRO-Engine.ps1
[2026-06-29 11:40:04] VerifyDirectoryIntegrity: OK
[2026-06-29 11:40:04] Directory integrity check passed
[2026-06-29 11:40:04] IntegrityGuard detection: NONE
[2026-06-29 11:40:04] IntegrityGuard initialized
[2026-06-29 11:40:04] ElevationService configured
[2026-06-29 11:40:05] Creating SplashScreenView
[2026-06-29 11:40:05] SplashScreenView.ctor begin
[2026-06-29 11:40:05] SplashScreenView.ctor InitializeComponent done
[2026-06-29 11:40:05] SplashScreenView.ctor done
[2026-06-29 11:40:05] MainWindow set to SplashScreenView
[2026-06-29 11:40:05] SplashScreenView.Loaded
[2026-06-29 11:40:05] SplashScreenView.Show() returned
[2026-06-29 11:40:17] SplashScreenView.LoadingComplete
[2026-06-29 11:40:17] ShowMainWindow: show ElevationDialog first
[2026-06-29 11:40:22] ElevationDialog result: ContinueNormal
[2026-06-29 11:40:22] MainFormView.ctor begin
[2026-06-29 11:40:22] MainFormView.ctor InitializeComponent done
[2026-06-29 11:40:22] MainFormView.Loaded
[2026-06-29 11:40:22] MainFormView.PlayWindowEnterAnimation OK
[2026-06-29 11:40:22] SplashScreenView.Closed
[2026-06-29 11:41:52] ProModeView.ctor begin
[2026-06-29 11:41:52] ProModeView.ctor InitializeComponent done
[2026-06-29 11:41:52] [PRO-SWITCH] PlayWindowExitAnimationForModeSwitch begin
[2026-06-29 11:41:54] ProModeView.OnWindowLoaded begin
[2026-06-29 11:41:54] ProModeView IntegrityGuard runtime monitoring started
[2026-06-29 11:41:54] ProModeView.PlayProModeWindowEnter begin
[2026-06-29 11:41:54] ProModeView.PlayProModeWindowEnter scheduled
[2026-06-29 11:41:54] ProModeView.OnWindowLoaded end
[2026-06-29 11:42:58] PerformExitCleanup: done
[2026-06-29 11:42:58] PerformExitCleanup: done
[2026-06-29 12:51:30] OnStartup
[2026-06-29 12:51:30] Password verification skipped: IsLaunchedByExe=true
[2026-06-29 12:51:30] Password verification passed
[2026-06-29 12:51:30] AURORA_PERF_TIER=Extreme
[2026-06-29 12:51:30] AURORA_LANGUAGE=CHS
[2026-06-29 12:51:30] AURORA_IS_LAUNCHED_BY_EXE=True
[2026-06-29 12:51:30] WARNING: Required directory missing: G:\PowerShellBat\Scripts
[2026-06-29 12:51:30] WARNING: Required directory missing: G:\PowerShellBat\Scripts\Core
[2026-06-29 12:51:30] WARNING: Required directory missing: G:\PowerShellBat\Scripts\Security
[2026-06-29 12:51:30] WARNING: Required directory missing: G:\PowerShellBat\Scripts\PRO
[2026-06-29 12:51:30] WARNING: Required directory missing: G:\PowerShellBat\Scripts\Engines
[2026-06-29 12:51:30] WARNING: Required directory missing: G:\PowerShellBat\Scripts\Session
[2026-06-29 12:51:30] WARNING: Required directory missing: G:\PowerShellBat\Scripts\GUI
[2026-06-29 12:51:30] WARNING: Required directory missing: G:\PowerShellBat\Scripts\UI
[2026-06-29 12:51:30] WARNING: Required file missing: G:\PowerShellBat\Scripts\Core\AURORA-CoreEngine.ps1
[2026-06-29 12:51:30] WARNING: Required file missing: G:\PowerShellBat\Scripts\Security\AURORA-SecurityModule.ps1
[2026-06-29 12:51:30] WARNING: Required file missing: G:\PowerShellBat\Scripts\PRO\AURORA-AnalyzerPRO-Engine.ps1
[2026-06-29 12:51:30] VerifyDirectoryIntegrity: OK
[2026-06-29 12:51:30] Directory integrity check passed
[2026-06-29 12:51:30] IntegrityGuard detection: NONE
[2026-06-29 12:51:30] IntegrityGuard initialized
[2026-06-29 12:51:30] ElevationService configured
[2026-06-29 12:51:31] Creating SplashScreenView
[2026-06-29 12:51:31] SplashScreenView.ctor begin
[2026-06-29 12:51:31] SplashScreenView.ctor InitializeComponent done
[2026-06-29 12:51:31] SplashScreenView.ctor done
[2026-06-29 12:51:31] MainWindow set to SplashScreenView
[2026-06-29 12:51:31] SplashScreenView.Loaded
[2026-06-29 12:51:31] SplashScreenView.Show() returned
[2026-06-29 12:51:43] SplashScreenView.LoadingComplete
[2026-06-29 12:51:43] ShowMainWindow: show ElevationDialog first
[2026-06-29 12:51:59] ElevationDialog result: ContinueNormal
[2026-06-29 12:51:59] MainFormView.ctor begin
[2026-06-29 12:51:59] MainFormView.ctor InitializeComponent done
[2026-06-29 12:51:59] MainFormView.Loaded
[2026-06-29 12:51:59] MainFormView.PlayWindowEnterAnimation OK
[2026-06-29 12:51:59] SplashScreenView.Closed
[2026-06-29 12:52:10] ProModeView.ctor begin
[2026-06-29 12:52:10] ProModeView.ctor InitializeComponent done
[2026-06-29 12:52:10] [PRO-SWITCH] PlayWindowExitAnimationForModeSwitch begin
[2026-06-29 12:52:11] ProModeView.OnWindowLoaded begin
[2026-06-29 12:52:11] ProModeView IntegrityGuard runtime monitoring started
[2026-06-29 12:52:11] ProModeView.PlayProModeWindowEnter begin
[2026-06-29 12:52:11] ProModeView.PlayProModeWindowEnter scheduled
[2026-06-29 12:52:11] ProModeView.OnWindowLoaded end
[2026-06-29 12:52:26] PerformExitCleanup: done
[2026-06-29 12:52:26] PerformExitCleanup: done
[2026-06-29 12:53:23] OnStartup
[2026-06-29 12:53:23] Password verification skipped: IsLaunchedByExe=true
[2026-06-29 12:53:23] Password verification passed
[2026-06-29 12:53:23] AURORA_PERF_TIER=Extreme
[2026-06-29 12:53:23] AURORA_LANGUAGE=CHS
[2026-06-29 12:53:23] AURORA_IS_LAUNCHED_BY_EXE=True
[2026-06-29 12:53:23] WARNING: Required directory missing: G:\PowerShellBat\Scripts
[2026-06-29 12:53:23] WARNING: Required directory missing: G:\PowerShellBat\Scripts\Core
[2026-06-29 12:53:23] WARNING: Required directory missing: G:\PowerShellBat\Scripts\Security
[2026-06-29 12:53:23] WARNING: Required directory missing: G:\PowerShellBat\Scripts\PRO
[2026-06-29 12:53:23] WARNING: Required directory missing: G:\PowerShellBat\Scripts\Engines
[2026-06-29 12:53:23] WARNING: Required directory missing: G:\PowerShellBat\Scripts\Session
[2026-06-29 12:53:23] WARNING: Required directory missing: G:\PowerShellBat\Scripts\GUI
[2026-06-29 12:53:23] WARNING: Required directory missing: G:\PowerShellBat\Scripts\UI
[2026-06-29 12:53:23] WARNING: Required file missing: G:\PowerShellBat\Scripts\Core\AURORA-CoreEngine.ps1
[2026-06-29 12:53:23] WARNING: Required file missing: G:\PowerShellBat\Scripts\Security\AURORA-SecurityModule.ps1
[2026-06-29 12:53:23] WARNING: Required file missing: G:\PowerShellBat\Scripts\PRO\AURORA-AnalyzerPRO-Engine.ps1
[2026-06-29 12:53:23] VerifyDirectoryIntegrity: OK
[2026-06-29 12:53:23] Directory integrity check passed
[2026-06-29 12:53:23] IntegrityGuard detection: NONE
[2026-06-29 12:53:23] IntegrityGuard initialized
[2026-06-29 12:53:23] ElevationService configured
[2026-06-29 12:53:24] Creating SplashScreenView
[2026-06-29 12:53:24] SplashScreenView.ctor begin
[2026-06-29 12:53:24] SplashScreenView.ctor InitializeComponent done
[2026-06-29 12:53:24] SplashScreenView.ctor done
[2026-06-29 12:53:24] MainWindow set to SplashScreenView
[2026-06-29 12:53:24] SplashScreenView.Loaded
[2026-06-29 12:53:24] SplashScreenView.Show() returned
[2026-06-29 12:53:36] SplashScreenView.LoadingComplete
[2026-06-29 12:53:37] ShowMainWindow: show ElevationDialog first
[2026-06-29 12:53:59] ElevationDialog result: ContinueNormal
[2026-06-29 12:53:59] MainFormView.ctor begin
[2026-06-29 12:53:59] MainFormView.ctor InitializeComponent done
[2026-06-29 12:54:00] MainFormView.Loaded
[2026-06-29 12:54:00] MainFormView.PlayWindowEnterAnimation OK
[2026-06-29 12:54:00] SplashScreenView.Closed
[2026-06-29 12:54:24] ProModeView.ctor begin
[2026-06-29 12:54:24] ProModeView.ctor InitializeComponent done
[2026-06-29 12:54:24] [PRO-SWITCH] PlayWindowExitAnimationForModeSwitch begin
[2026-06-29 12:54:26] ProModeView.OnWindowLoaded begin
[2026-06-29 12:54:26] ProModeView IntegrityGuard runtime monitoring started
[2026-06-29 12:54:26] ProModeView.PlayProModeWindowEnter begin
[2026-06-29 12:54:26] ProModeView.PlayProModeWindowEnter scheduled
[2026-06-29 12:54:26] ProModeView.OnWindowLoaded end
[2026-06-29 12:56:30] PerformExitCleanup: done
[2026-06-29 12:56:30] PerformExitCleanup: done
[2026-06-29 13:22:02] OnStartup
[2026-06-29 13:22:02] Password verification skipped: IsLaunchedByExe=true
[2026-06-29 13:22:02] Password verification passed
[2026-06-29 13:22:02] AURORA_PERF_TIER=Extreme
[2026-06-29 13:22:02] AURORA_LANGUAGE=CHS
[2026-06-29 13:22:02] AURORA_IS_LAUNCHED_BY_EXE=True
[2026-06-29 13:22:02] WARNING: Required directory missing: G:\PowerShellBat\Scripts
[2026-06-29 13:22:02] WARNING: Required directory missing: G:\PowerShellBat\Scripts\Core
[2026-06-29 13:22:02] WARNING: Required directory missing: G:\PowerShellBat\Scripts\Security
[2026-06-29 13:22:02] WARNING: Required directory missing: G:\PowerShellBat\Scripts\PRO
[2026-06-29 13:22:02] WARNING: Required directory missing: G:\PowerShellBat\Scripts\Engines
[2026-06-29 13:22:02] WARNING: Required directory missing: G:\PowerShellBat\Scripts\Session
[2026-06-29 13:22:02] WARNING: Required directory missing: G:\PowerShellBat\Scripts\GUI
[2026-06-29 13:22:02] WARNING: Required directory missing: G:\PowerShellBat\Scripts\UI
[2026-06-29 13:22:02] WARNING: Required file missing: G:\PowerShellBat\Scripts\Core\AURORA-CoreEngine.ps1
[2026-06-29 13:22:02] WARNING: Required file missing: G:\PowerShellBat\Scripts\Security\AURORA-SecurityModule.ps1
[2026-06-29 13:22:02] WARNING: Required file missing: G:\PowerShellBat\Scripts\PRO\AURORA-AnalyzerPRO-Engine.ps1
[2026-06-29 13:22:02] VerifyDirectoryIntegrity: OK
[2026-06-29 13:22:02] Directory integrity check passed
[2026-06-29 13:22:02] IntegrityGuard detection: NONE
[2026-06-29 13:22:02] IntegrityGuard initialized
[2026-06-29 13:22:02] ElevationService configured
[2026-06-29 13:22:03] Creating SplashScreenView
[2026-06-29 13:22:03] SplashScreenView.ctor begin
[2026-06-29 13:22:03] SplashScreenView.ctor InitializeComponent done
[2026-06-29 13:22:03] SplashScreenView.ctor done
[2026-06-29 13:22:03] MainWindow set to SplashScreenView
[2026-06-29 13:22:03] SplashScreenView.Loaded
[2026-06-29 13:22:03] SplashScreenView.Show() returned
[2026-06-29 13:22:15] SplashScreenView.LoadingComplete
[2026-06-29 13:22:15] ShowMainWindow: show ElevationDialog first
[2026-06-29 13:22:20] ElevationDialog result: ContinueNormal
[2026-06-29 13:22:20] MainFormView.ctor begin
[2026-06-29 13:22:20] MainFormView.ctor InitializeComponent done
[2026-06-29 13:22:20] MainFormView.Loaded
[2026-06-29 13:22:20] MainFormView.PlayWindowEnterAnimation OK
[2026-06-29 13:22:20] SplashScreenView.Closed
[2026-06-29 13:22:37] ProModeView.ctor begin
[2026-06-29 13:22:37] ProModeView.ctor InitializeComponent done
[2026-06-29 13:22:37] [PRO-SWITCH] PlayWindowExitAnimationForModeSwitch begin
[2026-06-29 13:22:39] ProModeView.OnWindowLoaded begin
[2026-06-29 13:22:39] ProModeView IntegrityGuard runtime monitoring started
[2026-06-29 13:22:39] ProModeView.PlayProModeWindowEnter begin
[2026-06-29 13:22:39] ProModeView.PlayProModeWindowEnter scheduled
[2026-06-29 13:22:39] ProModeView.OnWindowLoaded end
[2026-06-29 13:22:47] PerformExitCleanup: done
[2026-06-29 13:22:47] PerformExitCleanup: done
[2026-06-29 13:22:48] OnStartup
[2026-06-29 13:22:48] Password verification skipped: IsLaunchedByExe=true
[2026-06-29 13:22:48] Password verification passed
[2026-06-29 13:22:48] AURORA_PERF_TIER=Extreme
[2026-06-29 13:22:48] AURORA_LANGUAGE=CHS
[2026-06-29 13:22:48] AURORA_IS_LAUNCHED_BY_EXE=True
[2026-06-29 13:22:48] WARNING: Required directory missing: G:\PowerShellBat\Scripts
[2026-06-29 13:22:48] WARNING: Required directory missing: G:\PowerShellBat\Scripts\Core
[2026-06-29 13:22:48] WARNING: Required directory missing: G:\PowerShellBat\Scripts\Security
[2026-06-29 13:22:48] WARNING: Required directory missing: G:\PowerShellBat\Scripts\PRO
[2026-06-29 13:22:48] WARNING: Required directory missing: G:\PowerShellBat\Scripts\Engines
[2026-06-29 13:22:48] WARNING: Required directory missing: G:\PowerShellBat\Scripts\Session
[2026-06-29 13:22:48] WARNING: Required directory missing: G:\PowerShellBat\Scripts\GUI
[2026-06-29 13:22:48] WARNING: Required directory missing: G:\PowerShellBat\Scripts\UI
[2026-06-29 13:22:48] WARNING: Required file missing: G:\PowerShellBat\Scripts\Core\AURORA-CoreEngine.ps1
[2026-06-29 13:22:48] WARNING: Required file missing: G:\PowerShellBat\Scripts\Security\AURORA-SecurityModule.ps1
[2026-06-29 13:22:48] WARNING: Required file missing: G:\PowerShellBat\Scripts\PRO\AURORA-AnalyzerPRO-Engine.ps1
[2026-06-29 13:22:48] VerifyDirectoryIntegrity: OK
[2026-06-29 13:22:48] Directory integrity check passed
[2026-06-29 13:22:48] IntegrityGuard detection: NONE
[2026-06-29 13:22:48] IntegrityGuard initialized
[2026-06-29 13:22:48] ElevationService configured
[2026-06-29 13:22:49] Creating SplashScreenView
[2026-06-29 13:22:49] SplashScreenView.ctor begin
[2026-06-29 13:22:49] SplashScreenView.ctor InitializeComponent done
[2026-06-29 13:22:49] SplashScreenView.ctor done
[2026-06-29 13:22:49] MainWindow set to SplashScreenView
[2026-06-29 13:22:49] SplashScreenView.Loaded
[2026-06-29 13:22:49] SplashScreenView.Show() returned
[2026-06-29 13:23:01] SplashScreenView.LoadingComplete
[2026-06-29 13:23:01] ShowMainWindow: show ElevationDialog first
[2026-06-29 13:23:05] ElevationDialog result: ContinueNormal
[2026-06-29 13:23:05] MainFormView.ctor begin
[2026-06-29 13:23:05] MainFormView.ctor InitializeComponent done
[2026-06-29 13:23:05] MainFormView.Loaded
[2026-06-29 13:23:05] MainFormView.PlayWindowEnterAnimation OK
[2026-06-29 13:23:05] SplashScreenView.Closed
[2026-06-29 13:23:14] ProModeView.ctor begin
[2026-06-29 13:23:14] ProModeView.ctor InitializeComponent done
[2026-06-29 13:23:14] [PRO-SWITCH] PlayWindowExitAnimationForModeSwitch begin
[2026-06-29 13:23:15] ProModeView.OnWindowLoaded begin
[2026-06-29 13:23:15] ProModeView IntegrityGuard runtime monitoring started
[2026-06-29 13:23:15] ProModeView.PlayProModeWindowEnter begin
[2026-06-29 13:23:15] ProModeView.PlayProModeWindowEnter scheduled
[2026-06-29 13:23:15] ProModeView.OnWindowLoaded end
[2026-06-29 13:23:54] PerformExitCleanup: done
[2026-06-29 13:23:54] PerformExitCleanup: done
[2026-06-29 13:32:27] OnStartup
[2026-06-29 13:32:27] Password verification skipped: IsLaunchedByExe=true
[2026-06-29 13:32:27] Password verification passed
[2026-06-29 13:32:27] AURORA_PERF_TIER=Extreme
[2026-06-29 13:32:27] AURORA_LANGUAGE=CHS
[2026-06-29 13:32:27] AURORA_IS_LAUNCHED_BY_EXE=True
[2026-06-29 13:32:27] WARNING: Required directory missing: G:\PowerShellBat\Scripts
[2026-06-29 13:32:27] WARNING: Required directory missing: G:\PowerShellBat\Scripts\Core
[2026-06-29 13:32:27] WARNING: Required directory missing: G:\PowerShellBat\Scripts\Security
[2026-06-29 13:32:27] WARNING: Required directory missing: G:\PowerShellBat\Scripts\PRO
[2026-06-29 13:32:27] WARNING: Required directory missing: G:\PowerShellBat\Scripts\Engines
[2026-06-29 13:32:27] WARNING: Required directory missing: G:\PowerShellBat\Scripts\Session
[2026-06-29 13:32:27] WARNING: Required directory missing: G:\PowerShellBat\Scripts\GUI
[2026-06-29 13:32:27] WARNING: Required directory missing: G:\PowerShellBat\Scripts\UI
[2026-06-29 13:32:27] WARNING: Required file missing: G:\PowerShellBat\Scripts\Core\AURORA-CoreEngine.ps1
[2026-06-29 13:32:27] WARNING: Required file missing: G:\PowerShellBat\Scripts\Security\AURORA-SecurityModule.ps1
[2026-06-29 13:32:27] WARNING: Required file missing: G:\PowerShellBat\Scripts\PRO\AURORA-AnalyzerPRO-Engine.ps1
[2026-06-29 13:32:27] VerifyDirectoryIntegrity: OK
[2026-06-29 13:32:27] Directory integrity check passed
[2026-06-29 13:32:27] IntegrityGuard detection: NONE
[2026-06-29 13:32:27] IntegrityGuard initialized
[2026-06-29 13:32:27] ElevationService configured
[2026-06-29 13:32:28] Creating SplashScreenView
[2026-06-29 13:32:28] SplashScreenView.ctor begin
[2026-06-29 13:32:28] SplashScreenView.ctor InitializeComponent done
[2026-06-29 13:32:28] SplashScreenView.ctor done
[2026-06-29 13:32:28] MainWindow set to SplashScreenView
[2026-06-29 13:32:28] SplashScreenView.Loaded
[2026-06-29 13:32:28] SplashScreenView.Show() returned
[2026-06-29 13:32:40] SplashScreenView.LoadingComplete
[2026-06-29 13:32:40] ShowMainWindow: show ElevationDialog first
[2026-06-29 13:32:45] ElevationDialog result: ContinueNormal
[2026-06-29 13:32:45] MainFormView.ctor begin
[2026-06-29 13:32:45] MainFormView.ctor InitializeComponent done
[2026-06-29 13:32:45] MainFormView.Loaded
[2026-06-29 13:32:45] MainFormView.PlayWindowEnterAnimation OK
[2026-06-29 13:32:45] SplashScreenView.Closed
[2026-06-29 13:32:51] ProModeView.ctor begin
[2026-06-29 13:32:51] ProModeView.ctor InitializeComponent done
[2026-06-29 13:32:51] [PRO-SWITCH] PlayWindowExitAnimationForModeSwitch begin
[2026-06-29 13:32:53] ProModeView.OnWindowLoaded begin
[2026-06-29 13:32:53] ProModeView IntegrityGuard runtime monitoring started
[2026-06-29 13:32:53] ProModeView.PlayProModeWindowEnter begin
[2026-06-29 13:32:53] ProModeView.PlayProModeWindowEnter scheduled
[2026-06-29 13:32:53] ProModeView.OnWindowLoaded end
[2026-06-29 13:33:01] PerformExitCleanup: done
[2026-06-29 13:33:01] PerformExitCleanup: done
[2026-06-29 13:52:56] OnStartup
[2026-06-29 13:52:56] Password verification skipped: IsLaunchedByExe=true
[2026-06-29 13:52:56] Password verification passed
[2026-06-29 13:52:56] AURORA_PERF_TIER=Extreme
[2026-06-29 13:52:56] AURORA_LANGUAGE=CHS
[2026-06-29 13:52:56] AURORA_IS_LAUNCHED_BY_EXE=True
[2026-06-29 13:52:56] WARNING: Required directory missing: G:\PowerShellBat\Scripts
[2026-06-29 13:52:56] WARNING: Required directory missing: G:\PowerShellBat\Scripts\Core
[2026-06-29 13:52:56] WARNING: Required directory missing: G:\PowerShellBat\Scripts\Security
[2026-06-29 13:52:56] WARNING: Required directory missing: G:\PowerShellBat\Scripts\PRO
[2026-06-29 13:52:56] WARNING: Required directory missing: G:\PowerShellBat\Scripts\Engines
[2026-06-29 13:52:56] WARNING: Required directory missing: G:\PowerShellBat\Scripts\Session
[2026-06-29 13:52:56] WARNING: Required directory missing: G:\PowerShellBat\Scripts\GUI
[2026-06-29 13:52:56] WARNING: Required directory missing: G:\PowerShellBat\Scripts\UI
[2026-06-29 13:52:56] WARNING: Required file missing: G:\PowerShellBat\Scripts\Core\AURORA-CoreEngine.ps1
[2026-06-29 13:52:56] WARNING: Required file missing: G:\PowerShellBat\Scripts\Security\AURORA-SecurityModule.ps1
[2026-06-29 13:52:56] WARNING: Required file missing: G:\PowerShellBat\Scripts\PRO\AURORA-AnalyzerPRO-Engine.ps1
[2026-06-29 13:52:56] VerifyDirectoryIntegrity: OK
[2026-06-29 13:52:56] Directory integrity check passed
[2026-06-29 13:52:56] IntegrityGuard detection: NONE
[2026-06-29 13:52:56] IntegrityGuard initialized
[2026-06-29 13:52:56] ElevationService configured
[2026-06-29 13:52:56] Creating SplashScreenView
[2026-06-29 13:52:56] SplashScreenView.ctor begin
[2026-06-29 13:52:56] SplashScreenView.ctor InitializeComponent done
[2026-06-29 13:52:56] SplashScreenView.ctor done
[2026-06-29 13:52:56] MainWindow set to SplashScreenView
[2026-06-29 13:52:57] SplashScreenView.Loaded
[2026-06-29 13:52:57] SplashScreenView.Show() returned
[2026-06-29 13:53:08] SplashScreenView.LoadingComplete
[2026-06-29 13:53:09] ShowMainWindow: show ElevationDialog first
[2026-06-29 13:53:12] SplashScreenView.Closed
[2026-06-29 13:53:12] PerformExitCleanup: done
[2026-06-29 13:53:12] PerformExitCleanup: done
[2026-06-29 13:58:59] OnStartup
[2026-06-29 13:58:59] Password verification skipped: IsLaunchedByExe=true
[2026-06-29 13:58:59] Password verification passed
[2026-06-29 13:58:59] AURORA_PERF_TIER=Extreme
[2026-06-29 13:58:59] AURORA_LANGUAGE=CHS
[2026-06-29 13:58:59] AURORA_IS_LAUNCHED_BY_EXE=True
[2026-06-29 13:58:59] WARNING: Required directory missing: G:\PowerShellBat\Scripts
[2026-06-29 13:58:59] WARNING: Required directory missing: G:\PowerShellBat\Scripts\Core
[2026-06-29 13:58:59] WARNING: Required directory missing: G:\PowerShellBat\Scripts\Security
[2026-06-29 13:58:59] WARNING: Required directory missing: G:\PowerShellBat\Scripts\PRO
[2026-06-29 13:58:59] WARNING: Required directory missing: G:\PowerShellBat\Scripts\Engines
[2026-06-29 13:58:59] WARNING: Required directory missing: G:\PowerShellBat\Scripts\Session
[2026-06-29 13:58:59] WARNING: Required directory missing: G:\PowerShellBat\Scripts\GUI
[2026-06-29 13:58:59] WARNING: Required directory missing: G:\PowerShellBat\Scripts\UI
[2026-06-29 13:58:59] WARNING: Required file missing: G:\PowerShellBat\Scripts\Core\AURORA-CoreEngine.ps1
[2026-06-29 13:58:59] WARNING: Required file missing: G:\PowerShellBat\Scripts\Security\AURORA-SecurityModule.ps1
[2026-06-29 13:58:59] WARNING: Required file missing: G:\PowerShellBat\Scripts\PRO\AURORA-AnalyzerPRO-Engine.ps1
[2026-06-29 13:58:59] VerifyDirectoryIntegrity: OK
[2026-06-29 13:58:59] Directory integrity check passed
[2026-06-29 13:58:59] IntegrityGuard detection: NONE
[2026-06-29 13:58:59] IntegrityGuard initialized
[2026-06-29 13:58:59] ElevationService configured
[2026-06-29 13:58:59] Creating SplashScreenView
[2026-06-29 13:58:59] SplashScreenView.ctor begin
[2026-06-29 13:59:00] SplashScreenView.ctor InitializeComponent done
[2026-06-29 13:59:00] SplashScreenView.ctor done
[2026-06-29 13:59:00] MainWindow set to SplashScreenView
[2026-06-29 13:59:00] SplashScreenView.Loaded
[2026-06-29 13:59:00] SplashScreenView.Show() returned
[2026-06-29 13:59:12] SplashScreenView.LoadingComplete
[2026-06-29 13:59:12] ShowMainWindow: show ElevationDialog first
[2026-06-29 13:59:20] ElevationDialog result: ContinueNormal
[2026-06-29 13:59:20] MainFormView.ctor begin
[2026-06-29 13:59:20] MainFormView.ctor InitializeComponent done
[2026-06-29 13:59:21] MainFormView.Loaded
[2026-06-29 13:59:21] MainFormView.PlayWindowEnterAnimation OK
[2026-06-29 13:59:21] SplashScreenView.Closed
[2026-06-29 13:59:36] ProModeView.ctor begin
[2026-06-29 13:59:36] ProModeView.ctor InitializeComponent done
[2026-06-29 13:59:36] [PRO-SWITCH] PlayWindowExitAnimationForModeSwitch begin
[2026-06-29 13:59:38] ProModeView.OnWindowLoaded begin
[2026-06-29 13:59:38] ProModeView IntegrityGuard runtime monitoring started
[2026-06-29 13:59:38] ProModeView.PlayProModeWindowEnter begin
[2026-06-29 13:59:38] ProModeView.PlayProModeWindowEnter scheduled
[2026-06-29 13:59:38] ProModeView.OnWindowLoaded end
[2026-06-29 14:01:32] OnStartup
[2026-06-29 14:01:32] Password verification skipped: IsLaunchedByExe=true
[2026-06-29 14:01:32] Password verification passed
[2026-06-29 14:01:32] AURORA_PERF_TIER=Extreme
[2026-06-29 14:01:32] AURORA_LANGUAGE=CHS
[2026-06-29 14:01:32] AURORA_IS_LAUNCHED_BY_EXE=True
[2026-06-29 14:01:32] WARNING: Required directory missing: G:\PowerShellBat\Scripts
[2026-06-29 14:01:32] WARNING: Required directory missing: G:\PowerShellBat\Scripts\Core
[2026-06-29 14:01:32] WARNING: Required directory missing: G:\PowerShellBat\Scripts\Security
[2026-06-29 14:01:32] WARNING: Required directory missing: G:\PowerShellBat\Scripts\PRO
[2026-06-29 14:01:32] WARNING: Required directory missing: G:\PowerShellBat\Scripts\Engines
[2026-06-29 14:01:32] WARNING: Required directory missing: G:\PowerShellBat\Scripts\Session
[2026-06-29 14:01:32] WARNING: Required directory missing: G:\PowerShellBat\Scripts\GUI
[2026-06-29 14:01:32] WARNING: Required directory missing: G:\PowerShellBat\Scripts\UI
[2026-06-29 14:01:32] WARNING: Required file missing: G:\PowerShellBat\Scripts\Core\AURORA-CoreEngine.ps1
[2026-06-29 14:01:32] WARNING: Required file missing: G:\PowerShellBat\Scripts\Security\AURORA-SecurityModule.ps1
[2026-06-29 14:01:32] WARNING: Required file missing: G:\PowerShellBat\Scripts\PRO\AURORA-AnalyzerPRO-Engine.ps1
[2026-06-29 14:01:32] VerifyDirectoryIntegrity: OK
[2026-06-29 14:01:32] Directory integrity check passed
[2026-06-29 14:01:32] IntegrityGuard detection: NONE
[2026-06-29 14:01:32] IntegrityGuard initialized
[2026-06-29 14:01:32] ElevationService configured
[2026-06-29 14:01:32] Creating SplashScreenView
[2026-06-29 14:01:32] SplashScreenView.ctor begin
[2026-06-29 14:01:32] SplashScreenView.ctor InitializeComponent done
[2026-06-29 14:01:32] SplashScreenView.ctor done
[2026-06-29 14:01:32] MainWindow set to SplashScreenView
[2026-06-29 14:01:33] SplashScreenView.Loaded
[2026-06-29 14:01:33] SplashScreenView.Show() returned
[2026-06-29 14:01:44] SplashScreenView.LoadingComplete
[2026-06-29 14:01:45] ShowMainWindow: show ElevationDialog first
[2026-06-29 14:01:50] ElevationDialog result: ContinueNormal
[2026-06-29 14:01:50] MainFormView.ctor begin
[2026-06-29 14:01:50] MainFormView.ctor InitializeComponent done
[2026-06-29 14:01:51] MainFormView.Loaded
[2026-06-29 14:01:51] MainFormView.PlayWindowEnterAnimation OK
[2026-06-29 14:01:51] SplashScreenView.Closed
[2026-06-29 14:02:05] ProModeView.ctor begin
[2026-06-29 14:02:05] ProModeView.ctor InitializeComponent done
[2026-06-29 14:02:05] [PRO-SWITCH] PlayWindowExitAnimationForModeSwitch begin
[2026-06-29 14:02:07] ProModeView.OnWindowLoaded begin
[2026-06-29 14:02:07] ProModeView IntegrityGuard runtime monitoring started
[2026-06-29 14:02:07] ProModeView.PlayProModeWindowEnter begin
[2026-06-29 14:02:07] ProModeView.PlayProModeWindowEnter scheduled
[2026-06-29 14:02:07] ProModeView.OnWindowLoaded end
[2026-06-29 14:03:07] OnStartup
[2026-06-29 14:03:07] Password verification skipped: IsLaunchedByExe=true
[2026-06-29 14:03:07] Password verification passed
[2026-06-29 14:03:07] AURORA_PERF_TIER=Extreme
[2026-06-29 14:03:07] AURORA_LANGUAGE=CHS
[2026-06-29 14:03:07] AURORA_IS_LAUNCHED_BY_EXE=True
[2026-06-29 14:03:07] WARNING: Required directory missing: G:\PowerShellBat\Scripts
[2026-06-29 14:03:07] WARNING: Required directory missing: G:\PowerShellBat\Scripts\Core
[2026-06-29 14:03:07] WARNING: Required directory missing: G:\PowerShellBat\Scripts\Security
[2026-06-29 14:03:07] WARNING: Required directory missing: G:\PowerShellBat\Scripts\PRO
[2026-06-29 14:03:07] WARNING: Required directory missing: G:\PowerShellBat\Scripts\Engines
[2026-06-29 14:03:07] WARNING: Required directory missing: G:\PowerShellBat\Scripts\Session
[2026-06-29 14:03:07] WARNING: Required directory missing: G:\PowerShellBat\Scripts\GUI
[2026-06-29 14:03:07] WARNING: Required directory missing: G:\PowerShellBat\Scripts\UI
[2026-06-29 14:03:07] WARNING: Required file missing: G:\PowerShellBat\Scripts\Core\AURORA-CoreEngine.ps1
[2026-06-29 14:03:07] WARNING: Required file missing: G:\PowerShellBat\Scripts\Security\AURORA-SecurityModule.ps1
[2026-06-29 14:03:07] WARNING: Required file missing: G:\PowerShellBat\Scripts\PRO\AURORA-AnalyzerPRO-Engine.ps1
[2026-06-29 14:03:07] VerifyDirectoryIntegrity: OK
[2026-06-29 14:03:07] Directory integrity check passed
[2026-06-29 14:03:07] IntegrityGuard detection: NONE
[2026-06-29 14:03:07] IntegrityGuard initialized
[2026-06-29 14:03:07] ElevationService configured
[2026-06-29 14:03:08] Creating SplashScreenView
[2026-06-29 14:03:08] SplashScreenView.ctor begin
[2026-06-29 14:03:08] SplashScreenView.ctor InitializeComponent done
[2026-06-29 14:03:08] SplashScreenView.ctor done
[2026-06-29 14:03:08] MainWindow set to SplashScreenView
[2026-06-29 14:03:08] SplashScreenView.Loaded
[2026-06-29 14:03:08] SplashScreenView.Show() returned
[2026-06-29 14:03:20] SplashScreenView.LoadingComplete
[2026-06-29 14:03:20] ShowMainWindow: show ElevationDialog first
[2026-06-29 14:03:24] ElevationDialog result: ContinueNormal
[2026-06-29 14:03:24] MainFormView.ctor begin
[2026-06-29 14:03:24] MainFormView.ctor InitializeComponent done
[2026-06-29 14:03:24] MainFormView.Loaded
[2026-06-29 14:03:24] MainFormView.PlayWindowEnterAnimation OK
[2026-06-29 14:03:24] SplashScreenView.Closed
[2026-06-29 14:03:29] ProModeView.ctor begin
[2026-06-29 14:03:29] ProModeView.ctor InitializeComponent done
[2026-06-29 14:03:29] [PRO-SWITCH] PlayWindowExitAnimationForModeSwitch begin
[2026-06-29 14:03:31] ProModeView.OnWindowLoaded begin
[2026-06-29 14:03:31] ProModeView IntegrityGuard runtime monitoring started
[2026-06-29 14:03:31] ProModeView.PlayProModeWindowEnter begin
[2026-06-29 14:03:31] ProModeView.PlayProModeWindowEnter scheduled
[2026-06-29 14:03:31] ProModeView.OnWindowLoaded end
[2026-06-29 14:09:42] OnStartup
[2026-06-29 14:09:42] Password verification skipped: IsLaunchedByExe=true
[2026-06-29 14:09:42] Password verification passed
[2026-06-29 14:09:42] AURORA_PERF_TIER=Extreme
[2026-06-29 14:09:42] AURORA_LANGUAGE=CHS
[2026-06-29 14:09:42] AURORA_IS_LAUNCHED_BY_EXE=True
[2026-06-29 14:09:42] WARNING: Required directory missing: G:\PowerShellBat\Scripts
[2026-06-29 14:09:42] WARNING: Required directory missing: G:\PowerShellBat\Scripts\Core
[2026-06-29 14:09:42] WARNING: Required directory missing: G:\PowerShellBat\Scripts\Security
[2026-06-29 14:09:42] WARNING: Required directory missing: G:\PowerShellBat\Scripts\PRO
[2026-06-29 14:09:42] WARNING: Required directory missing: G:\PowerShellBat\Scripts\Engines
[2026-06-29 14:09:42] WARNING: Required directory missing: G:\PowerShellBat\Scripts\Session
[2026-06-29 14:09:42] WARNING: Required directory missing: G:\PowerShellBat\Scripts\GUI
[2026-06-29 14:09:42] WARNING: Required directory missing: G:\PowerShellBat\Scripts\UI
[2026-06-29 14:09:42] WARNING: Required file missing: G:\PowerShellBat\Scripts\Core\AURORA-CoreEngine.ps1
[2026-06-29 14:09:42] WARNING: Required file missing: G:\PowerShellBat\Scripts\Security\AURORA-SecurityModule.ps1
[2026-06-29 14:09:42] WARNING: Required file missing: G:\PowerShellBat\Scripts\PRO\AURORA-AnalyzerPRO-Engine.ps1
[2026-06-29 14:09:42] VerifyDirectoryIntegrity: OK
[2026-06-29 14:09:42] Directory integrity check passed
[2026-06-29 14:09:42] IntegrityGuard detection: NONE
[2026-06-29 14:09:42] IntegrityGuard initialized
[2026-06-29 14:09:42] ElevationService configured
[2026-06-29 14:09:43] Creating SplashScreenView
[2026-06-29 14:09:43] SplashScreenView.ctor begin
[2026-06-29 14:09:43] SplashScreenView.ctor InitializeComponent done
[2026-06-29 14:09:43] SplashScreenView.ctor done
[2026-06-29 14:09:43] MainWindow set to SplashScreenView
[2026-06-29 14:09:44] SplashScreenView.Loaded
[2026-06-29 14:09:44] SplashScreenView.Show() returned
[2026-06-29 14:09:55] SplashScreenView.LoadingComplete
[2026-06-29 14:09:56] ShowMainWindow: show ElevationDialog first
[2026-06-29 14:10:04] ElevationDialog result: ContinueNormal
[2026-06-29 14:10:04] MainFormView.ctor begin
[2026-06-29 14:10:04] MainFormView.ctor InitializeComponent done
[2026-06-29 14:10:04] MainFormView.Loaded
[2026-06-29 14:10:04] MainFormView.PlayWindowEnterAnimation OK
[2026-06-29 14:10:04] SplashScreenView.Closed
[2026-06-29 14:10:14] ProModeView.ctor begin
[2026-06-29 14:10:14] ProModeView.ctor InitializeComponent done
[2026-06-29 14:10:14] [PRO-SWITCH] PlayWindowExitAnimationForModeSwitch begin
[2026-06-29 14:10:16] ProModeView.OnWindowLoaded begin
[2026-06-29 14:10:16] ProModeView IntegrityGuard runtime monitoring started
[2026-06-29 14:10:16] ProModeView.PlayProModeWindowEnter begin
[2026-06-29 14:10:16] ProModeView.PlayProModeWindowEnter scheduled
[2026-06-29 14:10:16] ProModeView.OnWindowLoaded end
[2026-06-29 14:11:24] OnStartup
[2026-06-29 14:11:24] Password verification skipped: IsLaunchedByExe=true
[2026-06-29 14:11:24] Password verification passed
[2026-06-29 14:11:24] AURORA_PERF_TIER=Extreme
[2026-06-29 14:11:24] AURORA_LANGUAGE=CHS
[2026-06-29 14:11:24] AURORA_IS_LAUNCHED_BY_EXE=True
[2026-06-29 14:11:24] WARNING: Required directory missing: G:\PowerShellBat\Scripts
[2026-06-29 14:11:24] WARNING: Required directory missing: G:\PowerShellBat\Scripts\Core
[2026-06-29 14:11:24] WARNING: Required directory missing: G:\PowerShellBat\Scripts\Security
[2026-06-29 14:11:24] WARNING: Required directory missing: G:\PowerShellBat\Scripts\PRO
[2026-06-29 14:11:24] WARNING: Required directory missing: G:\PowerShellBat\Scripts\Engines
[2026-06-29 14:11:24] WARNING: Required directory missing: G:\PowerShellBat\Scripts\Session
[2026-06-29 14:11:24] WARNING: Required directory missing: G:\PowerShellBat\Scripts\GUI
[2026-06-29 14:11:24] WARNING: Required directory missing: G:\PowerShellBat\Scripts\UI
[2026-06-29 14:11:24] WARNING: Required file missing: G:\PowerShellBat\Scripts\Core\AURORA-CoreEngine.ps1
[2026-06-29 14:11:24] WARNING: Required file missing: G:\PowerShellBat\Scripts\Security\AURORA-SecurityModule.ps1
[2026-06-29 14:11:24] WARNING: Required file missing: G:\PowerShellBat\Scripts\PRO\AURORA-AnalyzerPRO-Engine.ps1
[2026-06-29 14:11:24] VerifyDirectoryIntegrity: OK
[2026-06-29 14:11:24] Directory integrity check passed
[2026-06-29 14:11:24] IntegrityGuard detection: NONE
[2026-06-29 14:11:24] IntegrityGuard initialized
[2026-06-29 14:11:24] ElevationService configured
[2026-06-29 14:11:24] Creating SplashScreenView
[2026-06-29 14:11:24] SplashScreenView.ctor begin
[2026-06-29 14:11:24] SplashScreenView.ctor InitializeComponent done
[2026-06-29 14:11:24] SplashScreenView.ctor done
[2026-06-29 14:11:24] MainWindow set to SplashScreenView
[2026-06-29 14:11:25] SplashScreenView.Loaded
[2026-06-29 14:11:25] SplashScreenView.Show() returned
[2026-06-29 14:11:36] SplashScreenView.LoadingComplete
[2026-06-29 14:11:37] ShowMainWindow: show ElevationDialog first
[2026-06-29 14:11:41] ElevationDialog result: ContinueNormal
[2026-06-29 14:11:41] MainFormView.ctor begin
[2026-06-29 14:11:41] MainFormView.ctor InitializeComponent done
[2026-06-29 14:11:41] MainFormView.Loaded
[2026-06-29 14:11:41] MainFormView.PlayWindowEnterAnimation OK
[2026-06-29 14:11:41] SplashScreenView.Closed
[2026-06-29 14:11:48] ProModeView.ctor begin
[2026-06-29 14:11:48] ProModeView.ctor InitializeComponent done
[2026-06-29 14:11:48] [PRO-SWITCH] PlayWindowExitAnimationForModeSwitch begin
[2026-06-29 14:11:49] ProModeView.OnWindowLoaded begin
[2026-06-29 14:11:50] ProModeView IntegrityGuard runtime monitoring started
[2026-06-29 14:11:50] ProModeView.PlayProModeWindowEnter begin
[2026-06-29 14:11:50] ProModeView.PlayProModeWindowEnter scheduled
[2026-06-29 14:11:50] ProModeView.OnWindowLoaded end
[2026-06-29 14:22:11] PerformExitCleanup: done
[2026-06-29 14:22:11] PerformExitCleanup: done
[2026-06-29 16:12:54] OnStartup
[2026-06-29 16:12:54] Password verification skipped: IsLaunchedByExe=true
[2026-06-29 16:12:54] Password verification passed
[2026-06-29 16:12:54] AURORA_PERF_TIER=Extreme
[2026-06-29 16:12:54] AURORA_LANGUAGE=CHS
[2026-06-29 16:12:54] AURORA_IS_LAUNCHED_BY_EXE=True
[2026-06-29 16:12:54] WARNING: Required directory missing: G:\PowerShellBat\Scripts
[2026-06-29 16:12:54] WARNING: Required directory missing: G:\PowerShellBat\Scripts\Core
[2026-06-29 16:12:54] WARNING: Required directory missing: G:\PowerShellBat\Scripts\Security
[2026-06-29 16:12:54] WARNING: Required directory missing: G:\PowerShellBat\Scripts\PRO
[2026-06-29 16:12:54] WARNING: Required directory missing: G:\PowerShellBat\Scripts\Engines
[2026-06-29 16:12:54] WARNING: Required directory missing: G:\PowerShellBat\Scripts\Session
[2026-06-29 16:12:54] WARNING: Required directory missing: G:\PowerShellBat\Scripts\GUI
[2026-06-29 16:12:54] WARNING: Required directory missing: G:\PowerShellBat\Scripts\UI
[2026-06-29 16:12:54] WARNING: Required file missing: G:\PowerShellBat\Scripts\Core\AURORA-CoreEngine.ps1
[2026-06-29 16:12:54] WARNING: Required file missing: G:\PowerShellBat\Scripts\Security\AURORA-SecurityModule.ps1
[2026-06-29 16:12:54] WARNING: Required file missing: G:\PowerShellBat\Scripts\PRO\AURORA-AnalyzerPRO-Engine.ps1
[2026-06-29 16:12:54] VerifyDirectoryIntegrity: OK
[2026-06-29 16:12:54] Directory integrity check passed
[2026-06-29 16:12:54] IntegrityGuard detection: NONE
[2026-06-29 16:12:54] IntegrityGuard initialized
[2026-06-29 16:12:54] ElevationService configured
[2026-06-29 16:12:54] Creating SplashScreenView
[2026-06-29 16:12:54] SplashScreenView.ctor begin
[2026-06-29 16:12:55] SplashScreenView.ctor InitializeComponent done
[2026-06-29 16:12:55] SplashScreenView.ctor done
[2026-06-29 16:12:55] MainWindow set to SplashScreenView
[2026-06-29 16:12:55] SplashScreenView.Loaded
[2026-06-29 16:12:55] SplashScreenView.Show() returned
[2026-06-29 16:13:07] SplashScreenView.LoadingComplete
[2026-06-29 16:13:07] ShowMainWindow: show ElevationDialog first
[2026-06-29 16:14:30] ElevationDialog result: ContinueNormal
[2026-06-29 16:14:30] MainFormView.ctor begin
[2026-06-29 16:14:30] MainFormView.ctor InitializeComponent done
[2026-06-29 16:14:31] MainFormView.Loaded
[2026-06-29 16:14:31] MainFormView.PlayWindowEnterAnimation OK
[2026-06-29 16:14:31] SplashScreenView.Closed
[2026-06-29 16:14:41] ProModeView.ctor begin
[2026-06-29 16:14:41] ProModeView.ctor InitializeComponent done
[2026-06-29 16:14:41] [PRO-SWITCH] PlayWindowExitAnimationForModeSwitch begin
[2026-06-29 16:14:43] ProModeView.OnWindowLoaded begin
[2026-06-29 16:14:43] ProModeView IntegrityGuard runtime monitoring started
[2026-06-29 16:14:43] ProModeView.PlayProModeWindowEnter begin
[2026-06-29 16:14:43] ProModeView.PlayProModeWindowEnter scheduled
[2026-06-29 16:14:43] ProModeView.OnWindowLoaded end
[2026-06-29 17:04:25] OnStartup
[2026-06-29 17:04:25] Password verification skipped: IsLaunchedByExe=true
[2026-06-29 17:04:25] Password verification passed
[2026-06-29 17:04:25] AURORA_PERF_TIER=Extreme
[2026-06-29 17:04:25] AURORA_LANGUAGE=CHS
[2026-06-29 17:04:25] AURORA_IS_LAUNCHED_BY_EXE=True
[2026-06-29 17:04:25] WARNING: Required directory missing: G:\PowerShellBat\Scripts
[2026-06-29 17:04:25] WARNING: Required directory missing: G:\PowerShellBat\Scripts\Core
[2026-06-29 17:04:25] WARNING: Required directory missing: G:\PowerShellBat\Scripts\Security
[2026-06-29 17:04:25] WARNING: Required directory missing: G:\PowerShellBat\Scripts\PRO
[2026-06-29 17:04:25] WARNING: Required directory missing: G:\PowerShellBat\Scripts\Engines
[2026-06-29 17:04:25] WARNING: Required directory missing: G:\PowerShellBat\Scripts\Session
[2026-06-29 17:04:25] WARNING: Required directory missing: G:\PowerShellBat\Scripts\GUI
[2026-06-29 17:04:25] WARNING: Required directory missing: G:\PowerShellBat\Scripts\UI
[2026-06-29 17:04:25] WARNING: Required file missing: G:\PowerShellBat\Scripts\Core\AURORA-CoreEngine.ps1
[2026-06-29 17:04:25] WARNING: Required file missing: G:\PowerShellBat\Scripts\Security\AURORA-SecurityModule.ps1
[2026-06-29 17:04:25] WARNING: Required file missing: G:\PowerShellBat\Scripts\PRO\AURORA-AnalyzerPRO-Engine.ps1
[2026-06-29 17:04:25] VerifyDirectoryIntegrity: OK
[2026-06-29 17:04:25] Directory integrity check passed
[2026-06-29 17:04:25] IntegrityGuard detection: NONE
[2026-06-29 17:04:25] IntegrityGuard initialized
[2026-06-29 17:04:25] ElevationService configured
[2026-06-29 17:04:26] Creating SplashScreenView
[2026-06-29 17:04:26] SplashScreenView.ctor begin
[2026-06-29 17:04:26] SplashScreenView.ctor InitializeComponent done
[2026-06-29 17:04:26] SplashScreenView.ctor done
[2026-06-29 17:04:26] MainWindow set to SplashScreenView
[2026-06-29 17:04:26] SplashScreenView.Loaded
[2026-06-29 17:04:26] SplashScreenView.Show() returned
[2026-06-29 17:04:38] SplashScreenView.LoadingComplete
[2026-06-29 17:04:38] ShowMainWindow: show ElevationDialog first
[2026-06-29 17:04:49] ElevationDialog result: ContinueNormal
[2026-06-29 17:04:49] MainFormView.ctor begin
[2026-06-29 17:04:49] MainFormView.ctor InitializeComponent done
[2026-06-29 17:04:49] MainFormView.Loaded
[2026-06-29 17:04:49] MainFormView.PlayWindowEnterAnimation OK
[2026-06-29 17:04:49] SplashScreenView.Closed
[2026-06-29 17:06:44] PerformExitCleanup: done
[2026-06-29 17:06:44] PerformExitCleanup: done
[2026-06-29 17:11:29] OnStartup
[2026-06-29 17:11:29] Password verification skipped: IsLaunchedByExe=true
[2026-06-29 17:11:29] Password verification passed
[2026-06-29 17:11:29] AURORA_PERF_TIER=Extreme
[2026-06-29 17:11:29] AURORA_LANGUAGE=CHS
[2026-06-29 17:11:29] AURORA_IS_LAUNCHED_BY_EXE=True
[2026-06-29 17:11:29] WARNING: Required directory missing: G:\PowerShellBat\Scripts
[2026-06-29 17:11:29] WARNING: Required directory missing: G:\PowerShellBat\Scripts\Core
[2026-06-29 17:11:29] WARNING: Required directory missing: G:\PowerShellBat\Scripts\Security
[2026-06-29 17:11:29] WARNING: Required directory missing: G:\PowerShellBat\Scripts\PRO
[2026-06-29 17:11:29] WARNING: Required directory missing: G:\PowerShellBat\Scripts\Engines
[2026-06-29 17:11:29] WARNING: Required directory missing: G:\PowerShellBat\Scripts\Session
[2026-06-29 17:11:29] WARNING: Required directory missing: G:\PowerShellBat\Scripts\GUI
[2026-06-29 17:11:29] WARNING: Required directory missing: G:\PowerShellBat\Scripts\UI
[2026-06-29 17:11:29] WARNING: Required file missing: G:\PowerShellBat\Scripts\Core\AURORA-CoreEngine.ps1
[2026-06-29 17:11:29] WARNING: Required file missing: G:\PowerShellBat\Scripts\Security\AURORA-SecurityModule.ps1
[2026-06-29 17:11:29] WARNING: Required file missing: G:\PowerShellBat\Scripts\PRO\AURORA-AnalyzerPRO-Engine.ps1
[2026-06-29 17:11:29] VerifyDirectoryIntegrity: OK
[2026-06-29 17:11:29] Directory integrity check passed
[2026-06-29 17:11:29] IntegrityGuard detection: NONE
[2026-06-29 17:11:29] IntegrityGuard initialized
[2026-06-29 17:11:29] ElevationService configured
[2026-06-29 17:11:29] Creating SplashScreenView
[2026-06-29 17:11:29] SplashScreenView.ctor begin
[2026-06-29 17:11:30] SplashScreenView.ctor InitializeComponent done
[2026-06-29 17:11:30] SplashScreenView.ctor done
[2026-06-29 17:11:30] MainWindow set to SplashScreenView
[2026-06-29 17:11:30] SplashScreenView.Loaded
[2026-06-29 17:11:30] SplashScreenView.Show() returned
[2026-06-29 17:11:42] SplashScreenView.LoadingComplete
[2026-06-29 17:11:42] ShowMainWindow: show ElevationDialog first
[2026-06-29 17:11:50] ElevationDialog result: ContinueNormal
[2026-06-29 17:11:50] MainFormView.ctor begin
[2026-06-29 17:11:50] MainFormView.ctor InitializeComponent done
[2026-06-29 17:11:51] MainFormView.Loaded
[2026-06-29 17:11:51] MainFormView.PlayWindowEnterAnimation OK
[2026-06-29 17:11:51] SplashScreenView.Closed
[2026-06-29 17:12:15] ProModeView.ctor begin
[2026-06-29 17:12:15] ProModeView.ctor InitializeComponent done
[2026-06-29 17:12:15] [PRO-SWITCH] PlayWindowExitAnimationForModeSwitch begin
[2026-06-29 17:12:17] ProModeView.OnWindowLoaded begin
[2026-06-29 17:12:17] ProModeView IntegrityGuard runtime monitoring started
[2026-06-29 17:12:17] ProModeView.PlayProModeWindowEnter begin
[2026-06-29 17:12:17] ProModeView.PlayProModeWindowEnter scheduled
[2026-06-29 17:12:17] ProModeView.OnWindowLoaded end
[2026-06-29 17:24:15] PerformExitCleanup: done
[2026-06-29 17:24:15] PerformExitCleanup: done
[2026-06-29 17:35:29] OnStartup
[2026-06-29 17:35:29] Password verification skipped: IsLaunchedByExe=true
[2026-06-29 17:35:29] Password verification passed
[2026-06-29 17:35:29] AURORA_PERF_TIER=Extreme
[2026-06-29 17:35:29] AURORA_LANGUAGE=CHS
[2026-06-29 17:35:29] AURORA_IS_LAUNCHED_BY_EXE=True
[2026-06-29 17:35:29] WARNING: Required directory missing: G:\PowerShellBat\Scripts
[2026-06-29 17:35:29] WARNING: Required directory missing: G:\PowerShellBat\Scripts\Core
[2026-06-29 17:35:29] WARNING: Required directory missing: G:\PowerShellBat\Scripts\Security
[2026-06-29 17:35:29] WARNING: Required directory missing: G:\PowerShellBat\Scripts\PRO
[2026-06-29 17:35:29] WARNING: Required directory missing: G:\PowerShellBat\Scripts\Engines
[2026-06-29 17:35:29] WARNING: Required directory missing: G:\PowerShellBat\Scripts\Session
[2026-06-29 17:35:29] WARNING: Required directory missing: G:\PowerShellBat\Scripts\GUI
[2026-06-29 17:35:29] WARNING: Required directory missing: G:\PowerShellBat\Scripts\UI
[2026-06-29 17:35:29] WARNING: Required file missing: G:\PowerShellBat\Scripts\Core\AURORA-CoreEngine.ps1
[2026-06-29 17:35:29] WARNING: Required file missing: G:\PowerShellBat\Scripts\Security\AURORA-SecurityModule.ps1
[2026-06-29 17:35:29] WARNING: Required file missing: G:\PowerShellBat\Scripts\PRO\AURORA-AnalyzerPRO-Engine.ps1
[2026-06-29 17:35:29] VerifyDirectoryIntegrity: OK
[2026-06-29 17:35:29] Directory integrity check passed
[2026-06-29 17:35:29] IntegrityGuard detection: NONE
[2026-06-29 17:35:29] IntegrityGuard initialized
[2026-06-29 17:35:29] ElevationService configured
[2026-06-29 17:35:29] Creating SplashScreenView
[2026-06-29 17:35:29] SplashScreenView.ctor begin
[2026-06-29 17:35:29] SplashScreenView.ctor InitializeComponent done
[2026-06-29 17:35:29] SplashScreenView.ctor done
[2026-06-29 17:35:29] MainWindow set to SplashScreenView
[2026-06-29 17:35:30] SplashScreenView.Loaded
[2026-06-29 17:35:30] SplashScreenView.Show() returned
[2026-06-29 17:35:41] SplashScreenView.LoadingComplete
[2026-06-29 17:35:42] ShowMainWindow: show ElevationDialog first
[2026-06-29 17:35:51] ElevationDialog result: ContinueNormal
[2026-06-29 17:35:51] MainFormView.ctor begin
[2026-06-29 17:35:51] MainFormView.ctor InitializeComponent done
[2026-06-29 17:35:51] MainFormView.Loaded
[2026-06-29 17:35:51] MainFormView.PlayWindowEnterAnimation OK
[2026-06-29 17:35:51] SplashScreenView.Closed
[2026-06-29 17:37:06] ProModeView.ctor begin
[2026-06-29 17:37:06] ProModeView.ctor InitializeComponent done
[2026-06-29 17:37:06] [PRO-SWITCH] PlayWindowExitAnimationForModeSwitch begin
[2026-06-29 17:37:08] ProModeView.OnWindowLoaded begin
[2026-06-29 17:37:08] ProModeView IntegrityGuard runtime monitoring started
[2026-06-29 17:37:08] ProModeView.PlayProModeWindowEnter begin
[2026-06-29 17:37:08] ProModeView.PlayProModeWindowEnter scheduled
[2026-06-29 17:37:08] ProModeView.OnWindowLoaded end
[2026-06-29 17:39:46] PerformExitCleanup: done
[2026-06-29 17:39:46] PerformExitCleanup: done
[2026-06-29 21:41:24] OnStartup
[2026-06-29 21:41:24] Password verification skipped: IsLaunchedByExe=true
[2026-06-29 21:41:24] Password verification passed
[2026-06-29 21:41:24] AURORA_PERF_TIER=Extreme
[2026-06-29 21:41:24] AURORA_LANGUAGE=CHS
[2026-06-29 21:41:24] AURORA_IS_LAUNCHED_BY_EXE=True
[2026-06-29 21:41:24] WARNING: Required directory missing: E:\PowerShellBat\Scripts
[2026-06-29 21:41:24] WARNING: Required directory missing: E:\PowerShellBat\Scripts\Core
[2026-06-29 21:41:24] WARNING: Required directory missing: E:\PowerShellBat\Scripts\Security
[2026-06-29 21:41:24] WARNING: Required directory missing: E:\PowerShellBat\Scripts\PRO
[2026-06-29 21:41:24] WARNING: Required directory missing: E:\PowerShellBat\Scripts\Engines
[2026-06-29 21:41:24] WARNING: Required directory missing: E:\PowerShellBat\Scripts\Session
[2026-06-29 21:41:24] WARNING: Required directory missing: E:\PowerShellBat\Scripts\GUI
[2026-06-29 21:41:24] WARNING: Required directory missing: E:\PowerShellBat\Scripts\UI
[2026-06-29 21:41:24] WARNING: Required file missing: E:\PowerShellBat\Scripts\Core\AURORA-CoreEngine.ps1
[2026-06-29 21:41:24] WARNING: Required file missing: E:\PowerShellBat\Scripts\Security\AURORA-SecurityModule.ps1
[2026-06-29 21:41:24] WARNING: Required file missing: E:\PowerShellBat\Scripts\PRO\AURORA-AnalyzerPRO-Engine.ps1
[2026-06-29 21:41:24] VerifyDirectoryIntegrity: OK
[2026-06-29 21:41:24] Directory integrity check passed
[2026-06-29 21:41:24] IntegrityGuard detection: NONE
[2026-06-29 21:41:24] IntegrityGuard initialized
[2026-06-29 21:41:24] ElevationService configured
[2026-06-29 21:41:24] Creating SplashScreenView
[2026-06-29 21:41:24] SplashScreenView.ctor begin
[2026-06-29 21:41:24] SplashScreenView.ctor InitializeComponent done
[2026-06-29 21:41:24] SplashScreenView.ctor done
[2026-06-29 21:41:24] MainWindow set to SplashScreenView
[2026-06-29 21:41:25] SplashScreenView.Loaded
[2026-06-29 21:41:25] SplashScreenView.Show() returned
[2026-06-29 21:41:37] SplashScreenView.LoadingComplete
[2026-06-29 21:41:37] ShowMainWindow: show ElevationDialog first
[2026-06-29 21:48:38] ElevationDialog result: ContinueNormal
[2026-06-29 21:48:38] MainFormView.ctor begin
[2026-06-29 21:48:38] MainFormView.ctor InitializeComponent done
[2026-06-29 21:48:38] MainFormView.Loaded
[2026-06-29 21:48:38] MainFormView.PlayWindowEnterAnimation OK
[2026-06-29 21:48:38] SplashScreenView.Closed
[2026-06-29 21:53:50] ProModeView.ctor begin
[2026-06-29 21:53:50] ProModeView.ctor InitializeComponent done
[2026-06-29 21:53:50] [PRO-SWITCH] PlayWindowExitAnimationForModeSwitch begin
[2026-06-29 21:53:52] ProModeView.OnWindowLoaded begin
[2026-06-29 21:53:52] ProModeView IntegrityGuard runtime monitoring started
[2026-06-29 21:53:52] ProModeView.PlayProModeWindowEnter begin
[2026-06-29 21:53:52] ProModeView.PlayProModeWindowEnter scheduled
[2026-06-29 21:53:52] ProModeView.OnWindowLoaded end
[2026-06-29 21:58:54] PerformExitCleanup: done
[2026-06-29 21:58:54] PerformExitCleanup: done
[2026-06-29 22:19:59] OnStartup
[2026-06-29 22:19:59] Password verification skipped: IsLaunchedByExe=true
[2026-06-29 22:19:59] Password verification passed
[2026-06-29 22:20:00] AURORA_PERF_TIER=Extreme
[2026-06-29 22:20:00] AURORA_LANGUAGE=CHS
[2026-06-29 22:20:00] AURORA_IS_LAUNCHED_BY_EXE=True
[2026-06-29 22:20:00] WARNING: Required directory missing: E:\PowerShellBat\Scripts
[2026-06-29 22:20:00] WARNING: Required directory missing: E:\PowerShellBat\Scripts\Core
[2026-06-29 22:20:00] WARNING: Required directory missing: E:\PowerShellBat\Scripts\Security
[2026-06-29 22:20:00] WARNING: Required directory missing: E:\PowerShellBat\Scripts\PRO
[2026-06-29 22:20:00] WARNING: Required directory missing: E:\PowerShellBat\Scripts\Engines
[2026-06-29 22:20:00] WARNING: Required directory missing: E:\PowerShellBat\Scripts\Session
[2026-06-29 22:20:00] WARNING: Required directory missing: E:\PowerShellBat\Scripts\GUI
[2026-06-29 22:20:00] WARNING: Required directory missing: E:\PowerShellBat\Scripts\UI
[2026-06-29 22:20:00] WARNING: Required file missing: E:\PowerShellBat\Scripts\Core\AURORA-CoreEngine.ps1
[2026-06-29 22:20:00] WARNING: Required file missing: E:\PowerShellBat\Scripts\Security\AURORA-SecurityModule.ps1
[2026-06-29 22:20:00] WARNING: Required file missing: E:\PowerShellBat\Scripts\PRO\AURORA-AnalyzerPRO-Engine.ps1
[2026-06-29 22:20:00] VerifyDirectoryIntegrity: OK
[2026-06-29 22:20:00] Directory integrity check passed
[2026-06-29 22:20:00] IntegrityGuard detection: NONE
[2026-06-29 22:20:00] IntegrityGuard initialized
[2026-06-29 22:20:00] ElevationService configured
[2026-06-29 22:20:00] Creating SplashScreenView
[2026-06-29 22:20:00] SplashScreenView.ctor begin
[2026-06-29 22:20:00] SplashScreenView.ctor InitializeComponent done
[2026-06-29 22:20:00] SplashScreenView.ctor done
[2026-06-29 22:20:00] MainWindow set to SplashScreenView
[2026-06-29 22:20:01] SplashScreenView.Loaded
[2026-06-29 22:20:01] SplashScreenView.Show() returned
[2026-06-29 22:20:12] SplashScreenView.LoadingComplete
[2026-06-29 22:20:13] ShowMainWindow: show ElevationDialog first
[2026-06-29 22:20:27] ElevationDialog result: ContinueNormal
[2026-06-29 22:20:27] MainFormView.ctor begin
[2026-06-29 22:20:27] MainFormView.ctor InitializeComponent done
[2026-06-29 22:20:28] MainFormView.Loaded
[2026-06-29 22:20:28] MainFormView.PlayWindowEnterAnimation OK
[2026-06-29 22:20:28] SplashScreenView.Closed
[2026-06-29 22:21:38] PerformExitCleanup: done
[2026-06-29 22:21:38] PerformExitCleanup: done
[2026-06-29 22:24:14] OnStartup
[2026-06-29 22:24:14] Password verification skipped: IsLaunchedByExe=true
[2026-06-29 22:24:14] Password verification passed
[2026-06-29 22:24:14] AURORA_PERF_TIER=Extreme
[2026-06-29 22:24:14] AURORA_LANGUAGE=CHS
[2026-06-29 22:24:14] AURORA_IS_LAUNCHED_BY_EXE=True
[2026-06-29 22:24:14] WARNING: Required directory missing: E:\PowerShellBat\Scripts
[2026-06-29 22:24:14] WARNING: Required directory missing: E:\PowerShellBat\Scripts\Core
[2026-06-29 22:24:14] WARNING: Required directory missing: E:\PowerShellBat\Scripts\Security
[2026-06-29 22:24:14] WARNING: Required directory missing: E:\PowerShellBat\Scripts\PRO
[2026-06-29 22:24:14] WARNING: Required directory missing: E:\PowerShellBat\Scripts\Engines
[2026-06-29 22:24:14] WARNING: Required directory missing: E:\PowerShellBat\Scripts\Session
[2026-06-29 22:24:14] WARNING: Required directory missing: E:\PowerShellBat\Scripts\GUI
[2026-06-29 22:24:14] WARNING: Required directory missing: E:\PowerShellBat\Scripts\UI
[2026-06-29 22:24:14] WARNING: Required file missing: E:\PowerShellBat\Scripts\Core\AURORA-CoreEngine.ps1
[2026-06-29 22:24:14] WARNING: Required file missing: E:\PowerShellBat\Scripts\Security\AURORA-SecurityModule.ps1
[2026-06-29 22:24:14] WARNING: Required file missing: E:\PowerShellBat\Scripts\PRO\AURORA-AnalyzerPRO-Engine.ps1
[2026-06-29 22:24:14] VerifyDirectoryIntegrity: OK
[2026-06-29 22:24:14] Directory integrity check passed
[2026-06-29 22:24:14] IntegrityGuard detection: NONE
[2026-06-29 22:24:14] IntegrityGuard initialized
[2026-06-29 22:24:14] ElevationService configured
[2026-06-29 22:24:14] Creating SplashScreenView
[2026-06-29 22:24:14] SplashScreenView.ctor begin
[2026-06-29 22:24:15] SplashScreenView.ctor InitializeComponent done
[2026-06-29 22:24:15] SplashScreenView.ctor done
[2026-06-29 22:24:15] MainWindow set to SplashScreenView
[2026-06-29 22:24:15] SplashScreenView.Loaded
[2026-06-29 22:24:15] SplashScreenView.Show() returned
[2026-06-29 22:24:27] SplashScreenView.LoadingComplete
[2026-06-29 22:24:27] ShowMainWindow: show ElevationDialog first
[2026-06-29 22:24:35] ElevationDialog result: ContinueNormal
[2026-06-29 22:24:35] MainFormView.ctor begin
[2026-06-29 22:24:35] MainFormView.ctor InitializeComponent done
[2026-06-29 22:24:36] MainFormView.Loaded
[2026-06-29 22:24:36] MainFormView.PlayWindowEnterAnimation OK
[2026-06-29 22:24:36] SplashScreenView.Closed
[2026-06-29 22:25:25] ProModeView.ctor begin
[2026-06-29 22:25:25] ProModeView.ctor InitializeComponent done
[2026-06-29 22:25:25] [PRO-SWITCH] PlayWindowExitAnimationForModeSwitch begin
[2026-06-29 22:25:26] ProModeView.OnWindowLoaded begin
[2026-06-29 22:25:26] ProModeView IntegrityGuard runtime monitoring started
[2026-06-29 22:25:26] ProModeView.PlayProModeWindowEnter begin
[2026-06-29 22:25:26] ProModeView.PlayProModeWindowEnter scheduled
[2026-06-29 22:25:26] ProModeView.OnWindowLoaded end
[2026-06-29 22:28:00] PerformExitCleanup: done
[2026-06-29 22:28:00] PerformExitCleanup: done
[2026-06-29 22:28:16] OnStartup
[2026-06-29 22:28:16] Password verification skipped: IsLaunchedByExe=true
[2026-06-29 22:28:16] Password verification passed
[2026-06-29 22:28:16] AURORA_PERF_TIER=Extreme
[2026-06-29 22:28:16] AURORA_LANGUAGE=CHS
[2026-06-29 22:28:16] AURORA_IS_LAUNCHED_BY_EXE=True
[2026-06-29 22:28:16] WARNING: Required directory missing: E:\PowerShellBat\Scripts
[2026-06-29 22:28:16] WARNING: Required directory missing: E:\PowerShellBat\Scripts\Core
[2026-06-29 22:28:16] WARNING: Required directory missing: E:\PowerShellBat\Scripts\Security
[2026-06-29 22:28:16] WARNING: Required directory missing: E:\PowerShellBat\Scripts\PRO
[2026-06-29 22:28:16] WARNING: Required directory missing: E:\PowerShellBat\Scripts\Engines
[2026-06-29 22:28:16] WARNING: Required directory missing: E:\PowerShellBat\Scripts\Session
[2026-06-29 22:28:16] WARNING: Required directory missing: E:\PowerShellBat\Scripts\GUI
[2026-06-29 22:28:16] WARNING: Required directory missing: E:\PowerShellBat\Scripts\UI
[2026-06-29 22:28:16] WARNING: Required file missing: E:\PowerShellBat\Scripts\Core\AURORA-CoreEngine.ps1
[2026-06-29 22:28:16] WARNING: Required file missing: E:\PowerShellBat\Scripts\Security\AURORA-SecurityModule.ps1
[2026-06-29 22:28:16] WARNING: Required file missing: E:\PowerShellBat\Scripts\PRO\AURORA-AnalyzerPRO-Engine.ps1
[2026-06-29 22:28:16] VerifyDirectoryIntegrity: OK
[2026-06-29 22:28:16] Directory integrity check passed
[2026-06-29 22:28:16] IntegrityGuard detection: NONE
[2026-06-29 22:28:16] IntegrityGuard initialized
[2026-06-29 22:28:16] ElevationService configured
[2026-06-29 22:28:17] Creating SplashScreenView
[2026-06-29 22:28:17] SplashScreenView.ctor begin
[2026-06-29 22:28:17] SplashScreenView.ctor InitializeComponent done
[2026-06-29 22:28:17] SplashScreenView.ctor done
[2026-06-29 22:28:17] MainWindow set to SplashScreenView
[2026-06-29 22:28:17] SplashScreenView.Loaded
[2026-06-29 22:28:17] SplashScreenView.Show() returned
[2026-06-29 22:28:29] SplashScreenView.LoadingComplete
[2026-06-29 22:28:30] ShowMainWindow: show ElevationDialog first
[2026-06-29 22:28:38] ElevationDialog result: ContinueNormal
[2026-06-29 22:28:38] MainFormView.ctor begin
[2026-06-29 22:28:38] MainFormView.ctor InitializeComponent done
[2026-06-29 22:28:38] MainFormView.Loaded
[2026-06-29 22:28:38] MainFormView.PlayWindowEnterAnimation OK
[2026-06-29 22:28:38] SplashScreenView.Closed
[2026-06-29 22:28:55] ProModeView.ctor begin
[2026-06-29 22:28:55] ProModeView.ctor InitializeComponent done
[2026-06-29 22:28:55] [PRO-SWITCH] PlayWindowExitAnimationForModeSwitch begin
[2026-06-29 22:28:56] ProModeView.OnWindowLoaded begin
[2026-06-29 22:28:56] ProModeView IntegrityGuard runtime monitoring started
[2026-06-29 22:28:56] ProModeView.PlayProModeWindowEnter begin
[2026-06-29 22:28:56] ProModeView.PlayProModeWindowEnter scheduled
[2026-06-29 22:28:56] ProModeView.OnWindowLoaded end
[2026-06-29 22:29:40] PerformExitCleanup: done
[2026-06-29 22:29:40] PerformExitCleanup: done
[2026-06-29 22:34:44] OnStartup
[2026-06-29 22:34:44] Password verification skipped: IsLaunchedByExe=true
[2026-06-29 22:34:44] Password verification passed
[2026-06-29 22:34:44] AURORA_PERF_TIER=Extreme
[2026-06-29 22:34:44] AURORA_LANGUAGE=CHS
[2026-06-29 22:34:44] AURORA_IS_LAUNCHED_BY_EXE=True
[2026-06-29 22:34:44] WARNING: Required directory missing: E:\PowerShellBat\Scripts
[2026-06-29 22:34:44] WARNING: Required directory missing: E:\PowerShellBat\Scripts\Core
[2026-06-29 22:34:44] WARNING: Required directory missing: E:\PowerShellBat\Scripts\Security
[2026-06-29 22:34:44] WARNING: Required directory missing: E:\PowerShellBat\Scripts\PRO
[2026-06-29 22:34:44] WARNING: Required directory missing: E:\PowerShellBat\Scripts\Engines
[2026-06-29 22:34:44] WARNING: Required directory missing: E:\PowerShellBat\Scripts\Session
[2026-06-29 22:34:44] WARNING: Required directory missing: E:\PowerShellBat\Scripts\GUI
[2026-06-29 22:34:44] WARNING: Required directory missing: E:\PowerShellBat\Scripts\UI
[2026-06-29 22:34:44] WARNING: Required file missing: E:\PowerShellBat\Scripts\Core\AURORA-CoreEngine.ps1
[2026-06-29 22:34:44] WARNING: Required file missing: E:\PowerShellBat\Scripts\Security\AURORA-SecurityModule.ps1
[2026-06-29 22:34:44] WARNING: Required file missing: E:\PowerShellBat\Scripts\PRO\AURORA-AnalyzerPRO-Engine.ps1
[2026-06-29 22:34:44] VerifyDirectoryIntegrity: OK
[2026-06-29 22:34:44] Directory integrity check passed
[2026-06-29 22:34:44] IntegrityGuard detection: NONE
[2026-06-29 22:34:44] IntegrityGuard initialized
[2026-06-29 22:34:44] ElevationService configured
[2026-06-29 22:34:45] Creating SplashScreenView
[2026-06-29 22:34:45] SplashScreenView.ctor begin
[2026-06-29 22:34:45] SplashScreenView.ctor InitializeComponent done
[2026-06-29 22:34:45] SplashScreenView.ctor done
[2026-06-29 22:34:45] MainWindow set to SplashScreenView
[2026-06-29 22:34:45] SplashScreenView.Loaded
[2026-06-29 22:34:45] SplashScreenView.Show() returned
[2026-06-29 22:34:57] SplashScreenView.LoadingComplete
[2026-06-29 22:34:58] ShowMainWindow: show ElevationDialog first
[2026-06-29 22:35:07] ElevationDialog result: ContinueNormal
[2026-06-29 22:35:07] MainFormView.ctor begin
[2026-06-29 22:35:07] MainFormView.ctor InitializeComponent done
[2026-06-29 22:35:07] MainFormView.Loaded
[2026-06-29 22:35:07] MainFormView.PlayWindowEnterAnimation OK
[2026-06-29 22:35:07] SplashScreenView.Closed
[2026-06-29 22:35:26] ProModeView.ctor begin
[2026-06-29 22:35:26] ProModeView.ctor InitializeComponent done
[2026-06-29 22:35:26] [PRO-SWITCH] PlayWindowExitAnimationForModeSwitch begin
[2026-06-29 22:35:28] ProModeView.OnWindowLoaded begin
[2026-06-29 22:35:28] ProModeView IntegrityGuard runtime monitoring started
[2026-06-29 22:35:28] ProModeView.PlayProModeWindowEnter begin
[2026-06-29 22:35:28] ProModeView.PlayProModeWindowEnter scheduled
[2026-06-29 22:35:28] ProModeView.OnWindowLoaded end
[2026-06-29 22:35:31] PerformExitCleanup: done
[2026-06-29 22:35:31] PerformExitCleanup: done
[2026-06-29 22:35:33] OnStartup
[2026-06-29 22:35:33] Password verification skipped: IsLaunchedByExe=true
[2026-06-29 22:35:33] Password verification passed
[2026-06-29 22:35:33] AURORA_PERF_TIER=Extreme
[2026-06-29 22:35:33] AURORA_LANGUAGE=CHS
[2026-06-29 22:35:33] AURORA_IS_LAUNCHED_BY_EXE=True
[2026-06-29 22:35:33] WARNING: Required directory missing: E:\PowerShellBat\Scripts
[2026-06-29 22:35:33] WARNING: Required directory missing: E:\PowerShellBat\Scripts\Core
[2026-06-29 22:35:33] WARNING: Required directory missing: E:\PowerShellBat\Scripts\Security
[2026-06-29 22:35:33] WARNING: Required directory missing: E:\PowerShellBat\Scripts\PRO
[2026-06-29 22:35:33] WARNING: Required directory missing: E:\PowerShellBat\Scripts\Engines
[2026-06-29 22:35:33] WARNING: Required directory missing: E:\PowerShellBat\Scripts\Session
[2026-06-29 22:35:33] WARNING: Required directory missing: E:\PowerShellBat\Scripts\GUI
[2026-06-29 22:35:33] WARNING: Required directory missing: E:\PowerShellBat\Scripts\UI
[2026-06-29 22:35:33] WARNING: Required file missing: E:\PowerShellBat\Scripts\Core\AURORA-CoreEngine.ps1
[2026-06-29 22:35:33] WARNING: Required file missing: E:\PowerShellBat\Scripts\Security\AURORA-SecurityModule.ps1
[2026-06-29 22:35:33] WARNING: Required file missing: E:\PowerShellBat\Scripts\PRO\AURORA-AnalyzerPRO-Engine.ps1
[2026-06-29 22:35:33] VerifyDirectoryIntegrity: OK
[2026-06-29 22:35:33] Directory integrity check passed
[2026-06-29 22:35:33] IntegrityGuard detection: NONE
[2026-06-29 22:35:33] IntegrityGuard initialized
[2026-06-29 22:35:33] ElevationService configured
[2026-06-29 22:35:34] Creating SplashScreenView
[2026-06-29 22:35:34] SplashScreenView.ctor begin
[2026-06-29 22:35:34] SplashScreenView.ctor InitializeComponent done
[2026-06-29 22:35:34] SplashScreenView.ctor done
[2026-06-29 22:35:34] MainWindow set to SplashScreenView
[2026-06-29 22:35:34] SplashScreenView.Loaded
[2026-06-29 22:35:34] SplashScreenView.Show() returned
[2026-06-29 22:35:46] SplashScreenView.LoadingComplete
[2026-06-29 22:35:46] ShowMainWindow: show ElevationDialog first
[2026-06-29 22:36:00] ElevationDialog result: ContinueNormal
[2026-06-29 22:36:00] MainFormView.ctor begin
[2026-06-29 22:36:00] MainFormView.ctor InitializeComponent done
[2026-06-29 22:36:01] MainFormView.Loaded
[2026-06-29 22:36:01] MainFormView.PlayWindowEnterAnimation OK
[2026-06-29 22:36:01] SplashScreenView.Closed
[2026-06-29 22:36:41] ProModeView.ctor begin
[2026-06-29 22:36:41] ProModeView.ctor InitializeComponent done
[2026-06-29 22:36:41] [PRO-SWITCH] PlayWindowExitAnimationForModeSwitch begin
[2026-06-29 22:36:43] ProModeView.OnWindowLoaded begin
[2026-06-29 22:36:43] ProModeView IntegrityGuard runtime monitoring started
[2026-06-29 22:36:43] ProModeView.PlayProModeWindowEnter begin
[2026-06-29 22:36:43] ProModeView.PlayProModeWindowEnter scheduled
[2026-06-29 22:36:43] ProModeView.OnWindowLoaded end
[2026-06-29 22:40:51] OnStartup
[2026-06-29 22:40:51] Password verification skipped: IsLaunchedByExe=true
[2026-06-29 22:40:51] Password verification passed
[2026-06-29 22:40:51] AURORA_PERF_TIER=Extreme
[2026-06-29 22:40:51] AURORA_LANGUAGE=CHS
[2026-06-29 22:40:51] AURORA_IS_LAUNCHED_BY_EXE=True
[2026-06-29 22:40:51] WARNING: Required directory missing: E:\PowerShellBat\Scripts
[2026-06-29 22:40:51] WARNING: Required directory missing: E:\PowerShellBat\Scripts\Core
[2026-06-29 22:40:51] WARNING: Required directory missing: E:\PowerShellBat\Scripts\Security
[2026-06-29 22:40:51] WARNING: Required directory missing: E:\PowerShellBat\Scripts\PRO
[2026-06-29 22:40:51] WARNING: Required directory missing: E:\PowerShellBat\Scripts\Engines
[2026-06-29 22:40:51] WARNING: Required directory missing: E:\PowerShellBat\Scripts\Session
[2026-06-29 22:40:51] WARNING: Required directory missing: E:\PowerShellBat\Scripts\GUI
[2026-06-29 22:40:51] WARNING: Required directory missing: E:\PowerShellBat\Scripts\UI
[2026-06-29 22:40:51] WARNING: Required file missing: E:\PowerShellBat\Scripts\Core\AURORA-CoreEngine.ps1
[2026-06-29 22:40:51] WARNING: Required file missing: E:\PowerShellBat\Scripts\Security\AURORA-SecurityModule.ps1
[2026-06-29 22:40:51] WARNING: Required file missing: E:\PowerShellBat\Scripts\PRO\AURORA-AnalyzerPRO-Engine.ps1
[2026-06-29 22:40:51] VerifyDirectoryIntegrity: OK
[2026-06-29 22:40:51] Directory integrity check passed
[2026-06-29 22:40:51] IntegrityGuard detection: NONE
[2026-06-29 22:40:51] IntegrityGuard initialized
[2026-06-29 22:40:51] ElevationService configured
[2026-06-29 22:40:52] Creating SplashScreenView
[2026-06-29 22:40:52] SplashScreenView.ctor begin
[2026-06-29 22:40:52] SplashScreenView.ctor InitializeComponent done
[2026-06-29 22:40:52] SplashScreenView.ctor done
[2026-06-29 22:40:52] MainWindow set to SplashScreenView
[2026-06-29 22:40:53] SplashScreenView.Loaded
[2026-06-29 22:40:53] SplashScreenView.Show() returned
[2026-06-29 22:41:04] SplashScreenView.LoadingComplete
[2026-06-29 22:41:05] ShowMainWindow: show ElevationDialog first
[2026-06-29 22:41:11] ElevationDialog result: ContinueNormal
[2026-06-29 22:41:11] MainFormView.ctor begin
[2026-06-29 22:41:11] MainFormView.ctor InitializeComponent done
[2026-06-29 22:41:12] MainFormView.Loaded
[2026-06-29 22:41:12] MainFormView.PlayWindowEnterAnimation OK
[2026-06-29 22:41:12] SplashScreenView.Closed
[2026-06-29 22:47:31] ProModeView.ctor begin
[2026-06-29 22:47:31] ProModeView.ctor InitializeComponent done
[2026-06-29 22:47:31] [PRO-SWITCH] PlayWindowExitAnimationForModeSwitch begin
[2026-06-29 22:47:33] ProModeView.OnWindowLoaded begin
[2026-06-29 22:47:33] ProModeView IntegrityGuard runtime monitoring started
[2026-06-29 22:47:33] ProModeView.PlayProModeWindowEnter begin
[2026-06-29 22:47:33] ProModeView.PlayProModeWindowEnter scheduled
[2026-06-29 22:47:33] ProModeView.OnWindowLoaded end
[2026-06-29 22:50:22] OnStartup
[2026-06-29 22:50:22] Password verification skipped: IsLaunchedByExe=true
[2026-06-29 22:50:22] Password verification passed
[2026-06-29 22:50:22] AURORA_PERF_TIER=Extreme
[2026-06-29 22:50:22] AURORA_LANGUAGE=CHS
[2026-06-29 22:50:22] AURORA_IS_LAUNCHED_BY_EXE=True
[2026-06-29 22:50:22] WARNING: Required directory missing: E:\PowerShellBat\Scripts
[2026-06-29 22:50:22] WARNING: Required directory missing: E:\PowerShellBat\Scripts\Core
[2026-06-29 22:50:22] WARNING: Required directory missing: E:\PowerShellBat\Scripts\Security
[2026-06-29 22:50:22] WARNING: Required directory missing: E:\PowerShellBat\Scripts\PRO
[2026-06-29 22:50:22] WARNING: Required directory missing: E:\PowerShellBat\Scripts\Engines
[2026-06-29 22:50:22] WARNING: Required directory missing: E:\PowerShellBat\Scripts\Session
[2026-06-29 22:50:22] WARNING: Required directory missing: E:\PowerShellBat\Scripts\GUI
[2026-06-29 22:50:22] WARNING: Required directory missing: E:\PowerShellBat\Scripts\UI
[2026-06-29 22:50:22] WARNING: Required file missing: E:\PowerShellBat\Scripts\Core\AURORA-CoreEngine.ps1
[2026-06-29 22:50:22] WARNING: Required file missing: E:\PowerShellBat\Scripts\Security\AURORA-SecurityModule.ps1
[2026-06-29 22:50:22] WARNING: Required file missing: E:\PowerShellBat\Scripts\PRO\AURORA-AnalyzerPRO-Engine.ps1
[2026-06-29 22:50:22] VerifyDirectoryIntegrity: OK
[2026-06-29 22:50:22] Directory integrity check passed
[2026-06-29 22:50:22] IntegrityGuard detection: NONE
[2026-06-29 22:50:22] IntegrityGuard initialized
[2026-06-29 22:50:22] ElevationService configured
[2026-06-29 22:50:22] Creating SplashScreenView
[2026-06-29 22:50:22] SplashScreenView.ctor begin
[2026-06-29 22:50:23] SplashScreenView.ctor InitializeComponent done
[2026-06-29 22:50:23] SplashScreenView.ctor done
[2026-06-29 22:50:23] MainWindow set to SplashScreenView
[2026-06-29 22:50:23] SplashScreenView.Loaded
[2026-06-29 22:50:23] SplashScreenView.Show() returned
[2026-06-29 22:50:35] SplashScreenView.LoadingComplete
[2026-06-29 22:50:35] ShowMainWindow: show ElevationDialog first
[2026-06-29 22:50:46] ElevationDialog result: ContinueNormal
[2026-06-29 22:50:46] MainFormView.ctor begin
[2026-06-29 22:50:46] MainFormView.ctor InitializeComponent done
[2026-06-29 22:50:46] MainFormView.Loaded
[2026-06-29 22:50:46] MainFormView.PlayWindowEnterAnimation OK
[2026-06-29 22:50:46] SplashScreenView.Closed
[2026-06-29 22:52:48] ProModeView.ctor begin
[2026-06-29 22:52:48] ProModeView.ctor InitializeComponent done
[2026-06-29 22:52:48] [PRO-SWITCH] PlayWindowExitAnimationForModeSwitch begin
[2026-06-29 22:52:50] ProModeView.OnWindowLoaded begin
[2026-06-29 22:52:50] ProModeView IntegrityGuard runtime monitoring started
[2026-06-29 22:52:50] ProModeView.PlayProModeWindowEnter begin
[2026-06-29 22:52:50] ProModeView.PlayProModeWindowEnter scheduled
[2026-06-29 22:52:50] ProModeView.OnWindowLoaded end
[2026-06-29 22:56:51] PerformExitCleanup: done
[2026-06-29 22:56:51] PerformExitCleanup: done
[2026-06-29 22:57:10] OnStartup
[2026-06-29 22:57:10] Password verification skipped: IsLaunchedByExe=true
[2026-06-29 22:57:10] Password verification passed
[2026-06-29 22:57:10] AURORA_PERF_TIER=Extreme
[2026-06-29 22:57:10] AURORA_LANGUAGE=CHS
[2026-06-29 22:57:10] AURORA_IS_LAUNCHED_BY_EXE=True
[2026-06-29 22:57:10] WARNING: Required directory missing: E:\PowerShellBat\Scripts
[2026-06-29 22:57:10] WARNING: Required directory missing: E:\PowerShellBat\Scripts\Core
[2026-06-29 22:57:10] WARNING: Required directory missing: E:\PowerShellBat\Scripts\Security
[2026-06-29 22:57:10] WARNING: Required directory missing: E:\PowerShellBat\Scripts\PRO
[2026-06-29 22:57:10] WARNING: Required directory missing: E:\PowerShellBat\Scripts\Engines
[2026-06-29 22:57:10] WARNING: Required directory missing: E:\PowerShellBat\Scripts\Session
[2026-06-29 22:57:10] WARNING: Required directory missing: E:\PowerShellBat\Scripts\GUI
[2026-06-29 22:57:10] WARNING: Required directory missing: E:\PowerShellBat\Scripts\UI
[2026-06-29 22:57:10] WARNING: Required file missing: E:\PowerShellBat\Scripts\Core\AURORA-CoreEngine.ps1
[2026-06-29 22:57:10] WARNING: Required file missing: E:\PowerShellBat\Scripts\Security\AURORA-SecurityModule.ps1
[2026-06-29 22:57:10] WARNING: Required file missing: E:\PowerShellBat\Scripts\PRO\AURORA-AnalyzerPRO-Engine.ps1
[2026-06-29 22:57:10] VerifyDirectoryIntegrity: OK
[2026-06-29 22:57:10] Directory integrity check passed
[2026-06-29 22:57:10] IntegrityGuard detection: NONE
[2026-06-29 22:57:10] IntegrityGuard initialized
[2026-06-29 22:57:10] ElevationService configured
[2026-06-29 22:57:10] Creating SplashScreenView
[2026-06-29 22:57:10] SplashScreenView.ctor begin
[2026-06-29 22:57:10] SplashScreenView.ctor InitializeComponent done
[2026-06-29 22:57:10] SplashScreenView.ctor done
[2026-06-29 22:57:10] MainWindow set to SplashScreenView
[2026-06-29 22:57:11] SplashScreenView.Loaded
[2026-06-29 22:57:11] SplashScreenView.Show() returned
[2026-06-29 22:57:22] SplashScreenView.LoadingComplete
[2026-06-29 22:57:23] ShowMainWindow: show ElevationDialog first
[2026-06-29 22:57:39] ElevationDialog result: ContinueNormal
[2026-06-29 22:57:39] MainFormView.ctor begin
[2026-06-29 22:57:39] MainFormView.ctor InitializeComponent done
[2026-06-29 22:57:39] MainFormView.Loaded
[2026-06-29 22:57:39] MainFormView.PlayWindowEnterAnimation OK
[2026-06-29 22:57:39] SplashScreenView.Closed
[2026-06-29 22:58:21] ProModeView.ctor begin
[2026-06-29 22:58:21] ProModeView.ctor InitializeComponent done
[2026-06-29 22:58:21] [PRO-SWITCH] PlayWindowExitAnimationForModeSwitch begin
[2026-06-29 22:58:23] ProModeView.OnWindowLoaded begin
[2026-06-29 22:58:23] ProModeView IntegrityGuard runtime monitoring started
[2026-06-29 22:58:23] ProModeView.PlayProModeWindowEnter begin
[2026-06-29 22:58:23] ProModeView.PlayProModeWindowEnter scheduled
[2026-06-29 22:58:23] ProModeView.OnWindowLoaded end
[2026-06-29 23:02:16] PerformExitCleanup: done
[2026-06-29 23:02:16] PerformExitCleanup: done
[2026-06-29 23:02:42] OnStartup
[2026-06-29 23:02:42] Password verification skipped: IsLaunchedByExe=true
[2026-06-29 23:02:42] Password verification passed
[2026-06-29 23:02:43] AURORA_PERF_TIER=Extreme
[2026-06-29 23:02:43] AURORA_LANGUAGE=CHS
[2026-06-29 23:02:43] AURORA_IS_LAUNCHED_BY_EXE=True
[2026-06-29 23:02:43] WARNING: Required directory missing: E:\PowerShellBat\Scripts
[2026-06-29 23:02:43] WARNING: Required directory missing: E:\PowerShellBat\Scripts\Core
[2026-06-29 23:02:43] WARNING: Required directory missing: E:\PowerShellBat\Scripts\Security
[2026-06-29 23:02:43] WARNING: Required directory missing: E:\PowerShellBat\Scripts\PRO
[2026-06-29 23:02:43] WARNING: Required directory missing: E:\PowerShellBat\Scripts\Engines
[2026-06-29 23:02:43] WARNING: Required directory missing: E:\PowerShellBat\Scripts\Session
[2026-06-29 23:02:43] WARNING: Required directory missing: E:\PowerShellBat\Scripts\GUI
[2026-06-29 23:02:43] WARNING: Required directory missing: E:\PowerShellBat\Scripts\UI
[2026-06-29 23:02:43] WARNING: Required file missing: E:\PowerShellBat\Scripts\Core\AURORA-CoreEngine.ps1
[2026-06-29 23:02:43] WARNING: Required file missing: E:\PowerShellBat\Scripts\Security\AURORA-SecurityModule.ps1
[2026-06-29 23:02:43] WARNING: Required file missing: E:\PowerShellBat\Scripts\PRO\AURORA-AnalyzerPRO-Engine.ps1
[2026-06-29 23:02:43] VerifyDirectoryIntegrity: OK
[2026-06-29 23:02:43] Directory integrity check passed
[2026-06-29 23:02:43] IntegrityGuard detection: NONE
[2026-06-29 23:02:43] IntegrityGuard initialized
[2026-06-29 23:02:43] ElevationService configured
[2026-06-29 23:02:43] Creating SplashScreenView
[2026-06-29 23:02:43] SplashScreenView.ctor begin
[2026-06-29 23:02:43] SplashScreenView.ctor InitializeComponent done
[2026-06-29 23:02:43] SplashScreenView.ctor done
[2026-06-29 23:02:43] MainWindow set to SplashScreenView
[2026-06-29 23:02:44] SplashScreenView.Loaded
[2026-06-29 23:02:44] SplashScreenView.Show() returned
[2026-06-29 23:02:55] SplashScreenView.LoadingComplete
[2026-06-29 23:02:56] ShowMainWindow: show ElevationDialog first
[2026-06-29 23:03:04] ElevationDialog result: ContinueNormal
[2026-06-29 23:03:04] MainFormView.ctor begin
[2026-06-29 23:03:04] MainFormView.ctor InitializeComponent done
[2026-06-29 23:03:05] MainFormView.Loaded
[2026-06-29 23:03:05] MainFormView.PlayWindowEnterAnimation OK
[2026-06-29 23:03:05] SplashScreenView.Closed
[2026-06-29 23:03:35] PerformExitCleanup: done
[2026-06-29 23:03:35] PerformExitCleanup: done
[2026-06-29 23:03:36] OnStartup
[2026-06-29 23:03:36] Password verification skipped: IsLaunchedByExe=true
[2026-06-29 23:03:36] Password verification passed
[2026-06-29 23:03:36] AURORA_PERF_TIER=Extreme
[2026-06-29 23:03:36] AURORA_LANGUAGE=CHS
[2026-06-29 23:03:36] AURORA_IS_LAUNCHED_BY_EXE=True
[2026-06-29 23:03:36] WARNING: Required directory missing: E:\PowerShellBat\Scripts
[2026-06-29 23:03:36] WARNING: Required directory missing: E:\PowerShellBat\Scripts\Core
[2026-06-29 23:03:36] WARNING: Required directory missing: E:\PowerShellBat\Scripts\Security
[2026-06-29 23:03:36] WARNING: Required directory missing: E:\PowerShellBat\Scripts\PRO
[2026-06-29 23:03:36] WARNING: Required directory missing: E:\PowerShellBat\Scripts\Engines
[2026-06-29 23:03:36] WARNING: Required directory missing: E:\PowerShellBat\Scripts\Session
[2026-06-29 23:03:36] WARNING: Required directory missing: E:\PowerShellBat\Scripts\GUI
[2026-06-29 23:03:36] WARNING: Required directory missing: E:\PowerShellBat\Scripts\UI
[2026-06-29 23:03:36] WARNING: Required file missing: E:\PowerShellBat\Scripts\Core\AURORA-CoreEngine.ps1
[2026-06-29 23:03:36] WARNING: Required file missing: E:\PowerShellBat\Scripts\Security\AURORA-SecurityModule.ps1
[2026-06-29 23:03:36] WARNING: Required file missing: E:\PowerShellBat\Scripts\PRO\AURORA-AnalyzerPRO-Engine.ps1
[2026-06-29 23:03:36] VerifyDirectoryIntegrity: OK
[2026-06-29 23:03:36] Directory integrity check passed
[2026-06-29 23:03:36] IntegrityGuard detection: NONE
[2026-06-29 23:03:36] IntegrityGuard initialized
[2026-06-29 23:03:36] ElevationService configured
[2026-06-29 23:03:36] Creating SplashScreenView
[2026-06-29 23:03:36] SplashScreenView.ctor begin
[2026-06-29 23:03:36] SplashScreenView.ctor InitializeComponent done
[2026-06-29 23:03:36] SplashScreenView.ctor done
[2026-06-29 23:03:36] MainWindow set to SplashScreenView
[2026-06-29 23:03:37] SplashScreenView.Loaded
[2026-06-29 23:03:37] SplashScreenView.Show() returned
[2026-06-29 23:03:48] SplashScreenView.LoadingComplete
[2026-06-29 23:03:49] ShowMainWindow: show ElevationDialog first
[2026-06-29 23:03:52] ElevationDialog result: ContinueNormal
[2026-06-29 23:03:52] MainFormView.ctor begin
[2026-06-29 23:03:52] MainFormView.ctor InitializeComponent done
[2026-06-29 23:03:52] MainFormView.Loaded
[2026-06-29 23:03:52] MainFormView.PlayWindowEnterAnimation OK
[2026-06-29 23:03:52] SplashScreenView.Closed
[2026-06-29 23:04:48] ProModeView.ctor begin
[2026-06-29 23:04:48] ProModeView.ctor InitializeComponent done
[2026-06-29 23:04:48] [PRO-SWITCH] PlayWindowExitAnimationForModeSwitch begin
[2026-06-29 23:04:50] ProModeView.OnWindowLoaded begin
[2026-06-29 23:04:50] ProModeView IntegrityGuard runtime monitoring started
[2026-06-29 23:04:50] ProModeView.PlayProModeWindowEnter begin
[2026-06-29 23:04:50] ProModeView.PlayProModeWindowEnter scheduled
[2026-06-29 23:04:50] ProModeView.OnWindowLoaded end
[2026-06-29 23:05:31] PerformExitCleanup: done
[2026-06-29 23:05:31] PerformExitCleanup: done
[2026-06-29 23:08:47] OnStartup
[2026-06-29 23:08:47] Password verification skipped: IsLaunchedByExe=true
[2026-06-29 23:08:47] Password verification passed
[2026-06-29 23:08:47] AURORA_PERF_TIER=Extreme
[2026-06-29 23:08:47] AURORA_LANGUAGE=CHS
[2026-06-29 23:08:47] AURORA_IS_LAUNCHED_BY_EXE=True
[2026-06-29 23:08:47] WARNING: Required directory missing: E:\PowerShellBat\Scripts
[2026-06-29 23:08:47] WARNING: Required directory missing: E:\PowerShellBat\Scripts\Core
[2026-06-29 23:08:47] WARNING: Required directory missing: E:\PowerShellBat\Scripts\Security
[2026-06-29 23:08:47] WARNING: Required directory missing: E:\PowerShellBat\Scripts\PRO
[2026-06-29 23:08:47] WARNING: Required directory missing: E:\PowerShellBat\Scripts\Engines
[2026-06-29 23:08:47] WARNING: Required directory missing: E:\PowerShellBat\Scripts\Session
[2026-06-29 23:08:47] WARNING: Required directory missing: E:\PowerShellBat\Scripts\GUI
[2026-06-29 23:08:47] WARNING: Required directory missing: E:\PowerShellBat\Scripts\UI
[2026-06-29 23:08:47] WARNING: Required file missing: E:\PowerShellBat\Scripts\Core\AURORA-CoreEngine.ps1
[2026-06-29 23:08:47] WARNING: Required file missing: E:\PowerShellBat\Scripts\Security\AURORA-SecurityModule.ps1
[2026-06-29 23:08:47] WARNING: Required file missing: E:\PowerShellBat\Scripts\PRO\AURORA-AnalyzerPRO-Engine.ps1
[2026-06-29 23:08:47] VerifyDirectoryIntegrity: OK
[2026-06-29 23:08:47] Directory integrity check passed
[2026-06-29 23:08:47] IntegrityGuard detection: NONE
[2026-06-29 23:08:47] IntegrityGuard initialized
[2026-06-29 23:08:47] ElevationService configured
[2026-06-29 23:08:47] Creating SplashScreenView
[2026-06-29 23:08:47] SplashScreenView.ctor begin
[2026-06-29 23:08:47] SplashScreenView.ctor InitializeComponent done
[2026-06-29 23:08:47] SplashScreenView.ctor done
[2026-06-29 23:08:47] MainWindow set to SplashScreenView
[2026-06-29 23:08:48] SplashScreenView.Loaded
[2026-06-29 23:08:48] SplashScreenView.Show() returned
[2026-06-29 23:08:59] SplashScreenView.LoadingComplete
[2026-06-29 23:09:00] ShowMainWindow: show ElevationDialog first
[2026-06-29 23:09:08] ElevationDialog result: ContinueNormal
[2026-06-29 23:09:08] MainFormView.ctor begin
[2026-06-29 23:09:08] MainFormView.ctor InitializeComponent done
[2026-06-29 23:09:08] MainFormView.Loaded
[2026-06-29 23:09:08] MainFormView.PlayWindowEnterAnimation OK
[2026-06-29 23:09:08] SplashScreenView.Closed
[2026-06-29 23:09:44] ProModeView.ctor begin
[2026-06-29 23:09:44] ProModeView.ctor InitializeComponent done
[2026-06-29 23:09:44] [PRO-SWITCH] PlayWindowExitAnimationForModeSwitch begin
[2026-06-29 23:09:46] ProModeView.OnWindowLoaded begin
[2026-06-29 23:09:46] ProModeView IntegrityGuard runtime monitoring started
[2026-06-29 23:09:46] ProModeView.PlayProModeWindowEnter begin
[2026-06-29 23:09:46] ProModeView.PlayProModeWindowEnter scheduled
[2026-06-29 23:09:46] ProModeView.OnWindowLoaded end
[2026-06-29 23:11:56] PerformExitCleanup: done
[2026-06-29 23:11:56] PerformExitCleanup: done
[2026-06-29 23:19:29] OnStartup
[2026-06-29 23:19:29] Password verification skipped: IsLaunchedByExe=true
[2026-06-29 23:19:29] Password verification passed
[2026-06-29 23:19:30] AURORA_PERF_TIER=Extreme
[2026-06-29 23:19:30] AURORA_LANGUAGE=CHS
[2026-06-29 23:19:30] AURORA_IS_LAUNCHED_BY_EXE=True
[2026-06-29 23:19:30] WARNING: Required directory missing: E:\PowerShellBat\Scripts
[2026-06-29 23:19:30] WARNING: Required directory missing: E:\PowerShellBat\Scripts\Core
[2026-06-29 23:19:30] WARNING: Required directory missing: E:\PowerShellBat\Scripts\Security
[2026-06-29 23:19:30] WARNING: Required directory missing: E:\PowerShellBat\Scripts\PRO
[2026-06-29 23:19:30] WARNING: Required directory missing: E:\PowerShellBat\Scripts\Engines
[2026-06-29 23:19:30] WARNING: Required directory missing: E:\PowerShellBat\Scripts\Session
[2026-06-29 23:19:30] WARNING: Required directory missing: E:\PowerShellBat\Scripts\GUI
[2026-06-29 23:19:30] WARNING: Required directory missing: E:\PowerShellBat\Scripts\UI
[2026-06-29 23:19:30] WARNING: Required file missing: E:\PowerShellBat\Scripts\Core\AURORA-CoreEngine.ps1
[2026-06-29 23:19:30] WARNING: Required file missing: E:\PowerShellBat\Scripts\Security\AURORA-SecurityModule.ps1
[2026-06-29 23:19:30] WARNING: Required file missing: E:\PowerShellBat\Scripts\PRO\AURORA-AnalyzerPRO-Engine.ps1
[2026-06-29 23:19:30] VerifyDirectoryIntegrity: OK
[2026-06-29 23:19:30] Directory integrity check passed
[2026-06-29 23:19:30] IntegrityGuard detection: NONE
[2026-06-29 23:19:30] IntegrityGuard initialized
[2026-06-29 23:19:30] ElevationService configured
[2026-06-29 23:19:30] Creating SplashScreenView
[2026-06-29 23:19:30] SplashScreenView.ctor begin
[2026-06-29 23:19:30] SplashScreenView.ctor InitializeComponent done
[2026-06-29 23:19:30] SplashScreenView.ctor done
[2026-06-29 23:19:30] MainWindow set to SplashScreenView
[2026-06-29 23:19:31] SplashScreenView.Loaded
[2026-06-29 23:19:31] SplashScreenView.Show() returned
[2026-06-29 23:19:42] SplashScreenView.LoadingComplete
[2026-06-29 23:19:43] ShowMainWindow: show ElevationDialog first
[2026-06-29 23:19:51] ElevationDialog result: ContinueNormal
[2026-06-29 23:19:51] MainFormView.ctor begin
[2026-06-29 23:19:51] MainFormView.ctor InitializeComponent done
[2026-06-29 23:19:51] MainFormView.Loaded
[2026-06-29 23:19:51] MainFormView.PlayWindowEnterAnimation OK
[2026-06-29 23:19:51] SplashScreenView.Closed
[2026-06-29 23:20:32] ProModeView.ctor begin
[2026-06-29 23:20:32] ProModeView.ctor InitializeComponent done
[2026-06-29 23:20:32] [PRO-SWITCH] PlayWindowExitAnimationForModeSwitch begin
[2026-06-29 23:20:33] ProModeView.OnWindowLoaded begin
[2026-06-29 23:20:33] ProModeView IntegrityGuard runtime monitoring started
[2026-06-29 23:20:33] ProModeView.PlayProModeWindowEnter begin
[2026-06-29 23:20:33] ProModeView.PlayProModeWindowEnter scheduled
[2026-06-29 23:20:33] ProModeView.OnWindowLoaded end
[2026-06-29 23:29:19] OnStartup
[2026-06-29 23:29:19] Password verification skipped: IsLaunchedByExe=true
[2026-06-29 23:29:19] Password verification passed
[2026-06-29 23:29:19] AURORA_PERF_TIER=Extreme
[2026-06-29 23:29:19] AURORA_LANGUAGE=CHS
[2026-06-29 23:29:19] AURORA_IS_LAUNCHED_BY_EXE=True
[2026-06-29 23:29:19] WARNING: Required directory missing: E:\PowerShellBat\Scripts
[2026-06-29 23:29:19] WARNING: Required directory missing: E:\PowerShellBat\Scripts\Core
[2026-06-29 23:29:19] WARNING: Required directory missing: E:\PowerShellBat\Scripts\Security
[2026-06-29 23:29:19] WARNING: Required directory missing: E:\PowerShellBat\Scripts\PRO
[2026-06-29 23:29:19] WARNING: Required directory missing: E:\PowerShellBat\Scripts\Engines
[2026-06-29 23:29:19] WARNING: Required directory missing: E:\PowerShellBat\Scripts\Session
[2026-06-29 23:29:19] WARNING: Required directory missing: E:\PowerShellBat\Scripts\GUI
[2026-06-29 23:29:19] WARNING: Required directory missing: E:\PowerShellBat\Scripts\UI
[2026-06-29 23:29:19] WARNING: Required file missing: E:\PowerShellBat\Scripts\Core\AURORA-CoreEngine.ps1
[2026-06-29 23:29:19] WARNING: Required file missing: E:\PowerShellBat\Scripts\Security\AURORA-SecurityModule.ps1
[2026-06-29 23:29:19] WARNING: Required file missing: E:\PowerShellBat\Scripts\PRO\AURORA-AnalyzerPRO-Engine.ps1
[2026-06-29 23:29:19] VerifyDirectoryIntegrity: OK
[2026-06-29 23:29:19] Directory integrity check passed
[2026-06-29 23:29:19] IntegrityGuard detection: NONE
[2026-06-29 23:29:19] IntegrityGuard initialized
[2026-06-29 23:29:19] ElevationService configured
[2026-06-29 23:29:20] Creating SplashScreenView
[2026-06-29 23:29:20] SplashScreenView.ctor begin
[2026-06-29 23:29:20] SplashScreenView.ctor InitializeComponent done
[2026-06-29 23:29:20] SplashScreenView.ctor done
[2026-06-29 23:29:20] MainWindow set to SplashScreenView
[2026-06-29 23:29:21] SplashScreenView.Loaded
[2026-06-29 23:29:21] SplashScreenView.Show() returned
[2026-06-29 23:29:32] SplashScreenView.LoadingComplete
[2026-06-29 23:29:33] ShowMainWindow: show ElevationDialog first
[2026-06-29 23:29:40] ElevationDialog result: ContinueNormal
[2026-06-29 23:29:40] MainFormView.ctor begin
[2026-06-29 23:29:40] MainFormView.ctor InitializeComponent done
[2026-06-29 23:29:40] MainFormView.Loaded
[2026-06-29 23:29:40] MainFormView.PlayWindowEnterAnimation OK
[2026-06-29 23:29:40] SplashScreenView.Closed
[2026-06-29 23:30:00] ProModeView.ctor begin
[2026-06-29 23:30:00] ProModeView.ctor InitializeComponent done
[2026-06-29 23:30:00] [PRO-SWITCH] PlayWindowExitAnimationForModeSwitch begin
[2026-06-29 23:30:02] ProModeView.OnWindowLoaded begin
[2026-06-29 23:30:02] ProModeView IntegrityGuard runtime monitoring started
[2026-06-29 23:30:02] ProModeView.PlayProModeWindowEnter begin
[2026-06-29 23:30:02] ProModeView.PlayProModeWindowEnter scheduled
[2026-06-29 23:30:02] ProModeView.OnWindowLoaded end
[2026-06-29 23:31:37] PerformExitCleanup: done
[2026-06-29 23:31:37] PerformExitCleanup: done
[2026-06-30 01:17:35] OnStartup
[2026-06-30 01:17:35] Password verification skipped: IsLaunchedByExe=true
[2026-06-30 01:17:35] Password verification passed
[2026-06-30 01:17:35] AURORA_PERF_TIER=Extreme
[2026-06-30 01:17:35] AURORA_LANGUAGE=CHS
[2026-06-30 01:17:35] AURORA_IS_LAUNCHED_BY_EXE=True
[2026-06-30 01:17:35] WARNING: Required directory missing: E:\PowerShellBat\Scripts
[2026-06-30 01:17:35] WARNING: Required directory missing: E:\PowerShellBat\Scripts\Core
[2026-06-30 01:17:35] WARNING: Required directory missing: E:\PowerShellBat\Scripts\Security
[2026-06-30 01:17:35] WARNING: Required directory missing: E:\PowerShellBat\Scripts\PRO
[2026-06-30 01:17:35] WARNING: Required directory missing: E:\PowerShellBat\Scripts\Engines
[2026-06-30 01:17:35] WARNING: Required directory missing: E:\PowerShellBat\Scripts\Session
[2026-06-30 01:17:35] WARNING: Required directory missing: E:\PowerShellBat\Scripts\GUI
[2026-06-30 01:17:35] WARNING: Required directory missing: E:\PowerShellBat\Scripts\UI
[2026-06-30 01:17:35] WARNING: Required file missing: E:\PowerShellBat\Scripts\Core\AURORA-CoreEngine.ps1
[2026-06-30 01:17:35] WARNING: Required file missing: E:\PowerShellBat\Scripts\Security\AURORA-SecurityModule.ps1
[2026-06-30 01:17:35] WARNING: Required file missing: E:\PowerShellBat\Scripts\PRO\AURORA-AnalyzerPRO-Engine.ps1
[2026-06-30 01:17:35] VerifyDirectoryIntegrity: OK
[2026-06-30 01:17:35] Directory integrity check passed
[2026-06-30 01:17:35] IntegrityGuard detection: NONE
[2026-06-30 01:17:35] IntegrityGuard initialized
[2026-06-30 01:17:35] ElevationService configured
[2026-06-30 01:17:36] Creating SplashScreenView
[2026-06-30 01:17:36] SplashScreenView.ctor begin
[2026-06-30 01:17:36] SplashScreenView.ctor InitializeComponent done
[2026-06-30 01:17:36] SplashScreenView.ctor done
[2026-06-30 01:17:36] MainWindow set to SplashScreenView
[2026-06-30 01:17:36] SplashScreenView.Loaded
[2026-06-30 01:17:36] SplashScreenView.Show() returned
[2026-06-30 01:17:48] SplashScreenView.LoadingComplete
[2026-06-30 01:17:48] ShowMainWindow: show ElevationDialog first
[2026-06-30 01:17:57] ElevationDialog result: ContinueNormal
[2026-06-30 01:17:57] MainFormView.ctor begin
[2026-06-30 01:17:57] MainFormView.ctor InitializeComponent done
[2026-06-30 01:17:57] MainFormView.Loaded
[2026-06-30 01:17:57] MainFormView.PlayWindowEnterAnimation OK
[2026-06-30 01:17:57] SplashScreenView.Closed
[2026-06-30 01:18:09] ProModeView.ctor begin
[2026-06-30 01:18:09] ProModeView.ctor InitializeComponent done
[2026-06-30 01:18:09] [PRO-SWITCH] PlayWindowExitAnimationForModeSwitch begin
[2026-06-30 01:18:11] ProModeView.OnWindowLoaded begin
[2026-06-30 01:18:11] ProModeView IntegrityGuard runtime monitoring started
[2026-06-30 01:18:11] ProModeView.PlayProModeWindowEnter begin
[2026-06-30 01:18:11] ProModeView.PlayProModeWindowEnter scheduled
[2026-06-30 01:18:11] ProModeView.OnWindowLoaded end
[2026-06-30 01:23:18] PerformExitCleanup: done
[2026-06-30 01:23:19] PerformExitCleanup: done
[2026-06-30 01:23:35] OnStartup
[2026-06-30 01:23:35] Password verification skipped: IsLaunchedByExe=true
[2026-06-30 01:23:35] Password verification passed
[2026-06-30 01:23:35] AURORA_PERF_TIER=Extreme
[2026-06-30 01:23:35] AURORA_LANGUAGE=CHS
[2026-06-30 01:23:35] AURORA_IS_LAUNCHED_BY_EXE=True
[2026-06-30 01:23:35] WARNING: Required directory missing: E:\PowerShellBat\Scripts
[2026-06-30 01:23:35] WARNING: Required directory missing: E:\PowerShellBat\Scripts\Core
[2026-06-30 01:23:35] WARNING: Required directory missing: E:\PowerShellBat\Scripts\Security
[2026-06-30 01:23:35] WARNING: Required directory missing: E:\PowerShellBat\Scripts\PRO
[2026-06-30 01:23:35] WARNING: Required directory missing: E:\PowerShellBat\Scripts\Engines
[2026-06-30 01:23:35] WARNING: Required directory missing: E:\PowerShellBat\Scripts\Session
[2026-06-30 01:23:35] WARNING: Required directory missing: E:\PowerShellBat\Scripts\GUI
[2026-06-30 01:23:35] WARNING: Required directory missing: E:\PowerShellBat\Scripts\UI
[2026-06-30 01:23:35] WARNING: Required file missing: E:\PowerShellBat\Scripts\Core\AURORA-CoreEngine.ps1
[2026-06-30 01:23:35] WARNING: Required file missing: E:\PowerShellBat\Scripts\Security\AURORA-SecurityModule.ps1
[2026-06-30 01:23:35] WARNING: Required file missing: E:\PowerShellBat\Scripts\PRO\AURORA-AnalyzerPRO-Engine.ps1
[2026-06-30 01:23:35] VerifyDirectoryIntegrity: OK
[2026-06-30 01:23:35] Directory integrity check passed
[2026-06-30 01:23:35] IntegrityGuard detection: NONE
[2026-06-30 01:23:35] IntegrityGuard initialized
[2026-06-30 01:23:35] ElevationService configured
[2026-06-30 01:23:36] Creating SplashScreenView
[2026-06-30 01:23:36] SplashScreenView.ctor begin
[2026-06-30 01:23:36] SplashScreenView.ctor InitializeComponent done
[2026-06-30 01:23:36] SplashScreenView.ctor done
[2026-06-30 01:23:36] MainWindow set to SplashScreenView
[2026-06-30 01:23:36] SplashScreenView.Loaded
[2026-06-30 01:23:36] SplashScreenView.Show() returned
[2026-06-30 01:23:48] SplashScreenView.LoadingComplete
[2026-06-30 01:23:48] ShowMainWindow: show ElevationDialog first
[2026-06-30 01:23:58] ElevationDialog result: ContinueNormal
[2026-06-30 01:23:58] MainFormView.ctor begin
[2026-06-30 01:23:58] MainFormView.ctor InitializeComponent done
[2026-06-30 01:23:58] MainFormView.Loaded
[2026-06-30 01:23:58] MainFormView.PlayWindowEnterAnimation OK
[2026-06-30 01:23:58] SplashScreenView.Closed
[2026-06-30 01:24:15] ProModeView.ctor begin
[2026-06-30 01:24:15] ProModeView.ctor InitializeComponent done
[2026-06-30 01:24:15] [PRO-SWITCH] PlayWindowExitAnimationForModeSwitch begin
[2026-06-30 01:24:17] ProModeView.OnWindowLoaded begin
[2026-06-30 01:24:17] ProModeView IntegrityGuard runtime monitoring started
[2026-06-30 01:24:17] ProModeView.PlayProModeWindowEnter begin
[2026-06-30 01:24:17] ProModeView.PlayProModeWindowEnter scheduled
[2026-06-30 01:24:17] ProModeView.OnWindowLoaded end
[2026-06-30 01:29:17] PerformExitCleanup: done
[2026-06-30 01:29:17] PerformExitCleanup: done
[2026-06-30 09:15:11] OnStartup
[2026-06-30 09:15:11] Password verification skipped: IsLaunchedByExe=true
[2026-06-30 09:15:11] Password verification passed
[2026-06-30 09:15:11] AURORA_PERF_TIER=Extreme
[2026-06-30 09:15:11] AURORA_LANGUAGE=CHS
[2026-06-30 09:15:11] AURORA_IS_LAUNCHED_BY_EXE=True
[2026-06-30 09:15:11] WARNING: Required directory missing: G:\PowerShellBat\Scripts
[2026-06-30 09:15:11] WARNING: Required directory missing: G:\PowerShellBat\Scripts\Core
[2026-06-30 09:15:11] WARNING: Required directory missing: G:\PowerShellBat\Scripts\Security
[2026-06-30 09:15:11] WARNING: Required directory missing: G:\PowerShellBat\Scripts\PRO
[2026-06-30 09:15:11] WARNING: Required directory missing: G:\PowerShellBat\Scripts\Engines
[2026-06-30 09:15:11] WARNING: Required directory missing: G:\PowerShellBat\Scripts\Session
[2026-06-30 09:15:11] WARNING: Required directory missing: G:\PowerShellBat\Scripts\GUI
[2026-06-30 09:15:11] WARNING: Required directory missing: G:\PowerShellBat\Scripts\UI
[2026-06-30 09:15:11] WARNING: Required file missing: G:\PowerShellBat\Scripts\Core\AURORA-CoreEngine.ps1
[2026-06-30 09:15:11] WARNING: Required file missing: G:\PowerShellBat\Scripts\Security\AURORA-SecurityModule.ps1
[2026-06-30 09:15:11] WARNING: Required file missing: G:\PowerShellBat\Scripts\PRO\AURORA-AnalyzerPRO-Engine.ps1
[2026-06-30 09:15:11] VerifyDirectoryIntegrity: OK
[2026-06-30 09:15:11] Directory integrity check passed
[2026-06-30 09:15:11] IntegrityGuard detection: NONE
[2026-06-30 09:15:11] IntegrityGuard initialized
[2026-06-30 09:15:11] ElevationService configured
[2026-06-30 09:15:11] Creating SplashScreenView
[2026-06-30 09:15:11] SplashScreenView.ctor begin
[2026-06-30 09:15:12] SplashScreenView.ctor InitializeComponent done
[2026-06-30 09:15:12] SplashScreenView.ctor done
[2026-06-30 09:15:12] MainWindow set to SplashScreenView
[2026-06-30 09:15:12] SplashScreenView.Loaded
[2026-06-30 09:15:12] SplashScreenView.Show() returned
[2026-06-30 09:15:24] SplashScreenView.LoadingComplete
[2026-06-30 09:15:24] ShowMainWindow: show ElevationDialog first
[2026-06-30 09:16:30] ElevationDialog result: ContinueNormal
[2026-06-30 09:16:30] MainFormView.ctor begin
[2026-06-30 09:16:30] MainFormView.ctor InitializeComponent done
[2026-06-30 09:16:30] MainFormView.Loaded
[2026-06-30 09:16:30] MainFormView.PlayWindowEnterAnimation OK
[2026-06-30 09:16:30] SplashScreenView.Closed
[2026-06-30 09:18:04] ProModeView.ctor begin
[2026-06-30 09:18:04] ProModeView.ctor InitializeComponent done
[2026-06-30 09:18:04] [PRO-SWITCH] PlayWindowExitAnimationForModeSwitch begin
[2026-06-30 09:18:06] ProModeView.OnWindowLoaded begin
[2026-06-30 09:18:06] ProModeView IntegrityGuard runtime monitoring started
[2026-06-30 09:18:06] ProModeView.PlayProModeWindowEnter begin
[2026-06-30 09:18:06] ProModeView.PlayProModeWindowEnter scheduled
[2026-06-30 09:18:06] ProModeView.OnWindowLoaded end
[2026-06-30 09:34:44] PerformExitCleanup: done
[2026-06-30 09:34:44] PerformExitCleanup: done
[2026-06-30 09:38:46] OnStartup
[2026-06-30 09:38:46] Password verification skipped: IsLaunchedByExe=true
[2026-06-30 09:38:46] Password verification passed
[2026-06-30 09:38:46] AURORA_PERF_TIER=Extreme
[2026-06-30 09:38:46] AURORA_LANGUAGE=CHS
[2026-06-30 09:38:46] AURORA_IS_LAUNCHED_BY_EXE=True
[2026-06-30 09:38:46] WARNING: Required directory missing: G:\PowerShellBat\Scripts
[2026-06-30 09:38:46] WARNING: Required directory missing: G:\PowerShellBat\Scripts\Core
[2026-06-30 09:38:46] WARNING: Required directory missing: G:\PowerShellBat\Scripts\Security
[2026-06-30 09:38:46] WARNING: Required directory missing: G:\PowerShellBat\Scripts\PRO
[2026-06-30 09:38:46] WARNING: Required directory missing: G:\PowerShellBat\Scripts\Engines
[2026-06-30 09:38:46] WARNING: Required directory missing: G:\PowerShellBat\Scripts\Session
[2026-06-30 09:38:46] WARNING: Required directory missing: G:\PowerShellBat\Scripts\GUI
[2026-06-30 09:38:46] WARNING: Required directory missing: G:\PowerShellBat\Scripts\UI
[2026-06-30 09:38:46] WARNING: Required file missing: G:\PowerShellBat\Scripts\Core\AURORA-CoreEngine.ps1
[2026-06-30 09:38:46] WARNING: Required file missing: G:\PowerShellBat\Scripts\Security\AURORA-SecurityModule.ps1
[2026-06-30 09:38:46] WARNING: Required file missing: G:\PowerShellBat\Scripts\PRO\AURORA-AnalyzerPRO-Engine.ps1
[2026-06-30 09:38:46] VerifyDirectoryIntegrity: OK
[2026-06-30 09:38:46] Directory integrity check passed
[2026-06-30 09:38:46] IntegrityGuard detection: NONE
[2026-06-30 09:38:46] IntegrityGuard initialized
[2026-06-30 09:38:46] ElevationService configured
[2026-06-30 09:38:47] Creating SplashScreenView
[2026-06-30 09:38:47] SplashScreenView.ctor begin
[2026-06-30 09:38:47] SplashScreenView.ctor InitializeComponent done
[2026-06-30 09:38:47] SplashScreenView.ctor done
[2026-06-30 09:38:47] MainWindow set to SplashScreenView
[2026-06-30 09:38:47] SplashScreenView.Loaded
[2026-06-30 09:38:47] SplashScreenView.Show() returned
[2026-06-30 09:38:59] SplashScreenView.LoadingComplete
[2026-06-30 09:39:00] ShowMainWindow: show ElevationDialog first
[2026-06-30 09:39:10] ElevationDialog result: ContinueNormal
[2026-06-30 09:39:10] MainFormView.ctor begin
[2026-06-30 09:39:10] MainFormView.ctor InitializeComponent done
[2026-06-30 09:39:10] MainFormView.Loaded
[2026-06-30 09:39:10] MainFormView.PlayWindowEnterAnimation OK
[2026-06-30 09:39:10] SplashScreenView.Closed
[2026-06-30 09:39:59] ProModeView.ctor begin
[2026-06-30 09:39:59] ProModeView.ctor InitializeComponent done
[2026-06-30 09:39:59] [PRO-SWITCH] PlayWindowExitAnimationForModeSwitch begin
[2026-06-30 09:40:01] ProModeView.OnWindowLoaded begin
[2026-06-30 09:40:01] ProModeView IntegrityGuard runtime monitoring started
[2026-06-30 09:40:01] ProModeView.PlayProModeWindowEnter begin
[2026-06-30 09:40:01] ProModeView.PlayProModeWindowEnter scheduled
[2026-06-30 09:40:01] ProModeView.OnWindowLoaded end
[2026-06-30 09:40:05] PerformExitCleanup: done
[2026-06-30 09:40:05] PerformExitCleanup: done
[2026-06-30 09:40:07] OnStartup
[2026-06-30 09:40:07] Password verification skipped: IsLaunchedByExe=true
[2026-06-30 09:40:07] Password verification passed
[2026-06-30 09:40:07] AURORA_PERF_TIER=Extreme
[2026-06-30 09:40:07] AURORA_LANGUAGE=CHS
[2026-06-30 09:40:07] AURORA_IS_LAUNCHED_BY_EXE=True
[2026-06-30 09:40:07] WARNING: Required directory missing: G:\PowerShellBat\Scripts
[2026-06-30 09:40:07] WARNING: Required directory missing: G:\PowerShellBat\Scripts\Core
[2026-06-30 09:40:07] WARNING: Required directory missing: G:\PowerShellBat\Scripts\Security
[2026-06-30 09:40:07] WARNING: Required directory missing: G:\PowerShellBat\Scripts\PRO
[2026-06-30 09:40:07] WARNING: Required directory missing: G:\PowerShellBat\Scripts\Engines
[2026-06-30 09:40:07] WARNING: Required directory missing: G:\PowerShellBat\Scripts\Session
[2026-06-30 09:40:07] WARNING: Required directory missing: G:\PowerShellBat\Scripts\GUI
[2026-06-30 09:40:07] WARNING: Required directory missing: G:\PowerShellBat\Scripts\UI
[2026-06-30 09:40:07] WARNING: Required file missing: G:\PowerShellBat\Scripts\Core\AURORA-CoreEngine.ps1
[2026-06-30 09:40:07] WARNING: Required file missing: G:\PowerShellBat\Scripts\Security\AURORA-SecurityModule.ps1
[2026-06-30 09:40:07] WARNING: Required file missing: G:\PowerShellBat\Scripts\PRO\AURORA-AnalyzerPRO-Engine.ps1
[2026-06-30 09:40:07] VerifyDirectoryIntegrity: OK
[2026-06-30 09:40:07] Directory integrity check passed
[2026-06-30 09:40:07] IntegrityGuard detection: NONE
[2026-06-30 09:40:07] IntegrityGuard initialized
[2026-06-30 09:40:07] ElevationService configured
[2026-06-30 09:40:08] Creating SplashScreenView
[2026-06-30 09:40:08] SplashScreenView.ctor begin
[2026-06-30 09:40:08] SplashScreenView.ctor InitializeComponent done
[2026-06-30 09:40:08] SplashScreenView.ctor done
[2026-06-30 09:40:08] MainWindow set to SplashScreenView
[2026-06-30 09:40:08] SplashScreenView.Loaded
[2026-06-30 09:40:08] SplashScreenView.Show() returned
[2026-06-30 09:40:20] SplashScreenView.LoadingComplete
[2026-06-30 09:40:20] ShowMainWindow: show ElevationDialog first
[2026-06-30 09:40:31] ElevationDialog result: ContinueNormal
[2026-06-30 09:40:31] MainFormView.ctor begin
[2026-06-30 09:40:31] MainFormView.ctor InitializeComponent done
[2026-06-30 09:40:31] MainFormView.Loaded
[2026-06-30 09:40:31] MainFormView.PlayWindowEnterAnimation OK
[2026-06-30 09:40:31] SplashScreenView.Closed
[2026-06-30 09:43:23] PerformExitCleanup: done
[2026-06-30 09:43:23] PerformExitCleanup: done
[2026-06-30 09:49:15] OnStartup
[2026-06-30 09:49:15] Password verification skipped: IsLaunchedByExe=true
[2026-06-30 09:49:15] Password verification passed
[2026-06-30 09:49:15] AURORA_PERF_TIER=Extreme
[2026-06-30 09:49:15] AURORA_LANGUAGE=CHS
[2026-06-30 09:49:15] AURORA_IS_LAUNCHED_BY_EXE=True
[2026-06-30 09:49:15] WARNING: Required directory missing: G:\PowerShellBat\Scripts
[2026-06-30 09:49:15] WARNING: Required directory missing: G:\PowerShellBat\Scripts\Core
[2026-06-30 09:49:15] WARNING: Required directory missing: G:\PowerShellBat\Scripts\Security
[2026-06-30 09:49:15] WARNING: Required directory missing: G:\PowerShellBat\Scripts\PRO
[2026-06-30 09:49:15] WARNING: Required directory missing: G:\PowerShellBat\Scripts\Engines
[2026-06-30 09:49:15] WARNING: Required directory missing: G:\PowerShellBat\Scripts\Session
[2026-06-30 09:49:15] WARNING: Required directory missing: G:\PowerShellBat\Scripts\GUI
[2026-06-30 09:49:15] WARNING: Required directory missing: G:\PowerShellBat\Scripts\UI
[2026-06-30 09:49:15] WARNING: Required file missing: G:\PowerShellBat\Scripts\Core\AURORA-CoreEngine.ps1
[2026-06-30 09:49:15] WARNING: Required file missing: G:\PowerShellBat\Scripts\Security\AURORA-SecurityModule.ps1
[2026-06-30 09:49:15] WARNING: Required file missing: G:\PowerShellBat\Scripts\PRO\AURORA-AnalyzerPRO-Engine.ps1
[2026-06-30 09:49:15] VerifyDirectoryIntegrity: OK
[2026-06-30 09:49:15] Directory integrity check passed
[2026-06-30 09:49:15] IntegrityGuard detection: NONE
[2026-06-30 09:49:15] IntegrityGuard initialized
[2026-06-30 09:49:15] ElevationService configured
[2026-06-30 09:49:15] Creating SplashScreenView
[2026-06-30 09:49:15] SplashScreenView.ctor begin
[2026-06-30 09:49:15] SplashScreenView.ctor InitializeComponent done
[2026-06-30 09:49:15] SplashScreenView.ctor done
[2026-06-30 09:49:15] MainWindow set to SplashScreenView
[2026-06-30 09:49:16] SplashScreenView.Loaded
[2026-06-30 09:49:16] SplashScreenView.Show() returned
[2026-06-30 09:49:27] SplashScreenView.LoadingComplete
[2026-06-30 09:49:28] ShowMainWindow: show ElevationDialog first
[2026-06-30 09:49:40] ElevationDialog result: ContinueNormal
[2026-06-30 09:49:40] MainFormView.ctor begin
[2026-06-30 09:49:40] MainFormView.ctor InitializeComponent done
[2026-06-30 09:49:40] MainFormView.Loaded
[2026-06-30 09:49:40] MainFormView.PlayWindowEnterAnimation OK
[2026-06-30 09:49:40] SplashScreenView.Closed
[2026-06-30 09:52:14] PerformExitCleanup: done
[2026-06-30 09:52:14] PerformExitCleanup: done
[2026-06-30 09:52:51] OnStartup
[2026-06-30 09:52:51] Password verification skipped: IsLaunchedByExe=true
[2026-06-30 09:52:51] Password verification passed
[2026-06-30 09:52:51] AURORA_PERF_TIER=Extreme
[2026-06-30 09:52:51] AURORA_LANGUAGE=CHS
[2026-06-30 09:52:51] AURORA_IS_LAUNCHED_BY_EXE=True
[2026-06-30 09:52:51] WARNING: Required directory missing: G:\PowerShellBat\Scripts
[2026-06-30 09:52:51] WARNING: Required directory missing: G:\PowerShellBat\Scripts\Core
[2026-06-30 09:52:51] WARNING: Required directory missing: G:\PowerShellBat\Scripts\Security
[2026-06-30 09:52:51] WARNING: Required directory missing: G:\PowerShellBat\Scripts\PRO
[2026-06-30 09:52:51] WARNING: Required directory missing: G:\PowerShellBat\Scripts\Engines
[2026-06-30 09:52:51] WARNING: Required directory missing: G:\PowerShellBat\Scripts\Session
[2026-06-30 09:52:51] WARNING: Required directory missing: G:\PowerShellBat\Scripts\GUI
[2026-06-30 09:52:51] WARNING: Required directory missing: G:\PowerShellBat\Scripts\UI
[2026-06-30 09:52:51] WARNING: Required file missing: G:\PowerShellBat\Scripts\Core\AURORA-CoreEngine.ps1
[2026-06-30 09:52:51] WARNING: Required file missing: G:\PowerShellBat\Scripts\Security\AURORA-SecurityModule.ps1
[2026-06-30 09:52:51] WARNING: Required file missing: G:\PowerShellBat\Scripts\PRO\AURORA-AnalyzerPRO-Engine.ps1
[2026-06-30 09:52:51] VerifyDirectoryIntegrity: OK
[2026-06-30 09:52:51] Directory integrity check passed
[2026-06-30 09:52:51] IntegrityGuard detection: NONE
[2026-06-30 09:52:51] IntegrityGuard initialized
[2026-06-30 09:52:51] ElevationService configured
[2026-06-30 09:52:52] Creating SplashScreenView
[2026-06-30 09:52:52] SplashScreenView.ctor begin
[2026-06-30 09:52:52] SplashScreenView.ctor InitializeComponent done
[2026-06-30 09:52:52] SplashScreenView.ctor done
[2026-06-30 09:52:52] MainWindow set to SplashScreenView
[2026-06-30 09:52:52] SplashScreenView.Loaded
[2026-06-30 09:52:52] SplashScreenView.Show() returned
[2026-06-30 09:53:04] SplashScreenView.LoadingComplete
[2026-06-30 09:53:05] ShowMainWindow: show ElevationDialog first
[2026-06-30 09:53:11] ElevationDialog result: ContinueNormal
[2026-06-30 09:53:11] MainFormView.ctor begin
[2026-06-30 09:53:11] MainFormView.ctor InitializeComponent done
[2026-06-30 09:53:12] MainFormView.Loaded
[2026-06-30 09:53:12] MainFormView.PlayWindowEnterAnimation OK
[2026-06-30 09:53:12] SplashScreenView.Closed
[2026-06-30 09:55:54] PerformExitCleanup: done
[2026-06-30 09:55:54] PerformExitCleanup: done
[2026-06-30 09:56:09] OnStartup
[2026-06-30 09:56:09] Password verification skipped: IsLaunchedByExe=true
[2026-06-30 09:56:09] Password verification passed
[2026-06-30 09:56:09] AURORA_PERF_TIER=Extreme
[2026-06-30 09:56:09] AURORA_LANGUAGE=CHS
[2026-06-30 09:56:09] AURORA_IS_LAUNCHED_BY_EXE=True
[2026-06-30 09:56:09] WARNING: Required directory missing: G:\PowerShellBat\Scripts
[2026-06-30 09:56:09] WARNING: Required directory missing: G:\PowerShellBat\Scripts\Core
[2026-06-30 09:56:09] WARNING: Required directory missing: G:\PowerShellBat\Scripts\Security
[2026-06-30 09:56:09] WARNING: Required directory missing: G:\PowerShellBat\Scripts\PRO
[2026-06-30 09:56:09] WARNING: Required directory missing: G:\PowerShellBat\Scripts\Engines
[2026-06-30 09:56:09] WARNING: Required directory missing: G:\PowerShellBat\Scripts\Session
[2026-06-30 09:56:09] WARNING: Required directory missing: G:\PowerShellBat\Scripts\GUI
[2026-06-30 09:56:09] WARNING: Required directory missing: G:\PowerShellBat\Scripts\UI
[2026-06-30 09:56:09] WARNING: Required file missing: G:\PowerShellBat\Scripts\Core\AURORA-CoreEngine.ps1
[2026-06-30 09:56:09] WARNING: Required file missing: G:\PowerShellBat\Scripts\Security\AURORA-SecurityModule.ps1
[2026-06-30 09:56:09] WARNING: Required file missing: G:\PowerShellBat\Scripts\PRO\AURORA-AnalyzerPRO-Engine.ps1
[2026-06-30 09:56:09] VerifyDirectoryIntegrity: OK
[2026-06-30 09:56:09] Directory integrity check passed
[2026-06-30 09:56:09] IntegrityGuard detection: NONE
[2026-06-30 09:56:09] IntegrityGuard initialized
[2026-06-30 09:56:09] ElevationService configured
[2026-06-30 09:56:10] Creating SplashScreenView
[2026-06-30 09:56:10] SplashScreenView.ctor begin
[2026-06-30 09:56:10] SplashScreenView.ctor InitializeComponent done
[2026-06-30 09:56:10] SplashScreenView.ctor done
[2026-06-30 09:56:10] MainWindow set to SplashScreenView
[2026-06-30 09:56:10] SplashScreenView.Loaded
[2026-06-30 09:56:10] SplashScreenView.Show() returned
[2026-06-30 09:56:22] SplashScreenView.LoadingComplete
[2026-06-30 09:56:22] ShowMainWindow: show ElevationDialog first
[2026-06-30 09:56:31] ElevationDialog result: ContinueNormal
[2026-06-30 09:56:31] MainFormView.ctor begin
[2026-06-30 09:56:31] MainFormView.ctor InitializeComponent done
[2026-06-30 09:56:31] MainFormView.Loaded
[2026-06-30 09:56:31] MainFormView.PlayWindowEnterAnimation OK
[2026-06-30 09:56:31] SplashScreenView.Closed
[2026-06-30 10:00:43] PerformExitCleanup: done
[2026-06-30 10:00:43] PerformExitCleanup: done
[2026-06-30 10:01:30] OnStartup
[2026-06-30 10:01:30] Password verification skipped: IsLaunchedByExe=true
[2026-06-30 10:01:30] Password verification passed
[2026-06-30 10:01:30] AURORA_PERF_TIER=Extreme
[2026-06-30 10:01:30] AURORA_LANGUAGE=CHS
[2026-06-30 10:01:30] AURORA_IS_LAUNCHED_BY_EXE=True
[2026-06-30 10:01:30] WARNING: Required directory missing: G:\PowerShellBat\Scripts
[2026-06-30 10:01:30] WARNING: Required directory missing: G:\PowerShellBat\Scripts\Core
[2026-06-30 10:01:30] WARNING: Required directory missing: G:\PowerShellBat\Scripts\Security
[2026-06-30 10:01:30] WARNING: Required directory missing: G:\PowerShellBat\Scripts\PRO
[2026-06-30 10:01:30] WARNING: Required directory missing: G:\PowerShellBat\Scripts\Engines
[2026-06-30 10:01:30] WARNING: Required directory missing: G:\PowerShellBat\Scripts\Session
[2026-06-30 10:01:30] WARNING: Required directory missing: G:\PowerShellBat\Scripts\GUI
[2026-06-30 10:01:30] WARNING: Required directory missing: G:\PowerShellBat\Scripts\UI
[2026-06-30 10:01:30] WARNING: Required file missing: G:\PowerShellBat\Scripts\Core\AURORA-CoreEngine.ps1
[2026-06-30 10:01:30] WARNING: Required file missing: G:\PowerShellBat\Scripts\Security\AURORA-SecurityModule.ps1
[2026-06-30 10:01:30] WARNING: Required file missing: G:\PowerShellBat\Scripts\PRO\AURORA-AnalyzerPRO-Engine.ps1
[2026-06-30 10:01:30] VerifyDirectoryIntegrity: OK
[2026-06-30 10:01:30] Directory integrity check passed
[2026-06-30 10:01:30] IntegrityGuard detection: NONE
[2026-06-30 10:01:30] IntegrityGuard initialized
[2026-06-30 10:01:30] ElevationService configured
[2026-06-30 10:01:30] Creating SplashScreenView
[2026-06-30 10:01:30] SplashScreenView.ctor begin
[2026-06-30 10:01:30] SplashScreenView.ctor InitializeComponent done
[2026-06-30 10:01:30] SplashScreenView.ctor done
[2026-06-30 10:01:30] MainWindow set to SplashScreenView
[2026-06-30 10:01:31] SplashScreenView.Loaded
[2026-06-30 10:01:31] SplashScreenView.Show() returned
[2026-06-30 10:01:42] SplashScreenView.LoadingComplete
[2026-06-30 10:01:43] ShowMainWindow: show ElevationDialog first
[2026-06-30 10:04:28] ElevationDialog result: ContinueNormal
[2026-06-30 10:04:28] MainFormView.ctor begin
[2026-06-30 10:04:28] MainFormView.ctor InitializeComponent done
[2026-06-30 10:04:28] MainFormView.Loaded
[2026-06-30 10:04:28] MainFormView.PlayWindowEnterAnimation OK
[2026-06-30 10:04:28] SplashScreenView.Closed
[2026-06-30 10:04:34] ProModeView.ctor begin
[2026-06-30 10:04:34] ProModeView.ctor InitializeComponent done
[2026-06-30 10:04:34] [PRO-SWITCH] PlayWindowExitAnimationForModeSwitch begin
[2026-06-30 10:04:35] ProModeView.OnWindowLoaded begin
[2026-06-30 10:04:35] ProModeView IntegrityGuard runtime monitoring started
[2026-06-30 10:04:35] ProModeView.PlayProModeWindowEnter begin
[2026-06-30 10:04:35] ProModeView.PlayProModeWindowEnter scheduled
[2026-06-30 10:04:35] ProModeView.OnWindowLoaded end
[2026-06-30 10:07:36] PerformExitCleanup: done
[2026-06-30 10:07:36] PerformExitCleanup: done
[2026-06-30 10:07:55] OnStartup
[2026-06-30 10:07:55] Password verification skipped: IsLaunchedByExe=true
[2026-06-30 10:07:55] Password verification passed
[2026-06-30 10:07:55] AURORA_PERF_TIER=Extreme
[2026-06-30 10:07:55] AURORA_LANGUAGE=CHS
[2026-06-30 10:07:55] AURORA_IS_LAUNCHED_BY_EXE=True
[2026-06-30 10:07:55] WARNING: Required directory missing: G:\PowerShellBat\Scripts
[2026-06-30 10:07:55] WARNING: Required directory missing: G:\PowerShellBat\Scripts\Core
[2026-06-30 10:07:55] WARNING: Required directory missing: G:\PowerShellBat\Scripts\Security
[2026-06-30 10:07:55] WARNING: Required directory missing: G:\PowerShellBat\Scripts\PRO
[2026-06-30 10:07:55] WARNING: Required directory missing: G:\PowerShellBat\Scripts\Engines
[2026-06-30 10:07:55] WARNING: Required directory missing: G:\PowerShellBat\Scripts\Session
[2026-06-30 10:07:55] WARNING: Required directory missing: G:\PowerShellBat\Scripts\GUI
[2026-06-30 10:07:55] WARNING: Required directory missing: G:\PowerShellBat\Scripts\UI
[2026-06-30 10:07:55] WARNING: Required file missing: G:\PowerShellBat\Scripts\Core\AURORA-CoreEngine.ps1
[2026-06-30 10:07:55] WARNING: Required file missing: G:\PowerShellBat\Scripts\Security\AURORA-SecurityModule.ps1
[2026-06-30 10:07:55] WARNING: Required file missing: G:\PowerShellBat\Scripts\PRO\AURORA-AnalyzerPRO-Engine.ps1
[2026-06-30 10:07:55] VerifyDirectoryIntegrity: OK
[2026-06-30 10:07:55] Directory integrity check passed
[2026-06-30 10:07:55] IntegrityGuard detection: NONE
[2026-06-30 10:07:55] IntegrityGuard initialized
[2026-06-30 10:07:55] ElevationService configured
[2026-06-30 10:07:56] Creating SplashScreenView
[2026-06-30 10:07:56] SplashScreenView.ctor begin
[2026-06-30 10:07:56] SplashScreenView.ctor InitializeComponent done
[2026-06-30 10:07:56] SplashScreenView.ctor done
[2026-06-30 10:07:56] MainWindow set to SplashScreenView
[2026-06-30 10:07:56] SplashScreenView.Loaded
[2026-06-30 10:07:56] SplashScreenView.Show() returned
[2026-06-30 10:08:08] SplashScreenView.LoadingComplete
[2026-06-30 10:08:09] ShowMainWindow: show ElevationDialog first
[2026-06-30 10:11:24] SplashScreenView.Closed
[2026-06-30 10:11:24] PerformExitCleanup: done
[2026-06-30 10:11:24] PerformExitCleanup: done
[2026-06-30 10:12:19] OnStartup
[2026-06-30 10:12:19] Password verification skipped: IsLaunchedByExe=true
[2026-06-30 10:12:19] Password verification passed
[2026-06-30 10:12:19] AURORA_PERF_TIER=Extreme
[2026-06-30 10:12:19] AURORA_LANGUAGE=CHS
[2026-06-30 10:12:19] AURORA_IS_LAUNCHED_BY_EXE=True
[2026-06-30 10:12:19] WARNING: Required directory missing: G:\PowerShellBat\Scripts
[2026-06-30 10:12:19] WARNING: Required directory missing: G:\PowerShellBat\Scripts\Core
[2026-06-30 10:12:19] WARNING: Required directory missing: G:\PowerShellBat\Scripts\Security
[2026-06-30 10:12:19] WARNING: Required directory missing: G:\PowerShellBat\Scripts\PRO
[2026-06-30 10:12:19] WARNING: Required directory missing: G:\PowerShellBat\Scripts\Engines
[2026-06-30 10:12:19] WARNING: Required directory missing: G:\PowerShellBat\Scripts\Session
[2026-06-30 10:12:19] WARNING: Required directory missing: G:\PowerShellBat\Scripts\GUI
[2026-06-30 10:12:19] WARNING: Required directory missing: G:\PowerShellBat\Scripts\UI
[2026-06-30 10:12:19] WARNING: Required file missing: G:\PowerShellBat\Scripts\Core\AURORA-CoreEngine.ps1
[2026-06-30 10:12:19] WARNING: Required file missing: G:\PowerShellBat\Scripts\Security\AURORA-SecurityModule.ps1
[2026-06-30 10:12:19] WARNING: Required file missing: G:\PowerShellBat\Scripts\PRO\AURORA-AnalyzerPRO-Engine.ps1
[2026-06-30 10:12:19] VerifyDirectoryIntegrity: OK
[2026-06-30 10:12:19] Directory integrity check passed
[2026-06-30 10:12:19] IntegrityGuard detection: NONE
[2026-06-30 10:12:19] IntegrityGuard initialized
[2026-06-30 10:12:19] ElevationService configured
[2026-06-30 10:12:20] Creating SplashScreenView
[2026-06-30 10:12:20] SplashScreenView.ctor begin
[2026-06-30 10:12:20] SplashScreenView.ctor InitializeComponent done
[2026-06-30 10:12:20] SplashScreenView.ctor done
[2026-06-30 10:12:20] MainWindow set to SplashScreenView
[2026-06-30 10:12:20] SplashScreenView.Loaded
[2026-06-30 10:12:20] SplashScreenView.Show() returned
[2026-06-30 10:12:32] SplashScreenView.LoadingComplete
[2026-06-30 10:12:32] ShowMainWindow: show ElevationDialog first
[2026-06-30 10:13:04] ElevationDialog result: ContinueNormal
[2026-06-30 10:13:04] MainFormView.ctor begin
[2026-06-30 10:13:04] MainFormView.ctor InitializeComponent done
[2026-06-30 10:13:04] MainFormView.Loaded
[2026-06-30 10:13:04] MainFormView.PlayWindowEnterAnimation OK
[2026-06-30 10:13:04] SplashScreenView.Closed
[2026-06-30 10:15:02] ProModeView.ctor begin
[2026-06-30 10:15:02] ProModeView.ctor InitializeComponent done
[2026-06-30 10:15:02] [PRO-SWITCH] PlayWindowExitAnimationForModeSwitch begin
[2026-06-30 10:15:04] ProModeView.OnWindowLoaded begin
[2026-06-30 10:15:04] ProModeView IntegrityGuard runtime monitoring started
[2026-06-30 10:15:04] ProModeView.PlayProModeWindowEnter begin
[2026-06-30 10:15:04] ProModeView.PlayProModeWindowEnter scheduled
[2026-06-30 10:15:04] ProModeView.OnWindowLoaded end
[2026-06-30 10:20:25] OnStartup
[2026-06-30 10:20:25] Password verification skipped: IsLaunchedByExe=true
[2026-06-30 10:20:25] Password verification passed
[2026-06-30 10:20:25] AURORA_PERF_TIER=Extreme
[2026-06-30 10:20:25] AURORA_LANGUAGE=CHS
[2026-06-30 10:20:25] AURORA_IS_LAUNCHED_BY_EXE=True
[2026-06-30 10:20:25] WARNING: Required directory missing: G:\PowerShellBat\Scripts
[2026-06-30 10:20:25] WARNING: Required directory missing: G:\PowerShellBat\Scripts\Core
[2026-06-30 10:20:25] WARNING: Required directory missing: G:\PowerShellBat\Scripts\Security
[2026-06-30 10:20:25] WARNING: Required directory missing: G:\PowerShellBat\Scripts\PRO
[2026-06-30 10:20:25] WARNING: Required directory missing: G:\PowerShellBat\Scripts\Engines
[2026-06-30 10:20:25] WARNING: Required directory missing: G:\PowerShellBat\Scripts\Session
[2026-06-30 10:20:25] WARNING: Required directory missing: G:\PowerShellBat\Scripts\GUI
[2026-06-30 10:20:25] WARNING: Required directory missing: G:\PowerShellBat\Scripts\UI
[2026-06-30 10:20:25] WARNING: Required file missing: G:\PowerShellBat\Scripts\Core\AURORA-CoreEngine.ps1
[2026-06-30 10:20:25] WARNING: Required file missing: G:\PowerShellBat\Scripts\Security\AURORA-SecurityModule.ps1
[2026-06-30 10:20:25] WARNING: Required file missing: G:\PowerShellBat\Scripts\PRO\AURORA-AnalyzerPRO-Engine.ps1
[2026-06-30 10:20:25] VerifyDirectoryIntegrity: OK
[2026-06-30 10:20:25] Directory integrity check passed
[2026-06-30 10:20:25] IntegrityGuard detection: NONE
[2026-06-30 10:20:25] IntegrityGuard initialized
[2026-06-30 10:20:25] ElevationService configured
[2026-06-30 10:20:26] Creating SplashScreenView
[2026-06-30 10:20:26] SplashScreenView.ctor begin
[2026-06-30 10:20:26] SplashScreenView.ctor InitializeComponent done
[2026-06-30 10:20:26] SplashScreenView.ctor done
[2026-06-30 10:20:26] MainWindow set to SplashScreenView
[2026-06-30 10:20:26] SplashScreenView.Loaded
[2026-06-30 10:20:26] SplashScreenView.Show() returned
[2026-06-30 10:20:38] SplashScreenView.LoadingComplete
[2026-06-30 10:20:38] ShowMainWindow: show ElevationDialog first
[2026-06-30 10:21:45] ElevationDialog result: ContinueNormal
[2026-06-30 10:21:45] MainFormView.ctor begin
[2026-06-30 10:21:45] MainFormView.ctor InitializeComponent done
[2026-06-30 10:21:45] MainFormView.Loaded
[2026-06-30 10:21:45] MainFormView.PlayWindowEnterAnimation OK
[2026-06-30 10:21:45] SplashScreenView.Closed
[2026-06-30 10:22:12] ProModeView.ctor begin
[2026-06-30 10:22:12] ProModeView.ctor InitializeComponent done
[2026-06-30 10:22:12] [PRO-SWITCH] PlayWindowExitAnimationForModeSwitch begin
[2026-06-30 10:22:14] ProModeView.OnWindowLoaded begin
[2026-06-30 10:22:14] ProModeView IntegrityGuard runtime monitoring started
[2026-06-30 10:22:14] ProModeView.PlayProModeWindowEnter begin
[2026-06-30 10:22:14] ProModeView.PlayProModeWindowEnter scheduled
[2026-06-30 10:22:14] ProModeView.OnWindowLoaded end
[2026-06-30 10:22:18] PerformExitCleanup: done
[2026-06-30 10:22:18] PerformExitCleanup: done
[2026-06-30 10:22:20] OnStartup
[2026-06-30 10:22:20] Password verification skipped: IsLaunchedByExe=true
[2026-06-30 10:22:20] Password verification passed
[2026-06-30 10:22:20] AURORA_PERF_TIER=Extreme
[2026-06-30 10:22:20] AURORA_LANGUAGE=CHS
[2026-06-30 10:22:20] AURORA_IS_LAUNCHED_BY_EXE=True
[2026-06-30 10:22:20] WARNING: Required directory missing: G:\PowerShellBat\Scripts
[2026-06-30 10:22:20] WARNING: Required directory missing: G:\PowerShellBat\Scripts\Core
[2026-06-30 10:22:20] WARNING: Required directory missing: G:\PowerShellBat\Scripts\Security
[2026-06-30 10:22:20] WARNING: Required directory missing: G:\PowerShellBat\Scripts\PRO
[2026-06-30 10:22:20] WARNING: Required directory missing: G:\PowerShellBat\Scripts\Engines
[2026-06-30 10:22:20] WARNING: Required directory missing: G:\PowerShellBat\Scripts\Session
[2026-06-30 10:22:20] WARNING: Required directory missing: G:\PowerShellBat\Scripts\GUI
[2026-06-30 10:22:20] WARNING: Required directory missing: G:\PowerShellBat\Scripts\UI
[2026-06-30 10:22:20] WARNING: Required file missing: G:\PowerShellBat\Scripts\Core\AURORA-CoreEngine.ps1
[2026-06-30 10:22:20] WARNING: Required file missing: G:\PowerShellBat\Scripts\Security\AURORA-SecurityModule.ps1
[2026-06-30 10:22:20] WARNING: Required file missing: G:\PowerShellBat\Scripts\PRO\AURORA-AnalyzerPRO-Engine.ps1
[2026-06-30 10:22:20] VerifyDirectoryIntegrity: OK
[2026-06-30 10:22:20] Directory integrity check passed
[2026-06-30 10:22:20] IntegrityGuard detection: NONE
[2026-06-30 10:22:20] IntegrityGuard initialized
[2026-06-30 10:22:20] ElevationService configured
[2026-06-30 10:22:21] Creating SplashScreenView
[2026-06-30 10:22:21] SplashScreenView.ctor begin
[2026-06-30 10:22:21] SplashScreenView.ctor InitializeComponent done
[2026-06-30 10:22:21] SplashScreenView.ctor done
[2026-06-30 10:22:21] MainWindow set to SplashScreenView
[2026-06-30 10:22:21] SplashScreenView.Loaded
[2026-06-30 10:22:21] SplashScreenView.Show() returned
[2026-06-30 10:22:33] SplashScreenView.LoadingComplete
[2026-06-30 10:22:33] ShowMainWindow: show ElevationDialog first
[2026-06-30 10:22:44] ElevationDialog result: ContinueNormal
[2026-06-30 10:22:44] MainFormView.ctor begin
[2026-06-30 10:22:44] MainFormView.ctor InitializeComponent done
[2026-06-30 10:22:44] MainFormView.Loaded
[2026-06-30 10:22:44] MainFormView.PlayWindowEnterAnimation OK
[2026-06-30 10:22:44] SplashScreenView.Closed
[2026-06-30 10:24:17] PerformExitCleanup: done
[2026-06-30 10:24:17] PerformExitCleanup: done
[2026-06-30 10:24:32] OnStartup
[2026-06-30 10:24:32] Password verification skipped: IsLaunchedByExe=true
[2026-06-30 10:24:32] Password verification passed
[2026-06-30 10:24:32] AURORA_PERF_TIER=Extreme
[2026-06-30 10:24:32] AURORA_LANGUAGE=CHS
[2026-06-30 10:24:32] AURORA_IS_LAUNCHED_BY_EXE=True
[2026-06-30 10:24:32] WARNING: Required directory missing: G:\PowerShellBat\Scripts
[2026-06-30 10:24:32] WARNING: Required directory missing: G:\PowerShellBat\Scripts\Core
[2026-06-30 10:24:32] WARNING: Required directory missing: G:\PowerShellBat\Scripts\Security
[2026-06-30 10:24:32] WARNING: Required directory missing: G:\PowerShellBat\Scripts\PRO
[2026-06-30 10:24:32] WARNING: Required directory missing: G:\PowerShellBat\Scripts\Engines
[2026-06-30 10:24:32] WARNING: Required directory missing: G:\PowerShellBat\Scripts\Session
[2026-06-30 10:24:32] WARNING: Required directory missing: G:\PowerShellBat\Scripts\GUI
[2026-06-30 10:24:32] WARNING: Required directory missing: G:\PowerShellBat\Scripts\UI
[2026-06-30 10:24:32] WARNING: Required file missing: G:\PowerShellBat\Scripts\Core\AURORA-CoreEngine.ps1
[2026-06-30 10:24:32] WARNING: Required file missing: G:\PowerShellBat\Scripts\Security\AURORA-SecurityModule.ps1
[2026-06-30 10:24:32] WARNING: Required file missing: G:\PowerShellBat\Scripts\PRO\AURORA-AnalyzerPRO-Engine.ps1
[2026-06-30 10:24:32] VerifyDirectoryIntegrity: OK
[2026-06-30 10:24:32] Directory integrity check passed
[2026-06-30 10:24:32] IntegrityGuard detection: NONE
[2026-06-30 10:24:32] IntegrityGuard initialized
[2026-06-30 10:24:32] ElevationService configured
[2026-06-30 10:24:33] Creating SplashScreenView
[2026-06-30 10:24:33] SplashScreenView.ctor begin
[2026-06-30 10:24:33] SplashScreenView.ctor InitializeComponent done
[2026-06-30 10:24:33] SplashScreenView.ctor done
[2026-06-30 10:24:33] MainWindow set to SplashScreenView
[2026-06-30 10:24:33] SplashScreenView.Loaded
[2026-06-30 10:24:33] SplashScreenView.Show() returned
[2026-06-30 10:24:45] SplashScreenView.LoadingComplete
[2026-06-30 10:24:45] ShowMainWindow: show ElevationDialog first
[2026-06-30 10:24:50] ElevationDialog result: ContinueNormal
[2026-06-30 10:24:50] MainFormView.ctor begin
[2026-06-30 10:24:50] MainFormView.ctor InitializeComponent done
[2026-06-30 10:24:51] MainFormView.Loaded
[2026-06-30 10:24:51] MainFormView.PlayWindowEnterAnimation OK
[2026-06-30 10:24:51] SplashScreenView.Closed
[2026-06-30 10:44:19] PerformExitCleanup: done
[2026-06-30 10:44:19] PerformExitCleanup: done
[2026-06-30 10:51:52] OnStartup
[2026-06-30 10:51:52] Password verification skipped: IsLaunchedByExe=true
[2026-06-30 10:51:52] Password verification passed
[2026-06-30 10:51:52] AURORA_PERF_TIER=Extreme
[2026-06-30 10:51:52] AURORA_LANGUAGE=CHS
[2026-06-30 10:51:52] AURORA_IS_LAUNCHED_BY_EXE=True
[2026-06-30 10:51:52] WARNING: Required directory missing: G:\PowerShellBat\Scripts
[2026-06-30 10:51:52] WARNING: Required directory missing: G:\PowerShellBat\Scripts\Core
[2026-06-30 10:51:52] WARNING: Required directory missing: G:\PowerShellBat\Scripts\Security
[2026-06-30 10:51:52] WARNING: Required directory missing: G:\PowerShellBat\Scripts\PRO
[2026-06-30 10:51:52] WARNING: Required directory missing: G:\PowerShellBat\Scripts\Engines
[2026-06-30 10:51:52] WARNING: Required directory missing: G:\PowerShellBat\Scripts\Session
[2026-06-30 10:51:52] WARNING: Required directory missing: G:\PowerShellBat\Scripts\GUI
[2026-06-30 10:51:52] WARNING: Required directory missing: G:\PowerShellBat\Scripts\UI
[2026-06-30 10:51:52] WARNING: Required file missing: G:\PowerShellBat\Scripts\Core\AURORA-CoreEngine.ps1
[2026-06-30 10:51:52] WARNING: Required file missing: G:\PowerShellBat\Scripts\Security\AURORA-SecurityModule.ps1
[2026-06-30 10:51:52] WARNING: Required file missing: G:\PowerShellBat\Scripts\PRO\AURORA-AnalyzerPRO-Engine.ps1
[2026-06-30 10:51:52] VerifyDirectoryIntegrity: OK
[2026-06-30 10:51:52] Directory integrity check passed
[2026-06-30 10:51:52] IntegrityGuard detection: NONE
[2026-06-30 10:51:52] IntegrityGuard initialized
[2026-06-30 10:51:52] ElevationService configured
[2026-06-30 10:51:53] Creating SplashScreenView
[2026-06-30 10:51:53] SplashScreenView.ctor begin
[2026-06-30 10:51:53] SplashScreenView.ctor InitializeComponent done
[2026-06-30 10:51:53] SplashScreenView.ctor done
[2026-06-30 10:51:53] MainWindow set to SplashScreenView
[2026-06-30 10:51:53] SplashScreenView.Loaded
[2026-06-30 10:51:54] SplashScreenView.Show() returned
[2026-06-30 10:52:05] SplashScreenView.LoadingComplete
[2026-06-30 10:52:06] ShowMainWindow: show ElevationDialog first
[2026-06-30 10:52:09] ElevationDialog result: ContinueNormal
[2026-06-30 10:52:09] MainFormView.ctor begin
[2026-06-30 10:52:09] MainFormView.ctor InitializeComponent done
[2026-06-30 10:52:10] MainFormView.Loaded
[2026-06-30 10:52:10] MainFormView.PlayWindowEnterAnimation OK
[2026-06-30 10:52:10] SplashScreenView.Closed
[2026-06-30 10:54:38] PerformExitCleanup: done
[2026-06-30 10:54:39] PerformExitCleanup: done
[2026-06-30 10:54:53] OnStartup
[2026-06-30 10:54:53] Password verification skipped: IsLaunchedByExe=true
[2026-06-30 10:54:53] Password verification passed
[2026-06-30 10:54:53] AURORA_PERF_TIER=Extreme
[2026-06-30 10:54:53] AURORA_LANGUAGE=CHS
[2026-06-30 10:54:53] AURORA_IS_LAUNCHED_BY_EXE=True
[2026-06-30 10:54:53] WARNING: Required directory missing: G:\PowerShellBat\Scripts
[2026-06-30 10:54:53] WARNING: Required directory missing: G:\PowerShellBat\Scripts\Core
[2026-06-30 10:54:53] WARNING: Required directory missing: G:\PowerShellBat\Scripts\Security
[2026-06-30 10:54:53] WARNING: Required directory missing: G:\PowerShellBat\Scripts\PRO
[2026-06-30 10:54:53] WARNING: Required directory missing: G:\PowerShellBat\Scripts\Engines
[2026-06-30 10:54:53] WARNING: Required directory missing: G:\PowerShellBat\Scripts\Session
[2026-06-30 10:54:53] WARNING: Required directory missing: G:\PowerShellBat\Scripts\GUI
[2026-06-30 10:54:53] WARNING: Required directory missing: G:\PowerShellBat\Scripts\UI
[2026-06-30 10:54:53] WARNING: Required file missing: G:\PowerShellBat\Scripts\Core\AURORA-CoreEngine.ps1
[2026-06-30 10:54:53] WARNING: Required file missing: G:\PowerShellBat\Scripts\Security\AURORA-SecurityModule.ps1
[2026-06-30 10:54:53] WARNING: Required file missing: G:\PowerShellBat\Scripts\PRO\AURORA-AnalyzerPRO-Engine.ps1
[2026-06-30 10:54:53] VerifyDirectoryIntegrity: OK
[2026-06-30 10:54:53] Directory integrity check passed
[2026-06-30 10:54:53] IntegrityGuard detection: NONE
[2026-06-30 10:54:53] IntegrityGuard initialized
[2026-06-30 10:54:53] ElevationService configured
[2026-06-30 10:54:53] Creating SplashScreenView
[2026-06-30 10:54:53] SplashScreenView.ctor begin
[2026-06-30 10:54:54] SplashScreenView.ctor InitializeComponent done
[2026-06-30 10:54:54] SplashScreenView.ctor done
[2026-06-30 10:54:54] MainWindow set to SplashScreenView
[2026-06-30 10:54:54] SplashScreenView.Loaded
[2026-06-30 10:54:54] SplashScreenView.Show() returned
[2026-06-30 10:55:06] SplashScreenView.LoadingComplete
[2026-06-30 10:55:06] ShowMainWindow: show ElevationDialog first
[2026-06-30 10:55:10] ElevationDialog result: ContinueNormal
[2026-06-30 10:55:10] MainFormView.ctor begin
[2026-06-30 10:55:10] MainFormView.ctor InitializeComponent done
[2026-06-30 10:55:11] MainFormView.Loaded
[2026-06-30 10:55:11] MainFormView.PlayWindowEnterAnimation OK
[2026-06-30 10:55:11] SplashScreenView.Closed
[2026-06-30 10:55:23] ProModeView.ctor begin
[2026-06-30 10:55:23] ProModeView.ctor InitializeComponent done
[2026-06-30 10:55:23] [PRO-SWITCH] PlayWindowExitAnimationForModeSwitch begin
[2026-06-30 10:55:25] ProModeView.OnWindowLoaded begin
[2026-06-30 10:55:25] ProModeView IntegrityGuard runtime monitoring started
[2026-06-30 10:55:25] ProModeView.PlayProModeWindowEnter begin
[2026-06-30 10:55:25] ProModeView.PlayProModeWindowEnter scheduled
[2026-06-30 10:55:25] ProModeView.OnWindowLoaded end
[2026-06-30 10:55:31] PerformExitCleanup: done
[2026-06-30 10:55:31] PerformExitCleanup: done
[2026-06-30 10:57:15] OnStartup
[2026-06-30 10:57:15] Password verification skipped: IsLaunchedByExe=true
[2026-06-30 10:57:15] Password verification passed
[2026-06-30 10:57:15] AURORA_PERF_TIER=Extreme
[2026-06-30 10:57:15] AURORA_LANGUAGE=CHS
[2026-06-30 10:57:15] AURORA_IS_LAUNCHED_BY_EXE=True
[2026-06-30 10:57:15] WARNING: Required directory missing: G:\PowerShellBat\Scripts
[2026-06-30 10:57:15] WARNING: Required directory missing: G:\PowerShellBat\Scripts\Core
[2026-06-30 10:57:15] WARNING: Required directory missing: G:\PowerShellBat\Scripts\Security
[2026-06-30 10:57:15] WARNING: Required directory missing: G:\PowerShellBat\Scripts\PRO
[2026-06-30 10:57:15] WARNING: Required directory missing: G:\PowerShellBat\Scripts\Engines
[2026-06-30 10:57:15] WARNING: Required directory missing: G:\PowerShellBat\Scripts\Session
[2026-06-30 10:57:15] WARNING: Required directory missing: G:\PowerShellBat\Scripts\GUI
[2026-06-30 10:57:15] WARNING: Required directory missing: G:\PowerShellBat\Scripts\UI
[2026-06-30 10:57:15] WARNING: Required file missing: G:\PowerShellBat\Scripts\Core\AURORA-CoreEngine.ps1
[2026-06-30 10:57:15] WARNING: Required file missing: G:\PowerShellBat\Scripts\Security\AURORA-SecurityModule.ps1
[2026-06-30 10:57:15] WARNING: Required file missing: G:\PowerShellBat\Scripts\PRO\AURORA-AnalyzerPRO-Engine.ps1
[2026-06-30 10:57:15] VerifyDirectoryIntegrity: OK
[2026-06-30 10:57:15] Directory integrity check passed
[2026-06-30 10:57:15] IntegrityGuard detection: NONE
[2026-06-30 10:57:15] IntegrityGuard initialized
[2026-06-30 10:57:15] ElevationService configured
[2026-06-30 10:57:15] Creating SplashScreenView
[2026-06-30 10:57:15] SplashScreenView.ctor begin
[2026-06-30 10:57:15] SplashScreenView.ctor InitializeComponent done
[2026-06-30 10:57:15] SplashScreenView.ctor done
[2026-06-30 10:57:15] MainWindow set to SplashScreenView
[2026-06-30 10:57:16] SplashScreenView.Loaded
[2026-06-30 10:57:16] SplashScreenView.Show() returned
[2026-06-30 10:57:27] SplashScreenView.LoadingComplete
[2026-06-30 10:57:28] ShowMainWindow: show ElevationDialog first
[2026-06-30 10:57:56] ElevationDialog result: ContinueNormal
[2026-06-30 10:57:56] MainFormView.ctor begin
[2026-06-30 10:57:56] MainFormView.ctor InitializeComponent done
[2026-06-30 10:57:56] MainFormView.Loaded
[2026-06-30 10:57:56] MainFormView.PlayWindowEnterAnimation OK
[2026-06-30 10:57:56] SplashScreenView.Closed
[2026-06-30 11:02:44] PerformExitCleanup: done
[2026-06-30 11:02:44] PerformExitCleanup: done
[2026-06-30 11:13:10] OnStartup
[2026-06-30 11:13:10] Password verification skipped: IsLaunchedByExe=true
[2026-06-30 11:13:10] Password verification passed
[2026-06-30 11:13:10] AURORA_PERF_TIER=Extreme
[2026-06-30 11:13:10] AURORA_LANGUAGE=CHS
[2026-06-30 11:13:10] AURORA_IS_LAUNCHED_BY_EXE=True
[2026-06-30 11:13:10] WARNING: Required directory missing: G:\PowerShellBat\Scripts
[2026-06-30 11:13:10] WARNING: Required directory missing: G:\PowerShellBat\Scripts\Core
[2026-06-30 11:13:10] WARNING: Required directory missing: G:\PowerShellBat\Scripts\Security
[2026-06-30 11:13:10] WARNING: Required directory missing: G:\PowerShellBat\Scripts\PRO
[2026-06-30 11:13:10] WARNING: Required directory missing: G:\PowerShellBat\Scripts\Engines
[2026-06-30 11:13:10] WARNING: Required directory missing: G:\PowerShellBat\Scripts\Session
[2026-06-30 11:13:10] WARNING: Required directory missing: G:\PowerShellBat\Scripts\GUI
[2026-06-30 11:13:10] WARNING: Required directory missing: G:\PowerShellBat\Scripts\UI
[2026-06-30 11:13:10] WARNING: Required file missing: G:\PowerShellBat\Scripts\Core\AURORA-CoreEngine.ps1
[2026-06-30 11:13:10] WARNING: Required file missing: G:\PowerShellBat\Scripts\Security\AURORA-SecurityModule.ps1
[2026-06-30 11:13:10] WARNING: Required file missing: G:\PowerShellBat\Scripts\PRO\AURORA-AnalyzerPRO-Engine.ps1
[2026-06-30 11:13:10] VerifyDirectoryIntegrity: OK
[2026-06-30 11:13:10] Directory integrity check passed
[2026-06-30 11:13:10] IntegrityGuard detection: NONE
[2026-06-30 11:13:10] IntegrityGuard initialized
[2026-06-30 11:13:10] ElevationService configured
[2026-06-30 11:13:11] Creating SplashScreenView
[2026-06-30 11:13:11] SplashScreenView.ctor begin
[2026-06-30 11:13:11] SplashScreenView.ctor InitializeComponent done
[2026-06-30 11:13:11] SplashScreenView.ctor done
[2026-06-30 11:13:11] MainWindow set to SplashScreenView
[2026-06-30 11:13:11] SplashScreenView.Loaded
[2026-06-30 11:13:11] SplashScreenView.Show() returned
[2026-06-30 11:13:23] SplashScreenView.LoadingComplete
[2026-06-30 11:13:23] ShowMainWindow: show ElevationDialog first
[2026-06-30 11:13:32] ElevationDialog result: ContinueNormal
[2026-06-30 11:13:32] MainFormView.ctor begin
[2026-06-30 11:13:32] MainFormView.ctor InitializeComponent done
[2026-06-30 11:13:32] MainFormView.Loaded
[2026-06-30 11:13:32] MainFormView.PlayWindowEnterAnimation OK
[2026-06-30 11:13:32] SplashScreenView.Closed
[2026-06-30 11:13:50] PerformExitCleanup: done
[2026-06-30 11:13:50] PerformExitCleanup: done
[2026-06-30 11:26:04] OnStartup
[2026-06-30 11:26:04] Password verification skipped: IsLaunchedByExe=true
[2026-06-30 11:26:04] Password verification passed
[2026-06-30 11:26:04] AURORA_PERF_TIER=Extreme
[2026-06-30 11:26:04] AURORA_LANGUAGE=CHS
[2026-06-30 11:26:04] AURORA_IS_LAUNCHED_BY_EXE=True
[2026-06-30 11:26:04] WARNING: Required directory missing: G:\PowerShellBat\Scripts
[2026-06-30 11:26:04] WARNING: Required directory missing: G:\PowerShellBat\Scripts\Core
[2026-06-30 11:26:04] WARNING: Required directory missing: G:\PowerShellBat\Scripts\Security
[2026-06-30 11:26:04] WARNING: Required directory missing: G:\PowerShellBat\Scripts\PRO
[2026-06-30 11:26:04] WARNING: Required directory missing: G:\PowerShellBat\Scripts\Engines
[2026-06-30 11:26:04] WARNING: Required directory missing: G:\PowerShellBat\Scripts\Session
[2026-06-30 11:26:04] WARNING: Required directory missing: G:\PowerShellBat\Scripts\GUI
[2026-06-30 11:26:04] WARNING: Required directory missing: G:\PowerShellBat\Scripts\UI
[2026-06-30 11:26:04] WARNING: Required file missing: G:\PowerShellBat\Scripts\Core\AURORA-CoreEngine.ps1
[2026-06-30 11:26:04] WARNING: Required file missing: G:\PowerShellBat\Scripts\Security\AURORA-SecurityModule.ps1
[2026-06-30 11:26:04] WARNING: Required file missing: G:\PowerShellBat\Scripts\PRO\AURORA-AnalyzerPRO-Engine.ps1
[2026-06-30 11:26:04] VerifyDirectoryIntegrity: OK
[2026-06-30 11:26:04] Directory integrity check passed
[2026-06-30 11:26:04] IntegrityGuard detection: NONE
[2026-06-30 11:26:04] IntegrityGuard initialized
[2026-06-30 11:26:04] ElevationService configured
[2026-06-30 11:26:04] Creating SplashScreenView
[2026-06-30 11:26:04] SplashScreenView.ctor begin
[2026-06-30 11:26:05] SplashScreenView.ctor InitializeComponent done
[2026-06-30 11:26:05] SplashScreenView.ctor done
[2026-06-30 11:26:05] MainWindow set to SplashScreenView
[2026-06-30 11:26:05] SplashScreenView.Loaded
[2026-06-30 11:26:05] SplashScreenView.Show() returned
[2026-06-30 11:26:17] SplashScreenView.LoadingComplete
[2026-06-30 11:26:17] ShowMainWindow: show ElevationDialog first
[2026-06-30 11:26:35] ElevationDialog result: ContinueNormal
[2026-06-30 11:26:35] MainFormView.ctor begin
[2026-06-30 11:26:35] MainFormView.ctor InitializeComponent done
[2026-06-30 11:26:36] MainFormView.Loaded
[2026-06-30 11:26:36] MainFormView.PlayWindowEnterAnimation OK
[2026-06-30 11:26:36] SplashScreenView.Closed
[2026-06-30 11:28:16] ProModeView.ctor begin
[2026-06-30 11:28:16] ProModeView.ctor InitializeComponent done
[2026-06-30 11:28:16] [PRO-SWITCH] PlayWindowExitAnimationForModeSwitch begin
[2026-06-30 11:28:18] ProModeView.OnWindowLoaded begin
[2026-06-30 11:28:18] ProModeView IntegrityGuard runtime monitoring started
[2026-06-30 11:28:18] ProModeView.PlayProModeWindowEnter begin
[2026-06-30 11:28:18] ProModeView.PlayProModeWindowEnter scheduled
[2026-06-30 11:28:18] ProModeView.OnWindowLoaded end
[2026-06-30 11:28:44] OnStartup
[2026-06-30 11:28:44] Password verification skipped: IsLaunchedByExe=true
[2026-06-30 11:28:44] Password verification passed
[2026-06-30 11:28:44] AURORA_PERF_TIER=Extreme
[2026-06-30 11:28:44] AURORA_LANGUAGE=CHS
[2026-06-30 11:28:44] AURORA_IS_LAUNCHED_BY_EXE=True
[2026-06-30 11:28:44] WARNING: Required directory missing: G:\PowerShellBat\Scripts
[2026-06-30 11:28:44] WARNING: Required directory missing: G:\PowerShellBat\Scripts\Core
[2026-06-30 11:28:44] WARNING: Required directory missing: G:\PowerShellBat\Scripts\Security
[2026-06-30 11:28:44] WARNING: Required directory missing: G:\PowerShellBat\Scripts\PRO
[2026-06-30 11:28:44] WARNING: Required directory missing: G:\PowerShellBat\Scripts\Engines
[2026-06-30 11:28:44] WARNING: Required directory missing: G:\PowerShellBat\Scripts\Session
[2026-06-30 11:28:44] WARNING: Required directory missing: G:\PowerShellBat\Scripts\GUI
[2026-06-30 11:28:44] WARNING: Required directory missing: G:\PowerShellBat\Scripts\UI
[2026-06-30 11:28:44] WARNING: Required file missing: G:\PowerShellBat\Scripts\Core\AURORA-CoreEngine.ps1
[2026-06-30 11:28:44] WARNING: Required file missing: G:\PowerShellBat\Scripts\Security\AURORA-SecurityModule.ps1
[2026-06-30 11:28:44] WARNING: Required file missing: G:\PowerShellBat\Scripts\PRO\AURORA-AnalyzerPRO-Engine.ps1
[2026-06-30 11:28:44] VerifyDirectoryIntegrity: OK
[2026-06-30 11:28:44] Directory integrity check passed
[2026-06-30 11:28:44] IntegrityGuard detection: NONE
[2026-06-30 11:28:44] IntegrityGuard initialized
[2026-06-30 11:28:44] ElevationService configured
[2026-06-30 11:28:44] Creating SplashScreenView
[2026-06-30 11:28:44] SplashScreenView.ctor begin
[2026-06-30 11:28:44] SplashScreenView.ctor InitializeComponent done
[2026-06-30 11:28:44] SplashScreenView.ctor done
[2026-06-30 11:28:44] MainWindow set to SplashScreenView
[2026-06-30 11:28:45] SplashScreenView.Loaded
[2026-06-30 11:28:45] SplashScreenView.Show() returned
[2026-06-30 11:28:56] SplashScreenView.LoadingComplete
[2026-06-30 11:28:57] ShowMainWindow: show ElevationDialog first
[2026-06-30 11:29:48] ElevationDialog result: ContinueNormal
[2026-06-30 11:29:48] MainFormView.ctor begin
[2026-06-30 11:29:48] MainFormView.ctor InitializeComponent done
[2026-06-30 11:29:48] MainFormView.Loaded
[2026-06-30 11:29:48] MainFormView.PlayWindowEnterAnimation OK
[2026-06-30 11:29:48] SplashScreenView.Closed
[2026-06-30 11:31:51] ProModeView.ctor begin
[2026-06-30 11:31:52] ProModeView.ctor InitializeComponent done
[2026-06-30 11:31:52] [PRO-SWITCH] PlayWindowExitAnimationForModeSwitch begin
[2026-06-30 11:31:53] ProModeView.OnWindowLoaded begin
[2026-06-30 11:31:54] ProModeView IntegrityGuard runtime monitoring started
[2026-06-30 11:31:54] ProModeView.PlayProModeWindowEnter begin
[2026-06-30 11:31:54] ProModeView.PlayProModeWindowEnter scheduled
[2026-06-30 11:31:54] ProModeView.OnWindowLoaded end
[2026-06-30 11:39:36] OnStartup
[2026-06-30 11:39:36] Password verification skipped: IsLaunchedByExe=true
[2026-06-30 11:39:36] Password verification passed
[2026-06-30 11:39:37] AURORA_PERF_TIER=Extreme
[2026-06-30 11:39:37] AURORA_LANGUAGE=CHS
[2026-06-30 11:39:37] AURORA_IS_LAUNCHED_BY_EXE=True
[2026-06-30 11:39:37] WARNING: Required directory missing: G:\PowerShellBat\Scripts
[2026-06-30 11:39:37] WARNING: Required directory missing: G:\PowerShellBat\Scripts\Core
[2026-06-30 11:39:37] WARNING: Required directory missing: G:\PowerShellBat\Scripts\Security
[2026-06-30 11:39:37] WARNING: Required directory missing: G:\PowerShellBat\Scripts\PRO
[2026-06-30 11:39:37] WARNING: Required directory missing: G:\PowerShellBat\Scripts\Engines
[2026-06-30 11:39:37] WARNING: Required directory missing: G:\PowerShellBat\Scripts\Session
[2026-06-30 11:39:37] WARNING: Required directory missing: G:\PowerShellBat\Scripts\GUI
[2026-06-30 11:39:37] WARNING: Required directory missing: G:\PowerShellBat\Scripts\UI
[2026-06-30 11:39:37] WARNING: Required file missing: G:\PowerShellBat\Scripts\Core\AURORA-CoreEngine.ps1
[2026-06-30 11:39:37] WARNING: Required file missing: G:\PowerShellBat\Scripts\Security\AURORA-SecurityModule.ps1
[2026-06-30 11:39:37] WARNING: Required file missing: G:\PowerShellBat\Scripts\PRO\AURORA-AnalyzerPRO-Engine.ps1
[2026-06-30 11:39:37] VerifyDirectoryIntegrity: OK
[2026-06-30 11:39:37] Directory integrity check passed
[2026-06-30 11:39:37] IntegrityGuard detection: NONE
[2026-06-30 11:39:37] IntegrityGuard initialized
[2026-06-30 11:39:37] ElevationService configured
[2026-06-30 11:39:37] Creating SplashScreenView
[2026-06-30 11:39:37] SplashScreenView.ctor begin
[2026-06-30 11:39:37] SplashScreenView.ctor InitializeComponent done
[2026-06-30 11:39:37] SplashScreenView.ctor done
[2026-06-30 11:39:37] MainWindow set to SplashScreenView
[2026-06-30 11:39:38] SplashScreenView.Loaded
[2026-06-30 11:39:38] SplashScreenView.Show() returned
[2026-06-30 11:39:49] SplashScreenView.LoadingComplete
[2026-06-30 11:39:50] ShowMainWindow: show ElevationDialog first
[2026-06-30 11:40:03] ElevationDialog result: ContinueNormal
[2026-06-30 11:40:03] MainFormView.ctor begin
[2026-06-30 11:40:03] MainFormView.ctor InitializeComponent done
[2026-06-30 11:40:04] MainFormView.Loaded
[2026-06-30 11:40:04] MainFormView.PlayWindowEnterAnimation OK
[2026-06-30 11:40:04] SplashScreenView.Closed
[2026-06-30 11:42:34] ProModeView.ctor begin
[2026-06-30 11:42:34] ProModeView.ctor InitializeComponent done
[2026-06-30 11:42:34] [PRO-SWITCH] PlayWindowExitAnimationForModeSwitch begin
[2026-06-30 11:42:36] ProModeView.OnWindowLoaded begin
[2026-06-30 11:42:36] ProModeView IntegrityGuard runtime monitoring started
[2026-06-30 11:42:36] ProModeView.PlayProModeWindowEnter begin
[2026-06-30 11:42:36] ProModeView.PlayProModeWindowEnter scheduled
[2026-06-30 11:42:36] ProModeView.OnWindowLoaded end
[2026-06-30 11:44:17] PerformExitCleanup: done
[2026-06-30 11:44:17] PerformExitCleanup: done
[2026-06-30 11:45:51] OnStartup
[2026-06-30 11:45:51] Password verification skipped: IsLaunchedByExe=true
[2026-06-30 11:45:51] Password verification passed
[2026-06-30 11:45:51] AURORA_PERF_TIER=Extreme
[2026-06-30 11:45:51] AURORA_LANGUAGE=CHS
[2026-06-30 11:45:51] AURORA_IS_LAUNCHED_BY_EXE=True
[2026-06-30 11:45:51] WARNING: Required directory missing: G:\PowerShellBat\Scripts
[2026-06-30 11:45:51] WARNING: Required directory missing: G:\PowerShellBat\Scripts\Core
[2026-06-30 11:45:51] WARNING: Required directory missing: G:\PowerShellBat\Scripts\Security
[2026-06-30 11:45:51] WARNING: Required directory missing: G:\PowerShellBat\Scripts\PRO
[2026-06-30 11:45:51] WARNING: Required directory missing: G:\PowerShellBat\Scripts\Engines
[2026-06-30 11:45:51] WARNING: Required directory missing: G:\PowerShellBat\Scripts\Session
[2026-06-30 11:45:51] WARNING: Required directory missing: G:\PowerShellBat\Scripts\GUI
[2026-06-30 11:45:51] WARNING: Required directory missing: G:\PowerShellBat\Scripts\UI
[2026-06-30 11:45:51] WARNING: Required file missing: G:\PowerShellBat\Scripts\Core\AURORA-CoreEngine.ps1
[2026-06-30 11:45:51] WARNING: Required file missing: G:\PowerShellBat\Scripts\Security\AURORA-SecurityModule.ps1
[2026-06-30 11:45:51] WARNING: Required file missing: G:\PowerShellBat\Scripts\PRO\AURORA-AnalyzerPRO-Engine.ps1
[2026-06-30 11:45:51] VerifyDirectoryIntegrity: OK
[2026-06-30 11:45:51] Directory integrity check passed
[2026-06-30 11:45:51] IntegrityGuard detection: NONE
[2026-06-30 11:45:51] IntegrityGuard initialized
[2026-06-30 11:45:51] ElevationService configured
[2026-06-30 11:45:51] Creating SplashScreenView
[2026-06-30 11:45:51] SplashScreenView.ctor begin
[2026-06-30 11:45:52] SplashScreenView.ctor InitializeComponent done
[2026-06-30 11:45:52] SplashScreenView.ctor done
[2026-06-30 11:45:52] MainWindow set to SplashScreenView
[2026-06-30 11:45:52] SplashScreenView.Loaded
[2026-06-30 11:45:52] SplashScreenView.Show() returned
[2026-06-30 11:46:03] SplashScreenView.LoadingComplete
[2026-06-30 11:46:04] ShowMainWindow: show ElevationDialog first
[2026-06-30 11:46:20] ElevationDialog result: ContinueNormal
[2026-06-30 11:46:20] MainFormView.ctor begin
[2026-06-30 11:46:20] MainFormView.ctor InitializeComponent done
[2026-06-30 11:46:20] MainFormView.Loaded
[2026-06-30 11:46:20] MainFormView.PlayWindowEnterAnimation OK
[2026-06-30 11:46:20] SplashScreenView.Closed
[2026-06-30 11:47:45] ProModeView.ctor begin
[2026-06-30 11:47:45] ProModeView.ctor InitializeComponent done
[2026-06-30 11:47:45] [PRO-SWITCH] PlayWindowExitAnimationForModeSwitch begin
[2026-06-30 11:47:47] ProModeView.OnWindowLoaded begin
[2026-06-30 11:47:47] ProModeView IntegrityGuard runtime monitoring started
[2026-06-30 11:47:47] ProModeView.PlayProModeWindowEnter begin
[2026-06-30 11:47:47] ProModeView.PlayProModeWindowEnter scheduled
[2026-06-30 11:47:47] ProModeView.OnWindowLoaded end
[2026-06-30 11:48:56] PerformExitCleanup: done
[2026-06-30 11:48:56] PerformExitCleanup: done
[2026-06-30 11:48:58] OnStartup
[2026-06-30 11:48:58] Password verification skipped: IsLaunchedByExe=true
[2026-06-30 11:48:58] Password verification passed
[2026-06-30 11:48:58] AURORA_PERF_TIER=Extreme
[2026-06-30 11:48:58] AURORA_LANGUAGE=CHS
[2026-06-30 11:48:58] AURORA_IS_LAUNCHED_BY_EXE=True
[2026-06-30 11:48:58] WARNING: Required directory missing: G:\PowerShellBat\Scripts
[2026-06-30 11:48:58] WARNING: Required directory missing: G:\PowerShellBat\Scripts\Core
[2026-06-30 11:48:58] WARNING: Required directory missing: G:\PowerShellBat\Scripts\Security
[2026-06-30 11:48:58] WARNING: Required directory missing: G:\PowerShellBat\Scripts\PRO
[2026-06-30 11:48:58] WARNING: Required directory missing: G:\PowerShellBat\Scripts\Engines
[2026-06-30 11:48:58] WARNING: Required directory missing: G:\PowerShellBat\Scripts\Session
[2026-06-30 11:48:58] WARNING: Required directory missing: G:\PowerShellBat\Scripts\GUI
[2026-06-30 11:48:58] WARNING: Required directory missing: G:\PowerShellBat\Scripts\UI
[2026-06-30 11:48:58] WARNING: Required file missing: G:\PowerShellBat\Scripts\Core\AURORA-CoreEngine.ps1
[2026-06-30 11:48:58] WARNING: Required file missing: G:\PowerShellBat\Scripts\Security\AURORA-SecurityModule.ps1
[2026-06-30 11:48:58] WARNING: Required file missing: G:\PowerShellBat\Scripts\PRO\AURORA-AnalyzerPRO-Engine.ps1
[2026-06-30 11:48:58] VerifyDirectoryIntegrity: OK
[2026-06-30 11:48:58] Directory integrity check passed
[2026-06-30 11:48:58] IntegrityGuard detection: NONE
[2026-06-30 11:48:58] IntegrityGuard initialized
[2026-06-30 11:48:58] ElevationService configured
[2026-06-30 11:48:59] Creating SplashScreenView
[2026-06-30 11:48:59] SplashScreenView.ctor begin
[2026-06-30 11:48:59] SplashScreenView.ctor InitializeComponent done
[2026-06-30 11:48:59] SplashScreenView.ctor done
[2026-06-30 11:48:59] MainWindow set to SplashScreenView
[2026-06-30 11:49:00] SplashScreenView.Loaded
[2026-06-30 11:49:00] SplashScreenView.Show() returned
[2026-06-30 11:49:11] SplashScreenView.LoadingComplete
[2026-06-30 11:49:12] ShowMainWindow: show ElevationDialog first
[2026-06-30 11:49:30] ElevationDialog result: ContinueNormal
[2026-06-30 11:49:30] MainFormView.ctor begin
[2026-06-30 11:49:30] MainFormView.ctor InitializeComponent done
[2026-06-30 11:49:30] MainFormView.Loaded
[2026-06-30 11:49:30] MainFormView.PlayWindowEnterAnimation OK
[2026-06-30 11:49:30] SplashScreenView.Closed
[2026-06-30 11:52:33] PerformExitCleanup: done
[2026-06-30 11:52:33] PerformExitCleanup: done
[2026-06-30 12:36:48] OnStartup
[2026-06-30 12:36:48] Password verification skipped: IsLaunchedByExe=true
[2026-06-30 12:36:48] Password verification passed
[2026-06-30 12:36:48] AURORA_PERF_TIER=Extreme
[2026-06-30 12:36:48] AURORA_LANGUAGE=CHS
[2026-06-30 12:36:48] AURORA_IS_LAUNCHED_BY_EXE=True
[2026-06-30 12:36:48] WARNING: Required directory missing: G:\PowerShellBat\Scripts
[2026-06-30 12:36:48] WARNING: Required directory missing: G:\PowerShellBat\Scripts\Core
[2026-06-30 12:36:48] WARNING: Required directory missing: G:\PowerShellBat\Scripts\Security
[2026-06-30 12:36:48] WARNING: Required directory missing: G:\PowerShellBat\Scripts\PRO
[2026-06-30 12:36:48] WARNING: Required directory missing: G:\PowerShellBat\Scripts\Engines
[2026-06-30 12:36:48] WARNING: Required directory missing: G:\PowerShellBat\Scripts\Session
[2026-06-30 12:36:48] WARNING: Required directory missing: G:\PowerShellBat\Scripts\GUI
[2026-06-30 12:36:48] WARNING: Required directory missing: G:\PowerShellBat\Scripts\UI
[2026-06-30 12:36:48] WARNING: Required file missing: G:\PowerShellBat\Scripts\Core\AURORA-CoreEngine.ps1
[2026-06-30 12:36:48] WARNING: Required file missing: G:\PowerShellBat\Scripts\Security\AURORA-SecurityModule.ps1
[2026-06-30 12:36:48] WARNING: Required file missing: G:\PowerShellBat\Scripts\PRO\AURORA-AnalyzerPRO-Engine.ps1
[2026-06-30 12:36:48] VerifyDirectoryIntegrity: OK
[2026-06-30 12:36:48] Directory integrity check passed
[2026-06-30 12:36:48] IntegrityGuard detection: NONE
[2026-06-30 12:36:48] IntegrityGuard initialized
[2026-06-30 12:36:48] ElevationService configured
[2026-06-30 12:36:49] Creating SplashScreenView
[2026-06-30 12:36:49] SplashScreenView.ctor begin
[2026-06-30 12:36:49] SplashScreenView.ctor InitializeComponent done
[2026-06-30 12:36:49] SplashScreenView.ctor done
[2026-06-30 12:36:49] MainWindow set to SplashScreenView
[2026-06-30 12:36:49] SplashScreenView.Loaded
[2026-06-30 12:36:49] SplashScreenView.Show() returned
[2026-06-30 12:37:01] SplashScreenView.LoadingComplete
[2026-06-30 12:37:01] ShowMainWindow: show ElevationDialog first
[2026-06-30 12:37:22] ElevationDialog result: ContinueNormal
[2026-06-30 12:37:22] MainFormView.ctor begin
[2026-06-30 12:37:22] MainFormView.ctor InitializeComponent done
[2026-06-30 12:37:22] MainFormView.Loaded
[2026-06-30 12:37:22] MainFormView.PlayWindowEnterAnimation OK
[2026-06-30 12:37:22] SplashScreenView.Closed
[2026-06-30 12:38:46] ProModeView.ctor begin
[2026-06-30 12:38:46] ProModeView.ctor InitializeComponent done
[2026-06-30 12:38:46] [PRO-SWITCH] PlayWindowExitAnimationForModeSwitch begin
[2026-06-30 12:38:48] ProModeView.OnWindowLoaded begin
[2026-06-30 12:38:48] ProModeView IntegrityGuard runtime monitoring started
[2026-06-30 12:38:48] ProModeView.PlayProModeWindowEnter begin
[2026-06-30 12:38:48] ProModeView.PlayProModeWindowEnter scheduled
[2026-06-30 12:38:48] ProModeView.OnWindowLoaded end
[2026-06-30 12:40:51] PerformExitCleanup: done
[2026-06-30 12:40:51] PerformExitCleanup: done
[2026-06-30 12:43:27] OnStartup
[2026-06-30 12:43:27] Password verification skipped: IsLaunchedByExe=true
[2026-06-30 12:43:27] Password verification passed
[2026-06-30 12:43:27] AURORA_PERF_TIER=Extreme
[2026-06-30 12:43:27] AURORA_LANGUAGE=CHS
[2026-06-30 12:43:27] AURORA_IS_LAUNCHED_BY_EXE=True
[2026-06-30 12:43:27] WARNING: Required directory missing: G:\PowerShellBat\Scripts
[2026-06-30 12:43:27] WARNING: Required directory missing: G:\PowerShellBat\Scripts\Core
[2026-06-30 12:43:27] WARNING: Required directory missing: G:\PowerShellBat\Scripts\Security
[2026-06-30 12:43:27] WARNING: Required directory missing: G:\PowerShellBat\Scripts\PRO
[2026-06-30 12:43:27] WARNING: Required directory missing: G:\PowerShellBat\Scripts\Engines
[2026-06-30 12:43:27] WARNING: Required directory missing: G:\PowerShellBat\Scripts\Session
[2026-06-30 12:43:27] WARNING: Required directory missing: G:\PowerShellBat\Scripts\GUI
[2026-06-30 12:43:27] WARNING: Required directory missing: G:\PowerShellBat\Scripts\UI
[2026-06-30 12:43:27] WARNING: Required file missing: G:\PowerShellBat\Scripts\Core\AURORA-CoreEngine.ps1
[2026-06-30 12:43:27] WARNING: Required file missing: G:\PowerShellBat\Scripts\Security\AURORA-SecurityModule.ps1
[2026-06-30 12:43:27] WARNING: Required file missing: G:\PowerShellBat\Scripts\PRO\AURORA-AnalyzerPRO-Engine.ps1
[2026-06-30 12:43:27] VerifyDirectoryIntegrity: OK
[2026-06-30 12:43:27] Directory integrity check passed
[2026-06-30 12:43:27] IntegrityGuard detection: NONE
[2026-06-30 12:43:27] IntegrityGuard initialized
[2026-06-30 12:43:27] ElevationService configured
[2026-06-30 12:43:27] Creating SplashScreenView
[2026-06-30 12:43:27] SplashScreenView.ctor begin
[2026-06-30 12:43:27] SplashScreenView.ctor InitializeComponent done
[2026-06-30 12:43:27] SplashScreenView.ctor done
[2026-06-30 12:43:27] MainWindow set to SplashScreenView
[2026-06-30 12:43:28] SplashScreenView.Loaded
[2026-06-30 12:43:28] SplashScreenView.Show() returned
[2026-06-30 12:43:39] SplashScreenView.LoadingComplete
[2026-06-30 12:43:40] ShowMainWindow: show ElevationDialog first
[2026-06-30 12:43:54] ElevationDialog result: ContinueNormal
[2026-06-30 12:43:54] MainFormView.ctor begin
[2026-06-30 12:43:54] MainFormView.ctor InitializeComponent done
[2026-06-30 12:43:55] MainFormView.Loaded
[2026-06-30 12:43:55] MainFormView.PlayWindowEnterAnimation OK
[2026-06-30 12:43:55] SplashScreenView.Closed
[2026-06-30 12:45:06] ProModeView.ctor begin
[2026-06-30 12:45:06] ProModeView.ctor InitializeComponent done
[2026-06-30 12:45:06] [PRO-SWITCH] PlayWindowExitAnimationForModeSwitch begin
[2026-06-30 12:45:08] ProModeView.OnWindowLoaded begin
[2026-06-30 12:45:08] ProModeView IntegrityGuard runtime monitoring started
[2026-06-30 12:45:08] ProModeView.PlayProModeWindowEnter begin
[2026-06-30 12:45:08] ProModeView.PlayProModeWindowEnter scheduled
[2026-06-30 12:45:08] ProModeView.OnWindowLoaded end
[2026-06-30 12:50:03] PerformExitCleanup: done
[2026-06-30 12:50:03] PerformExitCleanup: done
[2026-06-30 12:53:20] OnStartup
[2026-06-30 12:53:20] Password verification skipped: IsLaunchedByExe=true
[2026-06-30 12:53:20] Password verification passed
[2026-06-30 12:53:20] AURORA_PERF_TIER=Extreme
[2026-06-30 12:53:20] AURORA_LANGUAGE=CHS
[2026-06-30 12:53:20] AURORA_IS_LAUNCHED_BY_EXE=True
[2026-06-30 12:53:20] WARNING: Required directory missing: G:\PowerShellBat\Scripts
[2026-06-30 12:53:20] WARNING: Required directory missing: G:\PowerShellBat\Scripts\Core
[2026-06-30 12:53:20] WARNING: Required directory missing: G:\PowerShellBat\Scripts\Security
[2026-06-30 12:53:20] WARNING: Required directory missing: G:\PowerShellBat\Scripts\PRO
[2026-06-30 12:53:20] WARNING: Required directory missing: G:\PowerShellBat\Scripts\Engines
[2026-06-30 12:53:20] WARNING: Required directory missing: G:\PowerShellBat\Scripts\Session
[2026-06-30 12:53:20] WARNING: Required directory missing: G:\PowerShellBat\Scripts\GUI
[2026-06-30 12:53:20] WARNING: Required directory missing: G:\PowerShellBat\Scripts\UI
[2026-06-30 12:53:20] WARNING: Required file missing: G:\PowerShellBat\Scripts\Core\AURORA-CoreEngine.ps1
[2026-06-30 12:53:20] WARNING: Required file missing: G:\PowerShellBat\Scripts\Security\AURORA-SecurityModule.ps1
[2026-06-30 12:53:20] WARNING: Required file missing: G:\PowerShellBat\Scripts\PRO\AURORA-AnalyzerPRO-Engine.ps1
[2026-06-30 12:53:20] VerifyDirectoryIntegrity: OK
[2026-06-30 12:53:20] Directory integrity check passed
[2026-06-30 12:53:21] IntegrityGuard detection: NONE
[2026-06-30 12:53:21] IntegrityGuard initialized
[2026-06-30 12:53:21] ElevationService configured
[2026-06-30 12:53:21] Creating SplashScreenView
[2026-06-30 12:53:21] SplashScreenView.ctor begin
[2026-06-30 12:53:21] SplashScreenView.ctor InitializeComponent done
[2026-06-30 12:53:21] SplashScreenView.ctor done
[2026-06-30 12:53:21] MainWindow set to SplashScreenView
[2026-06-30 12:53:22] SplashScreenView.Loaded
[2026-06-30 12:53:22] SplashScreenView.Show() returned
[2026-06-30 12:53:33] SplashScreenView.LoadingComplete
[2026-06-30 12:53:34] ShowMainWindow: show ElevationDialog first
[2026-06-30 12:53:48] ElevationDialog result: ContinueNormal
[2026-06-30 12:53:48] MainFormView.ctor begin
[2026-06-30 12:53:48] MainFormView.ctor InitializeComponent done
[2026-06-30 12:53:49] MainFormView.Loaded
[2026-06-30 12:53:49] MainFormView.PlayWindowEnterAnimation OK
[2026-06-30 12:53:49] SplashScreenView.Closed
[2026-06-30 12:54:04] ProModeView.ctor begin
[2026-06-30 12:54:04] ProModeView.ctor InitializeComponent done
[2026-06-30 12:54:04] [PRO-SWITCH] PlayWindowExitAnimationForModeSwitch begin
[2026-06-30 12:54:06] ProModeView.OnWindowLoaded begin
[2026-06-30 12:54:06] ProModeView IntegrityGuard runtime monitoring started
[2026-06-30 12:54:06] ProModeView.PlayProModeWindowEnter begin
[2026-06-30 12:54:06] ProModeView.PlayProModeWindowEnter scheduled
[2026-06-30 12:54:06] ProModeView.OnWindowLoaded end
[2026-06-30 12:54:53] PerformExitCleanup: done
[2026-06-30 12:54:53] PerformExitCleanup: done
[2026-06-30 13:01:08] OnStartup
[2026-06-30 13:01:08] Password verification skipped: IsLaunchedByExe=true
[2026-06-30 13:01:08] Password verification passed
[2026-06-30 13:01:08] AURORA_PERF_TIER=Extreme
[2026-06-30 13:01:08] AURORA_LANGUAGE=CHS
[2026-06-30 13:01:08] AURORA_IS_LAUNCHED_BY_EXE=True
[2026-06-30 13:01:08] WARNING: Required directory missing: G:\PowerShellBat\Scripts
[2026-06-30 13:01:08] WARNING: Required directory missing: G:\PowerShellBat\Scripts\Core
[2026-06-30 13:01:08] WARNING: Required directory missing: G:\PowerShellBat\Scripts\Security
[2026-06-30 13:01:08] WARNING: Required directory missing: G:\PowerShellBat\Scripts\PRO
[2026-06-30 13:01:08] WARNING: Required directory missing: G:\PowerShellBat\Scripts\Engines
[2026-06-30 13:01:08] WARNING: Required directory missing: G:\PowerShellBat\Scripts\Session
[2026-06-30 13:01:08] WARNING: Required directory missing: G:\PowerShellBat\Scripts\GUI
[2026-06-30 13:01:08] WARNING: Required directory missing: G:\PowerShellBat\Scripts\UI
[2026-06-30 13:01:08] WARNING: Required file missing: G:\PowerShellBat\Scripts\Core\AURORA-CoreEngine.ps1
[2026-06-30 13:01:08] WARNING: Required file missing: G:\PowerShellBat\Scripts\Security\AURORA-SecurityModule.ps1
[2026-06-30 13:01:08] WARNING: Required file missing: G:\PowerShellBat\Scripts\PRO\AURORA-AnalyzerPRO-Engine.ps1
[2026-06-30 13:01:08] VerifyDirectoryIntegrity: OK
[2026-06-30 13:01:08] Directory integrity check passed
[2026-06-30 13:01:08] IntegrityGuard detection: NONE
[2026-06-30 13:01:08] IntegrityGuard initialized
[2026-06-30 13:01:08] ElevationService configured
[2026-06-30 13:01:09] Creating SplashScreenView
[2026-06-30 13:01:09] SplashScreenView.ctor begin
[2026-06-30 13:01:09] SplashScreenView.ctor InitializeComponent done
[2026-06-30 13:01:09] SplashScreenView.ctor done
[2026-06-30 13:01:09] MainWindow set to SplashScreenView
[2026-06-30 13:01:09] SplashScreenView.Loaded
[2026-06-30 13:01:09] SplashScreenView.Show() returned
[2026-06-30 13:01:21] SplashScreenView.LoadingComplete
[2026-06-30 13:01:21] ShowMainWindow: show ElevationDialog first
[2026-06-30 13:04:21] ElevationDialog result: ContinueNormal
[2026-06-30 13:04:21] MainFormView.ctor begin
[2026-06-30 13:04:21] MainFormView.ctor InitializeComponent done
[2026-06-30 13:04:21] MainFormView.Loaded
[2026-06-30 13:04:21] MainFormView.PlayWindowEnterAnimation OK
[2026-06-30 13:04:21] SplashScreenView.Closed
[2026-06-30 13:05:48] ProModeView.ctor begin
[2026-06-30 13:05:48] ProModeView.ctor InitializeComponent done
[2026-06-30 13:05:48] [PRO-SWITCH] PlayWindowExitAnimationForModeSwitch begin
[2026-06-30 13:05:50] ProModeView.OnWindowLoaded begin
[2026-06-30 13:05:50] ProModeView IntegrityGuard runtime monitoring started
[2026-06-30 13:05:50] ProModeView.PlayProModeWindowEnter begin
[2026-06-30 13:05:50] ProModeView.PlayProModeWindowEnter scheduled
[2026-06-30 13:05:50] ProModeView.OnWindowLoaded end
[2026-06-30 13:06:30] PerformExitCleanup: done
[2026-06-30 13:06:30] PerformExitCleanup: done
[2026-06-30 13:31:40] OnStartup
[2026-06-30 13:31:40] Password verification skipped: IsLaunchedByExe=true
[2026-06-30 13:31:40] Password verification passed
[2026-06-30 13:31:40] AURORA_PERF_TIER=Extreme
[2026-06-30 13:31:40] AURORA_LANGUAGE=CHS
[2026-06-30 13:31:40] AURORA_IS_LAUNCHED_BY_EXE=True
[2026-06-30 13:31:40] WARNING: Required directory missing: G:\PowerShellBat\Scripts
[2026-06-30 13:31:40] WARNING: Required directory missing: G:\PowerShellBat\Scripts\Core
[2026-06-30 13:31:40] WARNING: Required directory missing: G:\PowerShellBat\Scripts\Security
[2026-06-30 13:31:40] WARNING: Required directory missing: G:\PowerShellBat\Scripts\PRO
[2026-06-30 13:31:40] WARNING: Required directory missing: G:\PowerShellBat\Scripts\Engines
[2026-06-30 13:31:40] WARNING: Required directory missing: G:\PowerShellBat\Scripts\Session
[2026-06-30 13:31:40] WARNING: Required directory missing: G:\PowerShellBat\Scripts\GUI
[2026-06-30 13:31:40] WARNING: Required directory missing: G:\PowerShellBat\Scripts\UI
[2026-06-30 13:31:40] WARNING: Required file missing: G:\PowerShellBat\Scripts\Core\AURORA-CoreEngine.ps1
[2026-06-30 13:31:40] WARNING: Required file missing: G:\PowerShellBat\Scripts\Security\AURORA-SecurityModule.ps1
[2026-06-30 13:31:40] WARNING: Required file missing: G:\PowerShellBat\Scripts\PRO\AURORA-AnalyzerPRO-Engine.ps1
[2026-06-30 13:31:40] VerifyDirectoryIntegrity: OK
[2026-06-30 13:31:40] Directory integrity check passed
[2026-06-30 13:31:40] IntegrityGuard detection: NONE
[2026-06-30 13:31:40] IntegrityGuard initialized
[2026-06-30 13:31:40] ElevationService configured
[2026-06-30 13:31:41] Creating SplashScreenView
[2026-06-30 13:31:41] SplashScreenView.ctor begin
[2026-06-30 13:31:41] SplashScreenView.ctor InitializeComponent done
[2026-06-30 13:31:41] SplashScreenView.ctor done
[2026-06-30 13:31:41] MainWindow set to SplashScreenView
[2026-06-30 13:31:41] SplashScreenView.Loaded
[2026-06-30 13:31:41] SplashScreenView.Show() returned
[2026-06-30 13:31:53] SplashScreenView.LoadingComplete
[2026-06-30 13:31:53] ShowMainWindow: show ElevationDialog first
[2026-06-30 13:32:07] SplashScreenView.Closed
[2026-06-30 13:32:07] PerformExitCleanup: done
[2026-06-30 13:32:07] PerformExitCleanup: done
[2026-06-30 13:33:23] OnStartup
[2026-06-30 13:33:23] Password verification skipped: IsLaunchedByExe=true
[2026-06-30 13:33:23] Password verification passed
[2026-06-30 13:33:23] AURORA_PERF_TIER=Extreme
[2026-06-30 13:33:23] AURORA_LANGUAGE=CHS
[2026-06-30 13:33:23] AURORA_IS_LAUNCHED_BY_EXE=True
[2026-06-30 13:33:23] WARNING: Required directory missing: G:\PowerShellBat\Scripts
[2026-06-30 13:33:23] WARNING: Required directory missing: G:\PowerShellBat\Scripts\Core
[2026-06-30 13:33:23] WARNING: Required directory missing: G:\PowerShellBat\Scripts\Security
[2026-06-30 13:33:23] WARNING: Required directory missing: G:\PowerShellBat\Scripts\PRO
[2026-06-30 13:33:23] WARNING: Required directory missing: G:\PowerShellBat\Scripts\Engines
[2026-06-30 13:33:23] WARNING: Required directory missing: G:\PowerShellBat\Scripts\Session
[2026-06-30 13:33:23] WARNING: Required directory missing: G:\PowerShellBat\Scripts\GUI
[2026-06-30 13:33:23] WARNING: Required directory missing: G:\PowerShellBat\Scripts\UI
[2026-06-30 13:33:23] WARNING: Required file missing: G:\PowerShellBat\Scripts\Core\AURORA-CoreEngine.ps1
[2026-06-30 13:33:23] WARNING: Required file missing: G:\PowerShellBat\Scripts\Security\AURORA-SecurityModule.ps1
[2026-06-30 13:33:23] WARNING: Required file missing: G:\PowerShellBat\Scripts\PRO\AURORA-AnalyzerPRO-Engine.ps1
[2026-06-30 13:33:23] VerifyDirectoryIntegrity: OK
[2026-06-30 13:33:23] Directory integrity check passed
[2026-06-30 13:33:23] IntegrityGuard detection: NONE
[2026-06-30 13:33:23] IntegrityGuard initialized
[2026-06-30 13:33:23] ElevationService configured
[2026-06-30 13:33:23] Creating SplashScreenView
[2026-06-30 13:33:23] SplashScreenView.ctor begin
[2026-06-30 13:33:23] SplashScreenView.ctor InitializeComponent done
[2026-06-30 13:33:23] SplashScreenView.ctor done
[2026-06-30 13:33:23] MainWindow set to SplashScreenView
[2026-06-30 13:33:24] SplashScreenView.Loaded
[2026-06-30 13:33:24] SplashScreenView.Show() returned
[2026-06-30 13:33:35] SplashScreenView.LoadingComplete
[2026-06-30 13:33:36] ShowMainWindow: show ElevationDialog first
[2026-06-30 13:34:09] ElevationDialog result: ContinueNormal
[2026-06-30 13:34:09] MainFormView.ctor begin
[2026-06-30 13:34:09] MainFormView.ctor InitializeComponent done
[2026-06-30 13:34:09] MainFormView.Loaded
[2026-06-30 13:34:09] MainFormView.PlayWindowEnterAnimation OK
[2026-06-30 13:34:09] SplashScreenView.Closed
[2026-06-30 13:34:55] ProModeView.ctor begin
[2026-06-30 13:34:55] ProModeView.ctor InitializeComponent done
[2026-06-30 13:34:55] [PRO-SWITCH] PlayWindowExitAnimationForModeSwitch begin
[2026-06-30 13:34:57] ProModeView.OnWindowLoaded begin
[2026-06-30 13:34:57] ProModeView IntegrityGuard runtime monitoring started
[2026-06-30 13:34:57] ProModeView.PlayProModeWindowEnter begin
[2026-06-30 13:34:57] ProModeView.PlayProModeWindowEnter scheduled
[2026-06-30 13:34:57] ProModeView.OnWindowLoaded end
[2026-06-30 13:38:02] PerformExitCleanup: done
[2026-06-30 13:38:02] PerformExitCleanup: done
[2026-06-30 13:46:10] OnStartup
[2026-06-30 13:46:10] Password verification skipped: IsLaunchedByExe=true
[2026-06-30 13:46:10] Password verification passed
[2026-06-30 13:46:10] AURORA_PERF_TIER=Extreme
[2026-06-30 13:46:10] AURORA_LANGUAGE=CHS
[2026-06-30 13:46:10] AURORA_IS_LAUNCHED_BY_EXE=True
[2026-06-30 13:46:10] WARNING: Required directory missing: G:\PowerShellBat\Scripts
[2026-06-30 13:46:10] WARNING: Required directory missing: G:\PowerShellBat\Scripts\Core
[2026-06-30 13:46:10] WARNING: Required directory missing: G:\PowerShellBat\Scripts\Security
[2026-06-30 13:46:10] WARNING: Required directory missing: G:\PowerShellBat\Scripts\PRO
[2026-06-30 13:46:10] WARNING: Required directory missing: G:\PowerShellBat\Scripts\Engines
[2026-06-30 13:46:10] WARNING: Required directory missing: G:\PowerShellBat\Scripts\Session
[2026-06-30 13:46:10] WARNING: Required directory missing: G:\PowerShellBat\Scripts\GUI
[2026-06-30 13:46:10] WARNING: Required directory missing: G:\PowerShellBat\Scripts\UI
[2026-06-30 13:46:10] WARNING: Required file missing: G:\PowerShellBat\Scripts\Core\AURORA-CoreEngine.ps1
[2026-06-30 13:46:10] WARNING: Required file missing: G:\PowerShellBat\Scripts\Security\AURORA-SecurityModule.ps1
[2026-06-30 13:46:10] WARNING: Required file missing: G:\PowerShellBat\Scripts\PRO\AURORA-AnalyzerPRO-Engine.ps1
[2026-06-30 13:46:10] VerifyDirectoryIntegrity: OK
[2026-06-30 13:46:10] Directory integrity check passed
[2026-06-30 13:46:10] IntegrityGuard detection: NONE
[2026-06-30 13:46:10] IntegrityGuard initialized
[2026-06-30 13:46:10] ElevationService configured
[2026-06-30 13:46:11] Creating SplashScreenView
[2026-06-30 13:46:11] SplashScreenView.ctor begin
[2026-06-30 13:46:11] SplashScreenView.ctor InitializeComponent done
[2026-06-30 13:46:11] SplashScreenView.ctor done
[2026-06-30 13:46:11] MainWindow set to SplashScreenView
[2026-06-30 13:46:11] SplashScreenView.Loaded
[2026-06-30 13:46:11] SplashScreenView.Show() returned
[2026-06-30 13:46:23] SplashScreenView.LoadingComplete
[2026-06-30 13:46:23] ShowMainWindow: show ElevationDialog first
[2026-06-30 13:46:31] ElevationDialog result: ContinueNormal
[2026-06-30 13:46:31] MainFormView.ctor begin
[2026-06-30 13:46:31] MainFormView.ctor InitializeComponent done
[2026-06-30 13:46:32] MainFormView.Loaded
[2026-06-30 13:46:32] MainFormView.PlayWindowEnterAnimation OK
[2026-06-30 13:46:32] SplashScreenView.Closed
[2026-06-30 13:47:28] ProModeView.ctor begin
[2026-06-30 13:47:28] ProModeView.ctor InitializeComponent done
[2026-06-30 13:47:28] [PRO-SWITCH] PlayWindowExitAnimationForModeSwitch begin
[2026-06-30 13:47:30] ProModeView.OnWindowLoaded begin
[2026-06-30 13:47:31] ProModeView IntegrityGuard runtime monitoring started
[2026-06-30 13:47:31] ProModeView.PlayProModeWindowEnter begin
[2026-06-30 13:47:31] ProModeView.PlayProModeWindowEnter scheduled
[2026-06-30 13:47:31] ProModeView.OnWindowLoaded end
[2026-06-30 13:48:36] PerformExitCleanup: done
[2026-06-30 13:48:36] PerformExitCleanup: done
[2026-06-30 13:49:24] OnStartup
[2026-06-30 13:49:24] Password verification skipped: IsLaunchedByExe=true
[2026-06-30 13:49:24] Password verification passed
[2026-06-30 13:49:24] AURORA_PERF_TIER=Extreme
[2026-06-30 13:49:24] AURORA_LANGUAGE=CHS
[2026-06-30 13:49:24] AURORA_IS_LAUNCHED_BY_EXE=True
[2026-06-30 13:49:24] WARNING: Required directory missing: G:\PowerShellBat\Scripts
[2026-06-30 13:49:24] WARNING: Required directory missing: G:\PowerShellBat\Scripts\Core
[2026-06-30 13:49:24] WARNING: Required directory missing: G:\PowerShellBat\Scripts\Security
[2026-06-30 13:49:24] WARNING: Required directory missing: G:\PowerShellBat\Scripts\PRO
[2026-06-30 13:49:24] WARNING: Required directory missing: G:\PowerShellBat\Scripts\Engines
[2026-06-30 13:49:24] WARNING: Required directory missing: G:\PowerShellBat\Scripts\Session
[2026-06-30 13:49:24] WARNING: Required directory missing: G:\PowerShellBat\Scripts\GUI
[2026-06-30 13:49:24] WARNING: Required directory missing: G:\PowerShellBat\Scripts\UI
[2026-06-30 13:49:24] WARNING: Required file missing: G:\PowerShellBat\Scripts\Core\AURORA-CoreEngine.ps1
[2026-06-30 13:49:24] WARNING: Required file missing: G:\PowerShellBat\Scripts\Security\AURORA-SecurityModule.ps1
[2026-06-30 13:49:24] WARNING: Required file missing: G:\PowerShellBat\Scripts\PRO\AURORA-AnalyzerPRO-Engine.ps1
[2026-06-30 13:49:24] VerifyDirectoryIntegrity: OK
[2026-06-30 13:49:24] Directory integrity check passed
[2026-06-30 13:49:24] IntegrityGuard detection: NONE
[2026-06-30 13:49:24] IntegrityGuard initialized
[2026-06-30 13:49:24] ElevationService configured
[2026-06-30 13:49:25] Creating SplashScreenView
[2026-06-30 13:49:25] SplashScreenView.ctor begin
[2026-06-30 13:49:25] SplashScreenView.ctor InitializeComponent done
[2026-06-30 13:49:25] SplashScreenView.ctor done
[2026-06-30 13:49:25] MainWindow set to SplashScreenView
[2026-06-30 13:49:26] SplashScreenView.Loaded
[2026-06-30 13:49:26] SplashScreenView.Show() returned
[2026-06-30 13:49:37] SplashScreenView.LoadingComplete
[2026-06-30 13:49:38] ShowMainWindow: show ElevationDialog first
[2026-06-30 13:50:27] ElevationDialog result: ContinueNormal
[2026-06-30 13:50:27] MainFormView.ctor begin
[2026-06-30 13:50:27] MainFormView.ctor InitializeComponent done
[2026-06-30 13:50:27] MainFormView.Loaded
[2026-06-30 13:50:27] MainFormView.PlayWindowEnterAnimation OK
[2026-06-30 13:50:27] SplashScreenView.Closed
[2026-06-30 13:50:46] ProModeView.ctor begin
[2026-06-30 13:50:46] ProModeView.ctor InitializeComponent done
[2026-06-30 13:50:46] [PRO-SWITCH] PlayWindowExitAnimationForModeSwitch begin
[2026-06-30 13:50:49] ProModeView.OnWindowLoaded begin
[2026-06-30 13:50:49] ProModeView IntegrityGuard runtime monitoring started
[2026-06-30 13:50:49] ProModeView.PlayProModeWindowEnter begin
[2026-06-30 13:50:49] ProModeView.PlayProModeWindowEnter scheduled
[2026-06-30 13:50:49] ProModeView.OnWindowLoaded end
[2026-06-30 13:54:14] PerformExitCleanup: done
[2026-06-30 13:54:14] PerformExitCleanup: done
[2026-06-30 13:57:52] OnStartup
[2026-06-30 13:57:52] Password verification skipped: IsLaunchedByExe=true
[2026-06-30 13:57:52] Password verification passed
[2026-06-30 13:57:52] AURORA_PERF_TIER=Extreme
[2026-06-30 13:57:52] AURORA_LANGUAGE=CHS
[2026-06-30 13:57:52] AURORA_IS_LAUNCHED_BY_EXE=True
[2026-06-30 13:57:52] WARNING: Required directory missing: G:\PowerShellBat\Scripts
[2026-06-30 13:57:52] WARNING: Required directory missing: G:\PowerShellBat\Scripts\Core
[2026-06-30 13:57:52] WARNING: Required directory missing: G:\PowerShellBat\Scripts\Security
[2026-06-30 13:57:52] WARNING: Required directory missing: G:\PowerShellBat\Scripts\PRO
[2026-06-30 13:57:52] WARNING: Required directory missing: G:\PowerShellBat\Scripts\Engines
[2026-06-30 13:57:52] WARNING: Required directory missing: G:\PowerShellBat\Scripts\Session
[2026-06-30 13:57:52] WARNING: Required directory missing: G:\PowerShellBat\Scripts\GUI
[2026-06-30 13:57:52] WARNING: Required directory missing: G:\PowerShellBat\Scripts\UI
[2026-06-30 13:57:52] WARNING: Required file missing: G:\PowerShellBat\Scripts\Core\AURORA-CoreEngine.ps1
[2026-06-30 13:57:52] WARNING: Required file missing: G:\PowerShellBat\Scripts\Security\AURORA-SecurityModule.ps1
[2026-06-30 13:57:52] WARNING: Required file missing: G:\PowerShellBat\Scripts\PRO\AURORA-AnalyzerPRO-Engine.ps1
[2026-06-30 13:57:52] VerifyDirectoryIntegrity: OK
[2026-06-30 13:57:52] Directory integrity check passed
[2026-06-30 13:57:52] IntegrityGuard detection: NONE
[2026-06-30 13:57:52] IntegrityGuard initialized
[2026-06-30 13:57:52] ElevationService configured
[2026-06-30 13:57:52] Creating SplashScreenView
[2026-06-30 13:57:52] SplashScreenView.ctor begin
[2026-06-30 13:57:53] SplashScreenView.ctor InitializeComponent done
[2026-06-30 13:57:53] SplashScreenView.ctor done
[2026-06-30 13:57:53] MainWindow set to SplashScreenView
[2026-06-30 13:57:53] SplashScreenView.Loaded
[2026-06-30 13:57:53] SplashScreenView.Show() returned
[2026-06-30 13:58:05] SplashScreenView.LoadingComplete
[2026-06-30 13:58:05] ShowMainWindow: show ElevationDialog first
[2026-06-30 13:58:34] ElevationDialog result: ContinueNormal
[2026-06-30 13:58:34] MainFormView.ctor begin
[2026-06-30 13:58:34] MainFormView.ctor InitializeComponent done
[2026-06-30 13:58:34] MainFormView.Loaded
[2026-06-30 13:58:34] MainFormView.PlayWindowEnterAnimation OK
[2026-06-30 13:58:34] SplashScreenView.Closed
[2026-06-30 14:00:37] PerformExitCleanup: done
[2026-06-30 14:00:38] PerformExitCleanup: done
[2026-06-30 14:03:34] OnStartup
[2026-06-30 14:03:34] Password verification skipped: IsLaunchedByExe=true
[2026-06-30 14:03:34] Password verification passed
[2026-06-30 14:03:34] AURORA_PERF_TIER=Extreme
[2026-06-30 14:03:34] AURORA_LANGUAGE=CHS
[2026-06-30 14:03:34] AURORA_IS_LAUNCHED_BY_EXE=True
[2026-06-30 14:03:34] WARNING: Required directory missing: G:\PowerShellBat\Scripts
[2026-06-30 14:03:34] WARNING: Required directory missing: G:\PowerShellBat\Scripts\Core
[2026-06-30 14:03:34] WARNING: Required directory missing: G:\PowerShellBat\Scripts\Security
[2026-06-30 14:03:34] WARNING: Required directory missing: G:\PowerShellBat\Scripts\PRO
[2026-06-30 14:03:34] WARNING: Required directory missing: G:\PowerShellBat\Scripts\Engines
[2026-06-30 14:03:34] WARNING: Required directory missing: G:\PowerShellBat\Scripts\Session
[2026-06-30 14:03:34] WARNING: Required directory missing: G:\PowerShellBat\Scripts\GUI
[2026-06-30 14:03:34] WARNING: Required directory missing: G:\PowerShellBat\Scripts\UI
[2026-06-30 14:03:34] WARNING: Required file missing: G:\PowerShellBat\Scripts\Core\AURORA-CoreEngine.ps1
[2026-06-30 14:03:34] WARNING: Required file missing: G:\PowerShellBat\Scripts\Security\AURORA-SecurityModule.ps1
[2026-06-30 14:03:34] WARNING: Required file missing: G:\PowerShellBat\Scripts\PRO\AURORA-AnalyzerPRO-Engine.ps1
[2026-06-30 14:03:34] VerifyDirectoryIntegrity: OK
[2026-06-30 14:03:34] Directory integrity check passed
[2026-06-30 14:03:34] IntegrityGuard detection: NONE
[2026-06-30 14:03:34] IntegrityGuard initialized
[2026-06-30 14:03:34] ElevationService configured
[2026-06-30 14:03:35] Creating SplashScreenView
[2026-06-30 14:03:35] SplashScreenView.ctor begin
[2026-06-30 14:03:35] SplashScreenView.ctor InitializeComponent done
[2026-06-30 14:03:35] SplashScreenView.ctor done
[2026-06-30 14:03:35] MainWindow set to SplashScreenView
[2026-06-30 14:03:35] SplashScreenView.Loaded
[2026-06-30 14:03:35] SplashScreenView.Show() returned
[2026-06-30 14:03:47] SplashScreenView.LoadingComplete
[2026-06-30 14:03:47] ShowMainWindow: show ElevationDialog first
[2026-06-30 14:04:04] ElevationDialog result: ContinueNormal
[2026-06-30 14:04:04] MainFormView.ctor begin
[2026-06-30 14:04:04] MainFormView.ctor InitializeComponent done
[2026-06-30 14:04:05] MainFormView.Loaded
[2026-06-30 14:04:05] MainFormView.PlayWindowEnterAnimation OK
[2026-06-30 14:04:05] SplashScreenView.Closed
[2026-06-30 14:05:20] ProModeView.ctor begin
[2026-06-30 14:05:20] ProModeView.ctor InitializeComponent done
[2026-06-30 14:05:20] [PRO-SWITCH] PlayWindowExitAnimationForModeSwitch begin
[2026-06-30 14:05:22] ProModeView.OnWindowLoaded begin
[2026-06-30 14:05:22] ProModeView IntegrityGuard runtime monitoring started
[2026-06-30 14:05:22] ProModeView.PlayProModeWindowEnter begin
[2026-06-30 14:05:22] ProModeView.PlayProModeWindowEnter scheduled
[2026-06-30 14:05:22] ProModeView.OnWindowLoaded end
[2026-06-30 14:06:28] PerformExitCleanup: done
[2026-06-30 14:06:28] PerformExitCleanup: done
[2026-06-30 14:07:48] OnStartup
[2026-06-30 14:07:48] Password verification skipped: IsLaunchedByExe=true
[2026-06-30 14:07:48] Password verification passed
[2026-06-30 14:07:48] AURORA_PERF_TIER=Extreme
[2026-06-30 14:07:48] AURORA_LANGUAGE=CHS
[2026-06-30 14:07:48] AURORA_IS_LAUNCHED_BY_EXE=True
[2026-06-30 14:07:48] WARNING: Required directory missing: G:\PowerShellBat\Scripts
[2026-06-30 14:07:48] WARNING: Required directory missing: G:\PowerShellBat\Scripts\Core
[2026-06-30 14:07:48] WARNING: Required directory missing: G:\PowerShellBat\Scripts\Security
[2026-06-30 14:07:48] WARNING: Required directory missing: G:\PowerShellBat\Scripts\PRO
[2026-06-30 14:07:48] WARNING: Required directory missing: G:\PowerShellBat\Scripts\Engines
[2026-06-30 14:07:48] WARNING: Required directory missing: G:\PowerShellBat\Scripts\Session
[2026-06-30 14:07:48] WARNING: Required directory missing: G:\PowerShellBat\Scripts\GUI
[2026-06-30 14:07:48] WARNING: Required directory missing: G:\PowerShellBat\Scripts\UI
[2026-06-30 14:07:48] WARNING: Required file missing: G:\PowerShellBat\Scripts\Core\AURORA-CoreEngine.ps1
[2026-06-30 14:07:48] WARNING: Required file missing: G:\PowerShellBat\Scripts\Security\AURORA-SecurityModule.ps1
[2026-06-30 14:07:48] WARNING: Required file missing: G:\PowerShellBat\Scripts\PRO\AURORA-AnalyzerPRO-Engine.ps1
[2026-06-30 14:07:48] VerifyDirectoryIntegrity: OK
[2026-06-30 14:07:48] Directory integrity check passed
[2026-06-30 14:07:48] IntegrityGuard detection: NONE
[2026-06-30 14:07:48] IntegrityGuard initialized
[2026-06-30 14:07:48] ElevationService configured
[2026-06-30 14:07:48] Creating SplashScreenView
[2026-06-30 14:07:48] SplashScreenView.ctor begin
[2026-06-30 14:07:49] SplashScreenView.ctor InitializeComponent done
[2026-06-30 14:07:49] SplashScreenView.ctor done
[2026-06-30 14:07:49] MainWindow set to SplashScreenView
[2026-06-30 14:07:49] SplashScreenView.Loaded
[2026-06-30 14:07:49] SplashScreenView.Show() returned
[2026-06-30 14:08:01] SplashScreenView.LoadingComplete
[2026-06-30 14:08:01] ShowMainWindow: show ElevationDialog first
[2026-06-30 14:09:01] ElevationDialog result: ContinueNormal
[2026-06-30 14:09:01] MainFormView.ctor begin
[2026-06-30 14:09:01] MainFormView.ctor InitializeComponent done
[2026-06-30 14:09:01] MainFormView.Loaded
[2026-06-30 14:09:01] MainFormView.PlayWindowEnterAnimation OK
[2026-06-30 14:09:01] SplashScreenView.Closed
[2026-06-30 14:09:18] ProModeView.ctor begin
[2026-06-30 14:09:18] ProModeView.ctor InitializeComponent done
[2026-06-30 14:09:18] [PRO-SWITCH] PlayWindowExitAnimationForModeSwitch begin
[2026-06-30 14:09:20] ProModeView.OnWindowLoaded begin
[2026-06-30 14:09:20] ProModeView IntegrityGuard runtime monitoring started
[2026-06-30 14:09:20] ProModeView.PlayProModeWindowEnter begin
[2026-06-30 14:09:20] ProModeView.PlayProModeWindowEnter scheduled
[2026-06-30 14:09:20] ProModeView.OnWindowLoaded end
[2026-06-30 14:11:25] PerformExitCleanup: done
[2026-06-30 14:11:25] PerformExitCleanup: done
[2026-06-30 14:13:30] OnStartup
[2026-06-30 14:13:30] Password verification skipped: IsLaunchedByExe=true
[2026-06-30 14:13:30] Password verification passed
[2026-06-30 14:13:30] AURORA_PERF_TIER=Extreme
[2026-06-30 14:13:30] AURORA_LANGUAGE=CHS
[2026-06-30 14:13:30] AURORA_IS_LAUNCHED_BY_EXE=True
[2026-06-30 14:13:30] WARNING: Required directory missing: G:\PowerShellBat\Scripts
[2026-06-30 14:13:30] WARNING: Required directory missing: G:\PowerShellBat\Scripts\Core
[2026-06-30 14:13:30] WARNING: Required directory missing: G:\PowerShellBat\Scripts\Security
[2026-06-30 14:13:30] WARNING: Required directory missing: G:\PowerShellBat\Scripts\PRO
[2026-06-30 14:13:30] WARNING: Required directory missing: G:\PowerShellBat\Scripts\Engines
[2026-06-30 14:13:30] WARNING: Required directory missing: G:\PowerShellBat\Scripts\Session
[2026-06-30 14:13:30] WARNING: Required directory missing: G:\PowerShellBat\Scripts\GUI
[2026-06-30 14:13:30] WARNING: Required directory missing: G:\PowerShellBat\Scripts\UI
[2026-06-30 14:13:30] WARNING: Required file missing: G:\PowerShellBat\Scripts\Core\AURORA-CoreEngine.ps1
[2026-06-30 14:13:30] WARNING: Required file missing: G:\PowerShellBat\Scripts\Security\AURORA-SecurityModule.ps1
[2026-06-30 14:13:30] WARNING: Required file missing: G:\PowerShellBat\Scripts\PRO\AURORA-AnalyzerPRO-Engine.ps1
[2026-06-30 14:13:30] VerifyDirectoryIntegrity: OK
[2026-06-30 14:13:30] Directory integrity check passed
[2026-06-30 14:13:30] IntegrityGuard detection: NONE
[2026-06-30 14:13:30] IntegrityGuard initialized
[2026-06-30 14:13:30] ElevationService configured
[2026-06-30 14:13:30] Creating SplashScreenView
[2026-06-30 14:13:30] SplashScreenView.ctor begin
[2026-06-30 14:13:30] SplashScreenView.ctor InitializeComponent done
[2026-06-30 14:13:30] SplashScreenView.ctor done
[2026-06-30 14:13:30] MainWindow set to SplashScreenView
[2026-06-30 14:13:31] SplashScreenView.Loaded
[2026-06-30 14:13:31] SplashScreenView.Show() returned
[2026-06-30 14:13:42] SplashScreenView.LoadingComplete
[2026-06-30 14:13:43] ShowMainWindow: show ElevationDialog first
[2026-06-30 14:14:00] ElevationDialog result: ContinueNormal
[2026-06-30 14:14:00] MainFormView.ctor begin
[2026-06-30 14:14:00] MainFormView.ctor InitializeComponent done
[2026-06-30 14:14:00] MainFormView.Loaded
[2026-06-30 14:14:00] MainFormView.PlayWindowEnterAnimation OK
[2026-06-30 14:14:00] SplashScreenView.Closed
[2026-06-30 14:15:26] ProModeView.ctor begin
[2026-06-30 14:15:26] ProModeView.ctor InitializeComponent done
[2026-06-30 14:15:26] [PRO-SWITCH] PlayWindowExitAnimationForModeSwitch begin
[2026-06-30 14:15:28] ProModeView.OnWindowLoaded begin
[2026-06-30 14:15:28] ProModeView IntegrityGuard runtime monitoring started
[2026-06-30 14:15:28] ProModeView.PlayProModeWindowEnter begin
[2026-06-30 14:15:28] ProModeView.PlayProModeWindowEnter scheduled
[2026-06-30 14:15:28] ProModeView.OnWindowLoaded end
[2026-06-30 14:16:05] PerformExitCleanup: done
[2026-06-30 14:16:05] PerformExitCleanup: done
[2026-06-30 14:18:49] OnStartup
[2026-06-30 14:18:49] Password verification skipped: IsLaunchedByExe=true
[2026-06-30 14:18:49] Password verification passed
[2026-06-30 14:18:49] AURORA_PERF_TIER=Extreme
[2026-06-30 14:18:49] AURORA_LANGUAGE=CHS
[2026-06-30 14:18:49] AURORA_IS_LAUNCHED_BY_EXE=True
[2026-06-30 14:18:49] WARNING: Required directory missing: G:\PowerShellBat\Scripts
[2026-06-30 14:18:49] WARNING: Required directory missing: G:\PowerShellBat\Scripts\Core
[2026-06-30 14:18:49] WARNING: Required directory missing: G:\PowerShellBat\Scripts\Security
[2026-06-30 14:18:49] WARNING: Required directory missing: G:\PowerShellBat\Scripts\PRO
[2026-06-30 14:18:49] WARNING: Required directory missing: G:\PowerShellBat\Scripts\Engines
[2026-06-30 14:18:49] WARNING: Required directory missing: G:\PowerShellBat\Scripts\Session
[2026-06-30 14:18:49] WARNING: Required directory missing: G:\PowerShellBat\Scripts\GUI
[2026-06-30 14:18:49] WARNING: Required directory missing: G:\PowerShellBat\Scripts\UI
[2026-06-30 14:18:49] WARNING: Required file missing: G:\PowerShellBat\Scripts\Core\AURORA-CoreEngine.ps1
[2026-06-30 14:18:49] WARNING: Required file missing: G:\PowerShellBat\Scripts\Security\AURORA-SecurityModule.ps1
[2026-06-30 14:18:49] WARNING: Required file missing: G:\PowerShellBat\Scripts\PRO\AURORA-AnalyzerPRO-Engine.ps1
[2026-06-30 14:18:49] VerifyDirectoryIntegrity: OK
[2026-06-30 14:18:49] Directory integrity check passed
[2026-06-30 14:18:50] IntegrityGuard detection: NONE
[2026-06-30 14:18:50] IntegrityGuard initialized
[2026-06-30 14:18:50] ElevationService configured
[2026-06-30 14:18:50] Creating SplashScreenView
[2026-06-30 14:18:50] SplashScreenView.ctor begin
[2026-06-30 14:18:50] SplashScreenView.ctor InitializeComponent done
[2026-06-30 14:18:50] SplashScreenView.ctor done
[2026-06-30 14:18:50] MainWindow set to SplashScreenView
[2026-06-30 14:18:51] SplashScreenView.Loaded
[2026-06-30 14:18:51] SplashScreenView.Show() returned
[2026-06-30 14:19:02] SplashScreenView.LoadingComplete
[2026-06-30 14:19:03] ShowMainWindow: show ElevationDialog first
[2026-06-30 14:19:16] ElevationDialog result: ContinueNormal
[2026-06-30 14:19:16] MainFormView.ctor begin
[2026-06-30 14:19:16] MainFormView.ctor InitializeComponent done
[2026-06-30 14:19:16] MainFormView.Loaded
[2026-06-30 14:19:16] MainFormView.PlayWindowEnterAnimation OK
[2026-06-30 14:19:16] SplashScreenView.Closed
[2026-06-30 14:19:33] ProModeView.ctor begin
[2026-06-30 14:19:33] ProModeView.ctor InitializeComponent done
[2026-06-30 14:19:33] [PRO-SWITCH] PlayWindowExitAnimationForModeSwitch begin
[2026-06-30 14:19:35] ProModeView.OnWindowLoaded begin
[2026-06-30 14:19:35] ProModeView IntegrityGuard runtime monitoring started
[2026-06-30 14:19:35] ProModeView.PlayProModeWindowEnter begin
[2026-06-30 14:19:35] ProModeView.PlayProModeWindowEnter scheduled
[2026-06-30 14:19:35] ProModeView.OnWindowLoaded end
[2026-06-30 14:21:19] PerformExitCleanup: done
[2026-06-30 14:21:19] PerformExitCleanup: done
[2026-06-30 14:53:01] OnStartup
[2026-06-30 14:53:01] Password verification skipped: IsLaunchedByExe=true
[2026-06-30 14:53:01] Password verification passed
[2026-06-30 14:53:01] AURORA_PERF_TIER=Extreme
[2026-06-30 14:53:01] AURORA_LANGUAGE=CHS
[2026-06-30 14:53:01] AURORA_IS_LAUNCHED_BY_EXE=True
[2026-06-30 14:53:01] WARNING: Required directory missing: G:\PowerShellBat\Scripts
[2026-06-30 14:53:01] WARNING: Required directory missing: G:\PowerShellBat\Scripts\Core
[2026-06-30 14:53:01] WARNING: Required directory missing: G:\PowerShellBat\Scripts\Security
[2026-06-30 14:53:01] WARNING: Required directory missing: G:\PowerShellBat\Scripts\PRO
[2026-06-30 14:53:01] WARNING: Required directory missing: G:\PowerShellBat\Scripts\Engines
[2026-06-30 14:53:01] WARNING: Required directory missing: G:\PowerShellBat\Scripts\Session
[2026-06-30 14:53:01] WARNING: Required directory missing: G:\PowerShellBat\Scripts\GUI
[2026-06-30 14:53:01] WARNING: Required directory missing: G:\PowerShellBat\Scripts\UI
[2026-06-30 14:53:01] WARNING: Required file missing: G:\PowerShellBat\Scripts\Core\AURORA-CoreEngine.ps1
[2026-06-30 14:53:01] WARNING: Required file missing: G:\PowerShellBat\Scripts\Security\AURORA-SecurityModule.ps1
[2026-06-30 14:53:01] WARNING: Required file missing: G:\PowerShellBat\Scripts\PRO\AURORA-AnalyzerPRO-Engine.ps1
[2026-06-30 14:53:01] VerifyDirectoryIntegrity: OK
[2026-06-30 14:53:01] Directory integrity check passed
[2026-06-30 14:53:01] IntegrityGuard detection: NONE
[2026-06-30 14:53:01] IntegrityGuard initialized
[2026-06-30 14:53:01] ElevationService configured
[2026-06-30 14:53:01] Creating SplashScreenView
[2026-06-30 14:53:01] SplashScreenView.ctor begin
[2026-06-30 14:53:02] SplashScreenView.ctor InitializeComponent done
[2026-06-30 14:53:02] SplashScreenView.ctor done
[2026-06-30 14:53:02] MainWindow set to SplashScreenView
[2026-06-30 14:53:02] SplashScreenView.Loaded
[2026-06-30 14:53:02] SplashScreenView.Show() returned
[2026-06-30 14:53:14] SplashScreenView.LoadingComplete
[2026-06-30 14:53:14] ShowMainWindow: show ElevationDialog first
[2026-06-30 14:53:32] ElevationDialog result: ContinueNormal
[2026-06-30 14:53:32] MainFormView.ctor begin
[2026-06-30 14:53:32] MainFormView.ctor InitializeComponent done
[2026-06-30 14:53:33] MainFormView.Loaded
[2026-06-30 14:53:33] MainFormView.PlayWindowEnterAnimation OK
[2026-06-30 14:53:33] SplashScreenView.Closed
[2026-06-30 14:53:42] ProModeView.ctor begin
[2026-06-30 14:53:42] ProModeView.ctor InitializeComponent done
[2026-06-30 14:53:42] [PRO-SWITCH] PlayWindowExitAnimationForModeSwitch begin
[2026-06-30 14:53:44] ProModeView.OnWindowLoaded begin
[2026-06-30 14:53:44] ProModeView IntegrityGuard runtime monitoring started
[2026-06-30 14:53:44] ProModeView.PlayProModeWindowEnter begin
[2026-06-30 14:53:44] ProModeView.PlayProModeWindowEnter scheduled
[2026-06-30 14:53:44] ProModeView.OnWindowLoaded end
[2026-06-30 14:54:19] PerformExitCleanup: done
[2026-06-30 14:54:19] PerformExitCleanup: done
[2026-06-30 14:54:22] OnStartup
[2026-06-30 14:54:22] Password verification skipped: IsLaunchedByExe=true
[2026-06-30 14:54:22] Password verification passed
[2026-06-30 14:54:23] AURORA_PERF_TIER=Extreme
[2026-06-30 14:54:23] AURORA_LANGUAGE=CHS
[2026-06-30 14:54:23] AURORA_IS_LAUNCHED_BY_EXE=True
[2026-06-30 14:54:23] WARNING: Required directory missing: G:\PowerShellBat\Scripts
[2026-06-30 14:54:23] WARNING: Required directory missing: G:\PowerShellBat\Scripts\Core
[2026-06-30 14:54:23] WARNING: Required directory missing: G:\PowerShellBat\Scripts\Security
[2026-06-30 14:54:23] WARNING: Required directory missing: G:\PowerShellBat\Scripts\PRO
[2026-06-30 14:54:23] WARNING: Required directory missing: G:\PowerShellBat\Scripts\Engines
[2026-06-30 14:54:23] WARNING: Required directory missing: G:\PowerShellBat\Scripts\Session
[2026-06-30 14:54:23] WARNING: Required directory missing: G:\PowerShellBat\Scripts\GUI
[2026-06-30 14:54:23] WARNING: Required directory missing: G:\PowerShellBat\Scripts\UI
[2026-06-30 14:54:23] WARNING: Required file missing: G:\PowerShellBat\Scripts\Core\AURORA-CoreEngine.ps1
[2026-06-30 14:54:23] WARNING: Required file missing: G:\PowerShellBat\Scripts\Security\AURORA-SecurityModule.ps1
[2026-06-30 14:54:23] WARNING: Required file missing: G:\PowerShellBat\Scripts\PRO\AURORA-AnalyzerPRO-Engine.ps1
[2026-06-30 14:54:23] VerifyDirectoryIntegrity: OK
[2026-06-30 14:54:23] Directory integrity check passed
[2026-06-30 14:54:23] IntegrityGuard detection: NONE
[2026-06-30 14:54:23] IntegrityGuard initialized
[2026-06-30 14:54:23] ElevationService configured
[2026-06-30 14:54:23] Creating SplashScreenView
[2026-06-30 14:54:23] SplashScreenView.ctor begin
[2026-06-30 14:54:23] SplashScreenView.ctor InitializeComponent done
[2026-06-30 14:54:23] SplashScreenView.ctor done
[2026-06-30 14:54:23] MainWindow set to SplashScreenView
[2026-06-30 14:54:24] SplashScreenView.Loaded
[2026-06-30 14:54:24] SplashScreenView.Show() returned
[2026-06-30 14:54:35] SplashScreenView.LoadingComplete
[2026-06-30 14:54:36] ShowMainWindow: show ElevationDialog first
[2026-06-30 14:55:56] ElevationDialog result: ContinueNormal
[2026-06-30 14:55:56] MainFormView.ctor begin
[2026-06-30 14:55:56] MainFormView.ctor InitializeComponent done
[2026-06-30 14:55:56] MainFormView.Loaded
[2026-06-30 14:55:56] MainFormView.PlayWindowEnterAnimation OK
[2026-06-30 14:55:56] SplashScreenView.Closed
[2026-06-30 14:56:07] ProModeView.ctor begin
[2026-06-30 14:56:07] ProModeView.ctor InitializeComponent done
[2026-06-30 14:56:07] [PRO-SWITCH] PlayWindowExitAnimationForModeSwitch begin
[2026-06-30 14:56:09] ProModeView.OnWindowLoaded begin
[2026-06-30 14:56:09] ProModeView IntegrityGuard runtime monitoring started
[2026-06-30 14:56:09] ProModeView.PlayProModeWindowEnter begin
[2026-06-30 14:56:09] ProModeView.PlayProModeWindowEnter scheduled
[2026-06-30 14:56:09] ProModeView.OnWindowLoaded end
[2026-06-30 14:58:49] PerformExitCleanup: done
[2026-06-30 14:58:49] PerformExitCleanup: done
[2026-06-30 15:05:01] OnStartup
[2026-06-30 15:05:01] Password verification skipped: IsLaunchedByExe=true
[2026-06-30 15:05:01] Password verification passed
[2026-06-30 15:05:02] AURORA_PERF_TIER=Extreme
[2026-06-30 15:05:02] AURORA_LANGUAGE=CHS
[2026-06-30 15:05:02] AURORA_IS_LAUNCHED_BY_EXE=True
[2026-06-30 15:05:02] WARNING: Required directory missing: G:\PowerShellBat\Scripts
[2026-06-30 15:05:02] WARNING: Required directory missing: G:\PowerShellBat\Scripts\Core
[2026-06-30 15:05:02] WARNING: Required directory missing: G:\PowerShellBat\Scripts\Security
[2026-06-30 15:05:02] WARNING: Required directory missing: G:\PowerShellBat\Scripts\PRO
[2026-06-30 15:05:02] WARNING: Required directory missing: G:\PowerShellBat\Scripts\Engines
[2026-06-30 15:05:02] WARNING: Required directory missing: G:\PowerShellBat\Scripts\Session
[2026-06-30 15:05:02] WARNING: Required directory missing: G:\PowerShellBat\Scripts\GUI
[2026-06-30 15:05:02] WARNING: Required directory missing: G:\PowerShellBat\Scripts\UI
[2026-06-30 15:05:02] WARNING: Required file missing: G:\PowerShellBat\Scripts\Core\AURORA-CoreEngine.ps1
[2026-06-30 15:05:02] WARNING: Required file missing: G:\PowerShellBat\Scripts\Security\AURORA-SecurityModule.ps1
[2026-06-30 15:05:02] WARNING: Required file missing: G:\PowerShellBat\Scripts\PRO\AURORA-AnalyzerPRO-Engine.ps1
[2026-06-30 15:05:02] VerifyDirectoryIntegrity: OK
[2026-06-30 15:05:02] Directory integrity check passed
[2026-06-30 15:05:02] IntegrityGuard detection: NONE
[2026-06-30 15:05:02] IntegrityGuard initialized
[2026-06-30 15:05:02] ElevationService configured
[2026-06-30 15:05:02] Creating SplashScreenView
[2026-06-30 15:05:02] SplashScreenView.ctor begin
[2026-06-30 15:05:02] SplashScreenView.ctor InitializeComponent done
[2026-06-30 15:05:02] SplashScreenView.ctor done
[2026-06-30 15:05:02] MainWindow set to SplashScreenView
[2026-06-30 15:05:03] SplashScreenView.Loaded
[2026-06-30 15:05:03] SplashScreenView.Show() returned
[2026-06-30 15:05:14] SplashScreenView.LoadingComplete
[2026-06-30 15:05:15] ShowMainWindow: show ElevationDialog first
[2026-06-30 15:05:29] ElevationDialog result: ContinueNormal
[2026-06-30 15:05:29] MainFormView.ctor begin
[2026-06-30 15:05:29] MainFormView.ctor InitializeComponent done
[2026-06-30 15:05:29] MainFormView.Loaded
[2026-06-30 15:05:29] MainFormView.PlayWindowEnterAnimation OK
[2026-06-30 15:05:29] SplashScreenView.Closed
[2026-06-30 15:05:36] ProModeView.ctor begin
[2026-06-30 15:05:36] ProModeView.ctor InitializeComponent done
[2026-06-30 15:05:36] [PRO-SWITCH] PlayWindowExitAnimationForModeSwitch begin
[2026-06-30 15:05:38] ProModeView.OnWindowLoaded begin
[2026-06-30 15:05:38] ProModeView IntegrityGuard runtime monitoring started
[2026-06-30 15:05:38] ProModeView.PlayProModeWindowEnter begin
[2026-06-30 15:05:38] ProModeView.PlayProModeWindowEnter scheduled
[2026-06-30 15:05:38] ProModeView.OnWindowLoaded end
[2026-06-30 15:12:12] PerformExitCleanup: done
[2026-06-30 15:12:12] PerformExitCleanup: done
[2026-06-30 15:15:39] OnStartup
[2026-06-30 15:15:39] Password verification skipped: IsLaunchedByExe=true
[2026-06-30 15:15:39] Password verification passed
[2026-06-30 15:15:39] AURORA_PERF_TIER=Extreme
[2026-06-30 15:15:39] AURORA_LANGUAGE=CHS
[2026-06-30 15:15:39] AURORA_IS_LAUNCHED_BY_EXE=True
[2026-06-30 15:15:39] WARNING: Required directory missing: G:\PowerShellBat\Scripts
[2026-06-30 15:15:39] WARNING: Required directory missing: G:\PowerShellBat\Scripts\Core
[2026-06-30 15:15:39] WARNING: Required directory missing: G:\PowerShellBat\Scripts\Security
[2026-06-30 15:15:39] WARNING: Required directory missing: G:\PowerShellBat\Scripts\PRO
[2026-06-30 15:15:39] WARNING: Required directory missing: G:\PowerShellBat\Scripts\Engines
[2026-06-30 15:15:39] WARNING: Required directory missing: G:\PowerShellBat\Scripts\Session
[2026-06-30 15:15:39] WARNING: Required directory missing: G:\PowerShellBat\Scripts\GUI
[2026-06-30 15:15:39] WARNING: Required directory missing: G:\PowerShellBat\Scripts\UI
[2026-06-30 15:15:39] WARNING: Required file missing: G:\PowerShellBat\Scripts\Core\AURORA-CoreEngine.ps1
[2026-06-30 15:15:39] WARNING: Required file missing: G:\PowerShellBat\Scripts\Security\AURORA-SecurityModule.ps1
[2026-06-30 15:15:39] WARNING: Required file missing: G:\PowerShellBat\Scripts\PRO\AURORA-AnalyzerPRO-Engine.ps1
[2026-06-30 15:15:39] VerifyDirectoryIntegrity: OK
[2026-06-30 15:15:39] Directory integrity check passed
[2026-06-30 15:15:39] IntegrityGuard detection: NONE
[2026-06-30 15:15:39] IntegrityGuard initialized
[2026-06-30 15:15:39] ElevationService configured
[2026-06-30 15:15:39] Creating SplashScreenView
[2026-06-30 15:15:39] SplashScreenView.ctor begin
[2026-06-30 15:15:39] SplashScreenView.ctor InitializeComponent done
[2026-06-30 15:15:39] SplashScreenView.ctor done
[2026-06-30 15:15:39] MainWindow set to SplashScreenView
[2026-06-30 15:15:40] SplashScreenView.Loaded
[2026-06-30 15:15:40] SplashScreenView.Show() returned
[2026-06-30 15:15:51] SplashScreenView.LoadingComplete
[2026-06-30 15:15:52] ShowMainWindow: show ElevationDialog first
[2026-06-30 15:16:03] ElevationDialog result: ContinueNormal
[2026-06-30 15:16:03] MainFormView.ctor begin
[2026-06-30 15:16:03] MainFormView.ctor InitializeComponent done
[2026-06-30 15:16:03] MainFormView.Loaded
[2026-06-30 15:16:03] MainFormView.PlayWindowEnterAnimation OK
[2026-06-30 15:16:03] SplashScreenView.Closed
[2026-06-30 15:16:13] ProModeView.ctor begin
[2026-06-30 15:16:13] ProModeView.ctor InitializeComponent done
[2026-06-30 15:16:13] [PRO-SWITCH] PlayWindowExitAnimationForModeSwitch begin
[2026-06-30 15:16:15] ProModeView.OnWindowLoaded begin
[2026-06-30 15:16:15] ProModeView IntegrityGuard runtime monitoring started
[2026-06-30 15:16:15] ProModeView.PlayProModeWindowEnter begin
[2026-06-30 15:16:15] ProModeView.PlayProModeWindowEnter scheduled
[2026-06-30 15:16:15] ProModeView.OnWindowLoaded end
[2026-06-30 15:17:32] PerformExitCleanup: done
[2026-06-30 15:17:32] PerformExitCleanup: done
[2026-06-30 15:25:55] OnStartup
[2026-06-30 15:25:55] Password verification skipped: IsLaunchedByExe=true
[2026-06-30 15:25:55] Password verification passed
[2026-06-30 15:25:55] AURORA_PERF_TIER=Extreme
[2026-06-30 15:25:55] AURORA_LANGUAGE=CHS
[2026-06-30 15:25:55] AURORA_IS_LAUNCHED_BY_EXE=True
[2026-06-30 15:25:55] WARNING: Required directory missing: G:\PowerShellBat\Scripts
[2026-06-30 15:25:55] WARNING: Required directory missing: G:\PowerShellBat\Scripts\Core
[2026-06-30 15:25:55] WARNING: Required directory missing: G:\PowerShellBat\Scripts\Security
[2026-06-30 15:25:55] WARNING: Required directory missing: G:\PowerShellBat\Scripts\PRO
[2026-06-30 15:25:55] WARNING: Required directory missing: G:\PowerShellBat\Scripts\Engines
[2026-06-30 15:25:55] WARNING: Required directory missing: G:\PowerShellBat\Scripts\Session
[2026-06-30 15:25:55] WARNING: Required directory missing: G:\PowerShellBat\Scripts\GUI
[2026-06-30 15:25:55] WARNING: Required directory missing: G:\PowerShellBat\Scripts\UI
[2026-06-30 15:25:55] WARNING: Required file missing: G:\PowerShellBat\Scripts\Core\AURORA-CoreEngine.ps1
[2026-06-30 15:25:55] WARNING: Required file missing: G:\PowerShellBat\Scripts\Security\AURORA-SecurityModule.ps1
[2026-06-30 15:25:55] WARNING: Required file missing: G:\PowerShellBat\Scripts\PRO\AURORA-AnalyzerPRO-Engine.ps1
[2026-06-30 15:25:55] VerifyDirectoryIntegrity: OK
[2026-06-30 15:25:55] Directory integrity check passed
[2026-06-30 15:25:55] IntegrityGuard detection: NONE
[2026-06-30 15:25:55] IntegrityGuard initialized
[2026-06-30 15:25:55] ElevationService configured
[2026-06-30 15:25:56] Creating SplashScreenView
[2026-06-30 15:25:56] SplashScreenView.ctor begin
[2026-06-30 15:25:56] SplashScreenView.ctor InitializeComponent done
[2026-06-30 15:25:56] SplashScreenView.ctor done
[2026-06-30 15:25:56] MainWindow set to SplashScreenView
[2026-06-30 15:25:56] SplashScreenView.Loaded
[2026-06-30 15:25:56] SplashScreenView.Show() returned
[2026-06-30 15:26:08] SplashScreenView.LoadingComplete
[2026-06-30 15:26:08] ShowMainWindow: show ElevationDialog first
[2026-06-30 15:26:15] ElevationDialog result: ContinueNormal
[2026-06-30 15:26:15] MainFormView.ctor begin
[2026-06-30 15:26:15] MainFormView.ctor InitializeComponent done
[2026-06-30 15:26:16] MainFormView.Loaded
[2026-06-30 15:26:16] MainFormView.PlayWindowEnterAnimation OK
[2026-06-30 15:26:16] SplashScreenView.Closed
[2026-06-30 15:26:26] ProModeView.ctor begin
[2026-06-30 15:26:26] ProModeView.ctor InitializeComponent done
[2026-06-30 15:26:26] [PRO-SWITCH] PlayWindowExitAnimationForModeSwitch begin
[2026-06-30 15:26:28] ProModeView.OnWindowLoaded begin
[2026-06-30 15:26:28] ProModeView IntegrityGuard runtime monitoring started
[2026-06-30 15:26:28] ProModeView.PlayProModeWindowEnter begin
[2026-06-30 15:26:28] ProModeView.PlayProModeWindowEnter scheduled
[2026-06-30 15:26:28] ProModeView.OnWindowLoaded end
[2026-06-30 15:30:32] PerformExitCleanup: done
[2026-06-30 15:30:32] PerformExitCleanup: done
[2026-06-30 15:45:11] OnStartup
[2026-06-30 15:45:11] Password verification skipped: IsLaunchedByExe=true
[2026-06-30 15:45:11] Password verification passed
[2026-06-30 15:45:11] AURORA_PERF_TIER=Extreme
[2026-06-30 15:45:11] AURORA_LANGUAGE=CHS
[2026-06-30 15:45:11] AURORA_IS_LAUNCHED_BY_EXE=True
[2026-06-30 15:45:11] WARNING: Required directory missing: G:\PowerShellBat\Scripts
[2026-06-30 15:45:11] WARNING: Required directory missing: G:\PowerShellBat\Scripts\Core
[2026-06-30 15:45:11] WARNING: Required directory missing: G:\PowerShellBat\Scripts\Security
[2026-06-30 15:45:11] WARNING: Required directory missing: G:\PowerShellBat\Scripts\PRO
[2026-06-30 15:45:11] WARNING: Required directory missing: G:\PowerShellBat\Scripts\Engines
[2026-06-30 15:45:11] WARNING: Required directory missing: G:\PowerShellBat\Scripts\Session
[2026-06-30 15:45:11] WARNING: Required directory missing: G:\PowerShellBat\Scripts\GUI
[2026-06-30 15:45:11] WARNING: Required directory missing: G:\PowerShellBat\Scripts\UI
[2026-06-30 15:45:11] WARNING: Required file missing: G:\PowerShellBat\Scripts\Core\AURORA-CoreEngine.ps1
[2026-06-30 15:45:11] WARNING: Required file missing: G:\PowerShellBat\Scripts\Security\AURORA-SecurityModule.ps1
[2026-06-30 15:45:11] WARNING: Required file missing: G:\PowerShellBat\Scripts\PRO\AURORA-AnalyzerPRO-Engine.ps1
[2026-06-30 15:45:11] VerifyDirectoryIntegrity: OK
[2026-06-30 15:45:11] Directory integrity check passed
[2026-06-30 15:45:12] IntegrityGuard detection: NONE
[2026-06-30 15:45:12] IntegrityGuard initialized
[2026-06-30 15:45:12] ElevationService configured
[2026-06-30 15:45:12] Creating SplashScreenView
[2026-06-30 15:45:12] SplashScreenView.ctor begin
[2026-06-30 15:45:12] SplashScreenView.ctor InitializeComponent done
[2026-06-30 15:45:12] SplashScreenView.ctor done
[2026-06-30 15:45:12] MainWindow set to SplashScreenView
[2026-06-30 15:45:13] SplashScreenView.Loaded
[2026-06-30 15:45:13] SplashScreenView.Show() returned
[2026-06-30 15:45:24] SplashScreenView.LoadingComplete
[2026-06-30 15:45:25] ShowMainWindow: show ElevationDialog first
[2026-06-30 15:45:41] ElevationDialog result: ContinueNormal
[2026-06-30 15:45:41] MainFormView.ctor begin
[2026-06-30 15:45:41] MainFormView.ctor InitializeComponent done
[2026-06-30 15:45:42] MainFormView.Loaded
[2026-06-30 15:45:42] MainFormView.PlayWindowEnterAnimation OK
[2026-06-30 15:45:42] SplashScreenView.Closed
[2026-06-30 15:45:47] ProModeView.ctor begin
[2026-06-30 15:45:47] ProModeView.ctor InitializeComponent done
[2026-06-30 15:45:47] [PRO-SWITCH] PlayWindowExitAnimationForModeSwitch begin
[2026-06-30 15:45:49] ProModeView.OnWindowLoaded begin
[2026-06-30 15:45:49] ProModeView IntegrityGuard runtime monitoring started
[2026-06-30 15:45:49] ProModeView.PlayProModeWindowEnter begin
[2026-06-30 15:45:49] ProModeView.PlayProModeWindowEnter scheduled
[2026-06-30 15:45:49] ProModeView.OnWindowLoaded end
[2026-06-30 15:47:43] OnStartup
[2026-06-30 15:47:43] Password verification skipped: IsLaunchedByExe=true
[2026-06-30 15:47:43] Password verification passed
[2026-06-30 15:47:43] AURORA_PERF_TIER=Extreme
[2026-06-30 15:47:43] AURORA_LANGUAGE=CHS
[2026-06-30 15:47:43] AURORA_IS_LAUNCHED_BY_EXE=True
[2026-06-30 15:47:43] WARNING: Required directory missing: G:\PowerShellBat\Scripts
[2026-06-30 15:47:43] WARNING: Required directory missing: G:\PowerShellBat\Scripts\Core
[2026-06-30 15:47:43] WARNING: Required directory missing: G:\PowerShellBat\Scripts\Security
[2026-06-30 15:47:43] WARNING: Required directory missing: G:\PowerShellBat\Scripts\PRO
[2026-06-30 15:47:43] WARNING: Required directory missing: G:\PowerShellBat\Scripts\Engines
[2026-06-30 15:47:43] WARNING: Required directory missing: G:\PowerShellBat\Scripts\Session
[2026-06-30 15:47:43] WARNING: Required directory missing: G:\PowerShellBat\Scripts\GUI
[2026-06-30 15:47:43] WARNING: Required directory missing: G:\PowerShellBat\Scripts\UI
[2026-06-30 15:47:43] WARNING: Required file missing: G:\PowerShellBat\Scripts\Core\AURORA-CoreEngine.ps1
[2026-06-30 15:47:43] WARNING: Required file missing: G:\PowerShellBat\Scripts\Security\AURORA-SecurityModule.ps1
[2026-06-30 15:47:43] WARNING: Required file missing: G:\PowerShellBat\Scripts\PRO\AURORA-AnalyzerPRO-Engine.ps1
[2026-06-30 15:47:43] VerifyDirectoryIntegrity: OK
[2026-06-30 15:47:43] Directory integrity check passed
[2026-06-30 15:47:44] IntegrityGuard detection: NONE
[2026-06-30 15:47:44] IntegrityGuard initialized
[2026-06-30 15:47:44] ElevationService configured
[2026-06-30 15:47:44] Creating SplashScreenView
[2026-06-30 15:47:44] SplashScreenView.ctor begin
[2026-06-30 15:47:44] SplashScreenView.ctor InitializeComponent done
[2026-06-30 15:47:44] SplashScreenView.ctor done
[2026-06-30 15:47:44] MainWindow set to SplashScreenView
[2026-06-30 15:47:45] SplashScreenView.Loaded
[2026-06-30 15:47:45] SplashScreenView.Show() returned
[2026-06-30 15:47:56] SplashScreenView.LoadingComplete
[2026-06-30 15:47:57] ShowMainWindow: show ElevationDialog first
[2026-06-30 15:48:07] ElevationDialog result: ContinueNormal
[2026-06-30 15:48:07] MainFormView.ctor begin
[2026-06-30 15:48:07] MainFormView.ctor InitializeComponent done
[2026-06-30 15:48:07] MainFormView.Loaded
[2026-06-30 15:48:07] MainFormView.PlayWindowEnterAnimation OK
[2026-06-30 15:48:07] SplashScreenView.Closed
[2026-06-30 15:48:13] ProModeView.ctor begin
[2026-06-30 15:48:13] ProModeView.ctor InitializeComponent done
[2026-06-30 15:48:13] [PRO-SWITCH] PlayWindowExitAnimationForModeSwitch begin
[2026-06-30 15:48:15] ProModeView.OnWindowLoaded begin
[2026-06-30 15:48:15] ProModeView IntegrityGuard runtime monitoring started
[2026-06-30 15:48:15] ProModeView.PlayProModeWindowEnter begin
[2026-06-30 15:48:15] ProModeView.PlayProModeWindowEnter scheduled
[2026-06-30 15:48:15] ProModeView.OnWindowLoaded end
[2026-06-30 15:49:08] OnStartup
[2026-06-30 15:49:08] Password verification skipped: IsLaunchedByExe=true
[2026-06-30 15:49:08] Password verification passed
[2026-06-30 15:49:08] AURORA_PERF_TIER=Extreme
[2026-06-30 15:49:08] AURORA_LANGUAGE=CHS
[2026-06-30 15:49:08] AURORA_IS_LAUNCHED_BY_EXE=True
[2026-06-30 15:49:08] WARNING: Required directory missing: G:\PowerShellBat\Scripts
[2026-06-30 15:49:08] WARNING: Required directory missing: G:\PowerShellBat\Scripts\Core
[2026-06-30 15:49:08] WARNING: Required directory missing: G:\PowerShellBat\Scripts\Security
[2026-06-30 15:49:08] WARNING: Required directory missing: G:\PowerShellBat\Scripts\PRO
[2026-06-30 15:49:08] WARNING: Required directory missing: G:\PowerShellBat\Scripts\Engines
[2026-06-30 15:49:08] WARNING: Required directory missing: G:\PowerShellBat\Scripts\Session
[2026-06-30 15:49:08] WARNING: Required directory missing: G:\PowerShellBat\Scripts\GUI
[2026-06-30 15:49:08] WARNING: Required directory missing: G:\PowerShellBat\Scripts\UI
[2026-06-30 15:49:08] WARNING: Required file missing: G:\PowerShellBat\Scripts\Core\AURORA-CoreEngine.ps1
[2026-06-30 15:49:08] WARNING: Required file missing: G:\PowerShellBat\Scripts\Security\AURORA-SecurityModule.ps1
[2026-06-30 15:49:08] WARNING: Required file missing: G:\PowerShellBat\Scripts\PRO\AURORA-AnalyzerPRO-Engine.ps1
[2026-06-30 15:49:08] VerifyDirectoryIntegrity: OK
[2026-06-30 15:49:08] Directory integrity check passed
[2026-06-30 15:49:08] IntegrityGuard detection: NONE
[2026-06-30 15:49:08] IntegrityGuard initialized
[2026-06-30 15:49:08] ElevationService configured
[2026-06-30 15:49:09] Creating SplashScreenView
[2026-06-30 15:49:09] SplashScreenView.ctor begin
[2026-06-30 15:49:09] SplashScreenView.ctor InitializeComponent done
[2026-06-30 15:49:09] SplashScreenView.ctor done
[2026-06-30 15:49:09] MainWindow set to SplashScreenView
[2026-06-30 15:49:09] SplashScreenView.Loaded
[2026-06-30 15:49:09] SplashScreenView.Show() returned
[2026-06-30 15:49:21] SplashScreenView.LoadingComplete
[2026-06-30 15:49:21] ShowMainWindow: show ElevationDialog first
[2026-06-30 15:49:26] ElevationDialog result: ContinueNormal
[2026-06-30 15:49:26] MainFormView.ctor begin
[2026-06-30 15:49:26] MainFormView.ctor InitializeComponent done
[2026-06-30 15:49:26] MainFormView.Loaded
[2026-06-30 15:49:26] MainFormView.PlayWindowEnterAnimation OK
[2026-06-30 15:49:26] SplashScreenView.Closed
[2026-06-30 15:49:32] ProModeView.ctor begin
[2026-06-30 15:49:32] ProModeView.ctor InitializeComponent done
[2026-06-30 15:49:32] [PRO-SWITCH] PlayWindowExitAnimationForModeSwitch begin
[2026-06-30 15:49:34] ProModeView.OnWindowLoaded begin
[2026-06-30 15:49:34] ProModeView IntegrityGuard runtime monitoring started
[2026-06-30 15:49:34] ProModeView.PlayProModeWindowEnter begin
[2026-06-30 15:49:34] ProModeView.PlayProModeWindowEnter scheduled
[2026-06-30 15:49:34] ProModeView.OnWindowLoaded end
[2026-06-30 15:52:34] PerformExitCleanup: done
[2026-06-30 15:52:34] PerformExitCleanup: done
[2026-06-30 15:52:36] OnStartup
[2026-06-30 15:52:36] Password verification skipped: IsLaunchedByExe=true
[2026-06-30 15:52:36] Password verification passed
[2026-06-30 15:52:37] AURORA_PERF_TIER=Extreme
[2026-06-30 15:52:37] AURORA_LANGUAGE=CHS
[2026-06-30 15:52:37] AURORA_IS_LAUNCHED_BY_EXE=True
[2026-06-30 15:52:37] WARNING: Required directory missing: G:\PowerShellBat\Scripts
[2026-06-30 15:52:37] WARNING: Required directory missing: G:\PowerShellBat\Scripts\Core
[2026-06-30 15:52:37] WARNING: Required directory missing: G:\PowerShellBat\Scripts\Security
[2026-06-30 15:52:37] WARNING: Required directory missing: G:\PowerShellBat\Scripts\PRO
[2026-06-30 15:52:37] WARNING: Required directory missing: G:\PowerShellBat\Scripts\Engines
[2026-06-30 15:52:37] WARNING: Required directory missing: G:\PowerShellBat\Scripts\Session
[2026-06-30 15:52:37] WARNING: Required directory missing: G:\PowerShellBat\Scripts\GUI
[2026-06-30 15:52:37] WARNING: Required directory missing: G:\PowerShellBat\Scripts\UI
[2026-06-30 15:52:37] WARNING: Required file missing: G:\PowerShellBat\Scripts\Core\AURORA-CoreEngine.ps1
[2026-06-30 15:52:37] WARNING: Required file missing: G:\PowerShellBat\Scripts\Security\AURORA-SecurityModule.ps1
[2026-06-30 15:52:37] WARNING: Required file missing: G:\PowerShellBat\Scripts\PRO\AURORA-AnalyzerPRO-Engine.ps1
[2026-06-30 15:52:37] VerifyDirectoryIntegrity: OK
[2026-06-30 15:52:37] Directory integrity check passed
[2026-06-30 15:52:37] IntegrityGuard detection: NONE
[2026-06-30 15:52:37] IntegrityGuard initialized
[2026-06-30 15:52:37] ElevationService configured
[2026-06-30 15:52:37] Creating SplashScreenView
[2026-06-30 15:52:37] SplashScreenView.ctor begin
[2026-06-30 15:52:37] SplashScreenView.ctor InitializeComponent done
[2026-06-30 15:52:37] SplashScreenView.ctor done
[2026-06-30 15:52:37] MainWindow set to SplashScreenView
[2026-06-30 15:52:38] SplashScreenView.Loaded
[2026-06-30 15:52:38] SplashScreenView.Show() returned
[2026-06-30 15:52:49] SplashScreenView.LoadingComplete
[2026-06-30 15:52:50] ShowMainWindow: show ElevationDialog first
[2026-06-30 15:53:09] ElevationDialog result: ContinueNormal
[2026-06-30 15:53:09] MainFormView.ctor begin
[2026-06-30 15:53:09] MainFormView.ctor InitializeComponent done
[2026-06-30 15:53:09] MainFormView.Loaded
[2026-06-30 15:53:09] MainFormView.PlayWindowEnterAnimation OK
[2026-06-30 15:53:09] SplashScreenView.Closed
[2026-06-30 15:53:17] ProModeView.ctor begin
[2026-06-30 15:53:17] ProModeView.ctor InitializeComponent done
[2026-06-30 15:53:17] [PRO-SWITCH] PlayWindowExitAnimationForModeSwitch begin
[2026-06-30 15:53:19] ProModeView.OnWindowLoaded begin
[2026-06-30 15:53:19] ProModeView IntegrityGuard runtime monitoring started
[2026-06-30 15:53:19] ProModeView.PlayProModeWindowEnter begin
[2026-06-30 15:53:19] ProModeView.PlayProModeWindowEnter scheduled
[2026-06-30 15:53:19] ProModeView.OnWindowLoaded end
[2026-06-30 15:54:04] PerformExitCleanup: done
[2026-06-30 15:54:04] PerformExitCleanup: done
[2026-06-30 16:12:51] OnStartup
[2026-06-30 16:12:51] Password verification skipped: IsLaunchedByExe=true
[2026-06-30 16:12:51] Password verification passed
[2026-06-30 16:12:51] AURORA_PERF_TIER=Extreme
[2026-06-30 16:12:51] AURORA_LANGUAGE=CHS
[2026-06-30 16:12:51] AURORA_IS_LAUNCHED_BY_EXE=True
[2026-06-30 16:12:51] WARNING: Required directory missing: G:\PowerShellBat\Scripts
[2026-06-30 16:12:51] WARNING: Required directory missing: G:\PowerShellBat\Scripts\Core
[2026-06-30 16:12:51] WARNING: Required directory missing: G:\PowerShellBat\Scripts\Security
[2026-06-30 16:12:51] WARNING: Required directory missing: G:\PowerShellBat\Scripts\PRO
[2026-06-30 16:12:51] WARNING: Required directory missing: G:\PowerShellBat\Scripts\Engines
[2026-06-30 16:12:51] WARNING: Required directory missing: G:\PowerShellBat\Scripts\Session
[2026-06-30 16:12:51] WARNING: Required directory missing: G:\PowerShellBat\Scripts\GUI
[2026-06-30 16:12:51] WARNING: Required directory missing: G:\PowerShellBat\Scripts\UI
[2026-06-30 16:12:51] WARNING: Required file missing: G:\PowerShellBat\Scripts\Core\AURORA-CoreEngine.ps1
[2026-06-30 16:12:51] WARNING: Required file missing: G:\PowerShellBat\Scripts\Security\AURORA-SecurityModule.ps1
[2026-06-30 16:12:51] WARNING: Required file missing: G:\PowerShellBat\Scripts\PRO\AURORA-AnalyzerPRO-Engine.ps1
[2026-06-30 16:12:51] VerifyDirectoryIntegrity: OK
[2026-06-30 16:12:51] Directory integrity check passed
[2026-06-30 16:12:51] IntegrityGuard detection: NONE
[2026-06-30 16:12:51] IntegrityGuard initialized
[2026-06-30 16:12:51] ElevationService configured
[2026-06-30 16:12:51] Creating SplashScreenView
[2026-06-30 16:12:51] SplashScreenView.ctor begin
[2026-06-30 16:12:52] SplashScreenView.ctor InitializeComponent done
[2026-06-30 16:12:52] SplashScreenView.ctor done
[2026-06-30 16:12:52] MainWindow set to SplashScreenView
[2026-06-30 16:12:52] SplashScreenView.Loaded
[2026-06-30 16:12:52] SplashScreenView.Show() returned
[2026-06-30 16:13:04] SplashScreenView.LoadingComplete
[2026-06-30 16:13:04] ShowMainWindow: show ElevationDialog first
[2026-06-30 16:13:25] ElevationDialog result: ContinueNormal
[2026-06-30 16:13:25] MainFormView.ctor begin
[2026-06-30 16:13:25] MainFormView.ctor InitializeComponent done
[2026-06-30 16:13:25] MainFormView.Loaded
[2026-06-30 16:13:25] MainFormView.PlayWindowEnterAnimation OK
[2026-06-30 16:13:25] SplashScreenView.Closed
[2026-06-30 16:14:05] ProModeView.ctor begin
[2026-06-30 16:14:05] ProModeView.ctor InitializeComponent done
[2026-06-30 16:14:05] [PRO-SWITCH] PlayWindowExitAnimationForModeSwitch begin
[2026-06-30 16:14:07] ProModeView.OnWindowLoaded begin
[2026-06-30 16:14:07] ProModeView IntegrityGuard runtime monitoring started
[2026-06-30 16:14:07] ProModeView.PlayProModeWindowEnter begin
[2026-06-30 16:14:07] ProModeView.PlayProModeWindowEnter scheduled
[2026-06-30 16:14:07] ProModeView.OnWindowLoaded end
[2026-06-30 16:15:33] PerformExitCleanup: done
[2026-06-30 16:15:33] PerformExitCleanup: done
[2026-06-30 16:19:04] OnStartup
[2026-06-30 16:19:04] Password verification skipped: IsLaunchedByExe=true
[2026-06-30 16:19:04] Password verification passed
[2026-06-30 16:19:04] AURORA_PERF_TIER=Extreme
[2026-06-30 16:19:04] AURORA_LANGUAGE=CHS
[2026-06-30 16:19:04] AURORA_IS_LAUNCHED_BY_EXE=True
[2026-06-30 16:19:04] WARNING: Required directory missing: G:\PowerShellBat\Scripts
[2026-06-30 16:19:04] WARNING: Required directory missing: G:\PowerShellBat\Scripts\Core
[2026-06-30 16:19:04] WARNING: Required directory missing: G:\PowerShellBat\Scripts\Security
[2026-06-30 16:19:04] WARNING: Required directory missing: G:\PowerShellBat\Scripts\PRO
[2026-06-30 16:19:04] WARNING: Required directory missing: G:\PowerShellBat\Scripts\Engines
[2026-06-30 16:19:04] WARNING: Required directory missing: G:\PowerShellBat\Scripts\Session
[2026-06-30 16:19:04] WARNING: Required directory missing: G:\PowerShellBat\Scripts\GUI
[2026-06-30 16:19:04] WARNING: Required directory missing: G:\PowerShellBat\Scripts\UI
[2026-06-30 16:19:04] WARNING: Required file missing: G:\PowerShellBat\Scripts\Core\AURORA-CoreEngine.ps1
[2026-06-30 16:19:04] WARNING: Required file missing: G:\PowerShellBat\Scripts\Security\AURORA-SecurityModule.ps1
[2026-06-30 16:19:04] WARNING: Required file missing: G:\PowerShellBat\Scripts\PRO\AURORA-AnalyzerPRO-Engine.ps1
[2026-06-30 16:19:04] VerifyDirectoryIntegrity: OK
[2026-06-30 16:19:04] Directory integrity check passed
[2026-06-30 16:19:04] IntegrityGuard detection: NONE
[2026-06-30 16:19:04] IntegrityGuard initialized
[2026-06-30 16:19:04] ElevationService configured
[2026-06-30 16:19:04] Creating SplashScreenView
[2026-06-30 16:19:04] SplashScreenView.ctor begin
[2026-06-30 16:19:04] SplashScreenView.ctor InitializeComponent done
[2026-06-30 16:19:04] SplashScreenView.ctor done
[2026-06-30 16:19:04] MainWindow set to SplashScreenView
[2026-06-30 16:19:05] SplashScreenView.Loaded
[2026-06-30 16:19:05] SplashScreenView.Show() returned
[2026-06-30 16:19:17] SplashScreenView.LoadingComplete
[2026-06-30 16:19:17] ShowMainWindow: show ElevationDialog first
[2026-06-30 16:19:20] ElevationDialog result: ContinueNormal
[2026-06-30 16:19:20] MainFormView.ctor begin
[2026-06-30 16:19:20] MainFormView.ctor InitializeComponent done
[2026-06-30 16:19:20] MainFormView.Loaded
[2026-06-30 16:19:20] MainFormView.PlayWindowEnterAnimation OK
[2026-06-30 16:19:20] SplashScreenView.Closed
[2026-06-30 16:19:36] ProModeView.ctor begin
[2026-06-30 16:19:36] ProModeView.ctor InitializeComponent done
[2026-06-30 16:19:36] [PRO-SWITCH] PlayWindowExitAnimationForModeSwitch begin
[2026-06-30 16:19:38] ProModeView.OnWindowLoaded begin
[2026-06-30 16:19:38] ProModeView IntegrityGuard runtime monitoring started
[2026-06-30 16:19:38] ProModeView.PlayProModeWindowEnter begin
[2026-06-30 16:19:38] ProModeView.PlayProModeWindowEnter scheduled
[2026-06-30 16:19:38] ProModeView.OnWindowLoaded end
[2026-06-30 16:19:43] PerformExitCleanup: done
[2026-06-30 16:19:43] PerformExitCleanup: done
[2026-06-30 16:34:17] OnStartup
[2026-06-30 16:34:17] Password verification skipped: IsLaunchedByExe=true
[2026-06-30 16:34:17] Password verification passed
[2026-06-30 16:34:17] AURORA_PERF_TIER=Extreme
[2026-06-30 16:34:17] AURORA_LANGUAGE=CHS
[2026-06-30 16:34:17] AURORA_IS_LAUNCHED_BY_EXE=True
[2026-06-30 16:34:17] WARNING: Required directory missing: G:\PowerShellBat\Scripts
[2026-06-30 16:34:17] WARNING: Required directory missing: G:\PowerShellBat\Scripts\Core
[2026-06-30 16:34:17] WARNING: Required directory missing: G:\PowerShellBat\Scripts\Security
[2026-06-30 16:34:17] WARNING: Required directory missing: G:\PowerShellBat\Scripts\PRO
[2026-06-30 16:34:17] WARNING: Required directory missing: G:\PowerShellBat\Scripts\Engines
[2026-06-30 16:34:17] WARNING: Required directory missing: G:\PowerShellBat\Scripts\Session
[2026-06-30 16:34:17] WARNING: Required directory missing: G:\PowerShellBat\Scripts\GUI
[2026-06-30 16:34:17] WARNING: Required directory missing: G:\PowerShellBat\Scripts\UI
[2026-06-30 16:34:17] WARNING: Required file missing: G:\PowerShellBat\Scripts\Core\AURORA-CoreEngine.ps1
[2026-06-30 16:34:17] WARNING: Required file missing: G:\PowerShellBat\Scripts\Security\AURORA-SecurityModule.ps1
[2026-06-30 16:34:17] WARNING: Required file missing: G:\PowerShellBat\Scripts\PRO\AURORA-AnalyzerPRO-Engine.ps1
[2026-06-30 16:34:17] VerifyDirectoryIntegrity: OK
[2026-06-30 16:34:17] Directory integrity check passed
[2026-06-30 16:34:17] IntegrityGuard detection: NONE
[2026-06-30 16:34:17] IntegrityGuard initialized
[2026-06-30 16:34:17] ElevationService configured
[2026-06-30 16:34:18] Creating SplashScreenView
[2026-06-30 16:34:18] SplashScreenView.ctor begin
[2026-06-30 16:34:18] SplashScreenView.ctor InitializeComponent done
[2026-06-30 16:34:18] SplashScreenView.ctor done
[2026-06-30 16:34:18] MainWindow set to SplashScreenView
[2026-06-30 16:34:18] SplashScreenView.Loaded
[2026-06-30 16:34:18] SplashScreenView.Show() returned
[2026-06-30 16:34:30] SplashScreenView.LoadingComplete
[2026-06-30 16:34:31] ShowMainWindow: show ElevationDialog first
[2026-06-30 16:34:49] ElevationDialog result: ContinueNormal
[2026-06-30 16:34:49] MainFormView.ctor begin
[2026-06-30 16:34:49] MainFormView.ctor InitializeComponent done
[2026-06-30 16:34:50] MainFormView.Loaded
[2026-06-30 16:34:50] MainFormView.PlayWindowEnterAnimation OK
[2026-06-30 16:34:50] SplashScreenView.Closed
[2026-06-30 16:35:21] ProModeView.ctor begin
[2026-06-30 16:35:21] ProModeView.ctor InitializeComponent done
[2026-06-30 16:35:21] [PRO-SWITCH] PlayWindowExitAnimationForModeSwitch begin
[2026-06-30 16:35:23] ProModeView.OnWindowLoaded begin
[2026-06-30 16:35:23] ProModeView IntegrityGuard runtime monitoring started
[2026-06-30 16:35:23] ProModeView.PlayProModeWindowEnter begin
[2026-06-30 16:35:23] ProModeView.PlayProModeWindowEnter scheduled
[2026-06-30 16:35:23] ProModeView.OnWindowLoaded end
[2026-06-30 16:37:46] PerformExitCleanup: done
[2026-06-30 16:37:46] PerformExitCleanup: done
[2026-06-30 16:51:26] OnStartup
[2026-06-30 16:51:26] Password verification skipped: IsLaunchedByExe=true
[2026-06-30 16:51:26] Password verification passed
[2026-06-30 16:51:26] AURORA_PERF_TIER=Extreme
[2026-06-30 16:51:26] AURORA_LANGUAGE=CHS
[2026-06-30 16:51:26] AURORA_IS_LAUNCHED_BY_EXE=True
[2026-06-30 16:51:26] WARNING: Required directory missing: G:\PowerShellBat\Scripts
[2026-06-30 16:51:26] WARNING: Required directory missing: G:\PowerShellBat\Scripts\Core
[2026-06-30 16:51:26] WARNING: Required directory missing: G:\PowerShellBat\Scripts\Security
[2026-06-30 16:51:26] WARNING: Required directory missing: G:\PowerShellBat\Scripts\PRO
[2026-06-30 16:51:26] WARNING: Required directory missing: G:\PowerShellBat\Scripts\Engines
[2026-06-30 16:51:26] WARNING: Required directory missing: G:\PowerShellBat\Scripts\Session
[2026-06-30 16:51:26] WARNING: Required directory missing: G:\PowerShellBat\Scripts\GUI
[2026-06-30 16:51:26] WARNING: Required directory missing: G:\PowerShellBat\Scripts\UI
[2026-06-30 16:51:26] WARNING: Required file missing: G:\PowerShellBat\Scripts\Core\AURORA-CoreEngine.ps1
[2026-06-30 16:51:26] WARNING: Required file missing: G:\PowerShellBat\Scripts\Security\AURORA-SecurityModule.ps1
[2026-06-30 16:51:26] WARNING: Required file missing: G:\PowerShellBat\Scripts\PRO\AURORA-AnalyzerPRO-Engine.ps1
[2026-06-30 16:51:26] VerifyDirectoryIntegrity: OK
[2026-06-30 16:51:26] Directory integrity check passed
[2026-06-30 16:51:26] IntegrityGuard detection: NONE
[2026-06-30 16:51:26] IntegrityGuard initialized
[2026-06-30 16:51:26] ElevationService configured
[2026-06-30 16:51:27] Creating SplashScreenView
[2026-06-30 16:51:27] SplashScreenView.ctor begin
[2026-06-30 16:51:27] SplashScreenView.ctor InitializeComponent done
[2026-06-30 16:51:27] SplashScreenView.ctor done
[2026-06-30 16:51:27] MainWindow set to SplashScreenView
[2026-06-30 16:51:28] SplashScreenView.Loaded
[2026-06-30 16:51:28] SplashScreenView.Show() returned
[2026-06-30 16:51:39] SplashScreenView.LoadingComplete
[2026-06-30 16:51:40] ShowMainWindow: show ElevationDialog first
[2026-06-30 16:52:04] ElevationDialog result: ContinueNormal
[2026-06-30 16:52:04] MainFormView.ctor begin
[2026-06-30 16:52:04] MainFormView.ctor InitializeComponent done
[2026-06-30 16:52:05] MainFormView.Loaded
[2026-06-30 16:52:05] MainFormView.PlayWindowEnterAnimation OK
[2026-06-30 16:52:05] SplashScreenView.Closed
[2026-06-30 16:52:21] ProModeView.ctor begin
[2026-06-30 16:52:21] ProModeView.ctor InitializeComponent done
[2026-06-30 16:52:21] [PRO-SWITCH] PlayWindowExitAnimationForModeSwitch begin
[2026-06-30 16:52:24] ProModeView.OnWindowLoaded begin
[2026-06-30 16:52:24] ProModeView IntegrityGuard runtime monitoring started
[2026-06-30 16:52:24] ProModeView.PlayProModeWindowEnter begin
[2026-06-30 16:52:24] ProModeView.PlayProModeWindowEnter scheduled
[2026-06-30 16:52:24] ProModeView.OnWindowLoaded end
[2026-06-30 16:59:20] PerformExitCleanup: done
[2026-06-30 16:59:20] PerformExitCleanup: done
[2026-06-30 17:18:45] OnStartup
[2026-06-30 17:18:45] Password verification skipped: IsLaunchedByExe=true
[2026-06-30 17:18:45] Password verification passed
[2026-06-30 17:18:45] AURORA_PERF_TIER=Extreme
[2026-06-30 17:18:45] AURORA_LANGUAGE=CHS
[2026-06-30 17:18:45] AURORA_IS_LAUNCHED_BY_EXE=True
[2026-06-30 17:18:45] WARNING: Required directory missing: G:\PowerShellBat\Scripts
[2026-06-30 17:18:45] WARNING: Required directory missing: G:\PowerShellBat\Scripts\Core
[2026-06-30 17:18:45] WARNING: Required directory missing: G:\PowerShellBat\Scripts\Security
[2026-06-30 17:18:45] WARNING: Required directory missing: G:\PowerShellBat\Scripts\PRO
[2026-06-30 17:18:45] WARNING: Required directory missing: G:\PowerShellBat\Scripts\Engines
[2026-06-30 17:18:45] WARNING: Required directory missing: G:\PowerShellBat\Scripts\Session
[2026-06-30 17:18:45] WARNING: Required directory missing: G:\PowerShellBat\Scripts\GUI
[2026-06-30 17:18:45] WARNING: Required directory missing: G:\PowerShellBat\Scripts\UI
[2026-06-30 17:18:45] WARNING: Required file missing: G:\PowerShellBat\Scripts\Core\AURORA-CoreEngine.ps1
[2026-06-30 17:18:45] WARNING: Required file missing: G:\PowerShellBat\Scripts\Security\AURORA-SecurityModule.ps1
[2026-06-30 17:18:45] WARNING: Required file missing: G:\PowerShellBat\Scripts\PRO\AURORA-AnalyzerPRO-Engine.ps1
[2026-06-30 17:18:45] VerifyDirectoryIntegrity: OK
[2026-06-30 17:18:45] Directory integrity check passed
[2026-06-30 17:18:45] IntegrityGuard detection: NONE
[2026-06-30 17:18:45] IntegrityGuard initialized
[2026-06-30 17:18:45] ElevationService configured
[2026-06-30 17:18:45] Creating SplashScreenView
[2026-06-30 17:18:45] SplashScreenView.ctor begin
[2026-06-30 17:18:46] SplashScreenView.ctor InitializeComponent done
[2026-06-30 17:18:46] SplashScreenView.ctor done
[2026-06-30 17:18:46] MainWindow set to SplashScreenView
[2026-06-30 17:18:46] SplashScreenView.Loaded
[2026-06-30 17:18:46] SplashScreenView.Show() returned
[2026-06-30 17:18:58] SplashScreenView.LoadingComplete
[2026-06-30 17:18:58] ShowMainWindow: show ElevationDialog first
[2026-06-30 17:19:15] ElevationDialog result: ContinueNormal
[2026-06-30 17:19:15] MainFormView.ctor begin
[2026-06-30 17:19:15] MainFormView.ctor InitializeComponent done
[2026-06-30 17:19:15] MainFormView.Loaded
[2026-06-30 17:19:15] MainFormView.PlayWindowEnterAnimation OK
[2026-06-30 17:19:15] SplashScreenView.Closed
[2026-06-30 17:19:51] ProModeView.ctor begin
[2026-06-30 17:19:52] ProModeView.ctor InitializeComponent done
[2026-06-30 17:19:52] [PRO-SWITCH] PlayWindowExitAnimationForModeSwitch begin
[2026-06-30 17:19:54] ProModeView.OnWindowLoaded begin
[2026-06-30 17:19:54] ProModeView IntegrityGuard runtime monitoring started
[2026-06-30 17:19:54] ProModeView.PlayProModeWindowEnter begin
[2026-06-30 17:19:54] ProModeView.PlayProModeWindowEnter scheduled
[2026-06-30 17:19:54] ProModeView.OnWindowLoaded end
[2026-06-30 17:29:18] OnStartup
[2026-06-30 17:29:18] Password verification skipped: IsLaunchedByExe=true
[2026-06-30 17:29:18] Password verification passed
[2026-06-30 17:29:18] AURORA_PERF_TIER=Extreme
[2026-06-30 17:29:18] AURORA_LANGUAGE=CHS
[2026-06-30 17:29:18] AURORA_IS_LAUNCHED_BY_EXE=True
[2026-06-30 17:29:18] WARNING: Required directory missing: G:\PowerShellBat\Scripts
[2026-06-30 17:29:18] WARNING: Required directory missing: G:\PowerShellBat\Scripts\Core
[2026-06-30 17:29:18] WARNING: Required directory missing: G:\PowerShellBat\Scripts\Security
[2026-06-30 17:29:18] WARNING: Required directory missing: G:\PowerShellBat\Scripts\PRO
[2026-06-30 17:29:18] WARNING: Required directory missing: G:\PowerShellBat\Scripts\Engines
[2026-06-30 17:29:18] WARNING: Required directory missing: G:\PowerShellBat\Scripts\Session
[2026-06-30 17:29:18] WARNING: Required directory missing: G:\PowerShellBat\Scripts\GUI
[2026-06-30 17:29:18] WARNING: Required directory missing: G:\PowerShellBat\Scripts\UI
[2026-06-30 17:29:18] WARNING: Required file missing: G:\PowerShellBat\Scripts\Core\AURORA-CoreEngine.ps1
[2026-06-30 17:29:18] WARNING: Required file missing: G:\PowerShellBat\Scripts\Security\AURORA-SecurityModule.ps1
[2026-06-30 17:29:18] WARNING: Required file missing: G:\PowerShellBat\Scripts\PRO\AURORA-AnalyzerPRO-Engine.ps1
[2026-06-30 17:29:18] VerifyDirectoryIntegrity: OK
[2026-06-30 17:29:18] Directory integrity check passed
[2026-06-30 17:29:19] IntegrityGuard detection: NONE
[2026-06-30 17:29:19] IntegrityGuard initialized
[2026-06-30 17:29:19] ElevationService configured
[2026-06-30 17:29:19] Creating SplashScreenView
[2026-06-30 17:29:19] SplashScreenView.ctor begin
[2026-06-30 17:29:19] SplashScreenView.ctor InitializeComponent done
[2026-06-30 17:29:19] SplashScreenView.ctor done
[2026-06-30 17:29:19] MainWindow set to SplashScreenView
[2026-06-30 17:29:20] SplashScreenView.Loaded
[2026-06-30 17:29:20] SplashScreenView.Show() returned
[2026-06-30 17:29:31] SplashScreenView.LoadingComplete
[2026-06-30 17:29:32] ShowMainWindow: show ElevationDialog first
[2026-06-30 17:29:44] ElevationDialog result: ContinueNormal
[2026-06-30 17:29:44] MainFormView.ctor begin
[2026-06-30 17:29:44] MainFormView.ctor InitializeComponent done
[2026-06-30 17:29:44] MainFormView.Loaded
[2026-06-30 17:29:44] MainFormView.PlayWindowEnterAnimation OK
[2026-06-30 17:29:44] SplashScreenView.Closed
[2026-06-30 17:30:04] ProModeView.ctor begin
[2026-06-30 17:30:04] ProModeView.ctor InitializeComponent done
[2026-06-30 17:30:04] [PRO-SWITCH] PlayWindowExitAnimationForModeSwitch begin
[2026-06-30 17:30:06] ProModeView.OnWindowLoaded begin
[2026-06-30 17:30:06] ProModeView IntegrityGuard runtime monitoring started
[2026-06-30 17:30:06] ProModeView.PlayProModeWindowEnter begin
[2026-06-30 17:30:06] ProModeView.PlayProModeWindowEnter scheduled
[2026-06-30 17:30:06] ProModeView.OnWindowLoaded end
[2026-06-30 17:35:10] PerformExitCleanup: done
[2026-06-30 17:35:10] PerformExitCleanup: done
[2026-06-30 17:35:10] OnStartup
[2026-06-30 17:35:10] Password verification skipped: IsLaunchedByExe=true
[2026-06-30 17:35:10] Password verification passed
[2026-06-30 17:35:10] AURORA_PERF_TIER=Extreme
[2026-06-30 17:35:10] AURORA_LANGUAGE=CHS
[2026-06-30 17:35:10] AURORA_IS_LAUNCHED_BY_EXE=True
[2026-06-30 17:35:10] WARNING: Required directory missing: G:\PowerShellBat\Scripts
[2026-06-30 17:35:10] WARNING: Required directory missing: G:\PowerShellBat\Scripts\Core
[2026-06-30 17:35:10] WARNING: Required directory missing: G:\PowerShellBat\Scripts\Security
[2026-06-30 17:35:10] WARNING: Required directory missing: G:\PowerShellBat\Scripts\PRO
[2026-06-30 17:35:10] WARNING: Required directory missing: G:\PowerShellBat\Scripts\Engines
[2026-06-30 17:35:10] WARNING: Required directory missing: G:\PowerShellBat\Scripts\Session
[2026-06-30 17:35:10] WARNING: Required directory missing: G:\PowerShellBat\Scripts\GUI
[2026-06-30 17:35:10] WARNING: Required directory missing: G:\PowerShellBat\Scripts\UI
[2026-06-30 17:35:10] WARNING: Required file missing: G:\PowerShellBat\Scripts\Core\AURORA-CoreEngine.ps1
[2026-06-30 17:35:10] WARNING: Required file missing: G:\PowerShellBat\Scripts\Security\AURORA-SecurityModule.ps1
[2026-06-30 17:35:10] WARNING: Required file missing: G:\PowerShellBat\Scripts\PRO\AURORA-AnalyzerPRO-Engine.ps1
[2026-06-30 17:35:10] VerifyDirectoryIntegrity: OK
[2026-06-30 17:35:10] Directory integrity check passed
[2026-06-30 17:35:10] IntegrityGuard detection: NONE
[2026-06-30 17:35:10] IntegrityGuard initialized
[2026-06-30 17:35:10] ElevationService configured
[2026-06-30 17:35:10] Creating SplashScreenView
[2026-06-30 17:35:10] SplashScreenView.ctor begin
[2026-06-30 17:35:11] SplashScreenView.ctor InitializeComponent done
[2026-06-30 17:35:11] SplashScreenView.ctor done
[2026-06-30 17:35:11] MainWindow set to SplashScreenView
[2026-06-30 17:35:11] SplashScreenView.Loaded
[2026-06-30 17:35:11] SplashScreenView.Show() returned
[2026-06-30 17:35:23] SplashScreenView.LoadingComplete
[2026-06-30 17:35:23] ShowMainWindow: skipElevation (already admin)
[2026-06-30 17:35:23] MainFormView.ctor begin
[2026-06-30 17:35:23] MainFormView.ctor InitializeComponent done
[2026-06-30 17:35:24] MainFormView.Loaded
[2026-06-30 17:35:24] MainFormView.PlayWindowEnterAnimation OK
[2026-06-30 17:35:24] SplashScreenView.Closed
[2026-06-30 17:35:32] ProModeView.ctor begin
[2026-06-30 17:35:32] ProModeView.ctor InitializeComponent done
[2026-06-30 17:35:32] [PRO-SWITCH] PlayWindowExitAnimationForModeSwitch begin
[2026-06-30 17:35:34] ProModeView.OnWindowLoaded begin
[2026-06-30 17:35:34] ProModeView IntegrityGuard runtime monitoring started
[2026-06-30 17:35:34] ProModeView.PlayProModeWindowEnter begin
[2026-06-30 17:35:34] ProModeView.PlayProModeWindowEnter scheduled
[2026-06-30 17:35:34] ProModeView.OnWindowLoaded end
[2026-06-30 17:36:17] PerformExitCleanup: done
[2026-06-30 17:36:17] PerformExitCleanup: done
[2026-06-30 17:48:31] OnStartup
[2026-06-30 17:48:31] Password verification skipped: IsLaunchedByExe=true
[2026-06-30 17:48:31] Password verification passed
[2026-06-30 17:48:32] AURORA_PERF_TIER=Extreme
[2026-06-30 17:48:32] AURORA_LANGUAGE=CHS
[2026-06-30 17:48:32] AURORA_IS_LAUNCHED_BY_EXE=True
[2026-06-30 17:48:32] WARNING: Required directory missing: G:\PowerShellBat\Scripts
[2026-06-30 17:48:32] WARNING: Required directory missing: G:\PowerShellBat\Scripts\Core
[2026-06-30 17:48:32] WARNING: Required directory missing: G:\PowerShellBat\Scripts\Security
[2026-06-30 17:48:32] WARNING: Required directory missing: G:\PowerShellBat\Scripts\PRO
[2026-06-30 17:48:32] WARNING: Required directory missing: G:\PowerShellBat\Scripts\Engines
[2026-06-30 17:48:32] WARNING: Required directory missing: G:\PowerShellBat\Scripts\Session
[2026-06-30 17:48:32] WARNING: Required directory missing: G:\PowerShellBat\Scripts\GUI
[2026-06-30 17:48:32] WARNING: Required directory missing: G:\PowerShellBat\Scripts\UI
[2026-06-30 17:48:32] WARNING: Required file missing: G:\PowerShellBat\Scripts\Core\AURORA-CoreEngine.ps1
[2026-06-30 17:48:32] WARNING: Required file missing: G:\PowerShellBat\Scripts\Security\AURORA-SecurityModule.ps1
[2026-06-30 17:48:32] WARNING: Required file missing: G:\PowerShellBat\Scripts\PRO\AURORA-AnalyzerPRO-Engine.ps1
[2026-06-30 17:48:32] VerifyDirectoryIntegrity: OK
[2026-06-30 17:48:32] Directory integrity check passed
[2026-06-30 17:48:32] IntegrityGuard detection: NONE
[2026-06-30 17:48:32] IntegrityGuard initialized
[2026-06-30 17:48:32] ElevationService configured
[2026-06-30 17:48:32] Creating SplashScreenView
[2026-06-30 17:48:32] SplashScreenView.ctor begin
[2026-06-30 17:48:32] SplashScreenView.ctor InitializeComponent done
[2026-06-30 17:48:32] SplashScreenView.ctor done
[2026-06-30 17:48:32] MainWindow set to SplashScreenView
[2026-06-30 17:48:33] SplashScreenView.Loaded
[2026-06-30 17:48:33] SplashScreenView.Show() returned
[2026-06-30 17:48:44] SplashScreenView.LoadingComplete
[2026-06-30 17:48:45] ShowMainWindow: show ElevationDialog first
[2026-06-30 17:49:08] ElevationDialog result: ContinueNormal
[2026-06-30 17:49:08] MainFormView.ctor begin
[2026-06-30 17:49:08] MainFormView.ctor InitializeComponent done
[2026-06-30 17:49:08] MainFormView.Loaded
[2026-06-30 17:49:08] MainFormView.PlayWindowEnterAnimation OK
[2026-06-30 17:49:08] SplashScreenView.Closed
[2026-06-30 17:49:16] ProModeView.ctor begin
[2026-06-30 17:49:16] ProModeView.ctor InitializeComponent done
[2026-06-30 17:49:16] [PRO-SWITCH] PlayWindowExitAnimationForModeSwitch begin
[2026-06-30 17:49:18] ProModeView.OnWindowLoaded begin
[2026-06-30 17:49:18] ProModeView IntegrityGuard runtime monitoring started
[2026-06-30 17:49:18] ProModeView.PlayProModeWindowEnter begin
[2026-06-30 17:49:18] ProModeView.PlayProModeWindowEnter scheduled
[2026-06-30 17:49:18] ProModeView.OnWindowLoaded end
[2026-06-30 17:51:51] PerformExitCleanup: done
[2026-06-30 17:51:51] PerformExitCleanup: done
[2026-06-30 22:16:25] OnStartup
[2026-06-30 22:16:25] Password verification skipped: IsLaunchedByExe=true
[2026-06-30 22:16:25] Password verification passed
[2026-06-30 22:16:25] AURORA_PERF_TIER=Extreme
[2026-06-30 22:16:25] AURORA_LANGUAGE=CHS
[2026-06-30 22:16:25] AURORA_IS_LAUNCHED_BY_EXE=True
[2026-06-30 22:16:25] WARNING: Required directory missing: E:\PowerShellBat\Scripts
[2026-06-30 22:16:25] WARNING: Required directory missing: E:\PowerShellBat\Scripts\Core
[2026-06-30 22:16:25] WARNING: Required directory missing: E:\PowerShellBat\Scripts\Security
[2026-06-30 22:16:25] WARNING: Required directory missing: E:\PowerShellBat\Scripts\PRO
[2026-06-30 22:16:25] WARNING: Required directory missing: E:\PowerShellBat\Scripts\Engines
[2026-06-30 22:16:25] WARNING: Required directory missing: E:\PowerShellBat\Scripts\Session
[2026-06-30 22:16:25] WARNING: Required directory missing: E:\PowerShellBat\Scripts\GUI
[2026-06-30 22:16:25] WARNING: Required directory missing: E:\PowerShellBat\Scripts\UI
[2026-06-30 22:16:25] WARNING: Required file missing: E:\PowerShellBat\Scripts\Core\AURORA-CoreEngine.ps1
[2026-06-30 22:16:25] WARNING: Required file missing: E:\PowerShellBat\Scripts\Security\AURORA-SecurityModule.ps1
[2026-06-30 22:16:25] WARNING: Required file missing: E:\PowerShellBat\Scripts\PRO\AURORA-AnalyzerPRO-Engine.ps1
[2026-06-30 22:16:25] VerifyDirectoryIntegrity: OK
[2026-06-30 22:16:25] Directory integrity check passed
[2026-06-30 22:16:25] IntegrityGuard detection: NONE
[2026-06-30 22:16:25] IntegrityGuard initialized
[2026-06-30 22:16:25] ElevationService configured
[2026-06-30 22:16:25] Creating SplashScreenView
[2026-06-30 22:16:25] SplashScreenView.ctor begin
[2026-06-30 22:16:25] SplashScreenView.ctor InitializeComponent done
[2026-06-30 22:16:25] SplashScreenView.ctor done
[2026-06-30 22:16:25] MainWindow set to SplashScreenView
[2026-06-30 22:16:26] SplashScreenView.Loaded
[2026-06-30 22:16:26] SplashScreenView.Show() returned
[2026-06-30 22:16:38] SplashScreenView.LoadingComplete
[2026-06-30 22:16:38] ShowMainWindow: show ElevationDialog first
[2026-06-30 22:17:40] ElevationDialog result: ContinueNormal
[2026-06-30 22:17:40] MainFormView.ctor begin
[2026-06-30 22:17:40] MainFormView.ctor InitializeComponent done
[2026-06-30 22:17:40] MainFormView.Loaded
[2026-06-30 22:17:40] MainFormView.PlayWindowEnterAnimation OK
[2026-06-30 22:17:40] SplashScreenView.Closed
[2026-06-30 22:17:56] ProModeView.ctor begin
[2026-06-30 22:17:56] ProModeView.ctor InitializeComponent done
[2026-06-30 22:17:56] [PRO-SWITCH] PlayWindowExitAnimationForModeSwitch begin
[2026-06-30 22:17:58] ProModeView.OnWindowLoaded begin
[2026-06-30 22:17:58] ProModeView IntegrityGuard runtime monitoring started
[2026-06-30 22:17:58] ProModeView.PlayProModeWindowEnter begin
[2026-06-30 22:17:58] ProModeView.PlayProModeWindowEnter scheduled
[2026-06-30 22:17:58] ProModeView.OnWindowLoaded end
[2026-06-30 22:18:49] PerformExitCleanup: done
[2026-06-30 22:18:49] PerformExitCleanup: done
[2026-06-30 22:33:05] OnStartup
[2026-06-30 22:33:05] Password verification skipped: IsLaunchedByExe=true
[2026-06-30 22:33:05] Password verification passed
[2026-06-30 22:33:05] AURORA_PERF_TIER=Extreme
[2026-06-30 22:33:05] AURORA_LANGUAGE=CHS
[2026-06-30 22:33:05] AURORA_IS_LAUNCHED_BY_EXE=True
[2026-06-30 22:33:05] WARNING: Required directory missing: E:\PowerShellBat\Scripts
[2026-06-30 22:33:05] WARNING: Required directory missing: E:\PowerShellBat\Scripts\Core
[2026-06-30 22:33:05] WARNING: Required directory missing: E:\PowerShellBat\Scripts\Security
[2026-06-30 22:33:05] WARNING: Required directory missing: E:\PowerShellBat\Scripts\PRO
[2026-06-30 22:33:05] WARNING: Required directory missing: E:\PowerShellBat\Scripts\Engines
[2026-06-30 22:33:05] WARNING: Required directory missing: E:\PowerShellBat\Scripts\Session
[2026-06-30 22:33:05] WARNING: Required directory missing: E:\PowerShellBat\Scripts\GUI
[2026-06-30 22:33:05] WARNING: Required directory missing: E:\PowerShellBat\Scripts\UI
[2026-06-30 22:33:05] WARNING: Required file missing: E:\PowerShellBat\Scripts\Core\AURORA-CoreEngine.ps1
[2026-06-30 22:33:05] WARNING: Required file missing: E:\PowerShellBat\Scripts\Security\AURORA-SecurityModule.ps1
[2026-06-30 22:33:05] WARNING: Required file missing: E:\PowerShellBat\Scripts\PRO\AURORA-AnalyzerPRO-Engine.ps1
[2026-06-30 22:33:05] VerifyDirectoryIntegrity: OK
[2026-06-30 22:33:05] Directory integrity check passed
[2026-06-30 22:33:05] IntegrityGuard detection: NONE
[2026-06-30 22:33:05] IntegrityGuard initialized
[2026-06-30 22:33:05] ElevationService configured
[2026-06-30 22:33:06] Creating SplashScreenView
[2026-06-30 22:33:06] SplashScreenView.ctor begin
[2026-06-30 22:33:06] SplashScreenView.ctor InitializeComponent done
[2026-06-30 22:33:06] SplashScreenView.ctor done
[2026-06-30 22:33:06] MainWindow set to SplashScreenView
[2026-06-30 22:33:07] SplashScreenView.Loaded
[2026-06-30 22:33:07] SplashScreenView.Show() returned
[2026-06-30 22:33:18] SplashScreenView.LoadingComplete
[2026-06-30 22:33:19] ShowMainWindow: show ElevationDialog first
[2026-06-30 22:33:36] ElevationDialog result: Elevate
[2026-06-30 22:33:37] SplashScreenView.Closed
[2026-06-30 22:33:37] PerformExitCleanup: done
[2026-06-30 22:33:37] PerformExitCleanup: done
[2026-06-30 22:33:37] OnStartup
[2026-06-30 22:33:37] Password verification skipped: IsLaunchedByExe=true
[2026-06-30 22:33:37] Password verification passed
[2026-06-30 22:33:37] AURORA_PERF_TIER=Extreme
[2026-06-30 22:33:37] AURORA_LANGUAGE=CHS
[2026-06-30 22:33:37] AURORA_IS_LAUNCHED_BY_EXE=True
[2026-06-30 22:33:37] WARNING: Required directory missing: E:\PowerShellBat\Scripts
[2026-06-30 22:33:37] WARNING: Required directory missing: E:\PowerShellBat\Scripts\Core
[2026-06-30 22:33:37] WARNING: Required directory missing: E:\PowerShellBat\Scripts\Security
[2026-06-30 22:33:37] WARNING: Required directory missing: E:\PowerShellBat\Scripts\PRO
[2026-06-30 22:33:37] WARNING: Required directory missing: E:\PowerShellBat\Scripts\Engines
[2026-06-30 22:33:37] WARNING: Required directory missing: E:\PowerShellBat\Scripts\Session
[2026-06-30 22:33:37] WARNING: Required directory missing: E:\PowerShellBat\Scripts\GUI
[2026-06-30 22:33:37] WARNING: Required directory missing: E:\PowerShellBat\Scripts\UI
[2026-06-30 22:33:37] WARNING: Required file missing: E:\PowerShellBat\Scripts\Core\AURORA-CoreEngine.ps1
[2026-06-30 22:33:37] WARNING: Required file missing: E:\PowerShellBat\Scripts\Security\AURORA-SecurityModule.ps1
[2026-06-30 22:33:37] WARNING: Required file missing: E:\PowerShellBat\Scripts\PRO\AURORA-AnalyzerPRO-Engine.ps1
[2026-06-30 22:33:37] VerifyDirectoryIntegrity: OK
[2026-06-30 22:33:37] Directory integrity check passed
[2026-06-30 22:33:37] IntegrityGuard detection: NONE
[2026-06-30 22:33:37] IntegrityGuard initialized
[2026-06-30 22:33:37] ElevationService configured
[2026-06-30 22:33:37] Creating SplashScreenView
[2026-06-30 22:33:37] SplashScreenView.ctor begin
[2026-06-30 22:33:37] SplashScreenView.ctor InitializeComponent done
[2026-06-30 22:33:37] SplashScreenView.ctor done
[2026-06-30 22:33:37] MainWindow set to SplashScreenView
[2026-06-30 22:33:38] SplashScreenView.Loaded
[2026-06-30 22:33:38] SplashScreenView.Show() returned
[2026-06-30 22:33:49] SplashScreenView.LoadingComplete
[2026-06-30 22:33:50] ShowMainWindow: skipElevation (already admin)
[2026-06-30 22:33:50] MainFormView.ctor begin
[2026-06-30 22:33:50] MainFormView.ctor InitializeComponent done
[2026-06-30 22:33:50] MainFormView.Loaded
[2026-06-30 22:33:50] MainFormView.PlayWindowEnterAnimation OK
[2026-06-30 22:33:50] SplashScreenView.Closed
[2026-06-30 22:34:00] PerformExitCleanup: done
[2026-06-30 22:34:00] PerformExitCleanup: done
[2026-06-30 22:50:36] OnStartup
[2026-06-30 22:50:36] Password verification skipped: IsLaunchedByExe=true
[2026-06-30 22:50:36] Password verification passed
[2026-06-30 22:50:36] AURORA_PERF_TIER=Extreme
[2026-06-30 22:50:36] AURORA_LANGUAGE=CHS
[2026-06-30 22:50:36] AURORA_IS_LAUNCHED_BY_EXE=True
[2026-06-30 22:50:36] WARNING: Required directory missing: E:\PowerShellBat\Scripts
[2026-06-30 22:50:36] WARNING: Required directory missing: E:\PowerShellBat\Scripts\Core
[2026-06-30 22:50:36] WARNING: Required directory missing: E:\PowerShellBat\Scripts\Security
[2026-06-30 22:50:36] WARNING: Required directory missing: E:\PowerShellBat\Scripts\PRO
[2026-06-30 22:50:36] WARNING: Required directory missing: E:\PowerShellBat\Scripts\Engines
[2026-06-30 22:50:36] WARNING: Required directory missing: E:\PowerShellBat\Scripts\Session
[2026-06-30 22:50:36] WARNING: Required directory missing: E:\PowerShellBat\Scripts\GUI
[2026-06-30 22:50:36] WARNING: Required directory missing: E:\PowerShellBat\Scripts\UI
[2026-06-30 22:50:36] WARNING: Required file missing: E:\PowerShellBat\Scripts\Core\AURORA-CoreEngine.ps1
[2026-06-30 22:50:36] WARNING: Required file missing: E:\PowerShellBat\Scripts\Security\AURORA-SecurityModule.ps1
[2026-06-30 22:50:36] WARNING: Required file missing: E:\PowerShellBat\Scripts\PRO\AURORA-AnalyzerPRO-Engine.ps1
[2026-06-30 22:50:36] VerifyDirectoryIntegrity: OK
[2026-06-30 22:50:36] Directory integrity check passed
[2026-06-30 22:50:36] IntegrityGuard detection: NONE
[2026-06-30 22:50:36] IntegrityGuard initialized
[2026-06-30 22:50:36] ElevationService configured
[2026-06-30 22:50:37] Creating SplashScreenView
[2026-06-30 22:50:37] SplashScreenView.ctor begin
[2026-06-30 22:50:37] SplashScreenView.ctor InitializeComponent done
[2026-06-30 22:50:37] SplashScreenView.ctor done
[2026-06-30 22:50:37] MainWindow set to SplashScreenView
[2026-06-30 22:50:37] SplashScreenView.Loaded
[2026-06-30 22:50:37] SplashScreenView.Show() returned
[2026-06-30 22:50:49] SplashScreenView.LoadingComplete
[2026-06-30 22:50:50] ShowMainWindow: show ElevationDialog first
[2026-06-30 22:51:07] ElevationDialog result: ContinueNormal
[2026-06-30 22:51:07] MainFormView.ctor begin
[2026-06-30 22:51:07] MainFormView.ctor InitializeComponent done
[2026-06-30 22:51:07] MainFormView.Loaded
[2026-06-30 22:51:07] MainFormView.PlayWindowEnterAnimation OK
[2026-06-30 22:51:07] SplashScreenView.Closed
[2026-06-30 22:51:20] ProModeView.ctor begin
[2026-06-30 22:51:20] ProModeView.ctor InitializeComponent done
[2026-06-30 22:51:20] [PRO-SWITCH] PlayWindowExitAnimationForModeSwitch begin
[2026-06-30 22:51:22] ProModeView.OnWindowLoaded begin
[2026-06-30 22:51:22] ProModeView IntegrityGuard runtime monitoring started
[2026-06-30 22:51:22] ProModeView.PlayProModeWindowEnter begin
[2026-06-30 22:51:22] ProModeView.PlayProModeWindowEnter scheduled
[2026-06-30 22:51:22] ProModeView.OnWindowLoaded end
[2026-06-30 22:55:25] PerformExitCleanup: done
[2026-06-30 22:55:25] PerformExitCleanup: done
[2026-06-30 23:33:53] OnStartup
[2026-06-30 23:33:53] Password verification skipped: IsLaunchedByExe=true
[2026-06-30 23:33:53] Password verification passed
[2026-06-30 23:33:53] AURORA_PERF_TIER=Extreme
[2026-06-30 23:33:53] AURORA_LANGUAGE=CHS
[2026-06-30 23:33:53] AURORA_IS_LAUNCHED_BY_EXE=True
[2026-06-30 23:33:53] WARNING: Required directory missing: E:\PowerShellBat\Scripts
[2026-06-30 23:33:53] WARNING: Required directory missing: E:\PowerShellBat\Scripts\Core
[2026-06-30 23:33:53] WARNING: Required directory missing: E:\PowerShellBat\Scripts\Security
[2026-06-30 23:33:53] WARNING: Required directory missing: E:\PowerShellBat\Scripts\PRO
[2026-06-30 23:33:53] WARNING: Required directory missing: E:\PowerShellBat\Scripts\Engines
[2026-06-30 23:33:53] WARNING: Required directory missing: E:\PowerShellBat\Scripts\Session
[2026-06-30 23:33:53] WARNING: Required directory missing: E:\PowerShellBat\Scripts\GUI
[2026-06-30 23:33:53] WARNING: Required directory missing: E:\PowerShellBat\Scripts\UI
[2026-06-30 23:33:53] WARNING: Required file missing: E:\PowerShellBat\Scripts\Core\AURORA-CoreEngine.ps1
[2026-06-30 23:33:53] WARNING: Required file missing: E:\PowerShellBat\Scripts\Security\AURORA-SecurityModule.ps1
[2026-06-30 23:33:53] WARNING: Required file missing: E:\PowerShellBat\Scripts\PRO\AURORA-AnalyzerPRO-Engine.ps1
[2026-06-30 23:33:53] VerifyDirectoryIntegrity: OK
[2026-06-30 23:33:53] Directory integrity check passed
[2026-06-30 23:33:53] IntegrityGuard detection: NONE
[2026-06-30 23:33:53] IntegrityGuard initialized
[2026-06-30 23:33:53] ElevationService configured
[2026-06-30 23:33:53] Creating SplashScreenView
[2026-06-30 23:33:53] SplashScreenView.ctor begin
[2026-06-30 23:33:54] SplashScreenView.ctor InitializeComponent done
[2026-06-30 23:33:54] SplashScreenView.ctor done
[2026-06-30 23:33:54] MainWindow set to SplashScreenView
[2026-06-30 23:33:55] SplashScreenView.Loaded
[2026-06-30 23:33:55] SplashScreenView.Show() returned
[2026-06-30 23:34:06] SplashScreenView.LoadingComplete
[2026-06-30 23:34:07] ShowMainWindow: show ElevationDialog first
[2026-06-30 23:34:17] ElevationDialog result: ContinueNormal
[2026-06-30 23:34:17] MainFormView.ctor begin
[2026-06-30 23:34:17] MainFormView.ctor InitializeComponent done
[2026-06-30 23:34:18] MainFormView.Loaded
[2026-06-30 23:34:18] MainFormView.PlayWindowEnterAnimation OK
[2026-06-30 23:34:18] SplashScreenView.Closed
[2026-06-30 23:34:54] PerformExitCleanup: done
[2026-06-30 23:34:54] PerformExitCleanup: done
[2026-07-01 09:09:16] OnStartup
[2026-07-01 09:09:16] Password verification skipped: IsLaunchedByExe=true
[2026-07-01 09:09:16] Password verification passed
[2026-07-01 09:09:16] AURORA_PERF_TIER=Extreme
[2026-07-01 09:09:16] AURORA_LANGUAGE=CHS
[2026-07-01 09:09:16] AURORA_IS_LAUNCHED_BY_EXE=True
[2026-07-01 09:09:16] WARNING: Required directory missing: G:\PowerShellBat\Scripts
[2026-07-01 09:09:16] WARNING: Required directory missing: G:\PowerShellBat\Scripts\Core
[2026-07-01 09:09:16] WARNING: Required directory missing: G:\PowerShellBat\Scripts\Security
[2026-07-01 09:09:16] WARNING: Required directory missing: G:\PowerShellBat\Scripts\PRO
[2026-07-01 09:09:16] WARNING: Required directory missing: G:\PowerShellBat\Scripts\Engines
[2026-07-01 09:09:16] WARNING: Required directory missing: G:\PowerShellBat\Scripts\Session
[2026-07-01 09:09:16] WARNING: Required directory missing: G:\PowerShellBat\Scripts\GUI
[2026-07-01 09:09:16] WARNING: Required directory missing: G:\PowerShellBat\Scripts\UI
[2026-07-01 09:09:16] WARNING: Required file missing: G:\PowerShellBat\Scripts\Core\AURORA-CoreEngine.ps1
[2026-07-01 09:09:16] WARNING: Required file missing: G:\PowerShellBat\Scripts\Security\AURORA-SecurityModule.ps1
[2026-07-01 09:09:16] WARNING: Required file missing: G:\PowerShellBat\Scripts\PRO\AURORA-AnalyzerPRO-Engine.ps1
[2026-07-01 09:09:16] VerifyDirectoryIntegrity: OK
[2026-07-01 09:09:16] Directory integrity check passed
[2026-07-01 09:09:16] IntegrityGuard detection: NONE
[2026-07-01 09:09:16] IntegrityGuard initialized
[2026-07-01 09:09:16] ElevationService configured
[2026-07-01 09:09:17] Creating SplashScreenView
[2026-07-01 09:09:17] SplashScreenView.ctor begin
[2026-07-01 09:09:17] SplashScreenView.ctor InitializeComponent done
[2026-07-01 09:09:17] SplashScreenView.ctor done
[2026-07-01 09:09:17] MainWindow set to SplashScreenView
[2026-07-01 09:09:18] SplashScreenView.Loaded
[2026-07-01 09:09:18] SplashScreenView.Show() returned
[2026-07-01 09:09:30] SplashScreenView.LoadingComplete
[2026-07-01 09:09:30] ShowMainWindow: show ElevationDialog first
[2026-07-01 09:10:10] ElevationDialog result: ContinueNormal
[2026-07-01 09:10:10] MainFormView.ctor begin
[2026-07-01 09:10:10] MainFormView.ctor InitializeComponent done
[2026-07-01 09:10:11] MainFormView.Loaded
[2026-07-01 09:10:11] MainFormView.PlayWindowEnterAnimation OK
[2026-07-01 09:10:11] SplashScreenView.Closed
[2026-07-01 09:10:39] ProModeView.ctor begin
[2026-07-01 09:10:39] ProModeView.ctor InitializeComponent done
[2026-07-01 09:10:39] [PRO-SWITCH] PlayWindowExitAnimationForModeSwitch begin
[2026-07-01 09:10:41] ProModeView.OnWindowLoaded begin
[2026-07-01 09:10:41] ProModeView IntegrityGuard runtime monitoring started
[2026-07-01 09:10:41] ProModeView.PlayProModeWindowEnter begin
[2026-07-01 09:10:41] ProModeView.PlayProModeWindowEnter scheduled
[2026-07-01 09:10:41] ProModeView.OnWindowLoaded end
[2026-07-01 09:10:57] PerformExitCleanup: done
[2026-07-01 09:10:57] PerformExitCleanup: done
[2026-07-01 09:57:08] OnStartup
[2026-07-01 09:57:09] Password verification skipped: IsLaunchedByExe=true
[2026-07-01 09:57:09] Password verification passed
[2026-07-01 09:57:09] AURORA_PERF_TIER=Extreme
[2026-07-01 09:57:09] AURORA_LANGUAGE=CHS
[2026-07-01 09:57:09] AURORA_IS_LAUNCHED_BY_EXE=True
[2026-07-01 09:57:09] WARNING: Required directory missing: G:\PowerShellBat\Scripts
[2026-07-01 09:57:09] WARNING: Required directory missing: G:\PowerShellBat\Scripts\Core
[2026-07-01 09:57:09] WARNING: Required directory missing: G:\PowerShellBat\Scripts\Security
[2026-07-01 09:57:09] WARNING: Required directory missing: G:\PowerShellBat\Scripts\PRO
[2026-07-01 09:57:09] WARNING: Required directory missing: G:\PowerShellBat\Scripts\Engines
[2026-07-01 09:57:09] WARNING: Required directory missing: G:\PowerShellBat\Scripts\Session
[2026-07-01 09:57:09] WARNING: Required directory missing: G:\PowerShellBat\Scripts\GUI
[2026-07-01 09:57:09] WARNING: Required directory missing: G:\PowerShellBat\Scripts\UI
[2026-07-01 09:57:09] WARNING: Required file missing: G:\PowerShellBat\Scripts\Core\AURORA-CoreEngine.ps1
[2026-07-01 09:57:09] WARNING: Required file missing: G:\PowerShellBat\Scripts\Security\AURORA-SecurityModule.ps1
[2026-07-01 09:57:09] WARNING: Required file missing: G:\PowerShellBat\Scripts\PRO\AURORA-AnalyzerPRO-Engine.ps1
[2026-07-01 09:57:09] VerifyDirectoryIntegrity: OK
[2026-07-01 09:57:09] Directory integrity check passed
[2026-07-01 09:57:09] IntegrityGuard detection: NONE
[2026-07-01 09:57:09] IntegrityGuard initialized
[2026-07-01 09:57:09] ElevationService configured
[2026-07-01 09:57:09] Creating SplashScreenView
[2026-07-01 09:57:09] SplashScreenView.ctor begin
[2026-07-01 09:57:09] SplashScreenView.ctor InitializeComponent done
[2026-07-01 09:57:09] SplashScreenView.ctor done
[2026-07-01 09:57:09] MainWindow set to SplashScreenView
[2026-07-01 09:57:10] SplashScreenView.Loaded
[2026-07-01 09:57:10] SplashScreenView.Show() returned
[2026-07-01 09:57:21] SplashScreenView.LoadingComplete
[2026-07-01 09:57:22] ShowMainWindow: show ElevationDialog first
[2026-07-01 09:57:37] ElevationDialog result: ContinueNormal
[2026-07-01 09:57:37] MainFormView.ctor begin
[2026-07-01 09:57:37] MainFormView.ctor InitializeComponent done
[2026-07-01 09:57:37] MainFormView.Loaded
[2026-07-01 09:57:37] MainFormView.PlayWindowEnterAnimation OK
[2026-07-01 09:57:37] SplashScreenView.Closed
[2026-07-01 09:58:35] ProModeView.ctor begin
[2026-07-01 09:58:35] ProModeView.ctor InitializeComponent done
[2026-07-01 09:58:35] [PRO-SWITCH] PlayWindowExitAnimationForModeSwitch begin
[2026-07-01 09:58:37] ProModeView.OnWindowLoaded begin
[2026-07-01 09:58:37] ProModeView IntegrityGuard runtime monitoring started
[2026-07-01 09:58:37] ProModeView.PlayProModeWindowEnter begin
[2026-07-01 09:58:37] ProModeView.PlayProModeWindowEnter scheduled
[2026-07-01 09:58:37] ProModeView.OnWindowLoaded end
[2026-07-01 09:59:19] PerformExitCleanup: done
[2026-07-01 09:59:19] PerformExitCleanup: done
[2026-07-01 10:15:00] OnStartup
[2026-07-01 10:15:00] Password verification skipped: IsLaunchedByExe=true
[2026-07-01 10:15:00] Password verification passed
[2026-07-01 10:15:01] AURORA_PERF_TIER=Extreme
[2026-07-01 10:15:01] AURORA_LANGUAGE=CHS
[2026-07-01 10:15:01] AURORA_IS_LAUNCHED_BY_EXE=True
[2026-07-01 10:15:01] WARNING: Required directory missing: G:\PowerShellBat\Scripts
[2026-07-01 10:15:01] WARNING: Required directory missing: G:\PowerShellBat\Scripts\Core
[2026-07-01 10:15:01] WARNING: Required directory missing: G:\PowerShellBat\Scripts\Security
[2026-07-01 10:15:01] WARNING: Required directory missing: G:\PowerShellBat\Scripts\PRO
[2026-07-01 10:15:01] WARNING: Required directory missing: G:\PowerShellBat\Scripts\Engines
[2026-07-01 10:15:01] WARNING: Required directory missing: G:\PowerShellBat\Scripts\Session
[2026-07-01 10:15:01] WARNING: Required directory missing: G:\PowerShellBat\Scripts\GUI
[2026-07-01 10:15:01] WARNING: Required directory missing: G:\PowerShellBat\Scripts\UI
[2026-07-01 10:15:01] WARNING: Required file missing: G:\PowerShellBat\Scripts\Core\AURORA-CoreEngine.ps1
[2026-07-01 10:15:01] WARNING: Required file missing: G:\PowerShellBat\Scripts\Security\AURORA-SecurityModule.ps1
[2026-07-01 10:15:01] WARNING: Required file missing: G:\PowerShellBat\Scripts\PRO\AURORA-AnalyzerPRO-Engine.ps1
[2026-07-01 10:15:01] VerifyDirectoryIntegrity: OK
[2026-07-01 10:15:01] Directory integrity check passed
[2026-07-01 10:15:01] IntegrityGuard detection: NONE
[2026-07-01 10:15:01] IntegrityGuard initialized
[2026-07-01 10:15:01] ElevationService configured
[2026-07-01 10:15:01] Creating SplashScreenView
[2026-07-01 10:15:01] SplashScreenView.ctor begin
[2026-07-01 10:15:01] SplashScreenView.ctor InitializeComponent done
[2026-07-01 10:15:01] SplashScreenView.ctor done
[2026-07-01 10:15:01] MainWindow set to SplashScreenView
[2026-07-01 10:15:02] SplashScreenView.Loaded
[2026-07-01 10:15:02] SplashScreenView.Show() returned
[2026-07-01 10:15:13] SplashScreenView.LoadingComplete
[2026-07-01 10:15:14] ShowMainWindow: show ElevationDialog first
[2026-07-01 10:15:27] ElevationDialog result: ContinueNormal
[2026-07-01 10:15:27] MainFormView.ctor begin
[2026-07-01 10:15:27] MainFormView.ctor InitializeComponent done
[2026-07-01 10:15:28] MainFormView.Loaded
[2026-07-01 10:15:28] MainFormView.PlayWindowEnterAnimation OK
[2026-07-01 10:15:28] SplashScreenView.Closed
[2026-07-01 10:15:45] PerformExitCleanup: done
[2026-07-01 10:15:45] PerformExitCleanup: done
[2026-07-01 10:45:38] OnStartup
[2026-07-01 10:45:38] Password verification skipped: IsLaunchedByExe=true
[2026-07-01 10:45:38] Password verification passed
[2026-07-01 10:45:38] AURORA_PERF_TIER=Extreme
[2026-07-01 10:45:38] AURORA_LANGUAGE=CHS
[2026-07-01 10:45:38] AURORA_IS_LAUNCHED_BY_EXE=True
[2026-07-01 10:45:38] WARNING: Required directory missing: G:\PowerShellBat\Scripts
[2026-07-01 10:45:38] WARNING: Required directory missing: G:\PowerShellBat\Scripts\Core
[2026-07-01 10:45:38] WARNING: Required directory missing: G:\PowerShellBat\Scripts\Security
[2026-07-01 10:45:38] WARNING: Required directory missing: G:\PowerShellBat\Scripts\PRO
[2026-07-01 10:45:38] WARNING: Required directory missing: G:\PowerShellBat\Scripts\Engines
[2026-07-01 10:45:38] WARNING: Required directory missing: G:\PowerShellBat\Scripts\Session
[2026-07-01 10:45:38] WARNING: Required directory missing: G:\PowerShellBat\Scripts\GUI
[2026-07-01 10:45:38] WARNING: Required directory missing: G:\PowerShellBat\Scripts\UI
[2026-07-01 10:45:38] WARNING: Required file missing: G:\PowerShellBat\Scripts\Core\AURORA-CoreEngine.ps1
[2026-07-01 10:45:38] WARNING: Required file missing: G:\PowerShellBat\Scripts\Security\AURORA-SecurityModule.ps1
[2026-07-01 10:45:38] WARNING: Required file missing: G:\PowerShellBat\Scripts\PRO\AURORA-AnalyzerPRO-Engine.ps1
[2026-07-01 10:45:38] VerifyDirectoryIntegrity: OK
[2026-07-01 10:45:38] Directory integrity check passed
[2026-07-01 10:45:38] IntegrityGuard detection: NONE
[2026-07-01 10:45:38] IntegrityGuard initialized
[2026-07-01 10:45:38] ElevationService configured
[2026-07-01 10:45:39] Creating SplashScreenView
[2026-07-01 10:45:39] SplashScreenView.ctor begin
[2026-07-01 10:45:39] SplashScreenView.ctor InitializeComponent done
[2026-07-01 10:45:39] SplashScreenView.ctor done
[2026-07-01 10:45:39] MainWindow set to SplashScreenView
[2026-07-01 10:45:39] SplashScreenView.Loaded
[2026-07-01 10:45:39] SplashScreenView.Show() returned
[2026-07-01 10:45:51] SplashScreenView.LoadingComplete
[2026-07-01 10:45:51] ShowMainWindow: show ElevationDialog first
[2026-07-01 10:46:16] ElevationDialog result: ContinueNormal
[2026-07-01 10:46:16] MainFormView.ctor begin
[2026-07-01 10:46:16] MainFormView.ctor InitializeComponent done
[2026-07-01 10:46:16] MainFormView.Loaded
[2026-07-01 10:46:16] MainFormView.PlayWindowEnterAnimation OK
[2026-07-01 10:46:16] SplashScreenView.Closed
[2026-07-01 10:46:46] ProModeView.ctor begin
[2026-07-01 10:46:46] ProModeView.ctor InitializeComponent done
[2026-07-01 10:46:46] [PRO-SWITCH] PlayWindowExitAnimationForModeSwitch begin
[2026-07-01 10:46:48] ProModeView.OnWindowLoaded begin
[2026-07-01 10:46:48] ProModeView IntegrityGuard runtime monitoring started
[2026-07-01 10:46:48] ProModeView.PlayProModeWindowEnter begin
[2026-07-01 10:46:48] ProModeView.PlayProModeWindowEnter scheduled
[2026-07-01 10:46:48] ProModeView.OnWindowLoaded end
[2026-07-01 10:50:22] PerformExitCleanup: done
[2026-07-01 10:50:23] PerformExitCleanup: done
[2026-07-01 10:51:00] OnStartup
[2026-07-01 10:51:00] Password verification skipped: IsLaunchedByExe=true
[2026-07-01 10:51:00] Password verification passed
[2026-07-01 10:51:01] AURORA_PERF_TIER=Extreme
[2026-07-01 10:51:01] AURORA_LANGUAGE=CHS
[2026-07-01 10:51:01] AURORA_IS_LAUNCHED_BY_EXE=True
[2026-07-01 10:51:01] WARNING: Required directory missing: G:\PowerShellBat\Scripts
[2026-07-01 10:51:01] WARNING: Required directory missing: G:\PowerShellBat\Scripts\Core
[2026-07-01 10:51:01] WARNING: Required directory missing: G:\PowerShellBat\Scripts\Security
[2026-07-01 10:51:01] WARNING: Required directory missing: G:\PowerShellBat\Scripts\PRO
[2026-07-01 10:51:01] WARNING: Required directory missing: G:\PowerShellBat\Scripts\Engines
[2026-07-01 10:51:01] WARNING: Required directory missing: G:\PowerShellBat\Scripts\Session
[2026-07-01 10:51:01] WARNING: Required directory missing: G:\PowerShellBat\Scripts\GUI
[2026-07-01 10:51:01] WARNING: Required directory missing: G:\PowerShellBat\Scripts\UI
[2026-07-01 10:51:01] WARNING: Required file missing: G:\PowerShellBat\Scripts\Core\AURORA-CoreEngine.ps1
[2026-07-01 10:51:01] WARNING: Required file missing: G:\PowerShellBat\Scripts\Security\AURORA-SecurityModule.ps1
[2026-07-01 10:51:01] WARNING: Required file missing: G:\PowerShellBat\Scripts\PRO\AURORA-AnalyzerPRO-Engine.ps1
[2026-07-01 10:51:01] VerifyDirectoryIntegrity: OK
[2026-07-01 10:51:01] Directory integrity check passed
[2026-07-01 10:51:01] IntegrityGuard detection: NONE
[2026-07-01 10:51:01] IntegrityGuard initialized
[2026-07-01 10:51:01] ElevationService configured
[2026-07-01 10:51:01] Creating SplashScreenView
[2026-07-01 10:51:01] SplashScreenView.ctor begin
[2026-07-01 10:51:01] SplashScreenView.ctor InitializeComponent done
[2026-07-01 10:51:01] SplashScreenView.ctor done
[2026-07-01 10:51:01] MainWindow set to SplashScreenView
[2026-07-01 10:51:02] SplashScreenView.Loaded
[2026-07-01 10:51:02] SplashScreenView.Show() returned
[2026-07-01 10:51:13] SplashScreenView.LoadingComplete
[2026-07-01 10:51:14] ShowMainWindow: show ElevationDialog first
[2026-07-01 10:51:20] ElevationDialog result: ContinueNormal
[2026-07-01 10:51:20] MainFormView.ctor begin
[2026-07-01 10:51:20] MainFormView.ctor InitializeComponent done
[2026-07-01 10:51:20] MainFormView.Loaded
[2026-07-01 10:51:20] MainFormView.PlayWindowEnterAnimation OK
[2026-07-01 10:51:20] SplashScreenView.Closed
[2026-07-01 10:51:29] ProModeView.ctor begin
[2026-07-01 10:51:29] ProModeView.ctor InitializeComponent done
[2026-07-01 10:51:29] [PRO-SWITCH] PlayWindowExitAnimationForModeSwitch begin
[2026-07-01 10:51:31] ProModeView.OnWindowLoaded begin
[2026-07-01 10:51:31] ProModeView IntegrityGuard runtime monitoring started
[2026-07-01 10:51:31] ProModeView.PlayProModeWindowEnter begin
[2026-07-01 10:51:31] ProModeView.PlayProModeWindowEnter scheduled
[2026-07-01 10:51:31] ProModeView.OnWindowLoaded end
[2026-07-01 10:52:02] PerformExitCleanup: done
[2026-07-01 10:52:02] PerformExitCleanup: done
[2026-07-01 11:04:46] OnStartup
[2026-07-01 11:04:46] Password verification skipped: IsLaunchedByExe=true
[2026-07-01 11:04:46] Password verification passed
[2026-07-01 11:04:46] AURORA_PERF_TIER=Extreme
[2026-07-01 11:04:46] AURORA_LANGUAGE=CHS
[2026-07-01 11:04:46] AURORA_IS_LAUNCHED_BY_EXE=True
[2026-07-01 11:04:46] WARNING: Required directory missing: G:\PowerShellBat\Scripts
[2026-07-01 11:04:46] WARNING: Required directory missing: G:\PowerShellBat\Scripts\Core
[2026-07-01 11:04:46] WARNING: Required directory missing: G:\PowerShellBat\Scripts\Security
[2026-07-01 11:04:46] WARNING: Required directory missing: G:\PowerShellBat\Scripts\PRO
[2026-07-01 11:04:46] WARNING: Required directory missing: G:\PowerShellBat\Scripts\Engines
[2026-07-01 11:04:46] WARNING: Required directory missing: G:\PowerShellBat\Scripts\Session
[2026-07-01 11:04:46] WARNING: Required directory missing: G:\PowerShellBat\Scripts\GUI
[2026-07-01 11:04:46] WARNING: Required directory missing: G:\PowerShellBat\Scripts\UI
[2026-07-01 11:04:46] WARNING: Required file missing: G:\PowerShellBat\Scripts\Core\AURORA-CoreEngine.ps1
[2026-07-01 11:04:46] WARNING: Required file missing: G:\PowerShellBat\Scripts\Security\AURORA-SecurityModule.ps1
[2026-07-01 11:04:46] WARNING: Required file missing: G:\PowerShellBat\Scripts\PRO\AURORA-AnalyzerPRO-Engine.ps1
[2026-07-01 11:04:46] VerifyDirectoryIntegrity: OK
[2026-07-01 11:04:46] Directory integrity check passed
[2026-07-01 11:04:46] IntegrityGuard detection: NONE
[2026-07-01 11:04:46] IntegrityGuard initialized
[2026-07-01 11:04:46] ElevationService configured
[2026-07-01 11:04:46] Creating SplashScreenView
[2026-07-01 11:04:46] SplashScreenView.ctor begin
[2026-07-01 11:04:47] SplashScreenView.ctor InitializeComponent done
[2026-07-01 11:04:47] SplashScreenView.ctor done
[2026-07-01 11:04:47] MainWindow set to SplashScreenView
[2026-07-01 11:04:47] SplashScreenView.Loaded
[2026-07-01 11:04:47] SplashScreenView.Show() returned
[2026-07-01 11:04:59] SplashScreenView.LoadingComplete
[2026-07-01 11:04:59] ShowMainWindow: show ElevationDialog first
[2026-07-01 11:05:16] ElevationDialog result: ContinueNormal
[2026-07-01 11:05:16] MainFormView.ctor begin
[2026-07-01 11:05:16] MainFormView.ctor InitializeComponent done
[2026-07-01 11:05:17] MainFormView.Loaded
[2026-07-01 11:05:17] MainFormView.PlayWindowEnterAnimation OK
[2026-07-01 11:05:17] SplashScreenView.Closed
[2026-07-01 11:05:24] ProModeView.ctor begin
[2026-07-01 11:05:24] ProModeView.ctor InitializeComponent done
[2026-07-01 11:05:24] [PRO-SWITCH] PlayWindowExitAnimationForModeSwitch begin
[2026-07-01 11:05:26] ProModeView.OnWindowLoaded begin
[2026-07-01 11:05:26] ProModeView IntegrityGuard runtime monitoring started
[2026-07-01 11:05:26] ProModeView.PlayProModeWindowEnter begin
[2026-07-01 11:05:26] ProModeView.PlayProModeWindowEnter scheduled
[2026-07-01 11:05:26] ProModeView.OnWindowLoaded end
[2026-07-01 11:06:09] PerformExitCleanup: done
[2026-07-01 11:06:09] PerformExitCleanup: done
[2026-07-01 11:30:52] OnStartup
[2026-07-01 11:30:52] Password verification skipped: IsLaunchedByExe=true
[2026-07-01 11:30:52] Password verification passed
[2026-07-01 11:30:53] AURORA_PERF_TIER=Extreme
[2026-07-01 11:30:53] AURORA_LANGUAGE=CHS
[2026-07-01 11:30:53] AURORA_IS_LAUNCHED_BY_EXE=True
[2026-07-01 11:30:53] WARNING: Required directory missing: G:\PowerShellBat\Scripts
[2026-07-01 11:30:53] WARNING: Required directory missing: G:\PowerShellBat\Scripts\Core
[2026-07-01 11:30:53] WARNING: Required directory missing: G:\PowerShellBat\Scripts\Security
[2026-07-01 11:30:53] WARNING: Required directory missing: G:\PowerShellBat\Scripts\PRO
[2026-07-01 11:30:53] WARNING: Required directory missing: G:\PowerShellBat\Scripts\Engines
[2026-07-01 11:30:53] WARNING: Required directory missing: G:\PowerShellBat\Scripts\Session
[2026-07-01 11:30:53] WARNING: Required directory missing: G:\PowerShellBat\Scripts\GUI
[2026-07-01 11:30:53] WARNING: Required directory missing: G:\PowerShellBat\Scripts\UI
[2026-07-01 11:30:53] WARNING: Required file missing: G:\PowerShellBat\Scripts\Core\AURORA-CoreEngine.ps1
[2026-07-01 11:30:53] WARNING: Required file missing: G:\PowerShellBat\Scripts\Security\AURORA-SecurityModule.ps1
[2026-07-01 11:30:53] WARNING: Required file missing: G:\PowerShellBat\Scripts\PRO\AURORA-AnalyzerPRO-Engine.ps1
[2026-07-01 11:30:53] VerifyDirectoryIntegrity: OK
[2026-07-01 11:30:53] Directory integrity check passed
[2026-07-01 11:30:53] IntegrityGuard detection: NONE
[2026-07-01 11:30:53] IntegrityGuard initialized
[2026-07-01 11:30:53] ElevationService configured
[2026-07-01 11:30:53] Creating SplashScreenView
[2026-07-01 11:30:53] SplashScreenView.ctor begin
[2026-07-01 11:30:53] SplashScreenView.ctor InitializeComponent done
[2026-07-01 11:30:53] SplashScreenView.ctor done
[2026-07-01 11:30:53] MainWindow set to SplashScreenView
[2026-07-01 11:30:54] SplashScreenView.Loaded
[2026-07-01 11:30:54] SplashScreenView.Show() returned
[2026-07-01 11:31:05] SplashScreenView.LoadingComplete
[2026-07-01 11:31:06] ShowMainWindow: show ElevationDialog first
[2026-07-01 11:31:23] ElevationDialog result: ContinueNormal
[2026-07-01 11:31:23] MainFormView.ctor begin
[2026-07-01 11:31:23] MainFormView.ctor InitializeComponent done
[2026-07-01 11:31:23] MainFormView.Loaded
[2026-07-01 11:31:23] MainFormView.PlayWindowEnterAnimation OK
[2026-07-01 11:31:23] SplashScreenView.Closed
[2026-07-01 11:31:32] ProModeView.ctor begin
[2026-07-01 11:31:32] ProModeView.ctor InitializeComponent done
[2026-07-01 11:31:32] [PRO-SWITCH] PlayWindowExitAnimationForModeSwitch begin
[2026-07-01 11:31:34] ProModeView.OnWindowLoaded begin
[2026-07-01 11:31:34] ProModeView IntegrityGuard runtime monitoring started
[2026-07-01 11:31:34] ProModeView.PlayProModeWindowEnter begin
[2026-07-01 11:31:34] ProModeView.PlayProModeWindowEnter scheduled
[2026-07-01 11:31:34] ProModeView.OnWindowLoaded end
[2026-07-01 11:32:36] PerformExitCleanup: done
[2026-07-01 11:32:36] PerformExitCleanup: done
[2026-07-01 11:34:01] OnStartup
[2026-07-01 11:34:01] Password verification skipped: IsLaunchedByExe=true
[2026-07-01 11:34:01] Password verification passed
[2026-07-01 11:34:01] AURORA_PERF_TIER=Extreme
[2026-07-01 11:34:01] AURORA_LANGUAGE=CHS
[2026-07-01 11:34:01] AURORA_IS_LAUNCHED_BY_EXE=True
[2026-07-01 11:34:01] WARNING: Required directory missing: G:\PowerShellBat\Scripts
[2026-07-01 11:34:01] WARNING: Required directory missing: G:\PowerShellBat\Scripts\Core
[2026-07-01 11:34:01] WARNING: Required directory missing: G:\PowerShellBat\Scripts\Security
[2026-07-01 11:34:01] WARNING: Required directory missing: G:\PowerShellBat\Scripts\PRO
[2026-07-01 11:34:01] WARNING: Required directory missing: G:\PowerShellBat\Scripts\Engines
[2026-07-01 11:34:01] WARNING: Required directory missing: G:\PowerShellBat\Scripts\Session
[2026-07-01 11:34:01] WARNING: Required directory missing: G:\PowerShellBat\Scripts\GUI
[2026-07-01 11:34:01] WARNING: Required directory missing: G:\PowerShellBat\Scripts\UI
[2026-07-01 11:34:01] WARNING: Required file missing: G:\PowerShellBat\Scripts\Core\AURORA-CoreEngine.ps1
[2026-07-01 11:34:01] WARNING: Required file missing: G:\PowerShellBat\Scripts\Security\AURORA-SecurityModule.ps1
[2026-07-01 11:34:01] WARNING: Required file missing: G:\PowerShellBat\Scripts\PRO\AURORA-AnalyzerPRO-Engine.ps1
[2026-07-01 11:34:01] VerifyDirectoryIntegrity: OK
[2026-07-01 11:34:01] Directory integrity check passed
[2026-07-01 11:34:01] IntegrityGuard detection: NONE
[2026-07-01 11:34:01] IntegrityGuard initialized
[2026-07-01 11:34:01] ElevationService configured
[2026-07-01 11:34:02] Creating SplashScreenView
[2026-07-01 11:34:02] SplashScreenView.ctor begin
[2026-07-01 11:34:02] SplashScreenView.ctor InitializeComponent done
[2026-07-01 11:34:02] SplashScreenView.ctor done
[2026-07-01 11:34:02] MainWindow set to SplashScreenView
[2026-07-01 11:34:03] SplashScreenView.Loaded
[2026-07-01 11:34:03] SplashScreenView.Show() returned
[2026-07-01 11:34:14] SplashScreenView.LoadingComplete
[2026-07-01 11:34:15] ShowMainWindow: show ElevationDialog first
[2026-07-01 11:34:35] ElevationDialog result: ContinueNormal
[2026-07-01 11:34:35] MainFormView.ctor begin
[2026-07-01 11:34:35] MainFormView.ctor InitializeComponent done
[2026-07-01 11:34:36] MainFormView.Loaded
[2026-07-01 11:34:36] MainFormView.PlayWindowEnterAnimation OK
[2026-07-01 11:34:36] SplashScreenView.Closed
[2026-07-01 11:34:54] ProModeView.ctor begin
[2026-07-01 11:34:54] ProModeView.ctor InitializeComponent done
[2026-07-01 11:34:54] [PRO-SWITCH] PlayWindowExitAnimationForModeSwitch begin
[2026-07-01 11:34:56] ProModeView.OnWindowLoaded begin
[2026-07-01 11:34:56] ProModeView IntegrityGuard runtime monitoring started
[2026-07-01 11:34:56] ProModeView.PlayProModeWindowEnter begin
[2026-07-01 11:34:56] ProModeView.PlayProModeWindowEnter scheduled
[2026-07-01 11:34:56] ProModeView.OnWindowLoaded end
[2026-07-01 11:36:12] PerformExitCleanup: done
[2026-07-01 11:36:12] PerformExitCleanup: done
[2026-07-01 11:36:30] OnStartup
[2026-07-01 11:36:30] Password verification skipped: IsLaunchedByExe=true
[2026-07-01 11:36:30] Password verification passed
[2026-07-01 11:36:30] AURORA_PERF_TIER=Extreme
[2026-07-01 11:36:30] AURORA_LANGUAGE=CHS
[2026-07-01 11:36:30] AURORA_IS_LAUNCHED_BY_EXE=True
[2026-07-01 11:36:30] WARNING: Required directory missing: G:\PowerShellBat\Scripts
[2026-07-01 11:36:30] WARNING: Required directory missing: G:\PowerShellBat\Scripts\Core
[2026-07-01 11:36:30] WARNING: Required directory missing: G:\PowerShellBat\Scripts\Security
[2026-07-01 11:36:30] WARNING: Required directory missing: G:\PowerShellBat\Scripts\PRO
[2026-07-01 11:36:30] WARNING: Required directory missing: G:\PowerShellBat\Scripts\Engines
[2026-07-01 11:36:30] WARNING: Required directory missing: G:\PowerShellBat\Scripts\Session
[2026-07-01 11:36:30] WARNING: Required directory missing: G:\PowerShellBat\Scripts\GUI
[2026-07-01 11:36:30] WARNING: Required directory missing: G:\PowerShellBat\Scripts\UI
[2026-07-01 11:36:30] WARNING: Required file missing: G:\PowerShellBat\Scripts\Core\AURORA-CoreEngine.ps1
[2026-07-01 11:36:30] WARNING: Required file missing: G:\PowerShellBat\Scripts\Security\AURORA-SecurityModule.ps1
[2026-07-01 11:36:30] WARNING: Required file missing: G:\PowerShellBat\Scripts\PRO\AURORA-AnalyzerPRO-Engine.ps1
[2026-07-01 11:36:30] VerifyDirectoryIntegrity: OK
[2026-07-01 11:36:30] Directory integrity check passed
[2026-07-01 11:36:30] IntegrityGuard detection: NONE
[2026-07-01 11:36:30] IntegrityGuard initialized
[2026-07-01 11:36:30] ElevationService configured
[2026-07-01 11:36:30] Creating SplashScreenView
[2026-07-01 11:36:30] SplashScreenView.ctor begin
[2026-07-01 11:36:31] SplashScreenView.ctor InitializeComponent done
[2026-07-01 11:36:31] SplashScreenView.ctor done
[2026-07-01 11:36:31] MainWindow set to SplashScreenView
[2026-07-01 11:36:31] SplashScreenView.Loaded
[2026-07-01 11:36:31] SplashScreenView.Show() returned
[2026-07-01 11:36:43] SplashScreenView.LoadingComplete
[2026-07-01 11:36:43] ShowMainWindow: show ElevationDialog first
[2026-07-01 11:38:14] ElevationDialog result: ContinueNormal
[2026-07-01 11:38:14] MainFormView.ctor begin
[2026-07-01 11:38:14] MainFormView.ctor InitializeComponent done
[2026-07-01 11:38:14] MainFormView.Loaded
[2026-07-01 11:38:14] MainFormView.PlayWindowEnterAnimation OK
[2026-07-01 11:38:15] SplashScreenView.Closed
[2026-07-01 11:40:13] PerformExitCleanup: done
[2026-07-01 11:40:13] PerformExitCleanup: done
[2026-07-01 12:35:39] OnStartup
[2026-07-01 12:35:39] Password verification skipped: IsLaunchedByExe=true
[2026-07-01 12:35:39] Password verification passed
[2026-07-01 12:35:39] AURORA_PERF_TIER=Extreme
[2026-07-01 12:35:39] AURORA_LANGUAGE=CHS
[2026-07-01 12:35:39] AURORA_IS_LAUNCHED_BY_EXE=True
[2026-07-01 12:35:39] WARNING: Required directory missing: G:\PowerShellBat\Scripts
[2026-07-01 12:35:39] WARNING: Required directory missing: G:\PowerShellBat\Scripts\Core
[2026-07-01 12:35:39] WARNING: Required directory missing: G:\PowerShellBat\Scripts\Security
[2026-07-01 12:35:39] WARNING: Required directory missing: G:\PowerShellBat\Scripts\PRO
[2026-07-01 12:35:39] WARNING: Required directory missing: G:\PowerShellBat\Scripts\Engines
[2026-07-01 12:35:39] WARNING: Required directory missing: G:\PowerShellBat\Scripts\Session
[2026-07-01 12:35:39] WARNING: Required directory missing: G:\PowerShellBat\Scripts\GUI
[2026-07-01 12:35:39] WARNING: Required directory missing: G:\PowerShellBat\Scripts\UI
[2026-07-01 12:35:39] WARNING: Required file missing: G:\PowerShellBat\Scripts\Core\AURORA-CoreEngine.ps1
[2026-07-01 12:35:39] WARNING: Required file missing: G:\PowerShellBat\Scripts\Security\AURORA-SecurityModule.ps1
[2026-07-01 12:35:39] WARNING: Required file missing: G:\PowerShellBat\Scripts\PRO\AURORA-AnalyzerPRO-Engine.ps1
[2026-07-01 12:35:39] VerifyDirectoryIntegrity: OK
[2026-07-01 12:35:39] Directory integrity check passed
[2026-07-01 12:35:39] IntegrityGuard detection: NONE
[2026-07-01 12:35:39] IntegrityGuard initialized
[2026-07-01 12:35:39] ElevationService configured
[2026-07-01 12:35:39] Creating SplashScreenView
[2026-07-01 12:35:39] SplashScreenView.ctor begin
[2026-07-01 12:35:39] SplashScreenView.ctor InitializeComponent done
[2026-07-01 12:35:39] SplashScreenView.ctor done
[2026-07-01 12:35:39] MainWindow set to SplashScreenView
[2026-07-01 12:35:40] SplashScreenView.Loaded
[2026-07-01 12:35:40] SplashScreenView.Show() returned
[2026-07-01 12:35:51] SplashScreenView.LoadingComplete
[2026-07-01 12:35:52] ShowMainWindow: show ElevationDialog first
[2026-07-01 12:35:57] ElevationDialog result: ContinueNormal
[2026-07-01 12:35:57] MainFormView.ctor begin
[2026-07-01 12:35:57] MainFormView.ctor InitializeComponent done
[2026-07-01 12:35:57] MainFormView.Loaded
[2026-07-01 12:35:57] MainFormView.PlayWindowEnterAnimation OK
[2026-07-01 12:35:57] SplashScreenView.Closed
[2026-07-01 12:37:26] PerformExitCleanup: done
[2026-07-01 12:37:26] PerformExitCleanup: done
[2026-07-01 13:00:56] OnStartup
[2026-07-01 13:00:56] Password verification skipped: IsLaunchedByExe=true
[2026-07-01 13:00:56] Password verification passed
[2026-07-01 13:00:56] AURORA_PERF_TIER=Extreme
[2026-07-01 13:00:56] AURORA_LANGUAGE=CHS
[2026-07-01 13:00:56] AURORA_IS_LAUNCHED_BY_EXE=True
[2026-07-01 13:00:56] WARNING: Required directory missing: G:\PowerShellBat\Scripts
[2026-07-01 13:00:56] WARNING: Required directory missing: G:\PowerShellBat\Scripts\Core
[2026-07-01 13:00:56] WARNING: Required directory missing: G:\PowerShellBat\Scripts\Security
[2026-07-01 13:00:56] WARNING: Required directory missing: G:\PowerShellBat\Scripts\PRO
[2026-07-01 13:00:56] WARNING: Required directory missing: G:\PowerShellBat\Scripts\Engines
[2026-07-01 13:00:56] WARNING: Required directory missing: G:\PowerShellBat\Scripts\Session
[2026-07-01 13:00:56] WARNING: Required directory missing: G:\PowerShellBat\Scripts\GUI
[2026-07-01 13:00:56] WARNING: Required directory missing: G:\PowerShellBat\Scripts\UI
[2026-07-01 13:00:56] WARNING: Required file missing: G:\PowerShellBat\Scripts\Core\AURORA-CoreEngine.ps1
[2026-07-01 13:00:56] WARNING: Required file missing: G:\PowerShellBat\Scripts\Security\AURORA-SecurityModule.ps1
[2026-07-01 13:00:56] WARNING: Required file missing: G:\PowerShellBat\Scripts\PRO\AURORA-AnalyzerPRO-Engine.ps1
[2026-07-01 13:00:56] VerifyDirectoryIntegrity: OK
[2026-07-01 13:00:56] Directory integrity check passed
[2026-07-01 13:00:56] IntegrityGuard detection: NONE
[2026-07-01 13:00:56] IntegrityGuard initialized
[2026-07-01 13:00:56] ElevationService configured
[2026-07-01 13:00:57] Creating SplashScreenView
[2026-07-01 13:00:57] SplashScreenView.ctor begin
[2026-07-01 13:00:57] SplashScreenView.ctor InitializeComponent done
[2026-07-01 13:00:57] SplashScreenView.ctor done
[2026-07-01 13:00:57] MainWindow set to SplashScreenView
[2026-07-01 13:00:57] SplashScreenView.Loaded
[2026-07-01 13:00:57] SplashScreenView.Show() returned
[2026-07-01 13:01:09] SplashScreenView.LoadingComplete
[2026-07-01 13:01:09] ShowMainWindow: show ElevationDialog first
[2026-07-01 13:01:12] SplashScreenView.Closed
[2026-07-01 13:01:12] PerformExitCleanup: done
[2026-07-01 13:01:12] PerformExitCleanup: done
[2026-07-01 13:01:24] OnStartup
[2026-07-01 13:01:24] Password verification skipped: IsLaunchedByExe=true
[2026-07-01 13:01:24] Password verification passed
[2026-07-01 13:01:24] AURORA_PERF_TIER=Extreme
[2026-07-01 13:01:24] AURORA_LANGUAGE=CHS
[2026-07-01 13:01:24] AURORA_IS_LAUNCHED_BY_EXE=True
[2026-07-01 13:01:24] WARNING: Required directory missing: G:\PowerShellBat\Scripts
[2026-07-01 13:01:24] WARNING: Required directory missing: G:\PowerShellBat\Scripts\Core
[2026-07-01 13:01:24] WARNING: Required directory missing: G:\PowerShellBat\Scripts\Security
[2026-07-01 13:01:24] WARNING: Required directory missing: G:\PowerShellBat\Scripts\PRO
[2026-07-01 13:01:24] WARNING: Required directory missing: G:\PowerShellBat\Scripts\Engines
[2026-07-01 13:01:24] WARNING: Required directory missing: G:\PowerShellBat\Scripts\Session
[2026-07-01 13:01:24] WARNING: Required directory missing: G:\PowerShellBat\Scripts\GUI
[2026-07-01 13:01:24] WARNING: Required directory missing: G:\PowerShellBat\Scripts\UI
[2026-07-01 13:01:24] WARNING: Required file missing: G:\PowerShellBat\Scripts\Core\AURORA-CoreEngine.ps1
[2026-07-01 13:01:24] WARNING: Required file missing: G:\PowerShellBat\Scripts\Security\AURORA-SecurityModule.ps1
[2026-07-01 13:01:24] WARNING: Required file missing: G:\PowerShellBat\Scripts\PRO\AURORA-AnalyzerPRO-Engine.ps1
[2026-07-01 13:01:24] VerifyDirectoryIntegrity: OK
[2026-07-01 13:01:24] Directory integrity check passed
[2026-07-01 13:01:24] IntegrityGuard detection: NONE
[2026-07-01 13:01:24] IntegrityGuard initialized
[2026-07-01 13:01:24] ElevationService configured
[2026-07-01 13:01:24] Creating SplashScreenView
[2026-07-01 13:01:24] SplashScreenView.ctor begin
[2026-07-01 13:01:24] SplashScreenView.ctor InitializeComponent done
[2026-07-01 13:01:24] SplashScreenView.ctor done
[2026-07-01 13:01:24] MainWindow set to SplashScreenView
[2026-07-01 13:01:25] SplashScreenView.Loaded
[2026-07-01 13:01:25] SplashScreenView.Show() returned
[2026-07-01 13:01:36] SplashScreenView.LoadingComplete
[2026-07-01 13:01:37] ShowMainWindow: show ElevationDialog first
[2026-07-01 13:01:43] ElevationDialog result: ContinueNormal
[2026-07-01 13:01:43] MainFormView.ctor begin
[2026-07-01 13:01:43] MainFormView.ctor InitializeComponent done
[2026-07-01 13:01:44] MainFormView.Loaded
[2026-07-01 13:01:44] MainFormView.PlayWindowEnterAnimation OK
[2026-07-01 13:01:44] SplashScreenView.Closed
[2026-07-01 13:09:48] PerformExitCleanup: done
[2026-07-01 13:09:48] PerformExitCleanup: done
[2026-07-01 13:14:41] OnStartup
[2026-07-01 13:14:41] Password verification skipped: IsLaunchedByExe=true
[2026-07-01 13:14:41] Password verification passed
[2026-07-01 13:14:41] AURORA_PERF_TIER=Extreme
[2026-07-01 13:14:41] AURORA_LANGUAGE=CHS
[2026-07-01 13:14:41] AURORA_IS_LAUNCHED_BY_EXE=True
[2026-07-01 13:14:41] WARNING: Required directory missing: G:\PowerShellBat\Scripts
[2026-07-01 13:14:41] WARNING: Required directory missing: G:\PowerShellBat\Scripts\Core
[2026-07-01 13:14:41] WARNING: Required directory missing: G:\PowerShellBat\Scripts\Security
[2026-07-01 13:14:41] WARNING: Required directory missing: G:\PowerShellBat\Scripts\PRO
[2026-07-01 13:14:41] WARNING: Required directory missing: G:\PowerShellBat\Scripts\Engines
[2026-07-01 13:14:41] WARNING: Required directory missing: G:\PowerShellBat\Scripts\Session
[2026-07-01 13:14:41] WARNING: Required directory missing: G:\PowerShellBat\Scripts\GUI
[2026-07-01 13:14:41] WARNING: Required directory missing: G:\PowerShellBat\Scripts\UI
[2026-07-01 13:14:41] WARNING: Required file missing: G:\PowerShellBat\Scripts\Core\AURORA-CoreEngine.ps1
[2026-07-01 13:14:41] WARNING: Required file missing: G:\PowerShellBat\Scripts\Security\AURORA-SecurityModule.ps1
[2026-07-01 13:14:41] WARNING: Required file missing: G:\PowerShellBat\Scripts\PRO\AURORA-AnalyzerPRO-Engine.ps1
[2026-07-01 13:14:41] VerifyDirectoryIntegrity: OK
[2026-07-01 13:14:41] Directory integrity check passed
[2026-07-01 13:14:41] IntegrityGuard detection: NONE
[2026-07-01 13:14:41] IntegrityGuard initialized
[2026-07-01 13:14:41] ElevationService configured
[2026-07-01 13:14:42] Creating SplashScreenView
[2026-07-01 13:14:42] SplashScreenView.ctor begin
[2026-07-01 13:14:42] SplashScreenView.ctor InitializeComponent done
[2026-07-01 13:14:42] SplashScreenView.ctor done
[2026-07-01 13:14:42] MainWindow set to SplashScreenView
[2026-07-01 13:14:42] SplashScreenView.Loaded
[2026-07-01 13:14:42] SplashScreenView.Show() returned
[2026-07-01 13:14:54] SplashScreenView.LoadingComplete
[2026-07-01 13:14:54] ShowMainWindow: show ElevationDialog first
[2026-07-01 13:16:45] OnStartup
[2026-07-01 13:16:45] Password verification skipped: IsLaunchedByExe=true
[2026-07-01 13:16:45] Password verification passed
[2026-07-01 13:16:45] AURORA_PERF_TIER=Extreme
[2026-07-01 13:16:45] AURORA_LANGUAGE=CHS
[2026-07-01 13:16:45] AURORA_IS_LAUNCHED_BY_EXE=True
[2026-07-01 13:16:45] WARNING: Required directory missing: G:\PowerShellBat\Scripts
[2026-07-01 13:16:45] WARNING: Required directory missing: G:\PowerShellBat\Scripts\Core
[2026-07-01 13:16:45] WARNING: Required directory missing: G:\PowerShellBat\Scripts\Security
[2026-07-01 13:16:45] WARNING: Required directory missing: G:\PowerShellBat\Scripts\PRO
[2026-07-01 13:16:45] WARNING: Required directory missing: G:\PowerShellBat\Scripts\Engines
[2026-07-01 13:16:45] WARNING: Required directory missing: G:\PowerShellBat\Scripts\Session
[2026-07-01 13:16:45] WARNING: Required directory missing: G:\PowerShellBat\Scripts\GUI
[2026-07-01 13:16:45] WARNING: Required directory missing: G:\PowerShellBat\Scripts\UI
[2026-07-01 13:16:45] WARNING: Required file missing: G:\PowerShellBat\Scripts\Core\AURORA-CoreEngine.ps1
[2026-07-01 13:16:45] WARNING: Required file missing: G:\PowerShellBat\Scripts\Security\AURORA-SecurityModule.ps1
[2026-07-01 13:16:45] WARNING: Required file missing: G:\PowerShellBat\Scripts\PRO\AURORA-AnalyzerPRO-Engine.ps1
[2026-07-01 13:16:45] VerifyDirectoryIntegrity: OK
[2026-07-01 13:16:45] Directory integrity check passed
[2026-07-01 13:16:45] IntegrityGuard detection: NONE
[2026-07-01 13:16:45] IntegrityGuard initialized
[2026-07-01 13:16:45] ElevationService configured
[2026-07-01 13:16:46] Creating SplashScreenView
[2026-07-01 13:16:46] SplashScreenView.ctor begin
[2026-07-01 13:16:46] SplashScreenView.ctor InitializeComponent done
[2026-07-01 13:16:46] SplashScreenView.ctor done
[2026-07-01 13:16:46] MainWindow set to SplashScreenView
[2026-07-01 13:16:46] SplashScreenView.Loaded
[2026-07-01 13:16:46] SplashScreenView.Show() returned
[2026-07-01 13:16:58] SplashScreenView.LoadingComplete
[2026-07-01 13:16:58] ShowMainWindow: show ElevationDialog first
[2026-07-01 13:17:03] ElevationDialog result: ContinueNormal
[2026-07-01 13:17:03] MainFormView.ctor begin
[2026-07-01 13:17:03] MainFormView.ctor InitializeComponent done
[2026-07-01 13:17:04] MainFormView.Loaded
[2026-07-01 13:17:04] MainFormView.PlayWindowEnterAnimation OK
[2026-07-01 13:17:04] SplashScreenView.Closed
[2026-07-01 13:17:16] PerformExitCleanup: done
[2026-07-01 13:17:16] PerformExitCleanup: done
[2026-07-01 13:18:41] SplashScreenView.Closed
[2026-07-01 13:18:41] PerformExitCleanup: done
[2026-07-01 13:18:41] PerformExitCleanup: done
[2026-07-03 09:40:15] OnStartup
[2026-07-03 09:40:15] Password verification skipped: IsLaunchedByExe=true
[2026-07-03 09:40:15] Password verification passed
[2026-07-03 09:40:15] AURORA_PERF_TIER=Extreme
[2026-07-03 09:40:15] AURORA_LANGUAGE=CHS
[2026-07-03 09:40:15] AURORA_IS_LAUNCHED_BY_EXE=True
[2026-07-03 09:40:15] WARNING: Required directory missing: G:\PowerShellBat\Scripts
[2026-07-03 09:40:15] WARNING: Required directory missing: G:\PowerShellBat\Scripts\Core
[2026-07-03 09:40:15] WARNING: Required directory missing: G:\PowerShellBat\Scripts\Security
[2026-07-03 09:40:15] WARNING: Required directory missing: G:\PowerShellBat\Scripts\PRO
[2026-07-03 09:40:15] WARNING: Required directory missing: G:\PowerShellBat\Scripts\Engines
[2026-07-03 09:40:15] WARNING: Required directory missing: G:\PowerShellBat\Scripts\Session
[2026-07-03 09:40:15] WARNING: Required directory missing: G:\PowerShellBat\Scripts\GUI
[2026-07-03 09:40:15] WARNING: Required directory missing: G:\PowerShellBat\Scripts\UI
[2026-07-03 09:40:15] WARNING: Required file missing: G:\PowerShellBat\Scripts\Core\AURORA-CoreEngine.ps1
[2026-07-03 09:40:15] WARNING: Required file missing: G:\PowerShellBat\Scripts\Security\AURORA-SecurityModule.ps1
[2026-07-03 09:40:15] WARNING: Required file missing: G:\PowerShellBat\Scripts\PRO\AURORA-AnalyzerPRO-Engine.ps1
[2026-07-03 09:40:15] VerifyDirectoryIntegrity: OK
[2026-07-03 09:40:15] Directory integrity check passed
[2026-07-03 09:40:15] IntegrityGuard detection: NONE
[2026-07-03 09:40:15] IntegrityGuard initialized
[2026-07-03 09:40:15] ElevationService configured
[2026-07-03 09:40:16] Creating SplashScreenView
[2026-07-03 09:40:16] SplashScreenView.ctor begin
[2026-07-03 09:40:16] SplashScreenView.ctor InitializeComponent done
[2026-07-03 09:40:16] SplashScreenView.ctor done
[2026-07-03 09:40:16] MainWindow set to SplashScreenView
[2026-07-03 09:40:17] SplashScreenView.Loaded
[2026-07-03 09:40:17] SplashScreenView.Show() returned
[2026-07-03 09:40:28] SplashScreenView.LoadingComplete
[2026-07-03 09:40:29] ShowMainWindow: show ElevationDialog first
[2026-07-03 09:40:41] SplashScreenView.Closed
[2026-07-03 09:40:41] PerformExitCleanup: done
[2026-07-03 09:40:41] PerformExitCleanup: done
[2026-07-03 09:44:01] OnStartup
[2026-07-03 09:44:01] Password verification skipped: IsLaunchedByExe=true
[2026-07-03 09:44:01] Password verification passed
[2026-07-03 09:44:01] AURORA_PERF_TIER=Extreme
[2026-07-03 09:44:01] AURORA_LANGUAGE=CHS
[2026-07-03 09:44:01] AURORA_IS_LAUNCHED_BY_EXE=True
[2026-07-03 09:44:01] WARNING: Required directory missing: G:\PowerShellBat\Scripts
[2026-07-03 09:44:01] WARNING: Required directory missing: G:\PowerShellBat\Scripts\Core
[2026-07-03 09:44:01] WARNING: Required directory missing: G:\PowerShellBat\Scripts\Security
[2026-07-03 09:44:01] WARNING: Required directory missing: G:\PowerShellBat\Scripts\PRO
[2026-07-03 09:44:01] WARNING: Required directory missing: G:\PowerShellBat\Scripts\Engines
[2026-07-03 09:44:01] WARNING: Required directory missing: G:\PowerShellBat\Scripts\Session
[2026-07-03 09:44:01] WARNING: Required directory missing: G:\PowerShellBat\Scripts\GUI
[2026-07-03 09:44:01] WARNING: Required directory missing: G:\PowerShellBat\Scripts\UI
[2026-07-03 09:44:01] WARNING: Required file missing: G:\PowerShellBat\Scripts\Core\AURORA-CoreEngine.ps1
[2026-07-03 09:44:01] WARNING: Required file missing: G:\PowerShellBat\Scripts\Security\AURORA-SecurityModule.ps1
[2026-07-03 09:44:01] WARNING: Required file missing: G:\PowerShellBat\Scripts\PRO\AURORA-AnalyzerPRO-Engine.ps1
[2026-07-03 09:44:01] VerifyDirectoryIntegrity: OK
[2026-07-03 09:44:01] Directory integrity check passed
[2026-07-03 09:44:01] IntegrityGuard detection: NONE
[2026-07-03 09:44:01] IntegrityGuard initialized
[2026-07-03 09:44:01] ElevationService configured
[2026-07-03 09:44:02] Creating SplashScreenView
[2026-07-03 09:44:02] SplashScreenView.ctor begin
[2026-07-03 09:44:02] SplashScreenView.ctor InitializeComponent done
[2026-07-03 09:44:02] SplashScreenView.ctor done
[2026-07-03 09:44:02] MainWindow set to SplashScreenView
[2026-07-03 09:44:03] SplashScreenView.Loaded
[2026-07-03 09:44:03] SplashScreenView.Show() returned
[2026-07-03 09:44:14] SplashScreenView.LoadingComplete
[2026-07-03 09:44:15] ShowMainWindow: show ElevationDialog first
[2026-07-03 09:44:19] ElevationDialog result: ContinueNormal
[2026-07-03 09:44:19] MainFormView.ctor begin
[2026-07-03 09:44:19] MainFormView.ctor InitializeComponent done
[2026-07-03 09:44:19] MainFormView.Loaded
[2026-07-03 09:44:19] MainFormView.PlayWindowEnterAnimation OK
[2026-07-03 09:44:19] SplashScreenView.Closed
[2026-07-03 09:44:43] ProModeView.ctor begin
[2026-07-03 09:44:43] ProModeView.ctor InitializeComponent done
[2026-07-03 09:44:43] [PRO-SWITCH] PlayWindowExitAnimationForModeSwitch begin
[2026-07-03 09:44:45] ProModeView.OnWindowLoaded begin
[2026-07-03 09:44:45] ProModeView IntegrityGuard runtime monitoring started
[2026-07-03 09:44:45] ProModeView.PlayProModeWindowEnter begin
[2026-07-03 09:44:45] ProModeView.PlayProModeWindowEnter scheduled
[2026-07-03 09:44:45] ProModeView.OnWindowLoaded end
[2026-07-03 09:44:50] PerformExitCleanup: done
[2026-07-03 09:44:50] PerformExitCleanup: done
[2026-07-03 10:25:06] OnStartup
[2026-07-03 10:25:06] Password verification skipped: IsLaunchedByExe=true
[2026-07-03 10:25:06] Password verification passed
[2026-07-03 10:25:06] AURORA_PERF_TIER=Extreme
[2026-07-03 10:25:06] AURORA_LANGUAGE=CHS
[2026-07-03 10:25:06] AURORA_IS_LAUNCHED_BY_EXE=True
[2026-07-03 10:25:06] WARNING: Required directory missing: G:\PowerShellBat\Scripts
[2026-07-03 10:25:06] WARNING: Required directory missing: G:\PowerShellBat\Scripts\Core
[2026-07-03 10:25:06] WARNING: Required directory missing: G:\PowerShellBat\Scripts\Security
[2026-07-03 10:25:06] WARNING: Required directory missing: G:\PowerShellBat\Scripts\PRO
[2026-07-03 10:25:06] WARNING: Required directory missing: G:\PowerShellBat\Scripts\Engines
[2026-07-03 10:25:06] WARNING: Required directory missing: G:\PowerShellBat\Scripts\Session
[2026-07-03 10:25:06] WARNING: Required directory missing: G:\PowerShellBat\Scripts\GUI
[2026-07-03 10:25:06] WARNING: Required directory missing: G:\PowerShellBat\Scripts\UI
[2026-07-03 10:25:06] WARNING: Required file missing: G:\PowerShellBat\Scripts\Core\AURORA-CoreEngine.ps1
[2026-07-03 10:25:06] WARNING: Required file missing: G:\PowerShellBat\Scripts\Security\AURORA-SecurityModule.ps1
[2026-07-03 10:25:06] WARNING: Required file missing: G:\PowerShellBat\Scripts\PRO\AURORA-AnalyzerPRO-Engine.ps1
[2026-07-03 10:25:06] VerifyDirectoryIntegrity: OK
[2026-07-03 10:25:06] Directory integrity check passed
[2026-07-03 10:25:06] IntegrityGuard detection: NONE
[2026-07-03 10:25:06] IntegrityGuard initialized
[2026-07-03 10:25:06] ElevationService configured
[2026-07-03 10:25:07] Creating SplashScreenView
[2026-07-03 10:25:07] SplashScreenView.ctor begin
[2026-07-03 10:25:07] SplashScreenView.ctor InitializeComponent done
[2026-07-03 10:25:07] SplashScreenView.ctor done
[2026-07-03 10:25:07] MainWindow set to SplashScreenView
[2026-07-03 10:25:08] SplashScreenView.Loaded
[2026-07-03 10:25:08] SplashScreenView.Show() returned
[2026-07-03 10:25:19] SplashScreenView.LoadingComplete
[2026-07-03 10:25:20] ShowMainWindow: show ElevationDialog first
[2026-07-03 10:25:36] ElevationDialog result: ContinueNormal
[2026-07-03 10:25:36] MainFormView.ctor begin
[2026-07-03 10:25:36] MainFormView.ctor InitializeComponent done
[2026-07-03 10:25:36] MainFormView.Loaded
[2026-07-03 10:25:36] MainFormView.PlayWindowEnterAnimation OK
[2026-07-03 10:25:36] SplashScreenView.Closed
[2026-07-03 10:25:51] ProModeView.ctor begin
[2026-07-03 10:25:51] ProModeView.ctor InitializeComponent done
[2026-07-03 10:25:51] [PRO-SWITCH] PlayWindowExitAnimationForModeSwitch begin
[2026-07-03 10:25:53] ProModeView.OnWindowLoaded begin
[2026-07-03 10:25:53] ProModeView IntegrityGuard runtime monitoring started
[2026-07-03 10:25:53] ProModeView.PlayProModeWindowEnter begin
[2026-07-03 10:25:53] ProModeView.PlayProModeWindowEnter scheduled
[2026-07-03 10:25:53] ProModeView.OnWindowLoaded end
[2026-07-03 10:26:10] PerformExitCleanup: done
[2026-07-03 10:26:10] PerformExitCleanup: done
[2026-07-03 11:23:37] OnStartup
[2026-07-03 11:23:37] Password verification skipped: IsLaunchedByExe=true
[2026-07-03 11:23:37] Password verification passed
[2026-07-03 11:23:38] AURORA_PERF_TIER=Extreme
[2026-07-03 11:23:38] AURORA_LANGUAGE=CHS
[2026-07-03 11:23:38] AURORA_IS_LAUNCHED_BY_EXE=True
[2026-07-03 11:23:38] WARNING: Required directory missing: G:\PowerShellBat\Scripts
[2026-07-03 11:23:38] WARNING: Required directory missing: G:\PowerShellBat\Scripts\Core
[2026-07-03 11:23:38] WARNING: Required directory missing: G:\PowerShellBat\Scripts\Security
[2026-07-03 11:23:38] WARNING: Required directory missing: G:\PowerShellBat\Scripts\PRO
[2026-07-03 11:23:38] WARNING: Required directory missing: G:\PowerShellBat\Scripts\Engines
[2026-07-03 11:23:38] WARNING: Required directory missing: G:\PowerShellBat\Scripts\Session
[2026-07-03 11:23:38] WARNING: Required directory missing: G:\PowerShellBat\Scripts\GUI
[2026-07-03 11:23:38] WARNING: Required directory missing: G:\PowerShellBat\Scripts\UI
[2026-07-03 11:23:38] WARNING: Required file missing: G:\PowerShellBat\Scripts\Core\AURORA-CoreEngine.ps1
[2026-07-03 11:23:38] WARNING: Required file missing: G:\PowerShellBat\Scripts\Security\AURORA-SecurityModule.ps1
[2026-07-03 11:23:38] WARNING: Required file missing: G:\PowerShellBat\Scripts\PRO\AURORA-AnalyzerPRO-Engine.ps1
[2026-07-03 11:23:38] VerifyDirectoryIntegrity: OK
[2026-07-03 11:23:38] Directory integrity check passed
[2026-07-03 11:23:38] IntegrityGuard detection: NONE
[2026-07-03 11:23:38] IntegrityGuard initialized
[2026-07-03 11:23:38] ElevationService configured
[2026-07-03 11:23:38] Creating SplashScreenView
[2026-07-03 11:23:38] SplashScreenView.ctor begin
[2026-07-03 11:23:39] SplashScreenView.ctor InitializeComponent done
[2026-07-03 11:23:39] SplashScreenView.ctor done
[2026-07-03 11:23:39] MainWindow set to SplashScreenView
[2026-07-03 11:23:39] SplashScreenView.Loaded
[2026-07-03 11:23:39] SplashScreenView.Show() returned
[2026-07-03 11:23:51] SplashScreenView.LoadingComplete
[2026-07-03 11:23:51] ShowMainWindow: show ElevationDialog first
[2026-07-03 11:24:35] ElevationDialog result: ContinueNormal
[2026-07-03 11:24:35] MainFormView.ctor begin
[2026-07-03 11:24:35] MainFormView.ctor InitializeComponent done
[2026-07-03 11:24:35] MainFormView.Loaded
[2026-07-03 11:24:35] MainFormView.PlayWindowEnterAnimation OK
[2026-07-03 11:24:35] SplashScreenView.Closed
[2026-07-03 11:24:41] PerformExitCleanup: done
[2026-07-03 11:24:41] PerformExitCleanup: done
[2026-07-03 11:24:47] OnStartup
[2026-07-03 11:24:47] Password verification skipped: IsLaunchedByExe=true
[2026-07-03 11:24:47] Password verification passed
[2026-07-03 11:24:47] AURORA_PERF_TIER=Extreme
[2026-07-03 11:24:47] AURORA_LANGUAGE=CHS
[2026-07-03 11:24:47] AURORA_IS_LAUNCHED_BY_EXE=True
[2026-07-03 11:24:47] WARNING: Required directory missing: G:\PowerShellBat\Scripts
[2026-07-03 11:24:47] WARNING: Required directory missing: G:\PowerShellBat\Scripts\Core
[2026-07-03 11:24:47] WARNING: Required directory missing: G:\PowerShellBat\Scripts\Security
[2026-07-03 11:24:47] WARNING: Required directory missing: G:\PowerShellBat\Scripts\PRO
[2026-07-03 11:24:47] WARNING: Required directory missing: G:\PowerShellBat\Scripts\Engines
[2026-07-03 11:24:47] WARNING: Required directory missing: G:\PowerShellBat\Scripts\Session
[2026-07-03 11:24:47] WARNING: Required directory missing: G:\PowerShellBat\Scripts\GUI
[2026-07-03 11:24:47] WARNING: Required directory missing: G:\PowerShellBat\Scripts\UI
[2026-07-03 11:24:47] WARNING: Required file missing: G:\PowerShellBat\Scripts\Core\AURORA-CoreEngine.ps1
[2026-07-03 11:24:47] WARNING: Required file missing: G:\PowerShellBat\Scripts\Security\AURORA-SecurityModule.ps1
[2026-07-03 11:24:47] WARNING: Required file missing: G:\PowerShellBat\Scripts\PRO\AURORA-AnalyzerPRO-Engine.ps1
[2026-07-03 11:24:47] VerifyDirectoryIntegrity: OK
[2026-07-03 11:24:47] Directory integrity check passed
[2026-07-03 11:24:47] IntegrityGuard detection: NONE
[2026-07-03 11:24:47] IntegrityGuard initialized
[2026-07-03 11:24:47] ElevationService configured
[2026-07-03 11:24:48] Creating SplashScreenView
[2026-07-03 11:24:48] SplashScreenView.ctor begin
[2026-07-03 11:24:48] SplashScreenView.ctor InitializeComponent done
[2026-07-03 11:24:48] SplashScreenView.ctor done
[2026-07-03 11:24:48] MainWindow set to SplashScreenView
[2026-07-03 11:24:48] SplashScreenView.Loaded
[2026-07-03 11:24:48] SplashScreenView.Show() returned
[2026-07-03 11:24:59] OnStartup
[2026-07-03 11:24:59] Password verification skipped: IsLaunchedByExe=true
[2026-07-03 11:24:59] Password verification passed
[2026-07-03 11:25:00] AURORA_PERF_TIER=Extreme
[2026-07-03 11:25:00] AURORA_LANGUAGE=CHS
[2026-07-03 11:25:00] AURORA_IS_LAUNCHED_BY_EXE=True
[2026-07-03 11:25:00] WARNING: Required directory missing: G:\PowerShellBat\Scripts
[2026-07-03 11:25:00] WARNING: Required directory missing: G:\PowerShellBat\Scripts\Core
[2026-07-03 11:25:00] WARNING: Required directory missing: G:\PowerShellBat\Scripts\Security
[2026-07-03 11:25:00] WARNING: Required directory missing: G:\PowerShellBat\Scripts\PRO
[2026-07-03 11:25:00] WARNING: Required directory missing: G:\PowerShellBat\Scripts\Engines
[2026-07-03 11:25:00] WARNING: Required directory missing: G:\PowerShellBat\Scripts\Session
[2026-07-03 11:25:00] WARNING: Required directory missing: G:\PowerShellBat\Scripts\GUI
[2026-07-03 11:25:00] WARNING: Required directory missing: G:\PowerShellBat\Scripts\UI
[2026-07-03 11:25:00] WARNING: Required file missing: G:\PowerShellBat\Scripts\Core\AURORA-CoreEngine.ps1
[2026-07-03 11:25:00] WARNING: Required file missing: G:\PowerShellBat\Scripts\Security\AURORA-SecurityModule.ps1
[2026-07-03 11:25:00] WARNING: Required file missing: G:\PowerShellBat\Scripts\PRO\AURORA-AnalyzerPRO-Engine.ps1
[2026-07-03 11:25:00] VerifyDirectoryIntegrity: OK
[2026-07-03 11:25:00] Directory integrity check passed
[2026-07-03 11:25:00] IntegrityGuard detection: NONE
[2026-07-03 11:25:00] IntegrityGuard initialized
[2026-07-03 11:25:00] ElevationService configured
[2026-07-03 11:25:00] SplashScreenView.LoadingComplete
[2026-07-03 11:25:00] Creating SplashScreenView
[2026-07-03 11:25:00] SplashScreenView.ctor begin
[2026-07-03 11:25:00] SplashScreenView.ctor InitializeComponent done
[2026-07-03 11:25:00] SplashScreenView.ctor done
[2026-07-03 11:25:00] MainWindow set to SplashScreenView
[2026-07-03 11:25:00] ShowMainWindow: show ElevationDialog first
[2026-07-03 11:25:01] SplashScreenView.Loaded
[2026-07-03 11:25:01] SplashScreenView.Show() returned
[2026-07-03 11:25:05] SplashScreenView.Closed
[2026-07-03 11:25:05] PerformExitCleanup: done
[2026-07-03 11:25:05] PerformExitCleanup: done
[2026-07-03 11:25:12] SplashScreenView.LoadingComplete
[2026-07-03 11:25:13] ShowMainWindow: show ElevationDialog first
[2026-07-03 11:26:34] SplashScreenView.Closed
[2026-07-03 11:26:34] PerformExitCleanup: done
[2026-07-03 11:26:34] PerformExitCleanup: done
[2026-07-03 11:30:28] OnStartup
[2026-07-03 11:30:28] Password verification skipped: IsLaunchedByExe=true
[2026-07-03 11:30:28] Password verification passed
[2026-07-03 11:30:28] AURORA_PERF_TIER=Extreme
[2026-07-03 11:30:28] AURORA_LANGUAGE=CHS
[2026-07-03 11:30:28] AURORA_IS_LAUNCHED_BY_EXE=True
[2026-07-03 11:30:28] WARNING: Required directory missing: G:\PowerShellBat\Scripts
[2026-07-03 11:30:28] WARNING: Required directory missing: G:\PowerShellBat\Scripts\Core
[2026-07-03 11:30:28] WARNING: Required directory missing: G:\PowerShellBat\Scripts\Security
[2026-07-03 11:30:28] WARNING: Required directory missing: G:\PowerShellBat\Scripts\PRO
[2026-07-03 11:30:28] WARNING: Required directory missing: G:\PowerShellBat\Scripts\Engines
[2026-07-03 11:30:28] WARNING: Required directory missing: G:\PowerShellBat\Scripts\Session
[2026-07-03 11:30:28] WARNING: Required directory missing: G:\PowerShellBat\Scripts\GUI
[2026-07-03 11:30:28] WARNING: Required directory missing: G:\PowerShellBat\Scripts\UI
[2026-07-03 11:30:28] WARNING: Required file missing: G:\PowerShellBat\Scripts\Core\AURORA-CoreEngine.ps1
[2026-07-03 11:30:28] WARNING: Required file missing: G:\PowerShellBat\Scripts\Security\AURORA-SecurityModule.ps1
[2026-07-03 11:30:28] WARNING: Required file missing: G:\PowerShellBat\Scripts\PRO\AURORA-AnalyzerPRO-Engine.ps1
[2026-07-03 11:30:28] VerifyDirectoryIntegrity: OK
[2026-07-03 11:30:28] Directory integrity check passed
[2026-07-03 11:30:28] IntegrityGuard detection: NONE
[2026-07-03 11:30:28] IntegrityGuard initialized
[2026-07-03 11:30:28] ElevationService configured
[2026-07-03 11:30:28] Creating SplashScreenView
[2026-07-03 11:30:28] SplashScreenView.ctor begin
[2026-07-03 11:30:29] SplashScreenView.ctor InitializeComponent done
[2026-07-03 11:30:29] SplashScreenView.ctor done
[2026-07-03 11:30:29] MainWindow set to SplashScreenView
[2026-07-03 11:30:29] SplashScreenView.Loaded
[2026-07-03 11:30:29] SplashScreenView.Show() returned
[2026-07-03 11:30:41] SplashScreenView.LoadingComplete
[2026-07-03 11:30:41] ShowMainWindow: show ElevationDialog first
[2026-07-03 11:30:53] ElevationDialog result: ContinueNormal
[2026-07-03 11:30:53] MainFormView.ctor begin
[2026-07-03 11:30:53] MainFormView.ctor InitializeComponent done
[2026-07-03 11:30:53] MainFormView.Loaded
[2026-07-03 11:30:53] MainFormView.PlayWindowEnterAnimation OK
[2026-07-03 11:30:53] SplashScreenView.Closed
[2026-07-03 11:31:10] ProModeView.ctor begin
[2026-07-03 11:31:10] ProModeView.ctor InitializeComponent done
[2026-07-03 11:31:10] [PRO-SWITCH] PlayWindowExitAnimationForModeSwitch begin
[2026-07-03 11:31:12] ProModeView.OnWindowLoaded begin
[2026-07-03 11:31:12] ProModeView IntegrityGuard runtime monitoring started
[2026-07-03 11:31:12] ProModeView.PlayProModeWindowEnter begin
[2026-07-03 11:31:12] ProModeView.PlayProModeWindowEnter scheduled
[2026-07-03 11:31:12] ProModeView.OnWindowLoaded end
[2026-07-03 11:31:26] PerformExitCleanup: done
[2026-07-03 11:31:26] PerformExitCleanup: done
[2026-07-03 11:34:16] OnStartup
[2026-07-03 11:34:16] Password verification skipped: IsLaunchedByExe=true
[2026-07-03 11:34:16] Password verification passed
[2026-07-03 11:34:16] AURORA_PERF_TIER=Extreme
[2026-07-03 11:34:16] AURORA_LANGUAGE=CHS
[2026-07-03 11:34:16] AURORA_IS_LAUNCHED_BY_EXE=True
[2026-07-03 11:34:16] WARNING: Required directory missing: G:\PowerShellBat\Scripts
[2026-07-03 11:34:16] WARNING: Required directory missing: G:\PowerShellBat\Scripts\Core
[2026-07-03 11:34:16] WARNING: Required directory missing: G:\PowerShellBat\Scripts\Security
[2026-07-03 11:34:16] WARNING: Required directory missing: G:\PowerShellBat\Scripts\PRO
[2026-07-03 11:34:16] WARNING: Required directory missing: G:\PowerShellBat\Scripts\Engines
[2026-07-03 11:34:16] WARNING: Required directory missing: G:\PowerShellBat\Scripts\Session
[2026-07-03 11:34:16] WARNING: Required directory missing: G:\PowerShellBat\Scripts\GUI
[2026-07-03 11:34:16] WARNING: Required directory missing: G:\PowerShellBat\Scripts\UI
[2026-07-03 11:34:16] WARNING: Required file missing: G:\PowerShellBat\Scripts\Core\AURORA-CoreEngine.ps1
[2026-07-03 11:34:16] WARNING: Required file missing: G:\PowerShellBat\Scripts\Security\AURORA-SecurityModule.ps1
[2026-07-03 11:34:16] WARNING: Required file missing: G:\PowerShellBat\Scripts\PRO\AURORA-AnalyzerPRO-Engine.ps1
[2026-07-03 11:34:16] VerifyDirectoryIntegrity: OK
[2026-07-03 11:34:16] Directory integrity check passed
[2026-07-03 11:34:16] IntegrityGuard detection: NONE
[2026-07-03 11:34:16] IntegrityGuard initialized
[2026-07-03 11:34:16] ElevationService configured
[2026-07-03 11:34:17] Creating SplashScreenView
[2026-07-03 11:34:17] SplashScreenView.ctor begin
[2026-07-03 11:34:17] SplashScreenView.ctor InitializeComponent done
[2026-07-03 11:34:17] SplashScreenView.ctor done
[2026-07-03 11:34:17] MainWindow set to SplashScreenView
[2026-07-03 11:34:17] SplashScreenView.Loaded
[2026-07-03 11:34:17] SplashScreenView.Show() returned
[2026-07-03 11:34:29] SplashScreenView.LoadingComplete
[2026-07-03 11:34:29] ShowMainWindow: show ElevationDialog first
[2026-07-03 11:34:33] ElevationDialog result: ContinueNormal
[2026-07-03 11:34:33] MainFormView.ctor begin
[2026-07-03 11:34:33] MainFormView.ctor InitializeComponent done
[2026-07-03 11:34:33] MainFormView.Loaded
[2026-07-03 11:34:33] MainFormView.PlayWindowEnterAnimation OK
[2026-07-03 11:34:33] SplashScreenView.Closed
[2026-07-03 11:35:16] ProModeView.ctor begin
[2026-07-03 11:35:16] ProModeView.ctor InitializeComponent done
[2026-07-03 11:35:16] [PRO-SWITCH] PlayWindowExitAnimationForModeSwitch begin
[2026-07-03 11:35:18] ProModeView.OnWindowLoaded begin
[2026-07-03 11:35:18] ProModeView IntegrityGuard runtime monitoring started
[2026-07-03 11:35:18] ProModeView.PlayProModeWindowEnter begin
[2026-07-03 11:35:18] ProModeView.PlayProModeWindowEnter scheduled
[2026-07-03 11:35:18] ProModeView.OnWindowLoaded end
[2026-07-03 11:35:38] PerformExitCleanup: done
[2026-07-03 11:35:38] PerformExitCleanup: done
[2026-07-03 11:41:18] OnStartup
[2026-07-03 11:41:18] Password verification skipped: IsLaunchedByExe=true
[2026-07-03 11:41:18] Password verification passed
[2026-07-03 11:41:18] AURORA_PERF_TIER=Extreme
[2026-07-03 11:41:18] AURORA_LANGUAGE=CHS
[2026-07-03 11:41:18] AURORA_IS_LAUNCHED_BY_EXE=True
[2026-07-03 11:41:18] WARNING: Required directory missing: G:\PowerShellBat\Scripts
[2026-07-03 11:41:18] WARNING: Required directory missing: G:\PowerShellBat\Scripts\Core
[2026-07-03 11:41:18] WARNING: Required directory missing: G:\PowerShellBat\Scripts\Security
[2026-07-03 11:41:18] WARNING: Required directory missing: G:\PowerShellBat\Scripts\PRO
[2026-07-03 11:41:18] WARNING: Required directory missing: G:\PowerShellBat\Scripts\Engines
[2026-07-03 11:41:18] WARNING: Required directory missing: G:\PowerShellBat\Scripts\Session
[2026-07-03 11:41:18] WARNING: Required directory missing: G:\PowerShellBat\Scripts\GUI
[2026-07-03 11:41:18] WARNING: Required directory missing: G:\PowerShellBat\Scripts\UI
[2026-07-03 11:41:18] WARNING: Required file missing: G:\PowerShellBat\Scripts\Core\AURORA-CoreEngine.ps1
[2026-07-03 11:41:18] WARNING: Required file missing: G:\PowerShellBat\Scripts\Security\AURORA-SecurityModule.ps1
[2026-07-03 11:41:18] WARNING: Required file missing: G:\PowerShellBat\Scripts\PRO\AURORA-AnalyzerPRO-Engine.ps1
[2026-07-03 11:41:18] VerifyDirectoryIntegrity: OK
[2026-07-03 11:41:18] Directory integrity check passed
[2026-07-03 11:41:18] IntegrityGuard detection: NONE
[2026-07-03 11:41:18] IntegrityGuard initialized
[2026-07-03 11:41:18] ElevationService configured
[2026-07-03 11:41:18] Creating SplashScreenView
[2026-07-03 11:41:18] SplashScreenView.ctor begin
[2026-07-03 11:41:19] SplashScreenView.ctor InitializeComponent done
[2026-07-03 11:41:19] SplashScreenView.ctor done
[2026-07-03 11:41:19] MainWindow set to SplashScreenView
[2026-07-03 11:41:19] SplashScreenView.Loaded
[2026-07-03 11:41:19] SplashScreenView.Show() returned
[2026-07-03 11:41:31] SplashScreenView.LoadingComplete
[2026-07-03 11:41:31] ShowMainWindow: show ElevationDialog first
[2026-07-03 11:42:05] ElevationDialog result: ContinueNormal
[2026-07-03 11:42:05] MainFormView.ctor begin
[2026-07-03 11:42:05] MainFormView.ctor InitializeComponent done
[2026-07-03 11:42:05] MainFormView.Loaded
[2026-07-03 11:42:05] MainFormView.PlayWindowEnterAnimation OK
[2026-07-03 11:42:05] SplashScreenView.Closed
[2026-07-03 11:42:38] ProModeView.ctor begin
[2026-07-03 11:42:38] ProModeView.ctor InitializeComponent done
[2026-07-03 11:42:38] [PRO-SWITCH] PlayWindowExitAnimationForModeSwitch begin
[2026-07-03 11:42:40] ProModeView.OnWindowLoaded begin
[2026-07-03 11:42:40] ProModeView IntegrityGuard runtime monitoring started
[2026-07-03 11:42:40] ProModeView.PlayProModeWindowEnter begin
[2026-07-03 11:42:40] ProModeView.PlayProModeWindowEnter scheduled
[2026-07-03 11:42:40] ProModeView.OnWindowLoaded end
[2026-07-03 11:42:54] PerformExitCleanup: done
[2026-07-03 11:42:54] PerformExitCleanup: done
[2026-07-03 11:56:18] OnStartup
[2026-07-03 11:56:18] Password verification skipped: IsLaunchedByExe=true
[2026-07-03 11:56:18] Password verification passed
[2026-07-03 11:56:18] AURORA_PERF_TIER=Extreme
[2026-07-03 11:56:18] AURORA_LANGUAGE=CHS
[2026-07-03 11:56:18] AURORA_IS_LAUNCHED_BY_EXE=True
[2026-07-03 11:56:18] WARNING: Required directory missing: G:\PowerShellBat\Scripts
[2026-07-03 11:56:18] WARNING: Required directory missing: G:\PowerShellBat\Scripts\Core
[2026-07-03 11:56:18] WARNING: Required directory missing: G:\PowerShellBat\Scripts\Security
[2026-07-03 11:56:18] WARNING: Required directory missing: G:\PowerShellBat\Scripts\PRO
[2026-07-03 11:56:18] WARNING: Required directory missing: G:\PowerShellBat\Scripts\Engines
[2026-07-03 11:56:18] WARNING: Required directory missing: G:\PowerShellBat\Scripts\Session
[2026-07-03 11:56:18] WARNING: Required directory missing: G:\PowerShellBat\Scripts\GUI
[2026-07-03 11:56:18] WARNING: Required directory missing: G:\PowerShellBat\Scripts\UI
[2026-07-03 11:56:18] WARNING: Required file missing: G:\PowerShellBat\Scripts\Core\AURORA-CoreEngine.ps1
[2026-07-03 11:56:18] WARNING: Required file missing: G:\PowerShellBat\Scripts\Security\AURORA-SecurityModule.ps1
[2026-07-03 11:56:18] WARNING: Required file missing: G:\PowerShellBat\Scripts\PRO\AURORA-AnalyzerPRO-Engine.ps1
[2026-07-03 11:56:18] VerifyDirectoryIntegrity: OK
[2026-07-03 11:56:18] Directory integrity check passed
[2026-07-03 11:56:18] IntegrityGuard detection: NONE
[2026-07-03 11:56:18] IntegrityGuard initialized
[2026-07-03 11:56:18] ElevationService configured
[2026-07-03 11:56:18] Creating SplashScreenView
[2026-07-03 11:56:18] SplashScreenView.ctor begin
[2026-07-03 11:56:19] SplashScreenView.ctor InitializeComponent done
[2026-07-03 11:56:19] SplashScreenView.ctor done
[2026-07-03 11:56:19] MainWindow set to SplashScreenView
[2026-07-03 11:56:19] SplashScreenView.Loaded
[2026-07-03 11:56:19] SplashScreenView.Show() returned
[2026-07-03 11:56:31] SplashScreenView.LoadingComplete
[2026-07-03 11:56:31] ShowMainWindow: show ElevationDialog first
[2026-07-03 11:59:21] SplashScreenView.Closed
[2026-07-03 11:59:21] PerformExitCleanup: done
[2026-07-03 11:59:21] PerformExitCleanup: done
[2026-07-03 12:29:28] OnStartup
[2026-07-03 12:29:28] Password verification skipped: IsLaunchedByExe=true
[2026-07-03 12:29:28] Password verification passed
[2026-07-03 12:29:29] AURORA_PERF_TIER=Extreme
[2026-07-03 12:29:29] AURORA_LANGUAGE=CHS
[2026-07-03 12:29:29] AURORA_IS_LAUNCHED_BY_EXE=True
[2026-07-03 12:29:29] WARNING: Required directory missing: G:\PowerShellBat\Scripts
[2026-07-03 12:29:29] WARNING: Required directory missing: G:\PowerShellBat\Scripts\Core
[2026-07-03 12:29:29] WARNING: Required directory missing: G:\PowerShellBat\Scripts\Security
[2026-07-03 12:29:29] WARNING: Required directory missing: G:\PowerShellBat\Scripts\PRO
[2026-07-03 12:29:29] WARNING: Required directory missing: G:\PowerShellBat\Scripts\Engines
[2026-07-03 12:29:29] WARNING: Required directory missing: G:\PowerShellBat\Scripts\Session
[2026-07-03 12:29:29] WARNING: Required directory missing: G:\PowerShellBat\Scripts\GUI
[2026-07-03 12:29:29] WARNING: Required directory missing: G:\PowerShellBat\Scripts\UI
[2026-07-03 12:29:29] WARNING: Required file missing: G:\PowerShellBat\Scripts\Core\AURORA-CoreEngine.ps1
[2026-07-03 12:29:29] WARNING: Required file missing: G:\PowerShellBat\Scripts\Security\AURORA-SecurityModule.ps1
[2026-07-03 12:29:29] WARNING: Required file missing: G:\PowerShellBat\Scripts\PRO\AURORA-AnalyzerPRO-Engine.ps1
[2026-07-03 12:29:29] VerifyDirectoryIntegrity: OK
[2026-07-03 12:29:29] Directory integrity check passed
[2026-07-03 12:29:29] IntegrityGuard detection: NONE
[2026-07-03 12:29:29] IntegrityGuard initialized
[2026-07-03 12:29:29] ElevationService configured
[2026-07-03 12:29:29] Creating SplashScreenView
[2026-07-03 12:29:29] SplashScreenView.ctor begin
[2026-07-03 12:29:29] SplashScreenView.ctor InitializeComponent done
[2026-07-03 12:29:29] SplashScreenView.ctor done
[2026-07-03 12:29:29] MainWindow set to SplashScreenView
[2026-07-03 12:29:30] SplashScreenView.Loaded
[2026-07-03 12:29:30] SplashScreenView.Show() returned
[2026-07-03 12:29:41] SplashScreenView.LoadingComplete
[2026-07-03 12:29:42] ShowMainWindow: show ElevationDialog first
[2026-07-03 12:30:29] SplashScreenView.Closed
[2026-07-03 12:30:29] PerformExitCleanup: done
[2026-07-03 12:30:29] PerformExitCleanup: done
[2026-07-03 12:34:12] OnStartup
[2026-07-03 12:34:12] Password verification skipped: IsLaunchedByExe=true
[2026-07-03 12:34:12] Password verification passed
[2026-07-03 12:34:12] AURORA_PERF_TIER=Extreme
[2026-07-03 12:34:12] AURORA_LANGUAGE=CHS
[2026-07-03 12:34:12] AURORA_IS_LAUNCHED_BY_EXE=True
[2026-07-03 12:34:12] WARNING: Required directory missing: G:\PowerShellBat\Scripts
[2026-07-03 12:34:12] WARNING: Required directory missing: G:\PowerShellBat\Scripts\Core
[2026-07-03 12:34:12] WARNING: Required directory missing: G:\PowerShellBat\Scripts\Security
[2026-07-03 12:34:12] WARNING: Required directory missing: G:\PowerShellBat\Scripts\PRO
[2026-07-03 12:34:12] WARNING: Required directory missing: G:\PowerShellBat\Scripts\Engines
[2026-07-03 12:34:12] WARNING: Required directory missing: G:\PowerShellBat\Scripts\Session
[2026-07-03 12:34:12] WARNING: Required directory missing: G:\PowerShellBat\Scripts\GUI
[2026-07-03 12:34:12] WARNING: Required directory missing: G:\PowerShellBat\Scripts\UI
[2026-07-03 12:34:12] WARNING: Required file missing: G:\PowerShellBat\Scripts\Core\AURORA-CoreEngine.ps1
[2026-07-03 12:34:12] WARNING: Required file missing: G:\PowerShellBat\Scripts\Security\AURORA-SecurityModule.ps1
[2026-07-03 12:34:12] WARNING: Required file missing: G:\PowerShellBat\Scripts\PRO\AURORA-AnalyzerPRO-Engine.ps1
[2026-07-03 12:34:12] VerifyDirectoryIntegrity: OK
[2026-07-03 12:34:12] Directory integrity check passed
[2026-07-03 12:34:12] IntegrityGuard detection: NONE
[2026-07-03 12:34:12] IntegrityGuard initialized
[2026-07-03 12:34:12] ElevationService configured
[2026-07-03 12:34:13] Creating SplashScreenView
[2026-07-03 12:34:13] SplashScreenView.ctor begin
[2026-07-03 12:34:13] SplashScreenView.ctor InitializeComponent done
[2026-07-03 12:34:13] SplashScreenView.ctor done
[2026-07-03 12:34:13] MainWindow set to SplashScreenView
[2026-07-03 12:34:13] SplashScreenView.Loaded
[2026-07-03 12:34:13] SplashScreenView.Show() returned
[2026-07-03 12:34:25] SplashScreenView.LoadingComplete
[2026-07-03 12:34:25] ShowMainWindow: show ElevationDialog first
[2026-07-03 12:34:50] ElevationDialog result: ContinueNormal
[2026-07-03 12:34:50] MainFormView.ctor begin
[2026-07-03 12:34:50] MainFormView.ctor InitializeComponent done
[2026-07-03 12:34:50] MainFormView.Loaded
[2026-07-03 12:34:50] MainFormView.PlayWindowEnterAnimation OK
[2026-07-03 12:34:51] SplashScreenView.Closed
[2026-07-03 12:35:18] ProModeView.ctor begin
[2026-07-03 12:35:18] ProModeView.ctor InitializeComponent done
[2026-07-03 12:35:18] [PRO-SWITCH] PlayWindowExitAnimationForModeSwitch begin
[2026-07-03 12:35:20] ProModeView.OnWindowLoaded begin
[2026-07-03 12:35:20] ProModeView IntegrityGuard runtime monitoring started
[2026-07-03 12:35:20] ProModeView.PlayProModeWindowEnter begin
[2026-07-03 12:35:20] ProModeView.PlayProModeWindowEnter scheduled
[2026-07-03 12:35:20] ProModeView.OnWindowLoaded end
[2026-07-03 12:36:33] PerformExitCleanup: done
[2026-07-03 12:36:33] PerformExitCleanup: done
[2026-07-03 12:56:24] OnStartup
[2026-07-03 12:56:24] Password verification skipped: IsLaunchedByExe=true
[2026-07-03 12:56:24] Password verification passed
[2026-07-03 12:56:25] AURORA_PERF_TIER=Extreme
[2026-07-03 12:56:25] AURORA_LANGUAGE=CHS
[2026-07-03 12:56:25] AURORA_IS_LAUNCHED_BY_EXE=True
[2026-07-03 12:56:25] WARNING: Required directory missing: G:\PowerShellBat\Scripts
[2026-07-03 12:56:25] WARNING: Required directory missing: G:\PowerShellBat\Scripts\Core
[2026-07-03 12:56:25] WARNING: Required directory missing: G:\PowerShellBat\Scripts\Security
[2026-07-03 12:56:25] WARNING: Required directory missing: G:\PowerShellBat\Scripts\PRO
[2026-07-03 12:56:25] WARNING: Required directory missing: G:\PowerShellBat\Scripts\Engines
[2026-07-03 12:56:25] WARNING: Required directory missing: G:\PowerShellBat\Scripts\Session
[2026-07-03 12:56:25] WARNING: Required directory missing: G:\PowerShellBat\Scripts\GUI
[2026-07-03 12:56:25] WARNING: Required directory missing: G:\PowerShellBat\Scripts\UI
[2026-07-03 12:56:25] WARNING: Required file missing: G:\PowerShellBat\Scripts\Core\AURORA-CoreEngine.ps1
[2026-07-03 12:56:25] WARNING: Required file missing: G:\PowerShellBat\Scripts\Security\AURORA-SecurityModule.ps1
[2026-07-03 12:56:25] WARNING: Required file missing: G:\PowerShellBat\Scripts\PRO\AURORA-AnalyzerPRO-Engine.ps1
[2026-07-03 12:56:25] VerifyDirectoryIntegrity: OK
[2026-07-03 12:56:25] Directory integrity check passed
[2026-07-03 12:56:25] IntegrityGuard detection: NONE
[2026-07-03 12:56:25] IntegrityGuard initialized
[2026-07-03 12:56:25] ElevationService configured
[2026-07-03 12:56:25] Creating SplashScreenView
[2026-07-03 12:56:25] SplashScreenView.ctor begin
[2026-07-03 12:56:25] SplashScreenView.ctor InitializeComponent done
[2026-07-03 12:56:25] SplashScreenView.ctor done
[2026-07-03 12:56:25] MainWindow set to SplashScreenView
[2026-07-03 12:56:26] SplashScreenView.Loaded
[2026-07-03 12:56:26] SplashScreenView.Show() returned
[2026-07-03 12:56:37] SplashScreenView.LoadingComplete
[2026-07-03 12:56:38] ShowMainWindow: show ElevationDialog first
[2026-07-03 12:57:22] SplashScreenView.Closed
[2026-07-03 12:57:22] PerformExitCleanup: done
[2026-07-03 12:57:22] PerformExitCleanup: done
[2026-07-03 12:57:32] OnStartup
[2026-07-03 12:57:32] Password verification skipped: IsLaunchedByExe=true
[2026-07-03 12:57:32] Password verification passed
[2026-07-03 12:57:32] AURORA_PERF_TIER=Extreme
[2026-07-03 12:57:32] AURORA_LANGUAGE=CHS
[2026-07-03 12:57:32] AURORA_IS_LAUNCHED_BY_EXE=True
[2026-07-03 12:57:32] WARNING: Required directory missing: G:\PowerShellBat\Scripts
[2026-07-03 12:57:32] WARNING: Required directory missing: G:\PowerShellBat\Scripts\Core
[2026-07-03 12:57:32] WARNING: Required directory missing: G:\PowerShellBat\Scripts\Security
[2026-07-03 12:57:32] WARNING: Required directory missing: G:\PowerShellBat\Scripts\PRO
[2026-07-03 12:57:32] WARNING: Required directory missing: G:\PowerShellBat\Scripts\Engines
[2026-07-03 12:57:32] WARNING: Required directory missing: G:\PowerShellBat\Scripts\Session
[2026-07-03 12:57:32] WARNING: Required directory missing: G:\PowerShellBat\Scripts\GUI
[2026-07-03 12:57:32] WARNING: Required directory missing: G:\PowerShellBat\Scripts\UI
[2026-07-03 12:57:32] WARNING: Required file missing: G:\PowerShellBat\Scripts\Core\AURORA-CoreEngine.ps1
[2026-07-03 12:57:32] WARNING: Required file missing: G:\PowerShellBat\Scripts\Security\AURORA-SecurityModule.ps1
[2026-07-03 12:57:32] WARNING: Required file missing: G:\PowerShellBat\Scripts\PRO\AURORA-AnalyzerPRO-Engine.ps1
[2026-07-03 12:57:32] VerifyDirectoryIntegrity: OK
[2026-07-03 12:57:32] Directory integrity check passed
[2026-07-03 12:57:32] IntegrityGuard detection: NONE
[2026-07-03 12:57:32] IntegrityGuard initialized
[2026-07-03 12:57:32] ElevationService configured
[2026-07-03 12:57:33] Creating SplashScreenView
[2026-07-03 12:57:33] SplashScreenView.ctor begin
[2026-07-03 12:57:33] SplashScreenView.ctor InitializeComponent done
[2026-07-03 12:57:33] SplashScreenView.ctor done
[2026-07-03 12:57:33] MainWindow set to SplashScreenView
[2026-07-03 12:57:33] SplashScreenView.Loaded
[2026-07-03 12:57:33] SplashScreenView.Show() returned
[2026-07-03 12:57:45] SplashScreenView.LoadingComplete
[2026-07-03 12:57:46] ShowMainWindow: show ElevationDialog first
[2026-07-03 12:57:51] ElevationDialog result: ContinueNormal
[2026-07-03 12:57:51] MainFormView.ctor begin
[2026-07-03 12:57:51] MainFormView.ctor InitializeComponent done
[2026-07-03 12:57:52] MainFormView.Loaded
[2026-07-03 12:57:52] MainFormView.PlayWindowEnterAnimation OK
[2026-07-03 12:57:52] SplashScreenView.Closed
[2026-07-03 12:58:23] ProModeView.ctor begin
[2026-07-03 12:58:23] ProModeView.ctor InitializeComponent done
[2026-07-03 12:58:23] [PRO-SWITCH] PlayWindowExitAnimationForModeSwitch begin
[2026-07-03 12:58:25] ProModeView.OnWindowLoaded begin
[2026-07-03 12:58:25] ProModeView IntegrityGuard runtime monitoring started
[2026-07-03 12:58:25] ProModeView.PlayProModeWindowEnter begin
[2026-07-03 12:58:25] ProModeView.PlayProModeWindowEnter scheduled
[2026-07-03 12:58:25] ProModeView.OnWindowLoaded end
[2026-07-03 13:01:25] PerformExitCleanup: done
[2026-07-03 13:01:25] PerformExitCleanup: done
[2026-07-03 13:21:21] OnStartup
[2026-07-03 13:21:21] Password verification skipped: IsLaunchedByExe=true
[2026-07-03 13:21:21] Password verification passed
[2026-07-03 13:21:21] AURORA_PERF_TIER=Extreme
[2026-07-03 13:21:21] AURORA_LANGUAGE=CHS
[2026-07-03 13:21:21] AURORA_IS_LAUNCHED_BY_EXE=True
[2026-07-03 13:21:21] WARNING: Required directory missing: G:\PowerShellBat\Scripts
[2026-07-03 13:21:21] WARNING: Required directory missing: G:\PowerShellBat\Scripts\Core
[2026-07-03 13:21:21] WARNING: Required directory missing: G:\PowerShellBat\Scripts\Security
[2026-07-03 13:21:21] WARNING: Required directory missing: G:\PowerShellBat\Scripts\PRO
[2026-07-03 13:21:21] WARNING: Required directory missing: G:\PowerShellBat\Scripts\Engines
[2026-07-03 13:21:21] WARNING: Required directory missing: G:\PowerShellBat\Scripts\Session
[2026-07-03 13:21:21] WARNING: Required directory missing: G:\PowerShellBat\Scripts\GUI
[2026-07-03 13:21:21] WARNING: Required directory missing: G:\PowerShellBat\Scripts\UI
[2026-07-03 13:21:21] WARNING: Required file missing: G:\PowerShellBat\Scripts\Core\AURORA-CoreEngine.ps1
[2026-07-03 13:21:21] WARNING: Required file missing: G:\PowerShellBat\Scripts\Security\AURORA-SecurityModule.ps1
[2026-07-03 13:21:21] WARNING: Required file missing: G:\PowerShellBat\Scripts\PRO\AURORA-AnalyzerPRO-Engine.ps1
[2026-07-03 13:21:21] VerifyDirectoryIntegrity: OK
[2026-07-03 13:21:21] Directory integrity check passed
[2026-07-03 13:21:21] IntegrityGuard detection: NONE
[2026-07-03 13:21:21] IntegrityGuard initialized
[2026-07-03 13:21:21] ElevationService configured
[2026-07-03 13:21:22] Creating SplashScreenView
[2026-07-03 13:21:22] SplashScreenView.ctor begin
[2026-07-03 13:21:22] SplashScreenView.ctor InitializeComponent done
[2026-07-03 13:21:22] SplashScreenView.ctor done
[2026-07-03 13:21:22] MainWindow set to SplashScreenView
[2026-07-03 13:21:22] SplashScreenView.Loaded
[2026-07-03 13:21:22] SplashScreenView.Show() returned
[2026-07-03 13:21:34] SplashScreenView.LoadingComplete
[2026-07-03 13:21:34] ShowMainWindow: show ElevationDialog first
[2026-07-03 13:21:51] ElevationDialog result: ContinueNormal
[2026-07-03 13:21:51] MainFormView.ctor begin
[2026-07-03 13:21:51] MainFormView.ctor InitializeComponent done
[2026-07-03 13:21:51] MainFormView.Loaded
[2026-07-03 13:21:51] MainFormView.PlayWindowEnterAnimation OK
[2026-07-03 13:21:51] SplashScreenView.Closed
[2026-07-03 13:22:48] ProModeView.ctor begin
[2026-07-03 13:22:48] ProModeView.ctor InitializeComponent done
[2026-07-03 13:22:48] [PRO-SWITCH] PlayWindowExitAnimationForModeSwitch begin
[2026-07-03 13:22:50] ProModeView.OnWindowLoaded begin
[2026-07-03 13:22:50] ProModeView IntegrityGuard runtime monitoring started
[2026-07-03 13:22:50] ProModeView.PlayProModeWindowEnter begin
[2026-07-03 13:22:50] ProModeView.PlayProModeWindowEnter scheduled
[2026-07-03 13:22:50] ProModeView.OnWindowLoaded end
[2026-07-03 13:23:18] PerformExitCleanup: done
[2026-07-03 13:23:18] PerformExitCleanup: done
[2026-07-03 13:29:31] OnStartup
[2026-07-03 13:29:31] Password verification skipped: IsLaunchedByExe=true
[2026-07-03 13:29:31] Password verification passed
[2026-07-03 13:29:31] AURORA_PERF_TIER=Extreme
[2026-07-03 13:29:31] AURORA_LANGUAGE=CHS
[2026-07-03 13:29:31] AURORA_IS_LAUNCHED_BY_EXE=True
[2026-07-03 13:29:31] WARNING: Required directory missing: G:\PowerShellBat\Scripts
[2026-07-03 13:29:31] WARNING: Required directory missing: G:\PowerShellBat\Scripts\Core
[2026-07-03 13:29:31] WARNING: Required directory missing: G:\PowerShellBat\Scripts\Security
[2026-07-03 13:29:31] WARNING: Required directory missing: G:\PowerShellBat\Scripts\PRO
[2026-07-03 13:29:31] WARNING: Required directory missing: G:\PowerShellBat\Scripts\Engines
[2026-07-03 13:29:31] WARNING: Required directory missing: G:\PowerShellBat\Scripts\Session
[2026-07-03 13:29:31] WARNING: Required directory missing: G:\PowerShellBat\Scripts\GUI
[2026-07-03 13:29:31] WARNING: Required directory missing: G:\PowerShellBat\Scripts\UI
[2026-07-03 13:29:31] WARNING: Required file missing: G:\PowerShellBat\Scripts\Core\AURORA-CoreEngine.ps1
[2026-07-03 13:29:31] WARNING: Required file missing: G:\PowerShellBat\Scripts\Security\AURORA-SecurityModule.ps1
[2026-07-03 13:29:31] WARNING: Required file missing: G:\PowerShellBat\Scripts\PRO\AURORA-AnalyzerPRO-Engine.ps1
[2026-07-03 13:29:31] VerifyDirectoryIntegrity: OK
[2026-07-03 13:29:31] Directory integrity check passed
[2026-07-03 13:29:31] IntegrityGuard detection: NONE
[2026-07-03 13:29:31] IntegrityGuard initialized
[2026-07-03 13:29:31] ElevationService configured
[2026-07-03 13:29:31] Creating SplashScreenView
[2026-07-03 13:29:31] SplashScreenView.ctor begin
[2026-07-03 13:29:32] SplashScreenView.ctor InitializeComponent done
[2026-07-03 13:29:32] SplashScreenView.ctor done
[2026-07-03 13:29:32] MainWindow set to SplashScreenView
[2026-07-03 13:29:32] SplashScreenView.Loaded
[2026-07-03 13:29:32] SplashScreenView.Show() returned
[2026-07-03 13:29:44] SplashScreenView.LoadingComplete
[2026-07-03 13:29:44] ShowMainWindow: show ElevationDialog first
[2026-07-03 13:31:05] ElevationDialog result: ContinueNormal
[2026-07-03 13:31:05] MainFormView.ctor begin
[2026-07-03 13:31:05] MainFormView.ctor InitializeComponent done
[2026-07-03 13:31:05] MainFormView.Loaded
[2026-07-03 13:31:05] MainFormView.PlayWindowEnterAnimation OK
[2026-07-03 13:31:05] SplashScreenView.Closed
[2026-07-03 13:31:37] PerformExitCleanup: done
[2026-07-03 13:31:37] PerformExitCleanup: done
[2026-07-03 13:35:31] OnStartup
[2026-07-03 13:35:31] Password verification skipped: IsLaunchedByExe=true
[2026-07-03 13:35:31] Password verification passed
[2026-07-03 13:35:31] AURORA_PERF_TIER=Extreme
[2026-07-03 13:35:31] AURORA_LANGUAGE=CHS
[2026-07-03 13:35:31] AURORA_IS_LAUNCHED_BY_EXE=True
[2026-07-03 13:35:31] WARNING: Required directory missing: G:\PowerShellBat\Scripts
[2026-07-03 13:35:31] WARNING: Required directory missing: G:\PowerShellBat\Scripts\Core
[2026-07-03 13:35:31] WARNING: Required directory missing: G:\PowerShellBat\Scripts\Security
[2026-07-03 13:35:31] WARNING: Required directory missing: G:\PowerShellBat\Scripts\PRO
[2026-07-03 13:35:31] WARNING: Required directory missing: G:\PowerShellBat\Scripts\Engines
[2026-07-03 13:35:31] WARNING: Required directory missing: G:\PowerShellBat\Scripts\Session
[2026-07-03 13:35:31] WARNING: Required directory missing: G:\PowerShellBat\Scripts\GUI
[2026-07-03 13:35:31] WARNING: Required directory missing: G:\PowerShellBat\Scripts\UI
[2026-07-03 13:35:31] WARNING: Required file missing: G:\PowerShellBat\Scripts\Core\AURORA-CoreEngine.ps1
[2026-07-03 13:35:31] WARNING: Required file missing: G:\PowerShellBat\Scripts\Security\AURORA-SecurityModule.ps1
[2026-07-03 13:35:31] WARNING: Required file missing: G:\PowerShellBat\Scripts\PRO\AURORA-AnalyzerPRO-Engine.ps1
[2026-07-03 13:35:31] VerifyDirectoryIntegrity: OK
[2026-07-03 13:35:31] Directory integrity check passed
[2026-07-03 13:35:31] IntegrityGuard detection: NONE
[2026-07-03 13:35:31] IntegrityGuard initialized
[2026-07-03 13:35:31] ElevationService configured
[2026-07-03 13:35:32] Creating SplashScreenView
[2026-07-03 13:35:32] SplashScreenView.ctor begin
[2026-07-03 13:35:32] SplashScreenView.ctor InitializeComponent done
[2026-07-03 13:35:32] SplashScreenView.ctor done
[2026-07-03 13:35:32] MainWindow set to SplashScreenView
[2026-07-03 13:35:32] SplashScreenView.Loaded
[2026-07-03 13:35:32] SplashScreenView.Show() returned
[2026-07-03 13:35:44] SplashScreenView.LoadingComplete
[2026-07-03 13:35:44] ShowMainWindow: show ElevationDialog first
[2026-07-03 13:37:19] SplashScreenView.Closed
[2026-07-03 13:37:19] PerformExitCleanup: done
[2026-07-03 13:37:19] PerformExitCleanup: done
[2026-07-03 13:37:47] OnStartup
[2026-07-03 13:37:47] Password verification skipped: IsLaunchedByExe=true
[2026-07-03 13:37:47] Password verification passed
[2026-07-03 13:37:47] AURORA_PERF_TIER=Extreme
[2026-07-03 13:37:47] AURORA_LANGUAGE=CHS
[2026-07-03 13:37:47] AURORA_IS_LAUNCHED_BY_EXE=True
[2026-07-03 13:37:47] WARNING: Required directory missing: G:\PowerShellBat\Scripts
[2026-07-03 13:37:47] WARNING: Required directory missing: G:\PowerShellBat\Scripts\Core
[2026-07-03 13:37:47] WARNING: Required directory missing: G:\PowerShellBat\Scripts\Security
[2026-07-03 13:37:47] WARNING: Required directory missing: G:\PowerShellBat\Scripts\PRO
[2026-07-03 13:37:47] WARNING: Required directory missing: G:\PowerShellBat\Scripts\Engines
[2026-07-03 13:37:47] WARNING: Required directory missing: G:\PowerShellBat\Scripts\Session
[2026-07-03 13:37:47] WARNING: Required directory missing: G:\PowerShellBat\Scripts\GUI
[2026-07-03 13:37:47] WARNING: Required directory missing: G:\PowerShellBat\Scripts\UI
[2026-07-03 13:37:47] WARNING: Required file missing: G:\PowerShellBat\Scripts\Core\AURORA-CoreEngine.ps1
[2026-07-03 13:37:47] WARNING: Required file missing: G:\PowerShellBat\Scripts\Security\AURORA-SecurityModule.ps1
[2026-07-03 13:37:47] WARNING: Required file missing: G:\PowerShellBat\Scripts\PRO\AURORA-AnalyzerPRO-Engine.ps1
[2026-07-03 13:37:47] VerifyDirectoryIntegrity: OK
[2026-07-03 13:37:47] Directory integrity check passed
[2026-07-03 13:37:47] IntegrityGuard detection: NONE
[2026-07-03 13:37:47] IntegrityGuard initialized
[2026-07-03 13:37:47] ElevationService configured
[2026-07-03 13:37:48] Creating SplashScreenView
[2026-07-03 13:37:48] SplashScreenView.ctor begin
[2026-07-03 13:37:48] SplashScreenView.ctor InitializeComponent done
[2026-07-03 13:37:48] SplashScreenView.ctor done
[2026-07-03 13:37:48] MainWindow set to SplashScreenView
[2026-07-03 13:37:49] SplashScreenView.Loaded
[2026-07-03 13:37:49] SplashScreenView.Show() returned
[2026-07-03 13:38:00] SplashScreenView.LoadingComplete
[2026-07-03 13:38:01] ShowMainWindow: show ElevationDialog first
[2026-07-03 13:38:17] ElevationDialog result: ContinueNormal
[2026-07-03 13:38:17] MainFormView.ctor begin
[2026-07-03 13:38:17] MainFormView.ctor InitializeComponent done
[2026-07-03 13:38:17] MainFormView.Loaded
[2026-07-03 13:38:17] MainFormView.PlayWindowEnterAnimation OK
[2026-07-03 13:38:17] SplashScreenView.Closed
[2026-07-03 13:38:41] PerformExitCleanup: done
[2026-07-03 13:38:41] PerformExitCleanup: done
[2026-07-03 13:42:49] OnStartup
[2026-07-03 13:42:49] Password verification skipped: IsLaunchedByExe=true
[2026-07-03 13:42:49] Password verification passed
[2026-07-03 13:42:49] AURORA_PERF_TIER=Extreme
[2026-07-03 13:42:49] AURORA_LANGUAGE=CHS
[2026-07-03 13:42:49] AURORA_IS_LAUNCHED_BY_EXE=True
[2026-07-03 13:42:49] WARNING: Required directory missing: G:\PowerShellBat\Scripts
[2026-07-03 13:42:49] WARNING: Required directory missing: G:\PowerShellBat\Scripts\Core
[2026-07-03 13:42:49] WARNING: Required directory missing: G:\PowerShellBat\Scripts\Security
[2026-07-03 13:42:49] WARNING: Required directory missing: G:\PowerShellBat\Scripts\PRO
[2026-07-03 13:42:49] WARNING: Required directory missing: G:\PowerShellBat\Scripts\Engines
[2026-07-03 13:42:49] WARNING: Required directory missing: G:\PowerShellBat\Scripts\Session
[2026-07-03 13:42:49] WARNING: Required directory missing: G:\PowerShellBat\Scripts\GUI
[2026-07-03 13:42:49] WARNING: Required directory missing: G:\PowerShellBat\Scripts\UI
[2026-07-03 13:42:49] WARNING: Required file missing: G:\PowerShellBat\Scripts\Core\AURORA-CoreEngine.ps1
[2026-07-03 13:42:49] WARNING: Required file missing: G:\PowerShellBat\Scripts\Security\AURORA-SecurityModule.ps1
[2026-07-03 13:42:49] WARNING: Required file missing: G:\PowerShellBat\Scripts\PRO\AURORA-AnalyzerPRO-Engine.ps1
[2026-07-03 13:42:49] VerifyDirectoryIntegrity: OK
[2026-07-03 13:42:49] Directory integrity check passed
[2026-07-03 13:42:49] IntegrityGuard detection: NONE
[2026-07-03 13:42:49] IntegrityGuard initialized
[2026-07-03 13:42:49] ElevationService configured
[2026-07-03 13:42:50] Creating SplashScreenView
[2026-07-03 13:42:50] SplashScreenView.ctor begin
[2026-07-03 13:42:50] SplashScreenView.ctor InitializeComponent done
[2026-07-03 13:42:50] SplashScreenView.ctor done
[2026-07-03 13:42:50] MainWindow set to SplashScreenView
[2026-07-03 13:42:50] SplashScreenView.Loaded
[2026-07-03 13:42:50] SplashScreenView.Show() returned
[2026-07-03 13:43:02] SplashScreenView.LoadingComplete
[2026-07-03 13:43:03] ShowMainWindow: show ElevationDialog first
[2026-07-03 13:43:18] ElevationDialog result: ContinueNormal
[2026-07-03 13:43:18] MainFormView.ctor begin
[2026-07-03 13:43:18] MainFormView.ctor InitializeComponent done
[2026-07-03 13:43:18] MainFormView.Loaded
[2026-07-03 13:43:18] MainFormView.PlayWindowEnterAnimation OK
[2026-07-03 13:43:18] SplashScreenView.Closed
[2026-07-03 13:44:21] ProModeView.ctor begin
[2026-07-03 13:44:21] ProModeView.ctor InitializeComponent done
[2026-07-03 13:44:21] [PRO-SWITCH] PlayWindowExitAnimationForModeSwitch begin
[2026-07-03 13:44:23] ProModeView.OnWindowLoaded begin
[2026-07-03 13:44:23] ProModeView IntegrityGuard runtime monitoring started
[2026-07-03 13:44:23] ProModeView.PlayProModeWindowEnter begin
[2026-07-03 13:44:23] ProModeView.PlayProModeWindowEnter scheduled
[2026-07-03 13:44:23] ProModeView.OnWindowLoaded end
[2026-07-03 13:44:51] PerformExitCleanup: done
[2026-07-03 13:44:51] PerformExitCleanup: done
[2026-07-03 13:44:54] OnStartup
[2026-07-03 13:44:54] Password verification skipped: IsLaunchedByExe=true
[2026-07-03 13:44:54] Password verification passed
[2026-07-03 13:44:54] AURORA_PERF_TIER=Extreme
[2026-07-03 13:44:54] AURORA_LANGUAGE=CHS
[2026-07-03 13:44:54] AURORA_IS_LAUNCHED_BY_EXE=True
[2026-07-03 13:44:54] WARNING: Required directory missing: G:\PowerShellBat\Scripts
[2026-07-03 13:44:54] WARNING: Required directory missing: G:\PowerShellBat\Scripts\Core
[2026-07-03 13:44:54] WARNING: Required directory missing: G:\PowerShellBat\Scripts\Security
[2026-07-03 13:44:54] WARNING: Required directory missing: G:\PowerShellBat\Scripts\PRO
[2026-07-03 13:44:54] WARNING: Required directory missing: G:\PowerShellBat\Scripts\Engines
[2026-07-03 13:44:54] WARNING: Required directory missing: G:\PowerShellBat\Scripts\Session
[2026-07-03 13:44:54] WARNING: Required directory missing: G:\PowerShellBat\Scripts\GUI
[2026-07-03 13:44:54] WARNING: Required directory missing: G:\PowerShellBat\Scripts\UI
[2026-07-03 13:44:54] WARNING: Required file missing: G:\PowerShellBat\Scripts\Core\AURORA-CoreEngine.ps1
[2026-07-03 13:44:54] WARNING: Required file missing: G:\PowerShellBat\Scripts\Security\AURORA-SecurityModule.ps1
[2026-07-03 13:44:54] WARNING: Required file missing: G:\PowerShellBat\Scripts\PRO\AURORA-AnalyzerPRO-Engine.ps1
[2026-07-03 13:44:54] VerifyDirectoryIntegrity: OK
[2026-07-03 13:44:54] Directory integrity check passed
[2026-07-03 13:44:54] IntegrityGuard detection: NONE
[2026-07-03 13:44:54] IntegrityGuard initialized
[2026-07-03 13:44:54] ElevationService configured
[2026-07-03 13:44:55] Creating SplashScreenView
[2026-07-03 13:44:55] SplashScreenView.ctor begin
[2026-07-03 13:44:55] SplashScreenView.ctor InitializeComponent done
[2026-07-03 13:44:55] SplashScreenView.ctor done
[2026-07-03 13:44:55] MainWindow set to SplashScreenView
[2026-07-03 13:44:55] SplashScreenView.Loaded
[2026-07-03 13:44:55] SplashScreenView.Show() returned
[2026-07-03 13:45:07] SplashScreenView.LoadingComplete
[2026-07-03 13:45:07] ShowMainWindow: show ElevationDialog first
[2026-07-03 13:45:20] ElevationDialog result: ContinueNormal
[2026-07-03 13:45:20] MainFormView.ctor begin
[2026-07-03 13:45:20] MainFormView.ctor InitializeComponent done
[2026-07-03 13:45:20] MainFormView.Loaded
[2026-07-03 13:45:20] MainFormView.PlayWindowEnterAnimation OK
[2026-07-03 13:45:20] SplashScreenView.Closed
[2026-07-03 13:46:52] PerformExitCleanup: done
[2026-07-03 13:46:52] PerformExitCleanup: done
[2026-07-03 13:49:23] OnStartup
[2026-07-03 13:49:23] Password verification skipped: IsLaunchedByExe=true
[2026-07-03 13:49:23] Password verification passed
[2026-07-03 13:49:23] AURORA_PERF_TIER=Extreme
[2026-07-03 13:49:23] AURORA_LANGUAGE=CHS
[2026-07-03 13:49:23] AURORA_IS_LAUNCHED_BY_EXE=True
[2026-07-03 13:49:23] WARNING: Required directory missing: G:\PowerShellBat\Scripts
[2026-07-03 13:49:23] WARNING: Required directory missing: G:\PowerShellBat\Scripts\Core
[2026-07-03 13:49:23] WARNING: Required directory missing: G:\PowerShellBat\Scripts\Security
[2026-07-03 13:49:23] WARNING: Required directory missing: G:\PowerShellBat\Scripts\PRO
[2026-07-03 13:49:23] WARNING: Required directory missing: G:\PowerShellBat\Scripts\Engines
[2026-07-03 13:49:23] WARNING: Required directory missing: G:\PowerShellBat\Scripts\Session
[2026-07-03 13:49:23] WARNING: Required directory missing: G:\PowerShellBat\Scripts\GUI
[2026-07-03 13:49:23] WARNING: Required directory missing: G:\PowerShellBat\Scripts\UI
[2026-07-03 13:49:23] WARNING: Required file missing: G:\PowerShellBat\Scripts\Core\AURORA-CoreEngine.ps1
[2026-07-03 13:49:23] WARNING: Required file missing: G:\PowerShellBat\Scripts\Security\AURORA-SecurityModule.ps1
[2026-07-03 13:49:23] WARNING: Required file missing: G:\PowerShellBat\Scripts\PRO\AURORA-AnalyzerPRO-Engine.ps1
[2026-07-03 13:49:23] VerifyDirectoryIntegrity: OK
[2026-07-03 13:49:23] Directory integrity check passed
[2026-07-03 13:49:23] IntegrityGuard detection: NONE
[2026-07-03 13:49:23] IntegrityGuard initialized
[2026-07-03 13:49:23] ElevationService configured
[2026-07-03 13:49:24] Creating SplashScreenView
[2026-07-03 13:49:24] SplashScreenView.ctor begin
[2026-07-03 13:49:24] SplashScreenView.ctor InitializeComponent done
[2026-07-03 13:49:24] SplashScreenView.ctor done
[2026-07-03 13:49:24] MainWindow set to SplashScreenView
[2026-07-03 13:49:25] SplashScreenView.Loaded
[2026-07-03 13:49:25] SplashScreenView.Show() returned
[2026-07-03 13:49:36] SplashScreenView.LoadingComplete
[2026-07-03 13:49:37] ShowMainWindow: show ElevationDialog first
[2026-07-03 13:49:41] ElevationDialog result: ContinueNormal
[2026-07-03 13:49:41] MainFormView.ctor begin
[2026-07-03 13:49:41] MainFormView.ctor InitializeComponent done
[2026-07-03 13:49:41] MainFormView.Loaded
[2026-07-03 13:49:41] MainFormView.PlayWindowEnterAnimation OK
[2026-07-03 13:49:41] SplashScreenView.Closed
[2026-07-03 13:50:24] PerformExitCleanup: done
[2026-07-03 13:50:24] PerformExitCleanup: done
[2026-07-03 14:17:01] OnStartup
[2026-07-03 14:17:01] Password verification skipped: IsLaunchedByExe=true
[2026-07-03 14:17:01] Password verification passed
[2026-07-03 14:17:02] AURORA_PERF_TIER=Extreme
[2026-07-03 14:17:02] AURORA_LANGUAGE=CHS
[2026-07-03 14:17:02] AURORA_IS_LAUNCHED_BY_EXE=True
[2026-07-03 14:17:02] WARNING: Required directory missing: G:\PowerShellBat\Scripts
[2026-07-03 14:17:02] WARNING: Required directory missing: G:\PowerShellBat\Scripts\Core
[2026-07-03 14:17:02] WARNING: Required directory missing: G:\PowerShellBat\Scripts\Security
[2026-07-03 14:17:02] WARNING: Required directory missing: G:\PowerShellBat\Scripts\PRO
[2026-07-03 14:17:02] WARNING: Required directory missing: G:\PowerShellBat\Scripts\Engines
[2026-07-03 14:17:02] WARNING: Required directory missing: G:\PowerShellBat\Scripts\Session
[2026-07-03 14:17:02] WARNING: Required directory missing: G:\PowerShellBat\Scripts\GUI
[2026-07-03 14:17:02] WARNING: Required directory missing: G:\PowerShellBat\Scripts\UI
[2026-07-03 14:17:02] WARNING: Required file missing: G:\PowerShellBat\Scripts\Core\AURORA-CoreEngine.ps1
[2026-07-03 14:17:02] WARNING: Required file missing: G:\PowerShellBat\Scripts\Security\AURORA-SecurityModule.ps1
[2026-07-03 14:17:02] WARNING: Required file missing: G:\PowerShellBat\Scripts\PRO\AURORA-AnalyzerPRO-Engine.ps1
[2026-07-03 14:17:02] VerifyDirectoryIntegrity: OK
[2026-07-03 14:17:02] Directory integrity check passed
[2026-07-03 14:17:02] IntegrityGuard detection: NONE
[2026-07-03 14:17:02] IntegrityGuard initialized
[2026-07-03 14:17:02] ElevationService configured
[2026-07-03 14:17:02] Creating SplashScreenView
[2026-07-03 14:17:02] SplashScreenView.ctor begin
[2026-07-03 14:17:02] SplashScreenView.ctor InitializeComponent done
[2026-07-03 14:17:02] SplashScreenView.ctor done
[2026-07-03 14:17:02] MainWindow set to SplashScreenView
[2026-07-03 14:17:03] SplashScreenView.Loaded
[2026-07-03 14:17:03] SplashScreenView.Show() returned
[2026-07-03 14:17:14] SplashScreenView.LoadingComplete
[2026-07-03 14:17:15] ShowMainWindow: show ElevationDialog first
[2026-07-03 14:17:21] ElevationDialog result: ContinueNormal
[2026-07-03 14:17:21] MainFormView.ctor begin
[2026-07-03 14:17:21] MainFormView.ctor InitializeComponent done
[2026-07-03 14:17:21] MainFormView.Loaded
[2026-07-03 14:17:21] MainFormView.PlayWindowEnterAnimation OK
[2026-07-03 14:17:21] SplashScreenView.Closed
[2026-07-03 14:18:42] PerformExitCleanup: done
[2026-07-03 14:18:42] PerformExitCleanup: done
[2026-07-03 15:02:14] OnStartup
[2026-07-03 15:02:14] Password verification skipped: IsLaunchedByExe=true
[2026-07-03 15:02:14] Password verification passed
[2026-07-03 15:02:14] AURORA_PERF_TIER=Extreme
[2026-07-03 15:02:14] AURORA_LANGUAGE=CHS
[2026-07-03 15:02:14] AURORA_IS_LAUNCHED_BY_EXE=True
[2026-07-03 15:02:14] WARNING: Required directory missing: G:\PowerShellBat\Scripts
[2026-07-03 15:02:14] WARNING: Required directory missing: G:\PowerShellBat\Scripts\Core
[2026-07-03 15:02:14] WARNING: Required directory missing: G:\PowerShellBat\Scripts\Security
[2026-07-03 15:02:14] WARNING: Required directory missing: G:\PowerShellBat\Scripts\PRO
[2026-07-03 15:02:14] WARNING: Required directory missing: G:\PowerShellBat\Scripts\Engines
[2026-07-03 15:02:14] WARNING: Required directory missing: G:\PowerShellBat\Scripts\Session
[2026-07-03 15:02:14] WARNING: Required directory missing: G:\PowerShellBat\Scripts\GUI
[2026-07-03 15:02:14] WARNING: Required directory missing: G:\PowerShellBat\Scripts\UI
[2026-07-03 15:02:14] WARNING: Required file missing: G:\PowerShellBat\Scripts\Core\AURORA-CoreEngine.ps1
[2026-07-03 15:02:14] WARNING: Required file missing: G:\PowerShellBat\Scripts\Security\AURORA-SecurityModule.ps1
[2026-07-03 15:02:14] WARNING: Required file missing: G:\PowerShellBat\Scripts\PRO\AURORA-AnalyzerPRO-Engine.ps1
[2026-07-03 15:02:14] VerifyDirectoryIntegrity: OK
[2026-07-03 15:02:14] Directory integrity check passed
[2026-07-03 15:02:14] IntegrityGuard detection: NONE
[2026-07-03 15:02:14] IntegrityGuard initialized
[2026-07-03 15:02:14] ElevationService configured
[2026-07-03 15:02:15] Creating SplashScreenView
[2026-07-03 15:02:15] SplashScreenView.ctor begin
[2026-07-03 15:02:15] SplashScreenView.ctor InitializeComponent done
[2026-07-03 15:02:15] SplashScreenView.ctor done
[2026-07-03 15:02:15] MainWindow set to SplashScreenView
[2026-07-03 15:02:15] SplashScreenView.Loaded
[2026-07-03 15:02:15] SplashScreenView.Show() returned
[2026-07-03 15:02:27] SplashScreenView.LoadingComplete
[2026-07-03 15:02:27] ShowMainWindow: show ElevationDialog first
[2026-07-03 15:02:42] ElevationDialog result: ContinueNormal
[2026-07-03 15:02:42] MainFormView.ctor begin
[2026-07-03 15:02:42] MainFormView.ctor InitializeComponent done
[2026-07-03 15:02:42] MainFormView.Loaded
[2026-07-03 15:02:42] MainFormView.PlayWindowEnterAnimation OK
[2026-07-03 15:02:42] SplashScreenView.Closed
[2026-07-03 15:03:07] ProModeView.ctor begin
[2026-07-03 15:03:07] ProModeView.ctor InitializeComponent done
[2026-07-03 15:03:07] [PRO-SWITCH] PlayWindowExitAnimationForModeSwitch begin
[2026-07-03 15:03:09] ProModeView.OnWindowLoaded begin
[2026-07-03 15:03:09] ProModeView IntegrityGuard runtime monitoring started
[2026-07-03 15:03:09] ProModeView.PlayProModeWindowEnter begin
[2026-07-03 15:03:09] ProModeView.PlayProModeWindowEnter scheduled
[2026-07-03 15:03:09] ProModeView.OnWindowLoaded end
[2026-07-03 15:13:16] OnStartup
[2026-07-03 15:13:16] Password verification skipped: IsLaunchedByExe=true
[2026-07-03 15:13:16] Password verification passed
[2026-07-03 15:13:16] AURORA_PERF_TIER=Extreme
[2026-07-03 15:13:16] AURORA_LANGUAGE=CHS
[2026-07-03 15:13:16] AURORA_IS_LAUNCHED_BY_EXE=True
[2026-07-03 15:13:16] WARNING: Required directory missing: G:\PowerShellBat\Scripts
[2026-07-03 15:13:16] WARNING: Required directory missing: G:\PowerShellBat\Scripts\Core
[2026-07-03 15:13:16] WARNING: Required directory missing: G:\PowerShellBat\Scripts\Security
[2026-07-03 15:13:16] WARNING: Required directory missing: G:\PowerShellBat\Scripts\PRO
[2026-07-03 15:13:16] WARNING: Required directory missing: G:\PowerShellBat\Scripts\Engines
[2026-07-03 15:13:16] WARNING: Required directory missing: G:\PowerShellBat\Scripts\Session
[2026-07-03 15:13:16] WARNING: Required directory missing: G:\PowerShellBat\Scripts\GUI
[2026-07-03 15:13:16] WARNING: Required directory missing: G:\PowerShellBat\Scripts\UI
[2026-07-03 15:13:16] WARNING: Required file missing: G:\PowerShellBat\Scripts\Core\AURORA-CoreEngine.ps1
[2026-07-03 15:13:16] WARNING: Required file missing: G:\PowerShellBat\Scripts\Security\AURORA-SecurityModule.ps1
[2026-07-03 15:13:16] WARNING: Required file missing: G:\PowerShellBat\Scripts\PRO\AURORA-AnalyzerPRO-Engine.ps1
[2026-07-03 15:13:16] VerifyDirectoryIntegrity: OK
[2026-07-03 15:13:16] Directory integrity check passed
[2026-07-03 15:13:16] IntegrityGuard detection: NONE
[2026-07-03 15:13:16] IntegrityGuard initialized
[2026-07-03 15:13:16] ElevationService configured
[2026-07-03 15:13:16] Creating SplashScreenView
[2026-07-03 15:13:16] SplashScreenView.ctor begin
[2026-07-03 15:13:17] SplashScreenView.ctor InitializeComponent done
[2026-07-03 15:13:17] SplashScreenView.ctor done
[2026-07-03 15:13:17] MainWindow set to SplashScreenView
[2026-07-03 15:13:17] SplashScreenView.Loaded
[2026-07-03 15:13:17] SplashScreenView.Show() returned
[2026-07-03 15:13:29] SplashScreenView.LoadingComplete
[2026-07-03 15:13:29] ShowMainWindow: show ElevationDialog first
[2026-07-03 15:13:47] ElevationDialog result: ContinueNormal
[2026-07-03 15:13:47] MainFormView.ctor begin
[2026-07-03 15:13:47] MainFormView.ctor InitializeComponent done
[2026-07-03 15:13:48] MainFormView.Loaded
[2026-07-03 15:13:48] MainFormView.PlayWindowEnterAnimation OK
[2026-07-03 15:13:48] SplashScreenView.Closed
[2026-07-03 15:14:01] ProModeView.ctor begin
[2026-07-03 15:14:01] ProModeView.ctor InitializeComponent done
[2026-07-03 15:14:01] [PRO-SWITCH] PlayWindowExitAnimationForModeSwitch begin
[2026-07-03 15:14:03] ProModeView.OnWindowLoaded begin
[2026-07-03 15:14:03] ProModeView IntegrityGuard runtime monitoring started
[2026-07-03 15:14:03] ProModeView.PlayProModeWindowEnter begin
[2026-07-03 15:14:03] ProModeView.PlayProModeWindowEnter scheduled
[2026-07-03 15:14:03] ProModeView.OnWindowLoaded end
[2026-07-03 15:17:04] PerformExitCleanup: done
[2026-07-03 15:17:04] PerformExitCleanup: done
[2026-07-03 15:40:20] OnStartup
[2026-07-03 15:40:20] Password verification skipped: IsLaunchedByExe=true
[2026-07-03 15:40:20] Password verification passed
[2026-07-03 15:40:20] AURORA_PERF_TIER=Extreme
[2026-07-03 15:40:20] AURORA_LANGUAGE=CHS
[2026-07-03 15:40:20] AURORA_IS_LAUNCHED_BY_EXE=True
[2026-07-03 15:40:20] WARNING: Required directory missing: G:\PowerShellBat\Scripts
[2026-07-03 15:40:20] WARNING: Required directory missing: G:\PowerShellBat\Scripts\Core
[2026-07-03 15:40:20] WARNING: Required directory missing: G:\PowerShellBat\Scripts\Security
[2026-07-03 15:40:20] WARNING: Required directory missing: G:\PowerShellBat\Scripts\PRO
[2026-07-03 15:40:20] WARNING: Required directory missing: G:\PowerShellBat\Scripts\Engines
[2026-07-03 15:40:20] WARNING: Required directory missing: G:\PowerShellBat\Scripts\Session
[2026-07-03 15:40:20] WARNING: Required directory missing: G:\PowerShellBat\Scripts\GUI
[2026-07-03 15:40:20] WARNING: Required directory missing: G:\PowerShellBat\Scripts\UI
[2026-07-03 15:40:20] WARNING: Required file missing: G:\PowerShellBat\Scripts\Core\AURORA-CoreEngine.ps1
[2026-07-03 15:40:20] WARNING: Required file missing: G:\PowerShellBat\Scripts\Security\AURORA-SecurityModule.ps1
[2026-07-03 15:40:20] WARNING: Required file missing: G:\PowerShellBat\Scripts\PRO\AURORA-AnalyzerPRO-Engine.ps1
[2026-07-03 15:40:20] VerifyDirectoryIntegrity: OK
[2026-07-03 15:40:20] Directory integrity check passed
[2026-07-03 15:40:21] IntegrityGuard detection: NONE
[2026-07-03 15:40:21] IntegrityGuard initialized
[2026-07-03 15:40:21] ElevationService configured
[2026-07-03 15:40:21] Creating SplashScreenView
[2026-07-03 15:40:21] SplashScreenView.ctor begin
[2026-07-03 15:40:21] SplashScreenView.ctor InitializeComponent done
[2026-07-03 15:40:21] SplashScreenView.ctor done
[2026-07-03 15:40:21] MainWindow set to SplashScreenView
[2026-07-03 15:40:22] SplashScreenView.Loaded
[2026-07-03 15:40:22] SplashScreenView.Show() returned
[2026-07-03 15:40:33] SplashScreenView.LoadingComplete
[2026-07-03 15:40:34] ShowMainWindow: show ElevationDialog first
[2026-07-03 15:40:38] ElevationDialog result: Elevate
[2026-07-03 15:40:38] SplashScreenView.Closed
[2026-07-03 15:40:38] PerformExitCleanup: done
[2026-07-03 15:40:38] PerformExitCleanup: done
[2026-07-03 15:40:38] OnStartup
[2026-07-03 15:40:38] Password verification skipped: IsLaunchedByExe=true
[2026-07-03 15:40:38] Password verification passed
[2026-07-03 15:40:39] AURORA_PERF_TIER=Extreme
[2026-07-03 15:40:39] AURORA_LANGUAGE=CHS
[2026-07-03 15:40:39] AURORA_IS_LAUNCHED_BY_EXE=True
[2026-07-03 15:40:39] WARNING: Required directory missing: G:\PowerShellBat\Scripts
[2026-07-03 15:40:39] WARNING: Required directory missing: G:\PowerShellBat\Scripts\Core
[2026-07-03 15:40:39] WARNING: Required directory missing: G:\PowerShellBat\Scripts\Security
[2026-07-03 15:40:39] WARNING: Required directory missing: G:\PowerShellBat\Scripts\PRO
[2026-07-03 15:40:39] WARNING: Required directory missing: G:\PowerShellBat\Scripts\Engines
[2026-07-03 15:40:39] WARNING: Required directory missing: G:\PowerShellBat\Scripts\Session
[2026-07-03 15:40:39] WARNING: Required directory missing: G:\PowerShellBat\Scripts\GUI
[2026-07-03 15:40:39] WARNING: Required directory missing: G:\PowerShellBat\Scripts\UI
[2026-07-03 15:40:39] WARNING: Required file missing: G:\PowerShellBat\Scripts\Core\AURORA-CoreEngine.ps1
[2026-07-03 15:40:39] WARNING: Required file missing: G:\PowerShellBat\Scripts\Security\AURORA-SecurityModule.ps1
[2026-07-03 15:40:39] WARNING: Required file missing: G:\PowerShellBat\Scripts\PRO\AURORA-AnalyzerPRO-Engine.ps1
[2026-07-03 15:40:39] VerifyDirectoryIntegrity: OK
[2026-07-03 15:40:39] Directory integrity check passed
[2026-07-03 15:40:39] IntegrityGuard detection: NONE
[2026-07-03 15:40:39] IntegrityGuard initialized
[2026-07-03 15:40:39] ElevationService configured
[2026-07-03 15:40:39] Creating SplashScreenView
[2026-07-03 15:40:39] SplashScreenView.ctor begin
[2026-07-03 15:40:39] SplashScreenView.ctor InitializeComponent done
[2026-07-03 15:40:39] SplashScreenView.ctor done
[2026-07-03 15:40:39] MainWindow set to SplashScreenView
[2026-07-03 15:40:40] SplashScreenView.Loaded
[2026-07-03 15:40:40] SplashScreenView.Show() returned
[2026-07-03 15:40:51] SplashScreenView.LoadingComplete
[2026-07-03 15:40:52] ShowMainWindow: skipElevation (already admin)
[2026-07-03 15:40:52] MainFormView.ctor begin
[2026-07-03 15:40:52] MainFormView.ctor InitializeComponent done
[2026-07-03 15:40:52] MainFormView.Loaded
[2026-07-03 15:40:52] MainFormView.PlayWindowEnterAnimation OK
[2026-07-03 15:40:52] SplashScreenView.Closed
[2026-07-03 15:41:01] ProModeView.ctor begin
[2026-07-03 15:41:01] ProModeView.ctor InitializeComponent done
[2026-07-03 15:41:01] [PRO-SWITCH] PlayWindowExitAnimationForModeSwitch begin
[2026-07-03 15:41:03] ProModeView.OnWindowLoaded begin
[2026-07-03 15:41:03] ProModeView IntegrityGuard runtime monitoring started
[2026-07-03 15:41:03] ProModeView.PlayProModeWindowEnter begin
[2026-07-03 15:41:03] ProModeView.PlayProModeWindowEnter scheduled
[2026-07-03 15:41:03] ProModeView.OnWindowLoaded end
[2026-07-03 15:41:29] PerformExitCleanup: done
[2026-07-03 15:41:29] PerformExitCleanup: done
[2026-07-03 15:41:34] OnStartup
[2026-07-03 15:41:34] Password verification skipped: IsLaunchedByExe=true
[2026-07-03 15:41:34] Password verification passed
[2026-07-03 15:41:34] AURORA_PERF_TIER=Extreme
[2026-07-03 15:41:34] AURORA_LANGUAGE=CHS
[2026-07-03 15:41:34] AURORA_IS_LAUNCHED_BY_EXE=True
[2026-07-03 15:41:34] WARNING: Required directory missing: G:\PowerShellBat\Scripts
[2026-07-03 15:41:34] WARNING: Required directory missing: G:\PowerShellBat\Scripts\Core
[2026-07-03 15:41:34] WARNING: Required directory missing: G:\PowerShellBat\Scripts\Security
[2026-07-03 15:41:34] WARNING: Required directory missing: G:\PowerShellBat\Scripts\PRO
[2026-07-03 15:41:34] WARNING: Required directory missing: G:\PowerShellBat\Scripts\Engines
[2026-07-03 15:41:34] WARNING: Required directory missing: G:\PowerShellBat\Scripts\Session
[2026-07-03 15:41:34] WARNING: Required directory missing: G:\PowerShellBat\Scripts\GUI
[2026-07-03 15:41:34] WARNING: Required directory missing: G:\PowerShellBat\Scripts\UI
[2026-07-03 15:41:34] WARNING: Required file missing: G:\PowerShellBat\Scripts\Core\AURORA-CoreEngine.ps1
[2026-07-03 15:41:34] WARNING: Required file missing: G:\PowerShellBat\Scripts\Security\AURORA-SecurityModule.ps1
[2026-07-03 15:41:34] WARNING: Required file missing: G:\PowerShellBat\Scripts\PRO\AURORA-AnalyzerPRO-Engine.ps1
[2026-07-03 15:41:34] VerifyDirectoryIntegrity: OK
[2026-07-03 15:41:34] Directory integrity check passed
[2026-07-03 15:41:34] IntegrityGuard detection: NONE
[2026-07-03 15:41:34] IntegrityGuard initialized
[2026-07-03 15:41:34] ElevationService configured
[2026-07-03 15:41:35] Creating SplashScreenView
[2026-07-03 15:41:35] SplashScreenView.ctor begin
[2026-07-03 15:41:35] SplashScreenView.ctor InitializeComponent done
[2026-07-03 15:41:35] SplashScreenView.ctor done
[2026-07-03 15:41:35] MainWindow set to SplashScreenView
[2026-07-03 15:41:35] SplashScreenView.Loaded
[2026-07-03 15:41:35] SplashScreenView.Show() returned
[2026-07-03 15:41:47] SplashScreenView.LoadingComplete
[2026-07-03 15:41:47] ShowMainWindow: show ElevationDialog first
[2026-07-03 15:41:50] ElevationDialog result: ContinueNormal
[2026-07-03 15:41:50] MainFormView.ctor begin
[2026-07-03 15:41:50] MainFormView.ctor InitializeComponent done
[2026-07-03 15:41:51] MainFormView.Loaded
[2026-07-03 15:41:51] MainFormView.PlayWindowEnterAnimation OK
[2026-07-03 15:41:51] SplashScreenView.Closed
[2026-07-03 15:41:54] PerformExitCleanup: done
[2026-07-03 15:41:54] PerformExitCleanup: done
[2026-07-03 15:41:59] OnStartup
[2026-07-03 15:41:59] Password verification skipped: IsLaunchedByExe=true
[2026-07-03 15:41:59] Password verification passed
[2026-07-03 15:41:59] AURORA_PERF_TIER=Extreme
[2026-07-03 15:41:59] AURORA_LANGUAGE=CHS
[2026-07-03 15:41:59] AURORA_IS_LAUNCHED_BY_EXE=True
[2026-07-03 15:41:59] WARNING: Required directory missing: G:\PowerShellBat\Scripts
[2026-07-03 15:41:59] WARNING: Required directory missing: G:\PowerShellBat\Scripts\Core
[2026-07-03 15:41:59] WARNING: Required directory missing: G:\PowerShellBat\Scripts\Security
[2026-07-03 15:41:59] WARNING: Required directory missing: G:\PowerShellBat\Scripts\PRO
[2026-07-03 15:41:59] WARNING: Required directory missing: G:\PowerShellBat\Scripts\Engines
[2026-07-03 15:41:59] WARNING: Required directory missing: G:\PowerShellBat\Scripts\Session
[2026-07-03 15:41:59] WARNING: Required directory missing: G:\PowerShellBat\Scripts\GUI
[2026-07-03 15:41:59] WARNING: Required directory missing: G:\PowerShellBat\Scripts\UI
[2026-07-03 15:41:59] WARNING: Required file missing: G:\PowerShellBat\Scripts\Core\AURORA-CoreEngine.ps1
[2026-07-03 15:41:59] WARNING: Required file missing: G:\PowerShellBat\Scripts\Security\AURORA-SecurityModule.ps1
[2026-07-03 15:41:59] WARNING: Required file missing: G:\PowerShellBat\Scripts\PRO\AURORA-AnalyzerPRO-Engine.ps1
[2026-07-03 15:41:59] VerifyDirectoryIntegrity: OK
[2026-07-03 15:41:59] Directory integrity check passed
[2026-07-03 15:42:00] IntegrityGuard detection: NONE
[2026-07-03 15:42:00] IntegrityGuard initialized
[2026-07-03 15:42:00] ElevationService configured
[2026-07-03 15:42:00] Creating SplashScreenView
[2026-07-03 15:42:00] SplashScreenView.ctor begin
[2026-07-03 15:42:00] SplashScreenView.ctor InitializeComponent done
[2026-07-03 15:42:00] SplashScreenView.ctor done
[2026-07-03 15:42:00] MainWindow set to SplashScreenView
[2026-07-03 15:42:01] SplashScreenView.Loaded
[2026-07-03 15:42:01] SplashScreenView.Show() returned
[2026-07-03 15:42:12] SplashScreenView.LoadingComplete
[2026-07-03 15:42:13] ShowMainWindow: skipElevation (already admin)
[2026-07-03 15:42:13] MainFormView.ctor begin
[2026-07-03 15:42:13] MainFormView.ctor InitializeComponent done
[2026-07-03 15:42:13] MainFormView.Loaded
[2026-07-03 15:42:13] MainFormView.PlayWindowEnterAnimation OK
[2026-07-03 15:42:13] SplashScreenView.Closed
[2026-07-03 15:42:39] ProModeView.ctor begin
[2026-07-03 15:42:39] ProModeView.ctor InitializeComponent done
[2026-07-03 15:42:39] [PRO-SWITCH] PlayWindowExitAnimationForModeSwitch begin
[2026-07-03 15:42:41] ProModeView.OnWindowLoaded begin
[2026-07-03 15:42:41] ProModeView IntegrityGuard runtime monitoring started
[2026-07-03 15:42:41] ProModeView.PlayProModeWindowEnter begin
[2026-07-03 15:42:41] ProModeView.PlayProModeWindowEnter scheduled
[2026-07-03 15:42:41] ProModeView.OnWindowLoaded end
[2026-07-03 15:43:18] PerformExitCleanup: done
[2026-07-03 15:43:18] PerformExitCleanup: done
[2026-07-03 15:43:20] OnStartup
[2026-07-03 15:43:20] Password verification skipped: IsLaunchedByExe=true
[2026-07-03 15:43:20] Password verification passed
[2026-07-03 15:43:20] AURORA_PERF_TIER=Extreme
[2026-07-03 15:43:20] AURORA_LANGUAGE=CHS
[2026-07-03 15:43:20] AURORA_IS_LAUNCHED_BY_EXE=True
[2026-07-03 15:43:20] WARNING: Required directory missing: G:\PowerShellBat\Scripts
[2026-07-03 15:43:20] WARNING: Required directory missing: G:\PowerShellBat\Scripts\Core
[2026-07-03 15:43:20] WARNING: Required directory missing: G:\PowerShellBat\Scripts\Security
[2026-07-03 15:43:20] WARNING: Required directory missing: G:\PowerShellBat\Scripts\PRO
[2026-07-03 15:43:20] WARNING: Required directory missing: G:\PowerShellBat\Scripts\Engines
[2026-07-03 15:43:20] WARNING: Required directory missing: G:\PowerShellBat\Scripts\Session
[2026-07-03 15:43:20] WARNING: Required directory missing: G:\PowerShellBat\Scripts\GUI
[2026-07-03 15:43:20] WARNING: Required directory missing: G:\PowerShellBat\Scripts\UI
[2026-07-03 15:43:20] WARNING: Required file missing: G:\PowerShellBat\Scripts\Core\AURORA-CoreEngine.ps1
[2026-07-03 15:43:20] WARNING: Required file missing: G:\PowerShellBat\Scripts\Security\AURORA-SecurityModule.ps1
[2026-07-03 15:43:20] WARNING: Required file missing: G:\PowerShellBat\Scripts\PRO\AURORA-AnalyzerPRO-Engine.ps1
[2026-07-03 15:43:20] VerifyDirectoryIntegrity: OK
[2026-07-03 15:43:20] Directory integrity check passed
[2026-07-03 15:43:20] IntegrityGuard detection: NONE
[2026-07-03 15:43:20] IntegrityGuard initialized
[2026-07-03 15:43:20] ElevationService configured
[2026-07-03 15:43:21] Creating SplashScreenView
[2026-07-03 15:43:21] SplashScreenView.ctor begin
[2026-07-03 15:43:21] SplashScreenView.ctor InitializeComponent done
[2026-07-03 15:43:21] SplashScreenView.ctor done
[2026-07-03 15:43:21] MainWindow set to SplashScreenView
[2026-07-03 15:43:21] SplashScreenView.Loaded
[2026-07-03 15:43:21] SplashScreenView.Show() returned
[2026-07-03 15:43:33] SplashScreenView.LoadingComplete
[2026-07-03 15:43:33] ShowMainWindow: show ElevationDialog first
[2026-07-03 15:43:37] ElevationDialog result: ContinueNormal
[2026-07-03 15:43:37] MainFormView.ctor begin
[2026-07-03 15:43:37] MainFormView.ctor InitializeComponent done
[2026-07-03 15:43:37] MainFormView.Loaded
[2026-07-03 15:43:37] MainFormView.PlayWindowEnterAnimation OK
[2026-07-03 15:43:37] SplashScreenView.Closed
[2026-07-03 15:43:48] ProModeView.ctor begin
[2026-07-03 15:43:48] ProModeView.ctor InitializeComponent done
[2026-07-03 15:43:48] [PRO-SWITCH] PlayWindowExitAnimationForModeSwitch begin
[2026-07-03 15:43:49] ProModeView.OnWindowLoaded begin
[2026-07-03 15:43:49] ProModeView IntegrityGuard runtime monitoring started
[2026-07-03 15:43:49] ProModeView.PlayProModeWindowEnter begin
[2026-07-03 15:43:49] ProModeView.PlayProModeWindowEnter scheduled
[2026-07-03 15:43:49] ProModeView.OnWindowLoaded end
[2026-07-03 15:45:01] PerformExitCleanup: done
[2026-07-03 15:45:01] PerformExitCleanup: done
[2026-07-03 15:50:00] OnStartup
[2026-07-03 15:50:00] Password verification skipped: IsLaunchedByExe=true
[2026-07-03 15:50:00] Password verification passed
[2026-07-03 15:50:00] AURORA_PERF_TIER=Extreme
[2026-07-03 15:50:00] AURORA_LANGUAGE=CHS
[2026-07-03 15:50:00] AURORA_IS_LAUNCHED_BY_EXE=True
[2026-07-03 15:50:00] WARNING: Required directory missing: G:\PowerShellBat\Scripts
[2026-07-03 15:50:00] WARNING: Required directory missing: G:\PowerShellBat\Scripts\Core
[2026-07-03 15:50:00] WARNING: Required directory missing: G:\PowerShellBat\Scripts\Security
[2026-07-03 15:50:00] WARNING: Required directory missing: G:\PowerShellBat\Scripts\PRO
[2026-07-03 15:50:00] WARNING: Required directory missing: G:\PowerShellBat\Scripts\Engines
[2026-07-03 15:50:00] WARNING: Required directory missing: G:\PowerShellBat\Scripts\Session
[2026-07-03 15:50:00] WARNING: Required directory missing: G:\PowerShellBat\Scripts\GUI
[2026-07-03 15:50:00] WARNING: Required directory missing: G:\PowerShellBat\Scripts\UI
[2026-07-03 15:50:00] WARNING: Required file missing: G:\PowerShellBat\Scripts\Core\AURORA-CoreEngine.ps1
[2026-07-03 15:50:00] WARNING: Required file missing: G:\PowerShellBat\Scripts\Security\AURORA-SecurityModule.ps1
[2026-07-03 15:50:00] WARNING: Required file missing: G:\PowerShellBat\Scripts\PRO\AURORA-AnalyzerPRO-Engine.ps1
[2026-07-03 15:50:00] VerifyDirectoryIntegrity: OK
[2026-07-03 15:50:00] Directory integrity check passed
[2026-07-03 15:50:00] IntegrityGuard detection: NONE
[2026-07-03 15:50:00] IntegrityGuard initialized
[2026-07-03 15:50:00] ElevationService configured
[2026-07-03 15:50:01] Creating SplashScreenView
[2026-07-03 15:50:01] SplashScreenView.ctor begin
[2026-07-03 15:50:01] SplashScreenView.ctor InitializeComponent done
[2026-07-03 15:50:01] SplashScreenView.ctor done
[2026-07-03 15:50:01] MainWindow set to SplashScreenView
[2026-07-03 15:50:01] SplashScreenView.Loaded
[2026-07-03 15:50:01] SplashScreenView.Show() returned
[2026-07-03 15:50:13] SplashScreenView.LoadingComplete
[2026-07-03 15:50:13] ShowMainWindow: show ElevationDialog first
[2026-07-03 15:50:17] ElevationDialog result: Elevate
[2026-07-03 15:50:17] SplashScreenView.Closed
[2026-07-03 15:50:17] PerformExitCleanup: done
[2026-07-03 15:50:18] PerformExitCleanup: done
[2026-07-03 15:50:18] OnStartup
[2026-07-03 15:50:18] Password verification skipped: IsLaunchedByExe=true
[2026-07-03 15:50:18] Password verification passed
[2026-07-03 15:50:18] AURORA_PERF_TIER=Extreme
[2026-07-03 15:50:18] AURORA_LANGUAGE=CHS
[2026-07-03 15:50:18] AURORA_IS_LAUNCHED_BY_EXE=True
[2026-07-03 15:50:18] WARNING: Required directory missing: G:\PowerShellBat\Scripts
[2026-07-03 15:50:18] WARNING: Required directory missing: G:\PowerShellBat\Scripts\Core
[2026-07-03 15:50:18] WARNING: Required directory missing: G:\PowerShellBat\Scripts\Security
[2026-07-03 15:50:18] WARNING: Required directory missing: G:\PowerShellBat\Scripts\PRO
[2026-07-03 15:50:18] WARNING: Required directory missing: G:\PowerShellBat\Scripts\Engines
[2026-07-03 15:50:18] WARNING: Required directory missing: G:\PowerShellBat\Scripts\Session
[2026-07-03 15:50:18] WARNING: Required directory missing: G:\PowerShellBat\Scripts\GUI
[2026-07-03 15:50:18] WARNING: Required directory missing: G:\PowerShellBat\Scripts\UI
[2026-07-03 15:50:18] WARNING: Required file missing: G:\PowerShellBat\Scripts\Core\AURORA-CoreEngine.ps1
[2026-07-03 15:50:18] WARNING: Required file missing: G:\PowerShellBat\Scripts\Security\AURORA-SecurityModule.ps1
[2026-07-03 15:50:18] WARNING: Required file missing: G:\PowerShellBat\Scripts\PRO\AURORA-AnalyzerPRO-Engine.ps1
[2026-07-03 15:50:18] VerifyDirectoryIntegrity: OK
[2026-07-03 15:50:18] Directory integrity check passed
[2026-07-03 15:50:18] IntegrityGuard detection: NONE
[2026-07-03 15:50:18] IntegrityGuard initialized
[2026-07-03 15:50:18] ElevationService configured
[2026-07-03 15:50:18] Creating SplashScreenView
[2026-07-03 15:50:18] SplashScreenView.ctor begin
[2026-07-03 15:50:19] SplashScreenView.ctor InitializeComponent done
[2026-07-03 15:50:19] SplashScreenView.ctor done
[2026-07-03 15:50:19] MainWindow set to SplashScreenView
[2026-07-03 15:50:19] SplashScreenView.Loaded
[2026-07-03 15:50:19] SplashScreenView.Show() returned
[2026-07-03 15:50:31] SplashScreenView.LoadingComplete
[2026-07-03 15:50:31] ShowMainWindow: skipElevation (already admin)
[2026-07-03 15:50:31] MainFormView.ctor begin
[2026-07-03 15:50:31] MainFormView.ctor InitializeComponent done
[2026-07-03 15:50:32] MainFormView.Loaded
[2026-07-03 15:50:32] MainFormView.PlayWindowEnterAnimation OK
[2026-07-03 15:50:32] SplashScreenView.Closed
[2026-07-03 15:50:40] ProModeView.ctor begin
[2026-07-03 15:50:40] ProModeView.ctor InitializeComponent done
[2026-07-03 15:50:40] [PRO-SWITCH] PlayWindowExitAnimationForModeSwitch begin
[2026-07-03 15:50:42] ProModeView.OnWindowLoaded begin
[2026-07-03 15:50:42] ProModeView IntegrityGuard runtime monitoring started
[2026-07-03 15:50:42] ProModeView.PlayProModeWindowEnter begin
[2026-07-03 15:50:42] ProModeView.PlayProModeWindowEnter scheduled
[2026-07-03 15:50:42] ProModeView.OnWindowLoaded end
[2026-07-03 15:50:47] PerformExitCleanup: done
[2026-07-03 15:50:47] PerformExitCleanup: done
[2026-07-03 16:11:14] OnStartup
[2026-07-03 16:11:14] Password verification skipped: IsLaunchedByExe=true
[2026-07-03 16:11:14] Password verification passed
[2026-07-03 16:11:14] AURORA_PERF_TIER=Extreme
[2026-07-03 16:11:14] AURORA_LANGUAGE=CHS
[2026-07-03 16:11:14] AURORA_IS_LAUNCHED_BY_EXE=True
[2026-07-03 16:11:14] WARNING: Required directory missing: G:\PowerShellBat\Scripts
[2026-07-03 16:11:14] WARNING: Required directory missing: G:\PowerShellBat\Scripts\Core
[2026-07-03 16:11:14] WARNING: Required directory missing: G:\PowerShellBat\Scripts\Security
[2026-07-03 16:11:14] WARNING: Required directory missing: G:\PowerShellBat\Scripts\PRO
[2026-07-03 16:11:14] WARNING: Required directory missing: G:\PowerShellBat\Scripts\Engines
[2026-07-03 16:11:14] WARNING: Required directory missing: G:\PowerShellBat\Scripts\Session
[2026-07-03 16:11:14] WARNING: Required directory missing: G:\PowerShellBat\Scripts\GUI
[2026-07-03 16:11:14] WARNING: Required directory missing: G:\PowerShellBat\Scripts\UI
[2026-07-03 16:11:14] WARNING: Required file missing: G:\PowerShellBat\Scripts\Core\AURORA-CoreEngine.ps1
[2026-07-03 16:11:14] WARNING: Required file missing: G:\PowerShellBat\Scripts\Security\AURORA-SecurityModule.ps1
[2026-07-03 16:11:14] WARNING: Required file missing: G:\PowerShellBat\Scripts\PRO\AURORA-AnalyzerPRO-Engine.ps1
[2026-07-03 16:11:14] VerifyDirectoryIntegrity: OK
[2026-07-03 16:11:14] Directory integrity check passed
[2026-07-03 16:11:14] IntegrityGuard detection: NONE
[2026-07-03 16:11:14] IntegrityGuard initialized
[2026-07-03 16:11:14] ElevationService configured
[2026-07-03 16:11:15] Creating SplashScreenView
[2026-07-03 16:11:15] SplashScreenView.ctor begin
[2026-07-03 16:11:15] SplashScreenView.ctor InitializeComponent done
[2026-07-03 16:11:15] SplashScreenView.ctor done
[2026-07-03 16:11:15] MainWindow set to SplashScreenView
[2026-07-03 16:11:15] SplashScreenView.Loaded
[2026-07-03 16:11:15] SplashScreenView.Show() returned
[2026-07-03 16:11:27] SplashScreenView.LoadingComplete
[2026-07-03 16:11:27] ShowMainWindow: show ElevationDialog first
[2026-07-03 16:11:46] ElevationDialog result: ContinueNormal
[2026-07-03 16:11:46] MainFormView.ctor begin
[2026-07-03 16:11:46] MainFormView.ctor InitializeComponent done
[2026-07-03 16:11:47] MainFormView.Loaded
[2026-07-03 16:11:47] MainFormView.PlayWindowEnterAnimation OK
[2026-07-03 16:11:47] SplashScreenView.Closed
[2026-07-03 16:12:41] ProModeView.ctor begin
[2026-07-03 16:12:41] ProModeView.ctor InitializeComponent done
[2026-07-03 16:12:41] [PRO-SWITCH] PlayWindowExitAnimationForModeSwitch begin
[2026-07-03 16:12:43] ProModeView.OnWindowLoaded begin
[2026-07-03 16:12:43] ProModeView IntegrityGuard runtime monitoring started
[2026-07-03 16:12:43] ProModeView.PlayProModeWindowEnter begin
[2026-07-03 16:12:43] ProModeView.PlayProModeWindowEnter scheduled
[2026-07-03 16:12:43] ProModeView.OnWindowLoaded end
[2026-07-03 16:14:51] PerformExitCleanup: done
[2026-07-03 16:14:51] PerformExitCleanup: done
[2026-07-03 17:10:25] OnStartup
[2026-07-03 17:10:25] Password verification skipped: IsLaunchedByExe=true
[2026-07-03 17:10:25] Password verification passed
[2026-07-03 17:10:25] AURORA_PERF_TIER=Extreme
[2026-07-03 17:10:25] AURORA_LANGUAGE=CHS
[2026-07-03 17:10:25] AURORA_IS_LAUNCHED_BY_EXE=True
[2026-07-03 17:10:25] WARNING: Required directory missing: G:\PowerShellBat\Scripts
[2026-07-03 17:10:25] WARNING: Required directory missing: G:\PowerShellBat\Scripts\Core
[2026-07-03 17:10:25] WARNING: Required directory missing: G:\PowerShellBat\Scripts\Security
[2026-07-03 17:10:25] WARNING: Required directory missing: G:\PowerShellBat\Scripts\PRO
[2026-07-03 17:10:25] WARNING: Required directory missing: G:\PowerShellBat\Scripts\Engines
[2026-07-03 17:10:25] WARNING: Required directory missing: G:\PowerShellBat\Scripts\Session
[2026-07-03 17:10:25] WARNING: Required directory missing: G:\PowerShellBat\Scripts\GUI
[2026-07-03 17:10:25] WARNING: Required directory missing: G:\PowerShellBat\Scripts\UI
[2026-07-03 17:10:25] WARNING: Required file missing: G:\PowerShellBat\Scripts\Core\AURORA-CoreEngine.ps1
[2026-07-03 17:10:25] WARNING: Required file missing: G:\PowerShellBat\Scripts\Security\AURORA-SecurityModule.ps1
[2026-07-03 17:10:25] WARNING: Required file missing: G:\PowerShellBat\Scripts\PRO\AURORA-AnalyzerPRO-Engine.ps1
[2026-07-03 17:10:25] VerifyDirectoryIntegrity: OK
[2026-07-03 17:10:25] Directory integrity check passed
[2026-07-03 17:10:25] IntegrityGuard detection: NONE
[2026-07-03 17:10:25] IntegrityGuard initialized
[2026-07-03 17:10:25] ElevationService configured
[2026-07-03 17:10:26] Creating SplashScreenView
[2026-07-03 17:10:26] SplashScreenView.ctor begin
[2026-07-03 17:10:26] SplashScreenView.ctor InitializeComponent done
[2026-07-03 17:10:26] SplashScreenView.ctor done
[2026-07-03 17:10:26] MainWindow set to SplashScreenView
[2026-07-03 17:10:26] SplashScreenView.Loaded
[2026-07-03 17:10:26] SplashScreenView.Show() returned
[2026-07-03 17:10:38] SplashScreenView.LoadingComplete
[2026-07-03 17:10:38] ShowMainWindow: show ElevationDialog first
[2026-07-03 17:10:43] ElevationDialog result: ContinueNormal
[2026-07-03 17:10:43] MainFormView.ctor begin
[2026-07-03 17:10:43] MainFormView.ctor InitializeComponent done
[2026-07-03 17:10:44] MainFormView.Loaded
[2026-07-03 17:10:44] MainFormView.PlayWindowEnterAnimation OK
[2026-07-03 17:10:44] SplashScreenView.Closed
[2026-07-03 17:10:49] ProModeView.ctor begin
[2026-07-03 17:10:49] ProModeView.ctor InitializeComponent done
[2026-07-03 17:10:49] [PRO-SWITCH] PlayWindowExitAnimationForModeSwitch begin
[2026-07-03 17:10:51] ProModeView.OnWindowLoaded begin
[2026-07-03 17:10:51] ProModeView IntegrityGuard runtime monitoring started
[2026-07-03 17:10:51] ProModeView.PlayProModeWindowEnter begin
[2026-07-03 17:10:51] ProModeView.PlayProModeWindowEnter scheduled
[2026-07-03 17:10:51] ProModeView.OnWindowLoaded end
[2026-07-03 17:13:57] PerformExitCleanup: done
[2026-07-03 17:13:57] PerformExitCleanup: done
[2026-07-03 17:17:14] OnStartup
[2026-07-03 17:17:14] Password verification skipped: IsLaunchedByExe=true
[2026-07-03 17:17:14] Password verification passed
[2026-07-03 17:17:14] AURORA_PERF_TIER=Extreme
[2026-07-03 17:17:14] AURORA_LANGUAGE=CHS
[2026-07-03 17:17:14] AURORA_IS_LAUNCHED_BY_EXE=True
[2026-07-03 17:17:14] WARNING: Required directory missing: G:\PowerShellBat\Scripts
[2026-07-03 17:17:14] WARNING: Required directory missing: G:\PowerShellBat\Scripts\Core
[2026-07-03 17:17:14] WARNING: Required directory missing: G:\PowerShellBat\Scripts\Security
[2026-07-03 17:17:14] WARNING: Required directory missing: G:\PowerShellBat\Scripts\PRO
[2026-07-03 17:17:14] WARNING: Required directory missing: G:\PowerShellBat\Scripts\Engines
[2026-07-03 17:17:14] WARNING: Required directory missing: G:\PowerShellBat\Scripts\Session
[2026-07-03 17:17:14] WARNING: Required directory missing: G:\PowerShellBat\Scripts\GUI
[2026-07-03 17:17:14] WARNING: Required directory missing: G:\PowerShellBat\Scripts\UI
[2026-07-03 17:17:14] WARNING: Required file missing: G:\PowerShellBat\Scripts\Core\AURORA-CoreEngine.ps1
[2026-07-03 17:17:14] WARNING: Required file missing: G:\PowerShellBat\Scripts\Security\AURORA-SecurityModule.ps1
[2026-07-03 17:17:14] WARNING: Required file missing: G:\PowerShellBat\Scripts\PRO\AURORA-AnalyzerPRO-Engine.ps1
[2026-07-03 17:17:14] VerifyDirectoryIntegrity: OK
[2026-07-03 17:17:14] Directory integrity check passed
[2026-07-03 17:17:14] IntegrityGuard detection: NONE
[2026-07-03 17:17:14] IntegrityGuard initialized
[2026-07-03 17:17:14] ElevationService configured
[2026-07-03 17:17:14] Creating SplashScreenView
[2026-07-03 17:17:14] SplashScreenView.ctor begin
[2026-07-03 17:17:14] SplashScreenView.ctor InitializeComponent done
[2026-07-03 17:17:14] SplashScreenView.ctor done
[2026-07-03 17:17:14] MainWindow set to SplashScreenView
[2026-07-03 17:17:15] SplashScreenView.Loaded
[2026-07-03 17:17:15] SplashScreenView.Show() returned
[2026-07-03 17:17:26] SplashScreenView.LoadingComplete
[2026-07-03 17:17:27] ShowMainWindow: show ElevationDialog first
[2026-07-03 17:17:34] ElevationDialog result: ContinueNormal
[2026-07-03 17:17:34] MainFormView.ctor begin
[2026-07-03 17:17:34] MainFormView.ctor InitializeComponent done
[2026-07-03 17:17:34] MainFormView.Loaded
[2026-07-03 17:17:34] MainFormView.PlayWindowEnterAnimation OK
[2026-07-03 17:17:34] SplashScreenView.Closed
[2026-07-03 17:17:39] ProModeView.ctor begin
[2026-07-03 17:17:39] ProModeView.ctor InitializeComponent done
[2026-07-03 17:17:39] [PRO-SWITCH] PlayWindowExitAnimationForModeSwitch begin
[2026-07-03 17:17:41] ProModeView.OnWindowLoaded begin
[2026-07-03 17:17:41] ProModeView IntegrityGuard runtime monitoring started
[2026-07-03 17:17:41] ProModeView.PlayProModeWindowEnter begin
[2026-07-03 17:17:41] ProModeView.PlayProModeWindowEnter scheduled
[2026-07-03 17:17:41] ProModeView.OnWindowLoaded end
[2026-07-03 17:25:44] PerformExitCleanup: done
[2026-07-03 17:25:44] PerformExitCleanup: done
[2026-07-06 10:21:28] OnStartup
[2026-07-06 10:21:28] Password verification skipped: IsLaunchedByExe=true
[2026-07-06 10:21:28] Password verification passed
[2026-07-06 10:21:28] AURORA_PERF_TIER=Extreme
[2026-07-06 10:21:28] AURORA_LANGUAGE=CHS
[2026-07-06 10:21:28] AURORA_IS_LAUNCHED_BY_EXE=True
[2026-07-06 10:21:28] MaterialStyle=AuroraFluentGlass (from preferences)
[2026-07-06 10:21:28] Showing PerformanceUpgradeDialog (current=Extreme)
[2026-07-06 10:22:14] User chose to keep Extreme
[2026-07-06 10:22:14] User selected material: Mica
[2026-07-06 10:22:14] WARNING: Required directory missing: G:\PowerShellBat\Scripts
[2026-07-06 10:22:14] WARNING: Required directory missing: G:\PowerShellBat\Scripts\Core
[2026-07-06 10:22:14] WARNING: Required directory missing: G:\PowerShellBat\Scripts\Security
[2026-07-06 10:22:14] WARNING: Required directory missing: G:\PowerShellBat\Scripts\PRO
[2026-07-06 10:22:14] WARNING: Required directory missing: G:\PowerShellBat\Scripts\Engines
[2026-07-06 10:22:14] WARNING: Required directory missing: G:\PowerShellBat\Scripts\Session
[2026-07-06 10:22:14] WARNING: Required directory missing: G:\PowerShellBat\Scripts\GUI
[2026-07-06 10:22:14] WARNING: Required directory missing: G:\PowerShellBat\Scripts\UI
[2026-07-06 10:22:14] WARNING: Required file missing: G:\PowerShellBat\Scripts\Core\AURORA-CoreEngine.ps1
[2026-07-06 10:22:14] WARNING: Required file missing: G:\PowerShellBat\Scripts\Security\AURORA-SecurityModule.ps1
[2026-07-06 10:22:14] WARNING: Required file missing: G:\PowerShellBat\Scripts\PRO\AURORA-AnalyzerPRO-Engine.ps1
[2026-07-06 10:22:14] VerifyDirectoryIntegrity: OK
[2026-07-06 10:22:14] Directory integrity check passed
[2026-07-06 10:22:14] IntegrityGuard detection: NONE
[2026-07-06 10:22:14] IntegrityGuard initialized
[2026-07-06 10:22:14] ElevationService configured
[2026-07-06 10:22:15] Creating SplashScreenView
[2026-07-06 10:22:15] SplashScreenView.ctor begin
[2026-07-06 10:22:15] SplashScreenView.ctor InitializeComponent done
[2026-07-06 10:22:15] SplashScreenView.ctor done
[2026-07-06 10:22:15] MainWindow set to SplashScreenView
[2026-07-06 10:22:15] SplashScreenView.Loaded
[2026-07-06 10:22:15] SplashScreenView.Show() returned
[2026-07-06 10:22:26] SplashScreenView.LoadingComplete
[2026-07-06 10:22:27] ShowMainWindow: show ElevationDialog first
[2026-07-06 10:22:33] ElevationDialog result: ContinueNormal
[2026-07-06 10:22:33] MainFormView.ctor begin
[2026-07-06 10:22:33] MainFormView.ctor InitializeComponent done
[2026-07-06 10:22:34] MainFormView.Mica=skipped
[2026-07-06 10:22:34] MainFormView.Loaded
[2026-07-06 10:22:34] MainFormView.PlayWindowEnterAnimation OK
[2026-07-06 10:22:34] SplashScreenView.Closed
[2026-07-06 10:22:50] ProModeView.ctor begin
[2026-07-06 10:22:50] ProModeView.ctor InitializeComponent done
[2026-07-06 10:22:50] [PRO-SWITCH] PlayWindowExitAnimationForModeSwitch begin
[2026-07-06 10:22:52] ProModeView.Mica=skipped
[2026-07-06 10:22:52] ProModeView.OnWindowLoaded begin
[2026-07-06 10:22:52] ProModeView IntegrityGuard runtime monitoring started
[2026-07-06 10:22:52] ProModeView.PlayProModeWindowEnter begin
[2026-07-06 10:22:52] ProModeView.PlayProModeWindowEnter scheduled
[2026-07-06 10:22:52] ProModeView.OnWindowLoaded end
[2026-07-06 10:23:30] PerformExitCleanup: done
[2026-07-06 10:23:30] PerformExitCleanup: done
[2026-07-06 10:59:59] OnStartup
[2026-07-06 10:59:59] Password verification skipped: IsLaunchedByExe=true
[2026-07-06 10:59:59] Password verification passed
[2026-07-06 10:59:59] AURORA_PERF_TIER=Extreme
[2026-07-06 10:59:59] AURORA_LANGUAGE=CHS
[2026-07-06 10:59:59] AURORA_IS_LAUNCHED_BY_EXE=True
[2026-07-06 10:59:59] MaterialStyle=AuroraFluentGlass (from preferences)
[2026-07-06 10:59:59] WARNING: Required directory missing: G:\PowerShellBat\Scripts
[2026-07-06 10:59:59] WARNING: Required directory missing: G:\PowerShellBat\Scripts\Core
[2026-07-06 10:59:59] WARNING: Required directory missing: G:\PowerShellBat\Scripts\Security
[2026-07-06 10:59:59] WARNING: Required directory missing: G:\PowerShellBat\Scripts\PRO
[2026-07-06 10:59:59] WARNING: Required directory missing: G:\PowerShellBat\Scripts\Engines
[2026-07-06 10:59:59] WARNING: Required directory missing: G:\PowerShellBat\Scripts\Session
[2026-07-06 10:59:59] WARNING: Required directory missing: G:\PowerShellBat\Scripts\GUI
[2026-07-06 10:59:59] WARNING: Required directory missing: G:\PowerShellBat\Scripts\UI
[2026-07-06 10:59:59] WARNING: Required file missing: G:\PowerShellBat\Scripts\Core\AURORA-CoreEngine.ps1
[2026-07-06 10:59:59] WARNING: Required file missing: G:\PowerShellBat\Scripts\Security\AURORA-SecurityModule.ps1
[2026-07-06 10:59:59] WARNING: Required file missing: G:\PowerShellBat\Scripts\PRO\AURORA-AnalyzerPRO-Engine.ps1
[2026-07-06 10:59:59] VerifyDirectoryIntegrity: OK
[2026-07-06 10:59:59] Directory integrity check passed
[2026-07-06 10:59:59] IntegrityGuard detection: NONE
[2026-07-06 10:59:59] IntegrityGuard initialized
[2026-07-06 10:59:59] ElevationService configured
[2026-07-06 10:59:59] Creating SplashScreenView
[2026-07-06 10:59:59] SplashScreenView.ctor begin
[2026-07-06 11:00:00] SplashScreenView.ctor InitializeComponent done
[2026-07-06 11:00:00] SplashScreenView.ctor done
[2026-07-06 11:00:00] MainWindow set to SplashScreenView
[2026-07-06 11:00:00] SplashScreenView.Loaded
[2026-07-06 11:00:00] SplashScreenView.Show() returned
[2026-07-06 11:00:12] SplashScreenView.LoadingComplete
[2026-07-06 11:00:12] ShowMainWindow: show ElevationDialog first
[2026-07-06 11:00:31] ElevationDialog result: ContinueNormal
[2026-07-06 11:00:31] MainFormView.ctor begin
[2026-07-06 11:00:31] MainFormView.ctor InitializeComponent done
[2026-07-06 11:00:31] MainFormView.Mica=skipped
[2026-07-06 11:00:31] MainFormView.Loaded
[2026-07-06 11:00:31] MainFormView.PlayWindowEnterAnimation OK
[2026-07-06 11:00:31] SplashScreenView.Closed
[2026-07-06 11:01:17] PerformExitCleanup: done
[2026-07-06 11:01:17] PerformExitCleanup: done
[2026-07-06 11:26:06] OnStartup
[2026-07-06 11:26:06] Password verification skipped: IsLaunchedByExe=true
[2026-07-06 11:26:06] Password verification passed
[2026-07-06 11:26:06] AURORA_PERF_TIER=Extreme
[2026-07-06 11:26:06] AURORA_LANGUAGE=CHS
[2026-07-06 11:26:06] AURORA_IS_LAUNCHED_BY_EXE=True
[2026-07-06 11:26:06] MaterialStyle=AuroraFluentGlass (from preferences)
[2026-07-06 11:26:06] WARNING: Required directory missing: G:\PowerShellBat\Scripts
[2026-07-06 11:26:06] WARNING: Required directory missing: G:\PowerShellBat\Scripts\Core
[2026-07-06 11:26:06] WARNING: Required directory missing: G:\PowerShellBat\Scripts\Security
[2026-07-06 11:26:06] WARNING: Required directory missing: G:\PowerShellBat\Scripts\PRO
[2026-07-06 11:26:06] WARNING: Required directory missing: G:\PowerShellBat\Scripts\Engines
[2026-07-06 11:26:06] WARNING: Required directory missing: G:\PowerShellBat\Scripts\Session
[2026-07-06 11:26:06] WARNING: Required directory missing: G:\PowerShellBat\Scripts\GUI
[2026-07-06 11:26:06] WARNING: Required directory missing: G:\PowerShellBat\Scripts\UI
[2026-07-06 11:26:06] WARNING: Required file missing: G:\PowerShellBat\Scripts\Core\AURORA-CoreEngine.ps1
[2026-07-06 11:26:06] WARNING: Required file missing: G:\PowerShellBat\Scripts\Security\AURORA-SecurityModule.ps1
[2026-07-06 11:26:06] WARNING: Required file missing: G:\PowerShellBat\Scripts\PRO\AURORA-AnalyzerPRO-Engine.ps1
[2026-07-06 11:26:06] VerifyDirectoryIntegrity: OK
[2026-07-06 11:26:06] Directory integrity check passed
[2026-07-06 11:26:07] IntegrityGuard detection: NONE
[2026-07-06 11:26:07] IntegrityGuard initialized
[2026-07-06 11:26:07] ElevationService configured
[2026-07-06 11:26:07] Creating SplashScreenView
[2026-07-06 11:26:07] SplashScreenView.ctor begin
[2026-07-06 11:26:07] SplashScreenView.ctor InitializeComponent done
[2026-07-06 11:26:07] SplashScreenView.ctor done
[2026-07-06 11:26:07] MainWindow set to SplashScreenView
[2026-07-06 11:26:08] SplashScreenView.Loaded
[2026-07-06 11:26:08] SplashScreenView.Show() returned
[2026-07-06 11:26:19] SplashScreenView.LoadingComplete
[2026-07-06 11:26:20] ShowMainWindow: show ElevationDialog first
[2026-07-06 11:26:37] ElevationDialog result: ContinueNormal
[2026-07-06 11:26:37] MainFormView.ctor begin
[2026-07-06 11:26:37] MainFormView.ctor InitializeComponent done
[2026-07-06 11:26:37] MainFormView.Mica=skipped
[2026-07-06 11:26:37] MainFormView.Loaded
[2026-07-06 11:26:37] MainFormView.PlayWindowEnterAnimation OK
[2026-07-06 11:26:37] SplashScreenView.Closed
[2026-07-06 11:27:13] PerformExitCleanup: done
[2026-07-06 11:27:13] PerformExitCleanup: done
[2026-07-06 11:32:37] OnStartup
[2026-07-06 11:32:37] Password verification skipped: IsLaunchedByExe=true
[2026-07-06 11:32:37] Password verification passed
[2026-07-06 11:32:38] AURORA_PERF_TIER=Extreme
[2026-07-06 11:32:38] AURORA_LANGUAGE=CHS
[2026-07-06 11:32:38] AURORA_IS_LAUNCHED_BY_EXE=True
[2026-07-06 11:32:38] MaterialStyle=AuroraFluentGlass (from preferences)
[2026-07-06 11:32:38] WARNING: Required directory missing: G:\PowerShellBat\Scripts
[2026-07-06 11:32:38] WARNING: Required directory missing: G:\PowerShellBat\Scripts\Core
[2026-07-06 11:32:38] WARNING: Required directory missing: G:\PowerShellBat\Scripts\Security
[2026-07-06 11:32:38] WARNING: Required directory missing: G:\PowerShellBat\Scripts\PRO
[2026-07-06 11:32:38] WARNING: Required directory missing: G:\PowerShellBat\Scripts\Engines
[2026-07-06 11:32:38] WARNING: Required directory missing: G:\PowerShellBat\Scripts\Session
[2026-07-06 11:32:38] WARNING: Required directory missing: G:\PowerShellBat\Scripts\GUI
[2026-07-06 11:32:38] WARNING: Required directory missing: G:\PowerShellBat\Scripts\UI
[2026-07-06 11:32:38] WARNING: Required file missing: G:\PowerShellBat\Scripts\Core\AURORA-CoreEngine.ps1
[2026-07-06 11:32:38] WARNING: Required file missing: G:\PowerShellBat\Scripts\Security\AURORA-SecurityModule.ps1
[2026-07-06 11:32:38] WARNING: Required file missing: G:\PowerShellBat\Scripts\PRO\AURORA-AnalyzerPRO-Engine.ps1
[2026-07-06 11:32:38] VerifyDirectoryIntegrity: OK
[2026-07-06 11:32:38] Directory integrity check passed
[2026-07-06 11:32:38] IntegrityGuard detection: NONE
[2026-07-06 11:32:38] IntegrityGuard initialized
[2026-07-06 11:32:38] ElevationService configured
[2026-07-06 11:32:38] Creating SplashScreenView
[2026-07-06 11:32:38] SplashScreenView.ctor begin
[2026-07-06 11:32:38] SplashScreenView.ctor InitializeComponent done
[2026-07-06 11:32:38] SplashScreenView.ctor done
[2026-07-06 11:32:38] MainWindow set to SplashScreenView
[2026-07-06 11:32:39] SplashScreenView.Loaded
[2026-07-06 11:32:39] SplashScreenView.Show() returned
[2026-07-06 11:32:50] SplashScreenView.LoadingComplete
[2026-07-06 11:32:51] ShowMainWindow: show ElevationDialog first
[2026-07-06 11:33:05] ElevationDialog result: ContinueNormal
[2026-07-06 11:33:05] MainFormView.ctor begin
[2026-07-06 11:33:05] MainFormView.ctor InitializeComponent done
[2026-07-06 11:33:05] MainFormView.Mica=skipped
[2026-07-06 11:33:05] MainFormView.Loaded
[2026-07-06 11:33:05] MainFormView.PlayWindowEnterAnimation OK
[2026-07-06 11:33:05] SplashScreenView.Closed
[2026-07-06 11:33:37] ProModeView.ctor begin
[2026-07-06 11:33:37] ProModeView.ctor InitializeComponent done
[2026-07-06 11:33:37] [PRO-SWITCH] PlayWindowExitAnimationForModeSwitch begin
[2026-07-06 11:33:39] ProModeView.Mica=skipped
[2026-07-06 11:33:39] ProModeView.OnWindowLoaded begin
[2026-07-06 11:33:39] ProModeView IntegrityGuard runtime monitoring started
[2026-07-06 11:33:39] ProModeView.PlayProModeWindowEnter begin
[2026-07-06 11:33:39] ProModeView.PlayProModeWindowEnter scheduled
[2026-07-06 11:33:39] ProModeView.OnWindowLoaded end
[2026-07-06 11:35:12] PerformExitCleanup: done
[2026-07-06 11:35:12] PerformExitCleanup: done
[2026-07-06 12:52:38] OnStartup
[2026-07-06 12:52:38] Password verification skipped: IsLaunchedByExe=true
[2026-07-06 12:52:38] Password verification passed
[2026-07-06 12:52:38] AURORA_PERF_TIER=Extreme
[2026-07-06 12:52:38] AURORA_LANGUAGE=CHS
[2026-07-06 12:52:38] AURORA_IS_LAUNCHED_BY_EXE=True
[2026-07-06 12:52:38] MaterialStyle=AuroraFluentGlass (from preferences)
[2026-07-06 12:52:38] WARNING: Required directory missing: G:\PowerShellBat\Scripts
[2026-07-06 12:52:38] WARNING: Required directory missing: G:\PowerShellBat\Scripts\Core
[2026-07-06 12:52:38] WARNING: Required directory missing: G:\PowerShellBat\Scripts\Security
[2026-07-06 12:52:38] WARNING: Required directory missing: G:\PowerShellBat\Scripts\PRO
[2026-07-06 12:52:38] WARNING: Required directory missing: G:\PowerShellBat\Scripts\Engines
[2026-07-06 12:52:38] WARNING: Required directory missing: G:\PowerShellBat\Scripts\Session
[2026-07-06 12:52:38] WARNING: Required directory missing: G:\PowerShellBat\Scripts\GUI
[2026-07-06 12:52:38] WARNING: Required directory missing: G:\PowerShellBat\Scripts\UI
[2026-07-06 12:52:38] WARNING: Required file missing: G:\PowerShellBat\Scripts\Core\AURORA-CoreEngine.ps1
[2026-07-06 12:52:38] WARNING: Required file missing: G:\PowerShellBat\Scripts\Security\AURORA-SecurityModule.ps1
[2026-07-06 12:52:38] WARNING: Required file missing: G:\PowerShellBat\Scripts\PRO\AURORA-AnalyzerPRO-Engine.ps1
[2026-07-06 12:52:38] VerifyDirectoryIntegrity: OK
[2026-07-06 12:52:38] Directory integrity check passed
[2026-07-06 12:52:38] IntegrityGuard detection: NONE
[2026-07-06 12:52:38] IntegrityGuard initialized
[2026-07-06 12:52:38] ElevationService configured
[2026-07-06 12:52:39] Creating SplashScreenView
[2026-07-06 12:52:39] SplashScreenView.ctor begin
[2026-07-06 12:52:39] SplashScreenView.ctor InitializeComponent done
[2026-07-06 12:52:39] SplashScreenView.ctor done
[2026-07-06 12:52:39] MainWindow set to SplashScreenView
[2026-07-06 12:52:39] SplashScreenView.Loaded
[2026-07-06 12:52:40] SplashScreenView.Show() returned
[2026-07-06 12:52:51] SplashScreenView.LoadingComplete
[2026-07-06 12:52:52] ShowMainWindow: show ElevationDialog first
[2026-07-06 12:53:17] ElevationDialog result: ContinueNormal
[2026-07-06 12:53:17] MainFormView.ctor begin
[2026-07-06 12:53:17] MainFormView.ctor InitializeComponent done
[2026-07-06 12:53:18] MainFormView.Mica=skipped
[2026-07-06 12:53:18] MainFormView.Loaded
[2026-07-06 12:53:18] MainFormView.PlayWindowEnterAnimation OK
[2026-07-06 12:53:18] SplashScreenView.Closed
[2026-07-06 12:54:17] ProModeView.ctor begin
[2026-07-06 12:54:17] ProModeView.ctor InitializeComponent done
[2026-07-06 12:54:17] [PRO-SWITCH] PlayWindowExitAnimationForModeSwitch begin
[2026-07-06 12:54:19] ProModeView.Mica=skipped
[2026-07-06 12:54:19] ProModeView.OnWindowLoaded begin
[2026-07-06 12:54:19] ProModeView IntegrityGuard runtime monitoring started
[2026-07-06 12:54:19] ProModeView.PlayProModeWindowEnter begin
[2026-07-06 12:54:19] ProModeView.PlayProModeWindowEnter scheduled
[2026-07-06 12:54:19] ProModeView.OnWindowLoaded end
[2026-07-06 12:55:33] PerformExitCleanup: done
[2026-07-06 12:55:33] PerformExitCleanup: done
[2026-07-06 13:06:37] OnStartup
[2026-07-06 13:06:37] Password verification skipped: IsLaunchedByExe=true
[2026-07-06 13:06:37] Password verification passed
[2026-07-06 13:06:37] AURORA_PERF_TIER=Extreme
[2026-07-06 13:06:37] AURORA_LANGUAGE=CHS
[2026-07-06 13:06:37] AURORA_IS_LAUNCHED_BY_EXE=True
[2026-07-06 13:06:37] MaterialStyle=AuroraFluentGlass (from preferences)
[2026-07-06 13:06:37] WARNING: Required directory missing: G:\PowerShellBat\Scripts
[2026-07-06 13:06:37] WARNING: Required directory missing: G:\PowerShellBat\Scripts\Core
[2026-07-06 13:06:37] WARNING: Required directory missing: G:\PowerShellBat\Scripts\Security
[2026-07-06 13:06:37] WARNING: Required directory missing: G:\PowerShellBat\Scripts\PRO
[2026-07-06 13:06:37] WARNING: Required directory missing: G:\PowerShellBat\Scripts\Engines
[2026-07-06 13:06:37] WARNING: Required directory missing: G:\PowerShellBat\Scripts\Session
[2026-07-06 13:06:37] WARNING: Required directory missing: G:\PowerShellBat\Scripts\GUI
[2026-07-06 13:06:37] WARNING: Required directory missing: G:\PowerShellBat\Scripts\UI
[2026-07-06 13:06:37] WARNING: Required file missing: G:\PowerShellBat\Scripts\Core\AURORA-CoreEngine.ps1
[2026-07-06 13:06:37] WARNING: Required file missing: G:\PowerShellBat\Scripts\Security\AURORA-SecurityModule.ps1
[2026-07-06 13:06:37] WARNING: Required file missing: G:\PowerShellBat\Scripts\PRO\AURORA-AnalyzerPRO-Engine.ps1
[2026-07-06 13:06:37] VerifyDirectoryIntegrity: OK
[2026-07-06 13:06:37] Directory integrity check passed
[2026-07-06 13:06:37] IntegrityGuard detection: NONE
[2026-07-06 13:06:37] IntegrityGuard initialized
[2026-07-06 13:06:37] ElevationService configured
[2026-07-06 13:06:37] Creating SplashScreenView
[2026-07-06 13:06:37] SplashScreenView.ctor begin
[2026-07-06 13:06:38] SplashScreenView.ctor InitializeComponent done
[2026-07-06 13:06:38] SplashScreenView.ctor done
[2026-07-06 13:06:38] MainWindow set to SplashScreenView
[2026-07-06 13:06:38] SplashScreenView.Loaded
[2026-07-06 13:06:38] SplashScreenView.Show() returned
[2026-07-06 13:06:50] SplashScreenView.LoadingComplete
[2026-07-06 13:06:50] ShowMainWindow: show ElevationDialog first
[2026-07-06 13:07:09] ElevationDialog result: ContinueNormal
[2026-07-06 13:07:09] MainFormView.ctor begin
[2026-07-06 13:07:09] MainFormView.ctor InitializeComponent done
[2026-07-06 13:07:09] MainFormView.Mica=skipped
[2026-07-06 13:07:09] MainFormView.Loaded
[2026-07-06 13:07:09] MainFormView.PlayWindowEnterAnimation OK
[2026-07-06 13:07:09] SplashScreenView.Closed
[2026-07-06 13:07:51] ProModeView.ctor begin
[2026-07-06 13:07:51] ProModeView.ctor InitializeComponent done
[2026-07-06 13:07:51] [PRO-SWITCH] PlayWindowExitAnimationForModeSwitch begin
[2026-07-06 13:07:53] ProModeView.Mica=skipped
[2026-07-06 13:07:53] ProModeView.OnWindowLoaded begin
[2026-07-06 13:07:53] ProModeView IntegrityGuard runtime monitoring started
[2026-07-06 13:07:53] ProModeView.PlayProModeWindowEnter begin
[2026-07-06 13:07:53] ProModeView.PlayProModeWindowEnter scheduled
[2026-07-06 13:07:53] ProModeView.OnWindowLoaded end
[2026-07-06 13:08:41] PerformExitCleanup: done
[2026-07-06 13:08:41] PerformExitCleanup: done
[2026-07-06 13:18:43] OnStartup
[2026-07-06 13:18:43] Password verification skipped: IsLaunchedByExe=true
[2026-07-06 13:18:43] Password verification passed
[2026-07-06 13:18:43] AURORA_PERF_TIER=Extreme
[2026-07-06 13:18:43] AURORA_LANGUAGE=CHS
[2026-07-06 13:18:43] AURORA_IS_LAUNCHED_BY_EXE=True
[2026-07-06 13:18:43] MaterialStyle=AuroraFluentGlass (from preferences)
[2026-07-06 13:18:43] WARNING: Required directory missing: G:\PowerShellBat\Scripts
[2026-07-06 13:18:43] WARNING: Required directory missing: G:\PowerShellBat\Scripts\Core
[2026-07-06 13:18:43] WARNING: Required directory missing: G:\PowerShellBat\Scripts\Security
[2026-07-06 13:18:43] WARNING: Required directory missing: G:\PowerShellBat\Scripts\PRO
[2026-07-06 13:18:43] WARNING: Required directory missing: G:\PowerShellBat\Scripts\Engines
[2026-07-06 13:18:43] WARNING: Required directory missing: G:\PowerShellBat\Scripts\Session
[2026-07-06 13:18:43] WARNING: Required directory missing: G:\PowerShellBat\Scripts\GUI
[2026-07-06 13:18:43] WARNING: Required directory missing: G:\PowerShellBat\Scripts\UI
[2026-07-06 13:18:43] WARNING: Required file missing: G:\PowerShellBat\Scripts\Core\AURORA-CoreEngine.ps1
[2026-07-06 13:18:43] WARNING: Required file missing: G:\PowerShellBat\Scripts\Security\AURORA-SecurityModule.ps1
[2026-07-06 13:18:43] WARNING: Required file missing: G:\PowerShellBat\Scripts\PRO\AURORA-AnalyzerPRO-Engine.ps1
[2026-07-06 13:18:43] VerifyDirectoryIntegrity: OK
[2026-07-06 13:18:43] Directory integrity check passed
[2026-07-06 13:18:43] IntegrityGuard detection: NONE
[2026-07-06 13:18:43] IntegrityGuard initialized
[2026-07-06 13:18:43] ElevationService configured
[2026-07-06 13:18:44] Creating SplashScreenView
[2026-07-06 13:18:44] SplashScreenView.ctor begin
[2026-07-06 13:18:44] SplashScreenView.ctor InitializeComponent done
[2026-07-06 13:18:44] SplashScreenView.ctor done
[2026-07-06 13:18:44] MainWindow set to SplashScreenView
[2026-07-06 13:18:44] SplashScreenView.Loaded
[2026-07-06 13:18:44] SplashScreenView.Show() returned
[2026-07-06 13:18:56] SplashScreenView.LoadingComplete
[2026-07-06 13:18:57] ShowMainWindow: show ElevationDialog first
[2026-07-06 13:19:15] ElevationDialog result: ContinueNormal
[2026-07-06 13:19:15] MainFormView.ctor begin
[2026-07-06 13:19:15] MainFormView.ctor InitializeComponent done
[2026-07-06 13:19:15] MainFormView.Mica=skipped
[2026-07-06 13:19:15] MainFormView.Loaded
[2026-07-06 13:19:15] MainFormView.PlayWindowEnterAnimation OK
[2026-07-06 13:19:16] SplashScreenView.Closed
[2026-07-06 13:19:40] ProModeView.ctor begin
[2026-07-06 13:19:40] ProModeView.ctor InitializeComponent done
[2026-07-06 13:19:40] [PRO-SWITCH] PlayWindowExitAnimationForModeSwitch begin
[2026-07-06 13:19:42] ProModeView.Mica=skipped
[2026-07-06 13:19:42] ProModeView.OnWindowLoaded begin
[2026-07-06 13:19:42] ProModeView IntegrityGuard runtime monitoring started
[2026-07-06 13:19:42] ProModeView.PlayProModeWindowEnter begin
[2026-07-06 13:19:42] ProModeView.PlayProModeWindowEnter scheduled
[2026-07-06 13:19:42] ProModeView.OnWindowLoaded end
[2026-07-06 13:20:05] PerformExitCleanup: done
[2026-07-06 13:20:05] PerformExitCleanup: done
[2026-07-06 13:21:11] OnStartup
[2026-07-06 13:21:11] Password verification skipped: IsLaunchedByExe=true
[2026-07-06 13:21:11] Password verification passed
[2026-07-06 13:21:11] AURORA_PERF_TIER=Extreme
[2026-07-06 13:21:11] AURORA_LANGUAGE=CHS
[2026-07-06 13:21:11] AURORA_IS_LAUNCHED_BY_EXE=True
[2026-07-06 13:21:11] MaterialStyle=AuroraFluentGlass (from preferences)
[2026-07-06 13:21:11] WARNING: Required directory missing: G:\PowerShellBat\Scripts
[2026-07-06 13:21:11] WARNING: Required directory missing: G:\PowerShellBat\Scripts\Core
[2026-07-06 13:21:11] WARNING: Required directory missing: G:\PowerShellBat\Scripts\Security
[2026-07-06 13:21:11] WARNING: Required directory missing: G:\PowerShellBat\Scripts\PRO
[2026-07-06 13:21:11] WARNING: Required directory missing: G:\PowerShellBat\Scripts\Engines
[2026-07-06 13:21:11] WARNING: Required directory missing: G:\PowerShellBat\Scripts\Session
[2026-07-06 13:21:11] WARNING: Required directory missing: G:\PowerShellBat\Scripts\GUI
[2026-07-06 13:21:11] WARNING: Required directory missing: G:\PowerShellBat\Scripts\UI
[2026-07-06 13:21:11] WARNING: Required file missing: G:\PowerShellBat\Scripts\Core\AURORA-CoreEngine.ps1
[2026-07-06 13:21:11] WARNING: Required file missing: G:\PowerShellBat\Scripts\Security\AURORA-SecurityModule.ps1
[2026-07-06 13:21:11] WARNING: Required file missing: G:\PowerShellBat\Scripts\PRO\AURORA-AnalyzerPRO-Engine.ps1
[2026-07-06 13:21:11] VerifyDirectoryIntegrity: OK
[2026-07-06 13:21:11] Directory integrity check passed
[2026-07-06 13:21:12] IntegrityGuard detection: NONE
[2026-07-06 13:21:12] IntegrityGuard initialized
[2026-07-06 13:21:12] ElevationService configured
[2026-07-06 13:21:12] Creating SplashScreenView
[2026-07-06 13:21:12] SplashScreenView.ctor begin
[2026-07-06 13:21:12] SplashScreenView.ctor InitializeComponent done
[2026-07-06 13:21:12] SplashScreenView.ctor done
[2026-07-06 13:21:12] MainWindow set to SplashScreenView
[2026-07-06 13:21:13] SplashScreenView.Loaded
[2026-07-06 13:21:13] SplashScreenView.Show() returned
[2026-07-06 13:21:24] SplashScreenView.LoadingComplete
[2026-07-06 13:21:25] ShowMainWindow: show ElevationDialog first
[2026-07-06 13:21:30] ElevationDialog result: ContinueNormal
[2026-07-06 13:21:30] MainFormView.ctor begin
[2026-07-06 13:21:30] MainFormView.ctor InitializeComponent done
[2026-07-06 13:21:30] MainFormView.Mica=skipped
[2026-07-06 13:21:30] MainFormView.Loaded
[2026-07-06 13:21:30] MainFormView.PlayWindowEnterAnimation OK
[2026-07-06 13:21:30] SplashScreenView.Closed
[2026-07-06 13:21:36] ProModeView.ctor begin
[2026-07-06 13:21:36] ProModeView.ctor InitializeComponent done
[2026-07-06 13:21:36] [PRO-SWITCH] PlayWindowExitAnimationForModeSwitch begin
[2026-07-06 13:21:38] ProModeView.Mica=skipped
[2026-07-06 13:21:38] ProModeView.OnWindowLoaded begin
[2026-07-06 13:21:38] ProModeView IntegrityGuard runtime monitoring started
[2026-07-06 13:21:38] ProModeView.PlayProModeWindowEnter begin
[2026-07-06 13:21:38] ProModeView.PlayProModeWindowEnter scheduled
[2026-07-06 13:21:38] ProModeView.OnWindowLoaded end
[2026-07-06 13:23:37] PerformExitCleanup: done
[2026-07-06 13:23:37] PerformExitCleanup: done
[2026-07-06 13:31:11] OnStartup
[2026-07-06 13:31:11] Password verification skipped: IsLaunchedByExe=true
[2026-07-06 13:31:11] Password verification passed
[2026-07-06 13:31:11] AURORA_PERF_TIER=Extreme
[2026-07-06 13:31:11] AURORA_LANGUAGE=CHS
[2026-07-06 13:31:11] AURORA_IS_LAUNCHED_BY_EXE=True
[2026-07-06 13:31:11] MaterialStyle=AuroraFluentGlass (from preferences)
[2026-07-06 13:31:11] WARNING: Required directory missing: G:\PowerShellBat\Scripts
[2026-07-06 13:31:11] WARNING: Required directory missing: G:\PowerShellBat\Scripts\Core
[2026-07-06 13:31:11] WARNING: Required directory missing: G:\PowerShellBat\Scripts\Security
[2026-07-06 13:31:11] WARNING: Required directory missing: G:\PowerShellBat\Scripts\PRO
[2026-07-06 13:31:11] WARNING: Required directory missing: G:\PowerShellBat\Scripts\Engines
[2026-07-06 13:31:11] WARNING: Required directory missing: G:\PowerShellBat\Scripts\Session
[2026-07-06 13:31:11] WARNING: Required directory missing: G:\PowerShellBat\Scripts\GUI
[2026-07-06 13:31:11] WARNING: Required directory missing: G:\PowerShellBat\Scripts\UI
[2026-07-06 13:31:11] WARNING: Required file missing: G:\PowerShellBat\Scripts\Core\AURORA-CoreEngine.ps1
[2026-07-06 13:31:11] WARNING: Required file missing: G:\PowerShellBat\Scripts\Security\AURORA-SecurityModule.ps1
[2026-07-06 13:31:11] WARNING: Required file missing: G:\PowerShellBat\Scripts\PRO\AURORA-AnalyzerPRO-Engine.ps1
[2026-07-06 13:31:11] VerifyDirectoryIntegrity: OK
[2026-07-06 13:31:11] Directory integrity check passed
[2026-07-06 13:31:11] IntegrityGuard detection: NONE
[2026-07-06 13:31:11] IntegrityGuard initialized
[2026-07-06 13:31:11] ElevationService configured
[2026-07-06 13:31:12] Creating SplashScreenView
[2026-07-06 13:31:12] SplashScreenView.ctor begin
[2026-07-06 13:31:12] SplashScreenView.ctor InitializeComponent done
[2026-07-06 13:31:12] SplashScreenView.ctor done
[2026-07-06 13:31:12] MainWindow set to SplashScreenView
[2026-07-06 13:31:13] SplashScreenView.Loaded
[2026-07-06 13:31:13] SplashScreenView.Show() returned
[2026-07-06 13:31:24] SplashScreenView.LoadingComplete
[2026-07-06 13:31:25] ShowMainWindow: show ElevationDialog first
[2026-07-06 13:31:52] ElevationDialog result: ContinueNormal
[2026-07-06 13:31:52] MainFormView.ctor begin
[2026-07-06 13:31:52] MainFormView.ctor InitializeComponent done
[2026-07-06 13:31:52] MainFormView.Mica=skipped
[2026-07-06 13:31:52] MainFormView.Loaded
[2026-07-06 13:31:52] MainFormView.PlayWindowEnterAnimation OK
[2026-07-06 13:31:52] SplashScreenView.Closed
[2026-07-06 13:32:45] ProModeView.ctor begin
[2026-07-06 13:32:45] ProModeView.ctor InitializeComponent done
[2026-07-06 13:32:45] [PRO-SWITCH] PlayWindowExitAnimationForModeSwitch begin
[2026-07-06 13:32:47] ProModeView.Mica=skipped
[2026-07-06 13:32:47] ProModeView.OnWindowLoaded begin
[2026-07-06 13:32:47] ProModeView IntegrityGuard runtime monitoring started
[2026-07-06 13:32:47] ProModeView.PlayProModeWindowEnter begin
[2026-07-06 13:32:47] ProModeView.PlayProModeWindowEnter scheduled
[2026-07-06 13:32:47] ProModeView.OnWindowLoaded end
[2026-07-06 13:34:23] PerformExitCleanup: done
[2026-07-06 13:34:23] PerformExitCleanup: done
[2026-07-06 13:40:29] OnStartup
[2026-07-06 13:40:29] Password verification skipped: IsLaunchedByExe=true
[2026-07-06 13:40:29] Password verification passed
[2026-07-06 13:40:29] AURORA_PERF_TIER=Extreme
[2026-07-06 13:40:29] AURORA_LANGUAGE=CHS
[2026-07-06 13:40:29] AURORA_IS_LAUNCHED_BY_EXE=True
[2026-07-06 13:40:29] MaterialStyle=AuroraFluentGlass (from preferences)
[2026-07-06 13:40:29] WARNING: Required directory missing: G:\PowerShellBat\Scripts
[2026-07-06 13:40:29] WARNING: Required directory missing: G:\PowerShellBat\Scripts\Core
[2026-07-06 13:40:29] WARNING: Required directory missing: G:\PowerShellBat\Scripts\Security
[2026-07-06 13:40:29] WARNING: Required directory missing: G:\PowerShellBat\Scripts\PRO
[2026-07-06 13:40:29] WARNING: Required directory missing: G:\PowerShellBat\Scripts\Engines
[2026-07-06 13:40:29] WARNING: Required directory missing: G:\PowerShellBat\Scripts\Session
[2026-07-06 13:40:29] WARNING: Required directory missing: G:\PowerShellBat\Scripts\GUI
[2026-07-06 13:40:29] WARNING: Required directory missing: G:\PowerShellBat\Scripts\UI
[2026-07-06 13:40:29] WARNING: Required file missing: G:\PowerShellBat\Scripts\Core\AURORA-CoreEngine.ps1
[2026-07-06 13:40:29] WARNING: Required file missing: G:\PowerShellBat\Scripts\Security\AURORA-SecurityModule.ps1
[2026-07-06 13:40:29] WARNING: Required file missing: G:\PowerShellBat\Scripts\PRO\AURORA-AnalyzerPRO-Engine.ps1
[2026-07-06 13:40:29] VerifyDirectoryIntegrity: OK
[2026-07-06 13:40:29] Directory integrity check passed
[2026-07-06 13:40:29] IntegrityGuard detection: NONE
[2026-07-06 13:40:29] IntegrityGuard initialized
[2026-07-06 13:40:29] ElevationService configured
[2026-07-06 13:40:30] Creating SplashScreenView
[2026-07-06 13:40:30] SplashScreenView.ctor begin
[2026-07-06 13:40:30] SplashScreenView.ctor InitializeComponent done
[2026-07-06 13:40:30] SplashScreenView.ctor done
[2026-07-06 13:40:30] MainWindow set to SplashScreenView
[2026-07-06 13:40:30] SplashScreenView.Loaded
[2026-07-06 13:40:31] SplashScreenView.Show() returned
[2026-07-06 13:40:42] SplashScreenView.LoadingComplete
[2026-07-06 13:40:43] ShowMainWindow: show ElevationDialog first
[2026-07-06 13:41:12] ElevationDialog result: ContinueNormal
[2026-07-06 13:41:12] MainFormView.ctor begin
[2026-07-06 13:41:12] MainFormView.ctor InitializeComponent done
[2026-07-06 13:41:12] MainFormView.Mica=skipped
[2026-07-06 13:41:12] MainFormView.Loaded
[2026-07-06 13:41:12] MainFormView.PlayWindowEnterAnimation OK
[2026-07-06 13:41:12] SplashScreenView.Closed
[2026-07-06 13:41:29] ProModeView.ctor begin
[2026-07-06 13:41:29] ProModeView.ctor InitializeComponent done
[2026-07-06 13:41:29] [PRO-SWITCH] PlayWindowExitAnimationForModeSwitch begin
[2026-07-06 13:41:30] ProModeView.Mica=skipped
[2026-07-06 13:41:30] ProModeView.OnWindowLoaded begin
[2026-07-06 13:41:31] ProModeView IntegrityGuard runtime monitoring started
[2026-07-06 13:41:31] ProModeView.PlayProModeWindowEnter begin
[2026-07-06 13:41:31] ProModeView.PlayProModeWindowEnter scheduled
[2026-07-06 13:41:31] ProModeView.OnWindowLoaded end
[2026-07-06 13:42:04] PerformExitCleanup: done
[2026-07-06 13:42:04] PerformExitCleanup: done
[2026-07-06 13:49:13] OnStartup
[2026-07-06 13:49:13] Password verification skipped: IsLaunchedByExe=true
[2026-07-06 13:49:13] Password verification passed
[2026-07-06 13:49:13] AURORA_PERF_TIER=Extreme
[2026-07-06 13:49:13] AURORA_LANGUAGE=CHS
[2026-07-06 13:49:13] AURORA_IS_LAUNCHED_BY_EXE=True
[2026-07-06 13:49:13] MaterialStyle=AuroraFluentGlass (from preferences)
[2026-07-06 13:49:13] WARNING: Required directory missing: G:\PowerShellBat\Scripts
[2026-07-06 13:49:13] WARNING: Required directory missing: G:\PowerShellBat\Scripts\Core
[2026-07-06 13:49:13] WARNING: Required directory missing: G:\PowerShellBat\Scripts\Security
[2026-07-06 13:49:13] WARNING: Required directory missing: G:\PowerShellBat\Scripts\PRO
[2026-07-06 13:49:13] WARNING: Required directory missing: G:\PowerShellBat\Scripts\Engines
[2026-07-06 13:49:13] WARNING: Required directory missing: G:\PowerShellBat\Scripts\Session
[2026-07-06 13:49:13] WARNING: Required directory missing: G:\PowerShellBat\Scripts\GUI
[2026-07-06 13:49:13] WARNING: Required directory missing: G:\PowerShellBat\Scripts\UI
[2026-07-06 13:49:13] WARNING: Required file missing: G:\PowerShellBat\Scripts\Core\AURORA-CoreEngine.ps1
[2026-07-06 13:49:13] WARNING: Required file missing: G:\PowerShellBat\Scripts\Security\AURORA-SecurityModule.ps1
[2026-07-06 13:49:13] WARNING: Required file missing: G:\PowerShellBat\Scripts\PRO\AURORA-AnalyzerPRO-Engine.ps1
[2026-07-06 13:49:13] VerifyDirectoryIntegrity: OK
[2026-07-06 13:49:13] Directory integrity check passed
[2026-07-06 13:49:14] IntegrityGuard detection: NONE
[2026-07-06 13:49:14] IntegrityGuard initialized
[2026-07-06 13:49:14] ElevationService configured
[2026-07-06 13:49:14] Creating SplashScreenView
[2026-07-06 13:49:14] SplashScreenView.ctor begin
[2026-07-06 13:49:14] SplashScreenView.ctor InitializeComponent done
[2026-07-06 13:49:14] SplashScreenView.ctor done
[2026-07-06 13:49:14] MainWindow set to SplashScreenView
[2026-07-06 13:49:15] SplashScreenView.Loaded
[2026-07-06 13:49:15] SplashScreenView.Show() returned
[2026-07-06 13:49:26] SplashScreenView.LoadingComplete
[2026-07-06 13:49:27] ShowMainWindow: show ElevationDialog first
[2026-07-06 13:49:57] ElevationDialog result: ContinueNormal
[2026-07-06 13:49:57] MainFormView.ctor begin
[2026-07-06 13:49:57] MainFormView.ctor InitializeComponent done
[2026-07-06 13:49:57] MainFormView.Mica=skipped
[2026-07-06 13:49:57] MainFormView.Loaded
[2026-07-06 13:49:57] MainFormView.PlayWindowEnterAnimation OK
[2026-07-06 13:49:57] SplashScreenView.Closed
[2026-07-06 13:50:46] ProModeView.ctor begin
[2026-07-06 13:50:47] ProModeView.ctor InitializeComponent done
[2026-07-06 13:50:47] [PRO-SWITCH] PlayWindowExitAnimationForModeSwitch begin
[2026-07-06 13:50:48] ProModeView.Mica=skipped
[2026-07-06 13:50:49] ProModeView.OnWindowLoaded begin
[2026-07-06 13:50:49] ProModeView IntegrityGuard runtime monitoring started
[2026-07-06 13:50:49] ProModeView.PlayProModeWindowEnter begin
[2026-07-06 13:50:49] ProModeView.PlayProModeWindowEnter scheduled
[2026-07-06 13:50:49] ProModeView.OnWindowLoaded end
[2026-07-06 13:51:25] PerformExitCleanup: done
[2026-07-06 13:51:25] PerformExitCleanup: done
[2026-07-06 14:15:05] OnStartup
[2026-07-06 14:15:05] Password verification skipped: IsLaunchedByExe=true
[2026-07-06 14:15:05] Password verification passed
[2026-07-06 14:15:05] AURORA_PERF_TIER=Extreme
[2026-07-06 14:15:05] AURORA_LANGUAGE=CHS
[2026-07-06 14:15:05] AURORA_IS_LAUNCHED_BY_EXE=True
[2026-07-06 14:15:05] MaterialStyle=AuroraFluentGlass (from preferences)
[2026-07-06 14:15:05] WARNING: Required directory missing: G:\PowerShellBat\Scripts
[2026-07-06 14:15:05] WARNING: Required directory missing: G:\PowerShellBat\Scripts\Core
[2026-07-06 14:15:05] WARNING: Required directory missing: G:\PowerShellBat\Scripts\Security
[2026-07-06 14:15:05] WARNING: Required directory missing: G:\PowerShellBat\Scripts\PRO
[2026-07-06 14:15:05] WARNING: Required directory missing: G:\PowerShellBat\Scripts\Engines
[2026-07-06 14:15:05] WARNING: Required directory missing: G:\PowerShellBat\Scripts\Session
[2026-07-06 14:15:05] WARNING: Required directory missing: G:\PowerShellBat\Scripts\GUI
[2026-07-06 14:15:05] WARNING: Required directory missing: G:\PowerShellBat\Scripts\UI
[2026-07-06 14:15:05] WARNING: Required file missing: G:\PowerShellBat\Scripts\Core\AURORA-CoreEngine.ps1
[2026-07-06 14:15:05] WARNING: Required file missing: G:\PowerShellBat\Scripts\Security\AURORA-SecurityModule.ps1
[2026-07-06 14:15:05] WARNING: Required file missing: G:\PowerShellBat\Scripts\PRO\AURORA-AnalyzerPRO-Engine.ps1
[2026-07-06 14:15:05] VerifyDirectoryIntegrity: OK
[2026-07-06 14:15:05] Directory integrity check passed
[2026-07-06 14:15:05] IntegrityGuard detection: NONE
[2026-07-06 14:15:05] IntegrityGuard initialized
[2026-07-06 14:15:05] ElevationService configured
[2026-07-06 14:15:06] Creating SplashScreenView
[2026-07-06 14:15:06] SplashScreenView.ctor begin
[2026-07-06 14:15:06] SplashScreenView.ctor InitializeComponent done
[2026-07-06 14:15:06] SplashScreenView.ctor done
[2026-07-06 14:15:06] MainWindow set to SplashScreenView
[2026-07-06 14:15:06] SplashScreenView.Loaded
[2026-07-06 14:15:06] SplashScreenView.Show() returned
[2026-07-06 14:15:18] SplashScreenView.LoadingComplete
[2026-07-06 14:15:18] ShowMainWindow: show ElevationDialog first
[2026-07-06 14:15:30] ElevationDialog result: ContinueNormal
[2026-07-06 14:15:30] MainFormView.ctor begin
[2026-07-06 14:15:30] MainFormView.ctor InitializeComponent done
[2026-07-06 14:15:31] MainFormView.Mica=skipped
[2026-07-06 14:15:31] MainFormView.Loaded
[2026-07-06 14:15:31] MainFormView.PlayWindowEnterAnimation OK
[2026-07-06 14:15:31] SplashScreenView.Closed
[2026-07-06 14:15:50] ProModeView.ctor begin
[2026-07-06 14:15:50] ProModeView.ctor InitializeComponent done
[2026-07-06 14:15:50] [PRO-SWITCH] PlayWindowExitAnimationForModeSwitch begin
[2026-07-06 14:15:52] ProModeView.Mica=skipped
[2026-07-06 14:15:52] ProModeView.OnWindowLoaded begin
[2026-07-06 14:15:52] ProModeView IntegrityGuard runtime monitoring started
[2026-07-06 14:15:52] ProModeView.PlayProModeWindowEnter begin
[2026-07-06 14:15:52] ProModeView.PlayProModeWindowEnter scheduled
[2026-07-06 14:15:52] ProModeView.OnWindowLoaded end
[2026-07-06 14:16:35] PerformExitCleanup: done
[2026-07-06 14:16:35] PerformExitCleanup: done
[2026-07-06 14:28:19] OnStartup
[2026-07-06 14:28:19] Password verification skipped: IsLaunchedByExe=true
[2026-07-06 14:28:19] Password verification passed
[2026-07-06 14:28:19] AURORA_PERF_TIER=Extreme
[2026-07-06 14:28:19] AURORA_LANGUAGE=CHS
[2026-07-06 14:28:19] AURORA_IS_LAUNCHED_BY_EXE=True
[2026-07-06 14:28:19] MaterialStyle=AuroraFluentGlass (from preferences)
[2026-07-06 14:28:19] WARNING: Required directory missing: G:\PowerShellBat\Scripts
[2026-07-06 14:28:19] WARNING: Required directory missing: G:\PowerShellBat\Scripts\Core
[2026-07-06 14:28:19] WARNING: Required directory missing: G:\PowerShellBat\Scripts\Security
[2026-07-06 14:28:19] WARNING: Required directory missing: G:\PowerShellBat\Scripts\PRO
[2026-07-06 14:28:19] WARNING: Required directory missing: G:\PowerShellBat\Scripts\Engines
[2026-07-06 14:28:19] WARNING: Required directory missing: G:\PowerShellBat\Scripts\Session
[2026-07-06 14:28:19] WARNING: Required directory missing: G:\PowerShellBat\Scripts\GUI
[2026-07-06 14:28:19] WARNING: Required directory missing: G:\PowerShellBat\Scripts\UI
[2026-07-06 14:28:19] WARNING: Required file missing: G:\PowerShellBat\Scripts\Core\AURORA-CoreEngine.ps1
[2026-07-06 14:28:19] WARNING: Required file missing: G:\PowerShellBat\Scripts\Security\AURORA-SecurityModule.ps1
[2026-07-06 14:28:19] WARNING: Required file missing: G:\PowerShellBat\Scripts\PRO\AURORA-AnalyzerPRO-Engine.ps1
[2026-07-06 14:28:19] VerifyDirectoryIntegrity: OK
[2026-07-06 14:28:19] Directory integrity check passed
[2026-07-06 14:28:19] IntegrityGuard detection: NONE
[2026-07-06 14:28:19] IntegrityGuard initialized
[2026-07-06 14:28:19] ElevationService configured
[2026-07-06 14:28:19] Creating SplashScreenView
[2026-07-06 14:28:19] SplashScreenView.ctor begin
[2026-07-06 14:28:20] SplashScreenView.ctor InitializeComponent done
[2026-07-06 14:28:20] SplashScreenView.ctor done
[2026-07-06 14:28:20] MainWindow set to SplashScreenView
[2026-07-06 14:28:20] SplashScreenView.Loaded
[2026-07-06 14:28:20] SplashScreenView.Show() returned
[2026-07-06 14:28:32] SplashScreenView.LoadingComplete
[2026-07-06 14:28:32] ShowMainWindow: show ElevationDialog first
[2026-07-06 14:28:38] ElevationDialog result: ContinueNormal
[2026-07-06 14:28:38] MainFormView.ctor begin
[2026-07-06 14:28:38] MainFormView.ctor InitializeComponent done
[2026-07-06 14:28:38] MainFormView.Mica=skipped
[2026-07-06 14:28:38] MainFormView.Loaded
[2026-07-06 14:28:38] MainFormView.PlayWindowEnterAnimation OK
[2026-07-06 14:28:38] SplashScreenView.Closed
[2026-07-06 14:29:59] ProModeView.ctor begin
[2026-07-06 14:29:59] ProModeView.ctor InitializeComponent done
[2026-07-06 14:29:59] [PRO-SWITCH] PlayWindowExitAnimationForModeSwitch begin
[2026-07-06 14:30:01] ProModeView.Mica=skipped
[2026-07-06 14:30:01] ProModeView.OnWindowLoaded begin
[2026-07-06 14:30:02] ProModeView IntegrityGuard runtime monitoring started
[2026-07-06 14:30:02] ProModeView.PlayProModeWindowEnter begin
[2026-07-06 14:30:02] ProModeView.PlayProModeWindowEnter scheduled
[2026-07-06 14:30:02] ProModeView.OnWindowLoaded end
[2026-07-06 14:30:21] PerformExitCleanup: done
[2026-07-06 14:30:21] PerformExitCleanup: done
[2026-07-06 14:55:43] OnStartup
[2026-07-06 14:55:43] Password verification skipped: IsLaunchedByExe=true
[2026-07-06 14:55:43] Password verification passed
[2026-07-06 14:55:43] AURORA_PERF_TIER=Extreme
[2026-07-06 14:55:43] AURORA_LANGUAGE=CHS
[2026-07-06 14:55:43] AURORA_IS_LAUNCHED_BY_EXE=True
[2026-07-06 14:55:43] WARNING: Required directory missing: G:\PowerShellBat\Scripts
[2026-07-06 14:55:43] WARNING: Required directory missing: G:\PowerShellBat\Scripts\Core
[2026-07-06 14:55:43] WARNING: Required directory missing: G:\PowerShellBat\Scripts\Security
[2026-07-06 14:55:43] WARNING: Required directory missing: G:\PowerShellBat\Scripts\PRO
[2026-07-06 14:55:43] WARNING: Required directory missing: G:\PowerShellBat\Scripts\Engines
[2026-07-06 14:55:43] WARNING: Required directory missing: G:\PowerShellBat\Scripts\Session
[2026-07-06 14:55:43] WARNING: Required directory missing: G:\PowerShellBat\Scripts\GUI
[2026-07-06 14:55:43] WARNING: Required directory missing: G:\PowerShellBat\Scripts\UI
[2026-07-06 14:55:43] WARNING: Required file missing: G:\PowerShellBat\Scripts\Core\AURORA-CoreEngine.ps1
[2026-07-06 14:55:43] WARNING: Required file missing: G:\PowerShellBat\Scripts\Security\AURORA-SecurityModule.ps1
[2026-07-06 14:55:43] WARNING: Required file missing: G:\PowerShellBat\Scripts\PRO\AURORA-AnalyzerPRO-Engine.ps1
[2026-07-06 14:55:43] VerifyDirectoryIntegrity: OK
[2026-07-06 14:55:43] Directory integrity check passed
[2026-07-06 14:55:43] IntegrityGuard detection: NONE
[2026-07-06 14:55:43] IntegrityGuard initialized
[2026-07-06 14:55:43] ElevationService configured
[2026-07-06 14:55:44] Creating SplashScreenView
[2026-07-06 14:55:44] SplashScreenView.ctor begin
[2026-07-06 14:55:44] SplashScreenView.ctor InitializeComponent done
[2026-07-06 14:55:44] SplashScreenView.ctor done
[2026-07-06 14:55:44] MainWindow set to SplashScreenView
[2026-07-06 14:55:44] SplashScreenView.Loaded
[2026-07-06 14:55:44] SplashScreenView.Show() returned
[2026-07-06 14:55:56] SplashScreenView.LoadingComplete
[2026-07-06 14:55:56] ShowMainWindow: show ElevationDialog first
[2026-07-06 14:56:35] ElevationDialog result: ContinueNormal
[2026-07-06 14:56:35] MainFormView.ctor begin
[2026-07-06 14:56:35] MainFormView.ctor InitializeComponent done
[2026-07-06 14:56:35] MainFormView.Loaded
[2026-07-06 14:56:35] MainFormView.PlayWindowEnterAnimation OK
[2026-07-06 14:56:35] SplashScreenView.Closed
[2026-07-06 14:56:41] PerformExitCleanup: done
[2026-07-06 14:56:41] PerformExitCleanup: done
[2026-07-06 15:07:46] OnStartup
[2026-07-06 15:07:46] Password verification skipped: IsLaunchedByExe=true
[2026-07-06 15:07:46] Password verification passed
[2026-07-06 15:07:46] AURORA_PERF_TIER=Extreme
[2026-07-06 15:07:46] AURORA_LANGUAGE=CHS
[2026-07-06 15:07:46] AURORA_IS_LAUNCHED_BY_EXE=True
[2026-07-06 15:07:46] WARNING: Required directory missing: G:\PowerShellBat\Scripts
[2026-07-06 15:07:46] WARNING: Required directory missing: G:\PowerShellBat\Scripts\Core
[2026-07-06 15:07:46] WARNING: Required directory missing: G:\PowerShellBat\Scripts\Security
[2026-07-06 15:07:46] WARNING: Required directory missing: G:\PowerShellBat\Scripts\PRO
[2026-07-06 15:07:46] WARNING: Required directory missing: G:\PowerShellBat\Scripts\Engines
[2026-07-06 15:07:46] WARNING: Required directory missing: G:\PowerShellBat\Scripts\Session
[2026-07-06 15:07:46] WARNING: Required directory missing: G:\PowerShellBat\Scripts\GUI
[2026-07-06 15:07:46] WARNING: Required directory missing: G:\PowerShellBat\Scripts\UI
[2026-07-06 15:07:46] WARNING: Required file missing: G:\PowerShellBat\Scripts\Core\AURORA-CoreEngine.ps1
[2026-07-06 15:07:46] WARNING: Required file missing: G:\PowerShellBat\Scripts\Security\AURORA-SecurityModule.ps1
[2026-07-06 15:07:46] WARNING: Required file missing: G:\PowerShellBat\Scripts\PRO\AURORA-AnalyzerPRO-Engine.ps1
[2026-07-06 15:07:46] VerifyDirectoryIntegrity: OK
[2026-07-06 15:07:46] Directory integrity check passed
[2026-07-06 15:07:46] IntegrityGuard detection: NONE
[2026-07-06 15:07:46] IntegrityGuard initialized
[2026-07-06 15:07:46] ElevationService configured
[2026-07-06 15:07:47] Creating SplashScreenView
[2026-07-06 15:07:47] SplashScreenView.ctor begin
[2026-07-06 15:07:47] SplashScreenView.ctor InitializeComponent done
[2026-07-06 15:07:47] SplashScreenView.ctor done
[2026-07-06 15:07:47] MainWindow set to SplashScreenView
[2026-07-06 15:07:47] SplashScreenView.Loaded
[2026-07-06 15:07:47] SplashScreenView.Show() returned
[2026-07-06 15:07:59] SplashScreenView.LoadingComplete
[2026-07-06 15:07:59] ShowMainWindow: show ElevationDialog first
[2026-07-06 15:08:04] SplashScreenView.Closed
[2026-07-06 15:08:04] PerformExitCleanup: done
[2026-07-06 15:08:04] PerformExitCleanup: done
[2026-07-06 15:08:05] OnStartup
[2026-07-06 15:08:05] Password verification skipped: IsLaunchedByExe=true
[2026-07-06 15:08:05] Password verification passed
[2026-07-06 15:08:05] AURORA_PERF_TIER=Extreme
[2026-07-06 15:08:05] AURORA_LANGUAGE=CHS
[2026-07-06 15:08:05] AURORA_IS_LAUNCHED_BY_EXE=True
[2026-07-06 15:08:05] WARNING: Required directory missing: G:\PowerShellBat\Scripts
[2026-07-06 15:08:05] WARNING: Required directory missing: G:\PowerShellBat\Scripts\Core
[2026-07-06 15:08:05] WARNING: Required directory missing: G:\PowerShellBat\Scripts\Security
[2026-07-06 15:08:05] WARNING: Required directory missing: G:\PowerShellBat\Scripts\PRO
[2026-07-06 15:08:05] WARNING: Required directory missing: G:\PowerShellBat\Scripts\Engines
[2026-07-06 15:08:05] WARNING: Required directory missing: G:\PowerShellBat\Scripts\Session
[2026-07-06 15:08:05] WARNING: Required directory missing: G:\PowerShellBat\Scripts\GUI
[2026-07-06 15:08:05] WARNING: Required directory missing: G:\PowerShellBat\Scripts\UI
[2026-07-06 15:08:05] WARNING: Required file missing: G:\PowerShellBat\Scripts\Core\AURORA-CoreEngine.ps1
[2026-07-06 15:08:05] WARNING: Required file missing: G:\PowerShellBat\Scripts\Security\AURORA-SecurityModule.ps1
[2026-07-06 15:08:05] WARNING: Required file missing: G:\PowerShellBat\Scripts\PRO\AURORA-AnalyzerPRO-Engine.ps1
[2026-07-06 15:08:05] VerifyDirectoryIntegrity: OK
[2026-07-06 15:08:05] Directory integrity check passed
[2026-07-06 15:08:06] IntegrityGuard detection: NONE
[2026-07-06 15:08:06] IntegrityGuard initialized
[2026-07-06 15:08:06] ElevationService configured
[2026-07-06 15:08:06] Creating SplashScreenView
[2026-07-06 15:08:06] SplashScreenView.ctor begin
[2026-07-06 15:08:06] SplashScreenView.ctor InitializeComponent done
[2026-07-06 15:08:06] SplashScreenView.ctor done
[2026-07-06 15:08:06] MainWindow set to SplashScreenView
[2026-07-06 15:08:07] SplashScreenView.Loaded
[2026-07-06 15:08:07] SplashScreenView.Show() returned
[2026-07-06 15:08:18] SplashScreenView.LoadingComplete
[2026-07-06 15:08:19] ShowMainWindow: show ElevationDialog first
[2026-07-06 15:13:26] ElevationDialog result: ContinueNormal
[2026-07-06 15:13:26] MainFormView.ctor begin
[2026-07-06 15:13:26] MainFormView.ctor InitializeComponent done
[2026-07-06 15:13:27] MainFormView.Loaded
[2026-07-06 15:13:27] MainFormView.PlayWindowEnterAnimation OK
[2026-07-06 15:13:27] SplashScreenView.Closed
[2026-07-06 15:13:38] PerformExitCleanup: done
[2026-07-06 15:13:38] PerformExitCleanup: done
[2026-07-06 15:14:21] OnStartup
[2026-07-06 15:14:21] Password verification skipped: IsLaunchedByExe=true
[2026-07-06 15:14:21] Password verification passed
[2026-07-06 15:14:22] AURORA_PERF_TIER=Extreme
[2026-07-06 15:14:22] AURORA_LANGUAGE=CHS
[2026-07-06 15:14:22] AURORA_IS_LAUNCHED_BY_EXE=True
[2026-07-06 15:14:22] WARNING: Required directory missing: G:\PowerShellBat\Scripts
[2026-07-06 15:14:22] WARNING: Required directory missing: G:\PowerShellBat\Scripts\Core
[2026-07-06 15:14:22] WARNING: Required directory missing: G:\PowerShellBat\Scripts\Security
[2026-07-06 15:14:22] WARNING: Required directory missing: G:\PowerShellBat\Scripts\PRO
[2026-07-06 15:14:22] WARNING: Required directory missing: G:\PowerShellBat\Scripts\Engines
[2026-07-06 15:14:22] WARNING: Required directory missing: G:\PowerShellBat\Scripts\Session
[2026-07-06 15:14:22] WARNING: Required directory missing: G:\PowerShellBat\Scripts\GUI
[2026-07-06 15:14:22] WARNING: Required directory missing: G:\PowerShellBat\Scripts\UI
[2026-07-06 15:14:22] WARNING: Required file missing: G:\PowerShellBat\Scripts\Core\AURORA-CoreEngine.ps1
[2026-07-06 15:14:22] WARNING: Required file missing: G:\PowerShellBat\Scripts\Security\AURORA-SecurityModule.ps1
[2026-07-06 15:14:22] WARNING: Required file missing: G:\PowerShellBat\Scripts\PRO\AURORA-AnalyzerPRO-Engine.ps1
[2026-07-06 15:14:22] VerifyDirectoryIntegrity: OK
[2026-07-06 15:14:22] Directory integrity check passed
[2026-07-06 15:14:22] IntegrityGuard detection: NONE
[2026-07-06 15:14:22] IntegrityGuard initialized
[2026-07-06 15:14:22] ElevationService configured
[2026-07-06 15:14:22] Creating SplashScreenView
[2026-07-06 15:14:22] SplashScreenView.ctor begin
[2026-07-06 15:14:22] SplashScreenView.ctor InitializeComponent done
[2026-07-06 15:14:22] SplashScreenView.ctor done
[2026-07-06 15:14:22] MainWindow set to SplashScreenView
[2026-07-06 15:14:23] SplashScreenView.Loaded
[2026-07-06 15:14:23] SplashScreenView.Show() returned
[2026-07-06 15:14:34] SplashScreenView.LoadingComplete
[2026-07-06 15:14:35] ShowMainWindow: show ElevationDialog first
[2026-07-06 15:14:39] SplashScreenView.Closed
[2026-07-06 15:14:39] PerformExitCleanup: done
[2026-07-06 15:14:39] PerformExitCleanup: done
[2026-07-06 15:16:45] OnStartup
[2026-07-06 15:16:45] Password verification skipped: IsLaunchedByExe=true
[2026-07-06 15:16:45] Password verification passed
[2026-07-06 15:16:45] AURORA_PERF_TIER=Extreme
[2026-07-06 15:16:45] AURORA_LANGUAGE=CHS
[2026-07-06 15:16:45] AURORA_IS_LAUNCHED_BY_EXE=True
[2026-07-06 15:16:45] WARNING: Required directory missing: G:\PowerShellBat\Scripts
[2026-07-06 15:16:45] WARNING: Required directory missing: G:\PowerShellBat\Scripts\Core
[2026-07-06 15:16:45] WARNING: Required directory missing: G:\PowerShellBat\Scripts\Security
[2026-07-06 15:16:45] WARNING: Required directory missing: G:\PowerShellBat\Scripts\PRO
[2026-07-06 15:16:45] WARNING: Required directory missing: G:\PowerShellBat\Scripts\Engines
[2026-07-06 15:16:45] WARNING: Required directory missing: G:\PowerShellBat\Scripts\Session
[2026-07-06 15:16:45] WARNING: Required directory missing: G:\PowerShellBat\Scripts\GUI
[2026-07-06 15:16:45] WARNING: Required directory missing: G:\PowerShellBat\Scripts\UI
[2026-07-06 15:16:45] WARNING: Required file missing: G:\PowerShellBat\Scripts\Core\AURORA-CoreEngine.ps1
[2026-07-06 15:16:45] WARNING: Required file missing: G:\PowerShellBat\Scripts\Security\AURORA-SecurityModule.ps1
[2026-07-06 15:16:45] WARNING: Required file missing: G:\PowerShellBat\Scripts\PRO\AURORA-AnalyzerPRO-Engine.ps1
[2026-07-06 15:16:45] VerifyDirectoryIntegrity: OK
[2026-07-06 15:16:45] Directory integrity check passed
[2026-07-06 15:16:45] IntegrityGuard detection: NONE
[2026-07-06 15:16:45] IntegrityGuard initialized
[2026-07-06 15:16:45] ElevationService configured
[2026-07-06 15:16:46] Creating SplashScreenView
[2026-07-06 15:16:46] SplashScreenView.ctor begin
[2026-07-06 15:16:46] SplashScreenView.ctor InitializeComponent done
[2026-07-06 15:16:46] SplashScreenView.ctor done
[2026-07-06 15:16:46] MainWindow set to SplashScreenView
[2026-07-06 15:16:46] SplashScreenView.Loaded
[2026-07-06 15:16:46] SplashScreenView.Show() returned
[2026-07-06 15:16:58] SplashScreenView.LoadingComplete
[2026-07-06 15:16:58] ShowMainWindow: show ElevationDialog first
[2026-07-06 15:17:46] ElevationDialog result: ContinueNormal
[2026-07-06 15:17:46] MainFormView.ctor begin
[2026-07-06 15:17:46] MainFormView.ctor InitializeComponent done
[2026-07-06 15:17:46] MainFormView.Loaded
[2026-07-06 15:17:46] MainFormView.PlayWindowEnterAnimation OK
[2026-07-06 15:17:46] SplashScreenView.Closed
[2026-07-06 15:18:15] PerformExitCleanup: done
[2026-07-06 15:18:15] PerformExitCleanup: done
[2026-07-06 15:19:37] OnStartup
[2026-07-06 15:19:37] Password verification skipped: IsLaunchedByExe=true
[2026-07-06 15:19:37] Password verification passed
[2026-07-06 15:19:38] AURORA_PERF_TIER=Extreme
[2026-07-06 15:19:38] AURORA_LANGUAGE=CHS
[2026-07-06 15:19:38] AURORA_IS_LAUNCHED_BY_EXE=True
[2026-07-06 15:19:38] WARNING: Required directory missing: G:\PowerShellBat\Scripts
[2026-07-06 15:19:38] WARNING: Required directory missing: G:\PowerShellBat\Scripts\Core
[2026-07-06 15:19:38] WARNING: Required directory missing: G:\PowerShellBat\Scripts\Security
[2026-07-06 15:19:38] WARNING: Required directory missing: G:\PowerShellBat\Scripts\PRO
[2026-07-06 15:19:38] WARNING: Required directory missing: G:\PowerShellBat\Scripts\Engines
[2026-07-06 15:19:38] WARNING: Required directory missing: G:\PowerShellBat\Scripts\Session
[2026-07-06 15:19:38] WARNING: Required directory missing: G:\PowerShellBat\Scripts\GUI
[2026-07-06 15:19:38] WARNING: Required directory missing: G:\PowerShellBat\Scripts\UI
[2026-07-06 15:19:38] WARNING: Required file missing: G:\PowerShellBat\Scripts\Core\AURORA-CoreEngine.ps1
[2026-07-06 15:19:38] WARNING: Required file missing: G:\PowerShellBat\Scripts\Security\AURORA-SecurityModule.ps1
[2026-07-06 15:19:38] WARNING: Required file missing: G:\PowerShellBat\Scripts\PRO\AURORA-AnalyzerPRO-Engine.ps1
[2026-07-06 15:19:38] VerifyDirectoryIntegrity: OK
[2026-07-06 15:19:38] Directory integrity check passed
[2026-07-06 15:19:38] IntegrityGuard detection: NONE
[2026-07-06 15:19:38] IntegrityGuard initialized
[2026-07-06 15:19:38] ElevationService configured
[2026-07-06 15:19:38] Creating SplashScreenView
[2026-07-06 15:19:38] SplashScreenView.ctor begin
[2026-07-06 15:19:39] SplashScreenView.ctor InitializeComponent done
[2026-07-06 15:19:39] SplashScreenView.ctor done
[2026-07-06 15:19:39] MainWindow set to SplashScreenView
[2026-07-06 15:19:39] SplashScreenView.Loaded
[2026-07-06 15:19:39] SplashScreenView.Show() returned
[2026-07-06 15:19:51] SplashScreenView.LoadingComplete
[2026-07-06 15:19:51] ShowMainWindow: show ElevationDialog first
[2026-07-06 15:19:54] ElevationDialog result: ContinueNormal
[2026-07-06 15:19:54] MainFormView.ctor begin
[2026-07-06 15:19:54] MainFormView.ctor InitializeComponent done
[2026-07-06 15:19:54] MainFormView.Loaded
[2026-07-06 15:19:54] MainFormView.PlayWindowEnterAnimation OK
[2026-07-06 15:19:54] SplashScreenView.Closed
[2026-07-06 15:21:16] PerformExitCleanup: done
[2026-07-06 15:21:16] PerformExitCleanup: done
[2026-07-06 15:22:03] OnStartup
[2026-07-06 15:22:03] Password verification skipped: IsLaunchedByExe=true
[2026-07-06 15:22:03] Password verification passed
[2026-07-06 15:22:03] AURORA_PERF_TIER=Extreme
[2026-07-06 15:22:03] AURORA_LANGUAGE=CHS
[2026-07-06 15:22:03] AURORA_IS_LAUNCHED_BY_EXE=True
[2026-07-06 15:22:03] WARNING: Required directory missing: G:\PowerShellBat\Scripts
[2026-07-06 15:22:03] WARNING: Required directory missing: G:\PowerShellBat\Scripts\Core
[2026-07-06 15:22:03] WARNING: Required directory missing: G:\PowerShellBat\Scripts\Security
[2026-07-06 15:22:03] WARNING: Required directory missing: G:\PowerShellBat\Scripts\PRO
[2026-07-06 15:22:03] WARNING: Required directory missing: G:\PowerShellBat\Scripts\Engines
[2026-07-06 15:22:03] WARNING: Required directory missing: G:\PowerShellBat\Scripts\Session
[2026-07-06 15:22:03] WARNING: Required directory missing: G:\PowerShellBat\Scripts\GUI
[2026-07-06 15:22:03] WARNING: Required directory missing: G:\PowerShellBat\Scripts\UI
[2026-07-06 15:22:03] WARNING: Required file missing: G:\PowerShellBat\Scripts\Core\AURORA-CoreEngine.ps1
[2026-07-06 15:22:03] WARNING: Required file missing: G:\PowerShellBat\Scripts\Security\AURORA-SecurityModule.ps1
[2026-07-06 15:22:03] WARNING: Required file missing: G:\PowerShellBat\Scripts\PRO\AURORA-AnalyzerPRO-Engine.ps1
[2026-07-06 15:22:03] VerifyDirectoryIntegrity: OK
[2026-07-06 15:22:03] Directory integrity check passed
[2026-07-06 15:22:03] IntegrityGuard detection: NONE
[2026-07-06 15:22:03] IntegrityGuard initialized
[2026-07-06 15:22:03] ElevationService configured
[2026-07-06 15:22:04] Creating SplashScreenView
[2026-07-06 15:22:04] SplashScreenView.ctor begin
[2026-07-06 15:22:04] SplashScreenView.ctor InitializeComponent done
[2026-07-06 15:22:04] SplashScreenView.ctor done
[2026-07-06 15:22:04] MainWindow set to SplashScreenView
[2026-07-06 15:22:04] SplashScreenView.Loaded
[2026-07-06 15:22:04] SplashScreenView.Show() returned
[2026-07-06 15:22:16] SplashScreenView.LoadingComplete
[2026-07-06 15:22:16] ShowMainWindow: show ElevationDialog first
[2026-07-06 15:22:21] SplashScreenView.Closed
[2026-07-06 15:22:21] PerformExitCleanup: done
[2026-07-06 15:22:21] PerformExitCleanup: done
[2026-07-06 15:28:10] OnStartup
[2026-07-06 15:28:10] Password verification skipped: IsLaunchedByExe=true
[2026-07-06 15:28:10] Password verification passed
[2026-07-06 15:28:11] AURORA_PERF_TIER=Extreme
[2026-07-06 15:28:11] AURORA_LANGUAGE=CHS
[2026-07-06 15:28:11] AURORA_IS_LAUNCHED_BY_EXE=True
[2026-07-06 15:28:11] WARNING: Required directory missing: G:\PowerShellBat\Scripts
[2026-07-06 15:28:11] WARNING: Required directory missing: G:\PowerShellBat\Scripts\Core
[2026-07-06 15:28:11] WARNING: Required directory missing: G:\PowerShellBat\Scripts\Security
[2026-07-06 15:28:11] WARNING: Required directory missing: G:\PowerShellBat\Scripts\PRO
[2026-07-06 15:28:11] WARNING: Required directory missing: G:\PowerShellBat\Scripts\Engines
[2026-07-06 15:28:11] WARNING: Required directory missing: G:\PowerShellBat\Scripts\Session
[2026-07-06 15:28:11] WARNING: Required directory missing: G:\PowerShellBat\Scripts\GUI
[2026-07-06 15:28:11] WARNING: Required directory missing: G:\PowerShellBat\Scripts\UI
[2026-07-06 15:28:11] WARNING: Required file missing: G:\PowerShellBat\Scripts\Core\AURORA-CoreEngine.ps1
[2026-07-06 15:28:11] WARNING: Required file missing: G:\PowerShellBat\Scripts\Security\AURORA-SecurityModule.ps1
[2026-07-06 15:28:11] WARNING: Required file missing: G:\PowerShellBat\Scripts\PRO\AURORA-AnalyzerPRO-Engine.ps1
[2026-07-06 15:28:11] VerifyDirectoryIntegrity: OK
[2026-07-06 15:28:11] Directory integrity check passed
[2026-07-06 15:28:11] IntegrityGuard detection: NONE
[2026-07-06 15:28:11] IntegrityGuard initialized
[2026-07-06 15:28:11] ElevationService configured
[2026-07-06 15:28:11] Creating SplashScreenView
[2026-07-06 15:28:11] SplashScreenView.ctor begin
[2026-07-06 15:28:12] SplashScreenView.ctor InitializeComponent done
[2026-07-06 15:28:12] SplashScreenView.ctor done
[2026-07-06 15:28:12] MainWindow set to SplashScreenView
[2026-07-06 15:28:12] SplashScreenView.Loaded
[2026-07-06 15:28:12] SplashScreenView.Show() returned
[2026-07-06 15:28:23] SplashScreenView.LoadingComplete
[2026-07-06 15:28:24] ShowMainWindow: show ElevationDialog first
[2026-07-06 15:28:27] ElevationDialog result: ContinueNormal
[2026-07-06 15:28:27] MainFormView.ctor begin
[2026-07-06 15:28:27] MainFormView.ctor InitializeComponent done
[2026-07-06 15:28:28] MainFormView.Loaded
[2026-07-06 15:28:28] MainFormView.PlayWindowEnterAnimation OK
[2026-07-06 15:28:28] SplashScreenView.Closed
[2026-07-06 15:28:33] ProModeView.ctor begin
[2026-07-06 15:28:34] ProModeView.ctor InitializeComponent done
[2026-07-06 15:28:34] [PRO-SWITCH] PlayWindowExitAnimationForModeSwitch begin
[2026-07-06 15:28:35] ProModeView.OnWindowLoaded begin
[2026-07-06 15:28:36] ProModeView IntegrityGuard runtime monitoring started
[2026-07-06 15:28:36] ProModeView.PlayProModeWindowEnter begin
[2026-07-06 15:28:36] ProModeView.PlayProModeWindowEnter scheduled
[2026-07-06 15:28:36] ProModeView.OnWindowLoaded end
[2026-07-06 15:30:51] PerformExitCleanup: done
[2026-07-06 15:30:51] PerformExitCleanup: done
[2026-07-06 15:38:27] OnStartup
[2026-07-06 15:38:27] Password verification skipped: IsLaunchedByExe=true
[2026-07-06 15:38:27] Password verification passed
[2026-07-06 15:38:27] AURORA_PERF_TIER=Extreme
[2026-07-06 15:38:27] AURORA_LANGUAGE=CHS
[2026-07-06 15:38:27] AURORA_IS_LAUNCHED_BY_EXE=True
[2026-07-06 15:38:27] WARNING: Required directory missing: G:\PowerShellBat\Scripts
[2026-07-06 15:38:27] WARNING: Required directory missing: G:\PowerShellBat\Scripts\Core
[2026-07-06 15:38:27] WARNING: Required directory missing: G:\PowerShellBat\Scripts\Security
[2026-07-06 15:38:27] WARNING: Required directory missing: G:\PowerShellBat\Scripts\PRO
[2026-07-06 15:38:27] WARNING: Required directory missing: G:\PowerShellBat\Scripts\Engines
[2026-07-06 15:38:27] WARNING: Required directory missing: G:\PowerShellBat\Scripts\Session
[2026-07-06 15:38:27] WARNING: Required directory missing: G:\PowerShellBat\Scripts\GUI
[2026-07-06 15:38:27] WARNING: Required directory missing: G:\PowerShellBat\Scripts\UI
[2026-07-06 15:38:27] WARNING: Required file missing: G:\PowerShellBat\Scripts\Core\AURORA-CoreEngine.ps1
[2026-07-06 15:38:27] WARNING: Required file missing: G:\PowerShellBat\Scripts\Security\AURORA-SecurityModule.ps1
[2026-07-06 15:38:27] WARNING: Required file missing: G:\PowerShellBat\Scripts\PRO\AURORA-AnalyzerPRO-Engine.ps1
[2026-07-06 15:38:27] VerifyDirectoryIntegrity: OK
[2026-07-06 15:38:27] Directory integrity check passed
[2026-07-06 15:38:28] IntegrityGuard detection: NONE
[2026-07-06 15:38:28] IntegrityGuard initialized
[2026-07-06 15:38:28] ElevationService configured
[2026-07-06 15:38:28] Creating SplashScreenView
[2026-07-06 15:38:28] SplashScreenView.ctor begin
[2026-07-06 15:38:28] SplashScreenView.ctor InitializeComponent done
[2026-07-06 15:38:28] SplashScreenView.ctor done
[2026-07-06 15:38:28] MainWindow set to SplashScreenView
[2026-07-06 15:38:29] SplashScreenView.Loaded
[2026-07-06 15:38:29] SplashScreenView.Show() returned
[2026-07-06 15:38:40] SplashScreenView.LoadingComplete
[2026-07-06 15:38:41] ShowMainWindow: show ElevationDialog first
[2026-07-06 15:38:44] ElevationDialog result: ContinueNormal
[2026-07-06 15:38:44] MainFormView.ctor begin
[2026-07-06 15:38:44] MainFormView.ctor InitializeComponent done
[2026-07-06 15:38:45] MainFormView.Loaded
[2026-07-06 15:38:45] MainFormView.PlayWindowEnterAnimation OK
[2026-07-06 15:38:45] SplashScreenView.Closed
[2026-07-06 15:38:50] ProModeView.ctor begin
[2026-07-06 15:38:50] ProModeView.ctor InitializeComponent done
[2026-07-06 15:38:50] [PRO-SWITCH] PlayWindowExitAnimationForModeSwitch begin
[2026-07-06 15:38:52] ProModeView.OnWindowLoaded begin
[2026-07-06 15:38:52] ProModeView IntegrityGuard runtime monitoring started
[2026-07-06 15:38:52] ProModeView.PlayProModeWindowEnter begin
[2026-07-06 15:38:52] ProModeView.PlayProModeWindowEnter scheduled
[2026-07-06 15:38:52] ProModeView.OnWindowLoaded end
[2026-07-06 15:40:20] PerformExitCleanup: done
[2026-07-06 15:40:20] PerformExitCleanup: done
[2026-07-06 16:08:09] OnStartup
[2026-07-06 16:08:09] Password verification skipped: IsLaunchedByExe=true
[2026-07-06 16:08:09] Password verification passed
[2026-07-06 16:08:10] AURORA_PERF_TIER=Extreme
[2026-07-06 16:08:10] AURORA_LANGUAGE=CHS
[2026-07-06 16:08:10] AURORA_IS_LAUNCHED_BY_EXE=True
[2026-07-06 16:08:10] WARNING: Required directory missing: G:\PowerShellBat\Scripts
[2026-07-06 16:08:10] WARNING: Required directory missing: G:\PowerShellBat\Scripts\Core
[2026-07-06 16:08:10] WARNING: Required directory missing: G:\PowerShellBat\Scripts\Security
[2026-07-06 16:08:10] WARNING: Required directory missing: G:\PowerShellBat\Scripts\PRO
[2026-07-06 16:08:10] WARNING: Required directory missing: G:\PowerShellBat\Scripts\Engines
[2026-07-06 16:08:10] WARNING: Required directory missing: G:\PowerShellBat\Scripts\Session
[2026-07-06 16:08:10] WARNING: Required directory missing: G:\PowerShellBat\Scripts\GUI
[2026-07-06 16:08:10] WARNING: Required directory missing: G:\PowerShellBat\Scripts\UI
[2026-07-06 16:08:10] WARNING: Required file missing: G:\PowerShellBat\Scripts\Core\AURORA-CoreEngine.ps1
[2026-07-06 16:08:10] WARNING: Required file missing: G:\PowerShellBat\Scripts\Security\AURORA-SecurityModule.ps1
[2026-07-06 16:08:10] WARNING: Required file missing: G:\PowerShellBat\Scripts\PRO\AURORA-AnalyzerPRO-Engine.ps1
[2026-07-06 16:08:10] VerifyDirectoryIntegrity: OK
[2026-07-06 16:08:10] Directory integrity check passed
[2026-07-06 16:08:10] IntegrityGuard detection: NONE
[2026-07-06 16:08:10] IntegrityGuard initialized
[2026-07-06 16:08:10] ElevationService configured
[2026-07-06 16:08:11] Creating SplashScreenView
[2026-07-06 16:08:11] SplashScreenView.ctor begin
[2026-07-06 16:08:11] SplashScreenView.ctor InitializeComponent done
[2026-07-06 16:08:11] SplashScreenView.ctor done
[2026-07-06 16:08:11] MainWindow set to SplashScreenView
[2026-07-06 16:08:11] SplashScreenView.Loaded
[2026-07-06 16:08:11] SplashScreenView.Show() returned
[2026-07-06 16:08:23] SplashScreenView.LoadingComplete
[2026-07-06 16:08:23] ShowMainWindow: show ElevationDialog first
[2026-07-06 16:08:44] ElevationDialog result: ContinueNormal
[2026-07-06 16:08:44] MainFormView.ctor begin
[2026-07-06 16:08:44] MainFormView.ctor InitializeComponent done
[2026-07-06 16:08:44] MainFormView.Loaded
[2026-07-06 16:08:44] MainFormView.PlayWindowEnterAnimation OK
[2026-07-06 16:08:44] SplashScreenView.Closed
[2026-07-06 16:09:09] PerformExitCleanup: done
[2026-07-06 16:09:09] PerformExitCleanup: done
[2026-07-06 16:26:41] OnStartup
[2026-07-06 16:26:41] Password verification skipped: IsLaunchedByExe=true
[2026-07-06 16:26:41] Password verification passed
[2026-07-06 16:26:41] AURORA_PERF_TIER=Extreme
[2026-07-06 16:26:41] AURORA_LANGUAGE=CHS
[2026-07-06 16:26:41] AURORA_IS_LAUNCHED_BY_EXE=True
[2026-07-06 16:26:41] WARNING: Required directory missing: G:\PowerShellBat\Scripts
[2026-07-06 16:26:41] WARNING: Required directory missing: G:\PowerShellBat\Scripts\Core
[2026-07-06 16:26:41] WARNING: Required directory missing: G:\PowerShellBat\Scripts\Security
[2026-07-06 16:26:41] WARNING: Required directory missing: G:\PowerShellBat\Scripts\PRO
[2026-07-06 16:26:41] WARNING: Required directory missing: G:\PowerShellBat\Scripts\Engines
[2026-07-06 16:26:41] WARNING: Required directory missing: G:\PowerShellBat\Scripts\Session
[2026-07-06 16:26:41] WARNING: Required directory missing: G:\PowerShellBat\Scripts\GUI
[2026-07-06 16:26:41] WARNING: Required directory missing: G:\PowerShellBat\Scripts\UI
[2026-07-06 16:26:41] WARNING: Required file missing: G:\PowerShellBat\Scripts\Core\AURORA-CoreEngine.ps1
[2026-07-06 16:26:41] WARNING: Required file missing: G:\PowerShellBat\Scripts\Security\AURORA-SecurityModule.ps1
[2026-07-06 16:26:41] WARNING: Required file missing: G:\PowerShellBat\Scripts\PRO\AURORA-AnalyzerPRO-Engine.ps1
[2026-07-06 16:26:41] VerifyDirectoryIntegrity: OK
[2026-07-06 16:26:41] Directory integrity check passed
[2026-07-06 16:26:41] IntegrityGuard detection: NONE
[2026-07-06 16:26:41] IntegrityGuard initialized
[2026-07-06 16:26:41] ElevationService configured
[2026-07-06 16:26:42] Creating SplashScreenView
[2026-07-06 16:26:42] SplashScreenView.ctor begin
[2026-07-06 16:26:42] SplashScreenView.ctor InitializeComponent done
[2026-07-06 16:26:42] SplashScreenView.ctor done
[2026-07-06 16:26:42] MainWindow set to SplashScreenView
[2026-07-06 16:26:42] SplashScreenView.Loaded
[2026-07-06 16:26:42] SplashScreenView.Show() returned
[2026-07-06 16:26:54] SplashScreenView.LoadingComplete
[2026-07-06 16:26:55] ShowMainWindow: show ElevationDialog first
[2026-07-06 16:27:03] ElevationDialog result: ContinueNormal
[2026-07-06 16:27:03] MainFormView.ctor begin
[2026-07-06 16:27:03] MainFormView.ctor InitializeComponent done
[2026-07-06 16:27:04] MainFormView.Loaded
[2026-07-06 16:27:04] MainFormView.PlayWindowEnterAnimation OK
[2026-07-06 16:27:04] SplashScreenView.Closed
[2026-07-06 16:27:25] PerformExitCleanup: done
[2026-07-06 16:27:25] PerformExitCleanup: done
[2026-07-06 16:34:08] OnStartup
[2026-07-06 16:34:08] Password verification skipped: IsLaunchedByExe=true
[2026-07-06 16:34:08] Password verification passed
[2026-07-06 16:34:08] AURORA_PERF_TIER=Extreme
[2026-07-06 16:34:08] AURORA_LANGUAGE=CHS
[2026-07-06 16:34:08] AURORA_IS_LAUNCHED_BY_EXE=True
[2026-07-06 16:34:08] WARNING: Required directory missing: G:\PowerShellBat\Scripts
[2026-07-06 16:34:08] WARNING: Required directory missing: G:\PowerShellBat\Scripts\Core
[2026-07-06 16:34:08] WARNING: Required directory missing: G:\PowerShellBat\Scripts\Security
[2026-07-06 16:34:08] WARNING: Required directory missing: G:\PowerShellBat\Scripts\PRO
[2026-07-06 16:34:08] WARNING: Required directory missing: G:\PowerShellBat\Scripts\Engines
[2026-07-06 16:34:08] WARNING: Required directory missing: G:\PowerShellBat\Scripts\Session
[2026-07-06 16:34:08] WARNING: Required directory missing: G:\PowerShellBat\Scripts\GUI
[2026-07-06 16:34:08] WARNING: Required directory missing: G:\PowerShellBat\Scripts\UI
[2026-07-06 16:34:08] WARNING: Required file missing: G:\PowerShellBat\Scripts\Core\AURORA-CoreEngine.ps1
[2026-07-06 16:34:08] WARNING: Required file missing: G:\PowerShellBat\Scripts\Security\AURORA-SecurityModule.ps1
[2026-07-06 16:34:08] WARNING: Required file missing: G:\PowerShellBat\Scripts\PRO\AURORA-AnalyzerPRO-Engine.ps1
[2026-07-06 16:34:08] VerifyDirectoryIntegrity: OK
[2026-07-06 16:34:08] Directory integrity check passed
[2026-07-06 16:34:08] IntegrityGuard detection: NONE
[2026-07-06 16:34:08] IntegrityGuard initialized
[2026-07-06 16:34:08] ElevationService configured
[2026-07-06 16:34:09] Creating SplashScreenView
[2026-07-06 16:34:09] SplashScreenView.ctor begin
[2026-07-06 16:34:09] SplashScreenView.ctor InitializeComponent done
[2026-07-06 16:34:09] SplashScreenView.ctor done
[2026-07-06 16:34:09] MainWindow set to SplashScreenView
[2026-07-06 16:34:09] SplashScreenView.Loaded
[2026-07-06 16:34:09] SplashScreenView.Show() returned
[2026-07-06 16:34:21] SplashScreenView.LoadingComplete
[2026-07-06 16:34:21] ShowMainWindow: show ElevationDialog first
[2026-07-06 16:34:37] ElevationDialog result: ContinueNormal
[2026-07-06 16:34:37] MainFormView.ctor begin
[2026-07-06 16:34:37] MainFormView.ctor InitializeComponent done
[2026-07-06 16:34:37] MainFormView.Loaded
[2026-07-06 16:34:37] MainFormView.PlayWindowEnterAnimation OK
[2026-07-06 16:34:37] SplashScreenView.Closed
[2026-07-06 16:35:31] ProModeView.ctor begin
[2026-07-06 16:35:31] ProModeView.ctor InitializeComponent done
[2026-07-06 16:35:31] [PRO-SWITCH] PlayWindowExitAnimationForModeSwitch begin
[2026-07-06 16:35:33] ProModeView.OnWindowLoaded begin
[2026-07-06 16:35:34] ProModeView IntegrityGuard runtime monitoring started
[2026-07-06 16:35:34] ProModeView.PlayProModeWindowEnter begin
[2026-07-06 16:35:34] ProModeView.PlayProModeWindowEnter scheduled
[2026-07-06 16:35:34] ProModeView.OnWindowLoaded end
[2026-07-06 16:36:02] PerformExitCleanup: done
[2026-07-06 16:36:02] PerformExitCleanup: done
[2026-07-06 16:36:44] OnStartup
[2026-07-06 16:36:44] Password verification skipped: IsLaunchedByExe=true
[2026-07-06 16:36:44] Password verification passed
[2026-07-06 16:36:45] AURORA_PERF_TIER=Extreme
[2026-07-06 16:36:45] AURORA_LANGUAGE=CHS
[2026-07-06 16:36:45] AURORA_IS_LAUNCHED_BY_EXE=True
[2026-07-06 16:36:45] WARNING: Required directory missing: G:\PowerShellBat\Scripts
[2026-07-06 16:36:45] WARNING: Required directory missing: G:\PowerShellBat\Scripts\Core
[2026-07-06 16:36:45] WARNING: Required directory missing: G:\PowerShellBat\Scripts\Security
[2026-07-06 16:36:45] WARNING: Required directory missing: G:\PowerShellBat\Scripts\PRO
[2026-07-06 16:36:45] WARNING: Required directory missing: G:\PowerShellBat\Scripts\Engines
[2026-07-06 16:36:45] WARNING: Required directory missing: G:\PowerShellBat\Scripts\Session
[2026-07-06 16:36:45] WARNING: Required directory missing: G:\PowerShellBat\Scripts\GUI
[2026-07-06 16:36:45] WARNING: Required directory missing: G:\PowerShellBat\Scripts\UI
[2026-07-06 16:36:45] WARNING: Required file missing: G:\PowerShellBat\Scripts\Core\AURORA-CoreEngine.ps1
[2026-07-06 16:36:45] WARNING: Required file missing: G:\PowerShellBat\Scripts\Security\AURORA-SecurityModule.ps1
[2026-07-06 16:36:45] WARNING: Required file missing: G:\PowerShellBat\Scripts\PRO\AURORA-AnalyzerPRO-Engine.ps1
[2026-07-06 16:36:45] VerifyDirectoryIntegrity: OK
[2026-07-06 16:36:45] Directory integrity check passed
[2026-07-06 16:36:45] IntegrityGuard detection: NONE
[2026-07-06 16:36:45] IntegrityGuard initialized
[2026-07-06 16:36:45] ElevationService configured
[2026-07-06 16:36:45] Creating SplashScreenView
[2026-07-06 16:36:45] SplashScreenView.ctor begin
[2026-07-06 16:36:45] SplashScreenView.ctor InitializeComponent done
[2026-07-06 16:36:45] SplashScreenView.ctor done
[2026-07-06 16:36:45] MainWindow set to SplashScreenView
[2026-07-06 16:36:46] SplashScreenView.Loaded
[2026-07-06 16:36:46] SplashScreenView.Show() returned
[2026-07-06 16:36:57] SplashScreenView.LoadingComplete
[2026-07-06 16:36:58] ShowMainWindow: show ElevationDialog first
[2026-07-06 16:37:10] ElevationDialog result: ContinueNormal
[2026-07-06 16:37:10] MainFormView.ctor begin
[2026-07-06 16:37:10] MainFormView.ctor InitializeComponent done
[2026-07-06 16:37:10] MainFormView.Loaded
[2026-07-06 16:37:10] MainFormView.PlayWindowEnterAnimation OK
[2026-07-06 16:37:11] SplashScreenView.Closed
[2026-07-06 16:39:08] PerformExitCleanup: done
[2026-07-06 16:39:08] PerformExitCleanup: done
[2026-07-06 17:03:02] OnStartup
[2026-07-06 17:03:02] Password verification skipped: IsLaunchedByExe=true
[2026-07-06 17:03:02] Password verification passed
[2026-07-06 17:03:02] AURORA_PERF_TIER=Extreme
[2026-07-06 17:03:02] AURORA_LANGUAGE=CHS
[2026-07-06 17:03:02] AURORA_IS_LAUNCHED_BY_EXE=True
[2026-07-06 17:03:02] WARNING: Required directory missing: G:\PowerShellBat\Scripts
[2026-07-06 17:03:02] WARNING: Required directory missing: G:\PowerShellBat\Scripts\Core
[2026-07-06 17:03:02] WARNING: Required directory missing: G:\PowerShellBat\Scripts\Security
[2026-07-06 17:03:02] WARNING: Required directory missing: G:\PowerShellBat\Scripts\PRO
[2026-07-06 17:03:02] WARNING: Required directory missing: G:\PowerShellBat\Scripts\Engines
[2026-07-06 17:03:02] WARNING: Required directory missing: G:\PowerShellBat\Scripts\Session
[2026-07-06 17:03:02] WARNING: Required directory missing: G:\PowerShellBat\Scripts\GUI
[2026-07-06 17:03:02] WARNING: Required directory missing: G:\PowerShellBat\Scripts\UI
[2026-07-06 17:03:02] WARNING: Required file missing: G:\PowerShellBat\Scripts\Core\AURORA-CoreEngine.ps1
[2026-07-06 17:03:02] WARNING: Required file missing: G:\PowerShellBat\Scripts\Security\AURORA-SecurityModule.ps1
[2026-07-06 17:03:02] WARNING: Required file missing: G:\PowerShellBat\Scripts\PRO\AURORA-AnalyzerPRO-Engine.ps1
[2026-07-06 17:03:02] VerifyDirectoryIntegrity: OK
[2026-07-06 17:03:02] Directory integrity check passed
[2026-07-06 17:03:02] IntegrityGuard detection: NONE
[2026-07-06 17:03:02] IntegrityGuard initialized
[2026-07-06 17:03:02] ElevationService configured
[2026-07-06 17:03:03] Creating SplashScreenView
[2026-07-06 17:03:03] SplashScreenView.ctor begin
[2026-07-06 17:03:03] SplashScreenView.ctor InitializeComponent done
[2026-07-06 17:03:03] SplashScreenView.ctor done
[2026-07-06 17:03:03] MainWindow set to SplashScreenView
[2026-07-06 17:03:03] SplashScreenView.Loaded
[2026-07-06 17:03:03] SplashScreenView.Show() returned
[2026-07-06 17:03:15] SplashScreenView.LoadingComplete
[2026-07-06 17:03:15] ShowMainWindow: show ElevationDialog first
[2026-07-06 17:03:31] ElevationDialog result: ContinueNormal
[2026-07-06 17:03:31] MainFormView.ctor begin
[2026-07-06 17:03:31] MainFormView.ctor InitializeComponent done
[2026-07-06 17:03:31] MainFormView.Loaded
[2026-07-06 17:03:31] MainFormView.PlayWindowEnterAnimation OK
[2026-07-06 17:03:31] SplashScreenView.Closed
[2026-07-06 17:03:53] ProModeView.ctor begin
[2026-07-06 17:03:53] ProModeView.ctor InitializeComponent done
[2026-07-06 17:03:53] [PRO-SWITCH] PlayWindowExitAnimationForModeSwitch begin
[2026-07-06 17:03:55] ProModeView.OnWindowLoaded begin
[2026-07-06 17:03:55] ProModeView IntegrityGuard runtime monitoring started
[2026-07-06 17:03:55] ProModeView.PlayProModeWindowEnter begin
[2026-07-06 17:03:55] ProModeView.PlayProModeWindowEnter scheduled
[2026-07-06 17:03:55] ProModeView.OnWindowLoaded end
[2026-07-06 17:04:23] PerformExitCleanup: done
[2026-07-06 17:04:23] PerformExitCleanup: done
[2026-07-06 17:10:53] OnStartup
[2026-07-06 17:10:53] Password verification skipped: IsLaunchedByExe=true
[2026-07-06 17:10:53] Password verification passed
[2026-07-06 17:10:54] AURORA_PERF_TIER=Extreme
[2026-07-06 17:10:54] AURORA_LANGUAGE=CHS
[2026-07-06 17:10:54] AURORA_IS_LAUNCHED_BY_EXE=True
[2026-07-06 17:10:54] WARNING: Required directory missing: G:\PowerShellBat\Scripts
[2026-07-06 17:10:54] WARNING: Required directory missing: G:\PowerShellBat\Scripts\Core
[2026-07-06 17:10:54] WARNING: Required directory missing: G:\PowerShellBat\Scripts\Security
[2026-07-06 17:10:54] WARNING: Required directory missing: G:\PowerShellBat\Scripts\PRO
[2026-07-06 17:10:54] WARNING: Required directory missing: G:\PowerShellBat\Scripts\Engines
[2026-07-06 17:10:54] WARNING: Required directory missing: G:\PowerShellBat\Scripts\Session
[2026-07-06 17:10:54] WARNING: Required directory missing: G:\PowerShellBat\Scripts\GUI
[2026-07-06 17:10:54] WARNING: Required directory missing: G:\PowerShellBat\Scripts\UI
[2026-07-06 17:10:54] WARNING: Required file missing: G:\PowerShellBat\Scripts\Core\AURORA-CoreEngine.ps1
[2026-07-06 17:10:54] WARNING: Required file missing: G:\PowerShellBat\Scripts\Security\AURORA-SecurityModule.ps1
[2026-07-06 17:10:54] WARNING: Required file missing: G:\PowerShellBat\Scripts\PRO\AURORA-AnalyzerPRO-Engine.ps1
[2026-07-06 17:10:54] VerifyDirectoryIntegrity: OK
[2026-07-06 17:10:54] Directory integrity check passed
[2026-07-06 17:10:54] IntegrityGuard detection: NONE
[2026-07-06 17:10:54] IntegrityGuard initialized
[2026-07-06 17:10:54] ElevationService configured
[2026-07-06 17:10:54] Creating SplashScreenView
[2026-07-06 17:10:54] SplashScreenView.ctor begin
[2026-07-06 17:10:54] SplashScreenView.ctor InitializeComponent done
[2026-07-06 17:10:54] SplashScreenView.ctor done
[2026-07-06 17:10:54] MainWindow set to SplashScreenView
[2026-07-06 17:10:55] SplashScreenView.Loaded
[2026-07-06 17:10:55] SplashScreenView.Show() returned
[2026-07-06 17:11:06] SplashScreenView.LoadingComplete
[2026-07-06 17:11:07] ShowMainWindow: show ElevationDialog first
[2026-07-06 17:11:34] ElevationDialog result: ContinueNormal
[2026-07-06 17:11:34] MainFormView.ctor begin
[2026-07-06 17:11:34] MainFormView.ctor InitializeComponent done
[2026-07-06 17:11:34] MainFormView.Loaded
[2026-07-06 17:11:34] MainFormView.PlayWindowEnterAnimation OK
[2026-07-06 17:11:34] SplashScreenView.Closed
[2026-07-06 17:12:36] PerformExitCleanup: done
[2026-07-06 17:12:36] PerformExitCleanup: done
[2026-07-06 17:24:23] OnStartup
[2026-07-06 17:24:23] Password verification skipped: IsLaunchedByExe=true
[2026-07-06 17:24:24] Password verification passed
[2026-07-06 17:24:24] AURORA_PERF_TIER=Extreme
[2026-07-06 17:24:24] AURORA_LANGUAGE=CHS
[2026-07-06 17:24:24] AURORA_IS_LAUNCHED_BY_EXE=True
[2026-07-06 17:24:24] WARNING: Required directory missing: G:\PowerShellBat\Scripts
[2026-07-06 17:24:24] WARNING: Required directory missing: G:\PowerShellBat\Scripts\Core
[2026-07-06 17:24:24] WARNING: Required directory missing: G:\PowerShellBat\Scripts\Security
[2026-07-06 17:24:24] WARNING: Required directory missing: G:\PowerShellBat\Scripts\PRO
[2026-07-06 17:24:24] WARNING: Required directory missing: G:\PowerShellBat\Scripts\Engines
[2026-07-06 17:24:24] WARNING: Required directory missing: G:\PowerShellBat\Scripts\Session
[2026-07-06 17:24:24] WARNING: Required directory missing: G:\PowerShellBat\Scripts\GUI
[2026-07-06 17:24:24] WARNING: Required directory missing: G:\PowerShellBat\Scripts\UI
[2026-07-06 17:24:24] WARNING: Required file missing: G:\PowerShellBat\Scripts\Core\AURORA-CoreEngine.ps1
[2026-07-06 17:24:24] WARNING: Required file missing: G:\PowerShellBat\Scripts\Security\AURORA-SecurityModule.ps1
[2026-07-06 17:24:24] WARNING: Required file missing: G:\PowerShellBat\Scripts\PRO\AURORA-AnalyzerPRO-Engine.ps1
[2026-07-06 17:24:24] VerifyDirectoryIntegrity: OK
[2026-07-06 17:24:24] Directory integrity check passed
[2026-07-06 17:24:24] IntegrityGuard detection: NONE
[2026-07-06 17:24:24] IntegrityGuard initialized
[2026-07-06 17:24:24] ElevationService configured
[2026-07-06 17:24:25] Creating SplashScreenView
[2026-07-06 17:24:25] SplashScreenView.ctor begin
[2026-07-06 17:24:25] SplashScreenView.ctor InitializeComponent done
[2026-07-06 17:24:25] SplashScreenView.ctor done
[2026-07-06 17:24:25] MainWindow set to SplashScreenView
[2026-07-06 17:24:25] SplashScreenView.Loaded
[2026-07-06 17:24:25] SplashScreenView.Show() returned
[2026-07-06 17:24:37] SplashScreenView.LoadingComplete
[2026-07-06 17:24:38] ShowMainWindow: show ElevationDialog first
[2026-07-06 17:24:51] SplashScreenView.Closed
[2026-07-06 17:24:51] PerformExitCleanup: done
[2026-07-06 17:24:51] PerformExitCleanup: done
[2026-07-06 17:59:52] OnStartup
[2026-07-06 17:59:52] Password verification skipped: IsLaunchedByExe=true
[2026-07-06 17:59:52] Password verification passed
[2026-07-06 17:59:52] AURORA_PERF_TIER=Extreme
[2026-07-06 17:59:52] AURORA_LANGUAGE=CHS
[2026-07-06 17:59:52] AURORA_IS_LAUNCHED_BY_EXE=True
[2026-07-06 17:59:52] WARNING: Required directory missing: G:\PowerShellBat\Scripts
[2026-07-06 17:59:52] WARNING: Required directory missing: G:\PowerShellBat\Scripts\Core
[2026-07-06 17:59:52] WARNING: Required directory missing: G:\PowerShellBat\Scripts\Security
[2026-07-06 17:59:52] WARNING: Required directory missing: G:\PowerShellBat\Scripts\PRO
[2026-07-06 17:59:52] WARNING: Required directory missing: G:\PowerShellBat\Scripts\Engines
[2026-07-06 17:59:52] WARNING: Required directory missing: G:\PowerShellBat\Scripts\Session
[2026-07-06 17:59:52] WARNING: Required directory missing: G:\PowerShellBat\Scripts\GUI
[2026-07-06 17:59:52] WARNING: Required directory missing: G:\PowerShellBat\Scripts\UI
[2026-07-06 17:59:52] WARNING: Required file missing: G:\PowerShellBat\Scripts\Core\AURORA-CoreEngine.ps1
[2026-07-06 17:59:52] WARNING: Required file missing: G:\PowerShellBat\Scripts\Security\AURORA-SecurityModule.ps1
[2026-07-06 17:59:52] WARNING: Required file missing: G:\PowerShellBat\Scripts\PRO\AURORA-AnalyzerPRO-Engine.ps1
[2026-07-06 17:59:52] VerifyDirectoryIntegrity: OK
[2026-07-06 17:59:52] Directory integrity check passed
[2026-07-06 17:59:53] IntegrityGuard detection: NONE
[2026-07-06 17:59:53] IntegrityGuard initialized
[2026-07-06 17:59:53] ElevationService configured
[2026-07-06 17:59:53] Creating SplashScreenView
[2026-07-06 17:59:53] SplashScreenView.ctor begin
[2026-07-06 17:59:53] SplashScreenView.ctor InitializeComponent done
[2026-07-06 17:59:53] SplashScreenView.ctor done
[2026-07-06 17:59:53] MainWindow set to SplashScreenView
[2026-07-06 17:59:54] SplashScreenView.Loaded
[2026-07-06 17:59:54] SplashScreenView.Show() returned
[2026-07-06 18:00:05] SplashScreenView.LoadingComplete
[2026-07-06 18:00:06] ShowMainWindow: show ElevationDialog first
[2026-07-06 18:00:13] ElevationDialog result: ContinueNormal
[2026-07-06 18:00:13] MainFormView.ctor begin
[2026-07-06 18:00:13] MainFormView.ctor InitializeComponent done
[2026-07-06 18:00:13] MainFormView.Loaded
[2026-07-06 18:00:13] MainFormView.PlayWindowEnterAnimation OK
[2026-07-06 18:00:13] SplashScreenView.Closed
[2026-07-06 18:00:23] PerformExitCleanup: done
[2026-07-06 18:00:23] PerformExitCleanup: done
[2026-07-07 10:42:11] OnStartup
[2026-07-07 10:42:11] Password verification skipped: IsLaunchedByExe=true
[2026-07-07 10:42:11] Password verification passed
[2026-07-07 10:42:12] AURORA_PERF_TIER=Extreme
[2026-07-07 10:42:12] AURORA_LANGUAGE=CHS
[2026-07-07 10:42:12] AURORA_IS_LAUNCHED_BY_EXE=True
[2026-07-07 10:42:12] WARNING: Required directory missing: G:\PowerShellBat\Scripts
[2026-07-07 10:42:12] WARNING: Required directory missing: G:\PowerShellBat\Scripts\Core
[2026-07-07 10:42:12] WARNING: Required directory missing: G:\PowerShellBat\Scripts\Security
[2026-07-07 10:42:12] WARNING: Required directory missing: G:\PowerShellBat\Scripts\PRO
[2026-07-07 10:42:12] WARNING: Required directory missing: G:\PowerShellBat\Scripts\Engines
[2026-07-07 10:42:12] WARNING: Required directory missing: G:\PowerShellBat\Scripts\Session
[2026-07-07 10:42:12] WARNING: Required directory missing: G:\PowerShellBat\Scripts\GUI
[2026-07-07 10:42:12] WARNING: Required directory missing: G:\PowerShellBat\Scripts\UI
[2026-07-07 10:42:12] WARNING: Required file missing: G:\PowerShellBat\Scripts\Core\AURORA-CoreEngine.ps1
[2026-07-07 10:42:12] WARNING: Required file missing: G:\PowerShellBat\Scripts\Security\AURORA-SecurityModule.ps1
[2026-07-07 10:42:12] WARNING: Required file missing: G:\PowerShellBat\Scripts\PRO\AURORA-AnalyzerPRO-Engine.ps1
[2026-07-07 10:42:12] VerifyDirectoryIntegrity: OK
[2026-07-07 10:42:12] Directory integrity check passed
[2026-07-07 10:42:12] IntegrityGuard detection: NONE
[2026-07-07 10:42:12] IntegrityGuard initialized
[2026-07-07 10:42:12] ElevationService configured
[2026-07-07 10:42:12] Creating SplashScreenView
[2026-07-07 10:42:12] SplashScreenView.ctor begin
[2026-07-07 10:42:12] SplashScreenView.ctor InitializeComponent done
[2026-07-07 10:42:12] SplashScreenView.ctor done
[2026-07-07 10:42:12] MainWindow set to SplashScreenView
[2026-07-07 10:42:13] SplashScreenView.Loaded
[2026-07-07 10:42:13] SplashScreenView.Show() returned
[2026-07-07 10:42:25] SplashScreenView.LoadingComplete
[2026-07-07 10:42:25] ShowMainWindow: show ElevationDialog first
[2026-07-07 10:42:38] ElevationDialog result: ContinueNormal
[2026-07-07 10:42:38] MainFormView.ctor begin
[2026-07-07 10:42:38] MainFormView.ctor InitializeComponent done
[2026-07-07 10:42:38] MainFormView.Loaded
[2026-07-07 10:42:38] MainFormView.PlayWindowEnterAnimation OK
[2026-07-07 10:42:38] SplashScreenView.Closed
[2026-07-07 10:43:53] ProModeView.ctor begin
[2026-07-07 10:43:54] ProModeView.ctor InitializeComponent done
[2026-07-07 10:43:54] [PRO-SWITCH] PlayWindowExitAnimationForModeSwitch begin
[2026-07-07 10:43:56] ProModeView.OnWindowLoaded begin
[2026-07-07 10:43:56] ProModeView IntegrityGuard runtime monitoring started
[2026-07-07 10:43:56] ProModeView.PlayProModeWindowEnter begin
[2026-07-07 10:43:56] ProModeView.PlayProModeWindowEnter scheduled
[2026-07-07 10:43:56] ProModeView.OnWindowLoaded end
[2026-07-07 10:44:38] PerformExitCleanup: done
[2026-07-07 10:44:38] PerformExitCleanup: done
[2026-07-07 11:32:45] OnStartup
[2026-07-07 11:32:45] Password verification skipped: IsLaunchedByExe=true
[2026-07-07 11:32:45] Password verification passed
[2026-07-07 11:32:45] AURORA_PERF_TIER=Extreme
[2026-07-07 11:32:45] AURORA_LANGUAGE=CHS
[2026-07-07 11:32:45] AURORA_IS_LAUNCHED_BY_EXE=True
[2026-07-07 11:32:45] WARNING: Required directory missing: G:\PowerShellBat\Scripts
[2026-07-07 11:32:45] WARNING: Required directory missing: G:\PowerShellBat\Scripts\Core
[2026-07-07 11:32:45] WARNING: Required directory missing: G:\PowerShellBat\Scripts\Security
[2026-07-07 11:32:45] WARNING: Required directory missing: G:\PowerShellBat\Scripts\PRO
[2026-07-07 11:32:45] WARNING: Required directory missing: G:\PowerShellBat\Scripts\Engines
[2026-07-07 11:32:45] WARNING: Required directory missing: G:\PowerShellBat\Scripts\Session
[2026-07-07 11:32:45] WARNING: Required directory missing: G:\PowerShellBat\Scripts\GUI
[2026-07-07 11:32:45] WARNING: Required directory missing: G:\PowerShellBat\Scripts\UI
[2026-07-07 11:32:45] WARNING: Required file missing: G:\PowerShellBat\Scripts\Core\AURORA-CoreEngine.ps1
[2026-07-07 11:32:45] WARNING: Required file missing: G:\PowerShellBat\Scripts\Security\AURORA-SecurityModule.ps1
[2026-07-07 11:32:45] WARNING: Required file missing: G:\PowerShellBat\Scripts\PRO\AURORA-AnalyzerPRO-Engine.ps1
[2026-07-07 11:32:45] VerifyDirectoryIntegrity: OK
[2026-07-07 11:32:45] Directory integrity check passed
[2026-07-07 11:32:45] IntegrityGuard detection: NONE
[2026-07-07 11:32:45] IntegrityGuard initialized
[2026-07-07 11:32:45] ElevationService configured
[2026-07-07 11:32:45] Creating SplashScreenView
[2026-07-07 11:32:45] SplashScreenView.ctor begin
[2026-07-07 11:32:46] SplashScreenView.ctor InitializeComponent done
[2026-07-07 11:32:46] SplashScreenView.ctor done
[2026-07-07 11:32:46] MainWindow set to SplashScreenView
[2026-07-07 11:32:46] SplashScreenView.Loaded
[2026-07-07 11:32:46] SplashScreenView.Show() returned
[2026-07-07 11:32:58] SplashScreenView.LoadingComplete
[2026-07-07 11:32:58] ShowMainWindow: show ElevationDialog first
[2026-07-07 11:33:26] SplashScreenView.Closed
[2026-07-07 11:33:26] PerformExitCleanup: done
[2026-07-07 11:33:26] PerformExitCleanup: done
[2026-07-07 11:59:01] OnStartup
[2026-07-07 11:59:01] Password verification skipped: IsLaunchedByExe=true
[2026-07-07 11:59:01] Password verification passed
[2026-07-07 11:59:01] AURORA_PERF_TIER=Extreme
[2026-07-07 11:59:01] AURORA_LANGUAGE=CHS
[2026-07-07 11:59:01] AURORA_IS_LAUNCHED_BY_EXE=True
[2026-07-07 11:59:01] WARNING: Required directory missing: G:\PowerShellBat\Scripts
[2026-07-07 11:59:01] WARNING: Required directory missing: G:\PowerShellBat\Scripts\Core
[2026-07-07 11:59:01] WARNING: Required directory missing: G:\PowerShellBat\Scripts\Security
[2026-07-07 11:59:01] WARNING: Required directory missing: G:\PowerShellBat\Scripts\PRO
[2026-07-07 11:59:01] WARNING: Required directory missing: G:\PowerShellBat\Scripts\Engines
[2026-07-07 11:59:01] WARNING: Required directory missing: G:\PowerShellBat\Scripts\Session
[2026-07-07 11:59:01] WARNING: Required directory missing: G:\PowerShellBat\Scripts\GUI
[2026-07-07 11:59:01] WARNING: Required directory missing: G:\PowerShellBat\Scripts\UI
[2026-07-07 11:59:01] WARNING: Required file missing: G:\PowerShellBat\Scripts\Core\AURORA-CoreEngine.ps1
[2026-07-07 11:59:01] WARNING: Required file missing: G:\PowerShellBat\Scripts\Security\AURORA-SecurityModule.ps1
[2026-07-07 11:59:01] WARNING: Required file missing: G:\PowerShellBat\Scripts\PRO\AURORA-AnalyzerPRO-Engine.ps1
[2026-07-07 11:59:01] VerifyDirectoryIntegrity: OK
[2026-07-07 11:59:01] Directory integrity check passed
[2026-07-07 11:59:02] IntegrityGuard detection: NONE
[2026-07-07 11:59:02] IntegrityGuard initialized
[2026-07-07 11:59:02] ElevationService configured
[2026-07-07 11:59:02] Creating SplashScreenView
[2026-07-07 11:59:02] SplashScreenView.ctor begin
[2026-07-07 11:59:02] SplashScreenView.ctor InitializeComponent done
[2026-07-07 11:59:02] SplashScreenView.ctor done
[2026-07-07 11:59:02] MainWindow set to SplashScreenView
[2026-07-07 11:59:03] SplashScreenView.Loaded
[2026-07-07 11:59:03] SplashScreenView.Show() returned
[2026-07-07 11:59:14] SplashScreenView.LoadingComplete
[2026-07-07 11:59:15] ShowMainWindow: show ElevationDialog first
[2026-07-07 11:59:29] ElevationDialog result: ContinueNormal
[2026-07-07 11:59:29] MainFormView.ctor begin
[2026-07-07 11:59:29] MainFormView.ctor InitializeComponent done
[2026-07-07 11:59:29] MainFormView.Loaded
[2026-07-07 11:59:29] MainFormView.PlayWindowEnterAnimation OK
[2026-07-07 11:59:29] SplashScreenView.Closed
[2026-07-07 11:59:53] ProModeView.ctor begin
[2026-07-07 11:59:53] ProModeView.ctor InitializeComponent done
[2026-07-07 11:59:53] [PRO-SWITCH] PlayWindowExitAnimationForModeSwitch begin
[2026-07-07 11:59:55] ProModeView.OnWindowLoaded begin
[2026-07-07 11:59:55] ProModeView IntegrityGuard runtime monitoring started
[2026-07-07 11:59:55] ProModeView.PlayProModeWindowEnter begin
[2026-07-07 11:59:55] ProModeView.PlayProModeWindowEnter scheduled
[2026-07-07 11:59:55] ProModeView.OnWindowLoaded end
[2026-07-07 12:00:14] PerformExitCleanup: done
[2026-07-07 12:00:14] PerformExitCleanup: done
[2026-07-07 12:01:33] OnStartup
[2026-07-07 12:01:33] Password verification skipped: IsLaunchedByExe=true
[2026-07-07 12:01:33] Password verification passed
[2026-07-07 12:01:34] AURORA_PERF_TIER=Extreme
[2026-07-07 12:01:34] AURORA_LANGUAGE=CHS
[2026-07-07 12:01:34] AURORA_IS_LAUNCHED_BY_EXE=True
[2026-07-07 12:01:34] WARNING: Required directory missing: G:\PowerShellBat\Scripts
[2026-07-07 12:01:34] WARNING: Required directory missing: G:\PowerShellBat\Scripts\Core
[2026-07-07 12:01:34] WARNING: Required directory missing: G:\PowerShellBat\Scripts\Security
[2026-07-07 12:01:34] WARNING: Required directory missing: G:\PowerShellBat\Scripts\PRO
[2026-07-07 12:01:34] WARNING: Required directory missing: G:\PowerShellBat\Scripts\Engines
[2026-07-07 12:01:34] WARNING: Required directory missing: G:\PowerShellBat\Scripts\Session
[2026-07-07 12:01:34] WARNING: Required directory missing: G:\PowerShellBat\Scripts\GUI
[2026-07-07 12:01:34] WARNING: Required directory missing: G:\PowerShellBat\Scripts\UI
[2026-07-07 12:01:34] WARNING: Required file missing: G:\PowerShellBat\Scripts\Core\AURORA-CoreEngine.ps1
[2026-07-07 12:01:34] WARNING: Required file missing: G:\PowerShellBat\Scripts\Security\AURORA-SecurityModule.ps1
[2026-07-07 12:01:34] WARNING: Required file missing: G:\PowerShellBat\Scripts\PRO\AURORA-AnalyzerPRO-Engine.ps1
[2026-07-07 12:01:34] VerifyDirectoryIntegrity: OK
[2026-07-07 12:01:34] Directory integrity check passed
[2026-07-07 12:01:34] IntegrityGuard detection: NONE
[2026-07-07 12:01:34] IntegrityGuard initialized
[2026-07-07 12:01:34] ElevationService configured
[2026-07-07 12:01:34] Creating SplashScreenView
[2026-07-07 12:01:34] SplashScreenView.ctor begin
[2026-07-07 12:01:35] SplashScreenView.ctor InitializeComponent done
[2026-07-07 12:01:35] SplashScreenView.ctor done
[2026-07-07 12:01:35] MainWindow set to SplashScreenView
[2026-07-07 12:01:35] SplashScreenView.Loaded
[2026-07-07 12:01:35] SplashScreenView.Show() returned
[2026-07-07 12:01:46] SplashScreenView.LoadingComplete
[2026-07-07 12:01:47] ShowMainWindow: show ElevationDialog first
[2026-07-07 12:01:56] ElevationDialog result: ContinueNormal
[2026-07-07 12:01:56] MainFormView.ctor begin
[2026-07-07 12:01:56] MainFormView.ctor InitializeComponent done
[2026-07-07 12:01:56] MainFormView.Loaded
[2026-07-07 12:01:56] MainFormView.PlayWindowEnterAnimation OK
[2026-07-07 12:01:56] SplashScreenView.Closed
[2026-07-07 12:02:02] ProModeView.ctor begin
[2026-07-07 12:02:02] ProModeView.ctor InitializeComponent done
[2026-07-07 12:02:02] [PRO-SWITCH] PlayWindowExitAnimationForModeSwitch begin
[2026-07-07 12:02:04] ProModeView.OnWindowLoaded begin
[2026-07-07 12:02:04] ProModeView IntegrityGuard runtime monitoring started
[2026-07-07 12:02:04] ProModeView.PlayProModeWindowEnter begin
[2026-07-07 12:02:04] ProModeView.PlayProModeWindowEnter scheduled
[2026-07-07 12:02:04] ProModeView.OnWindowLoaded end
[2026-07-07 12:02:09] PerformExitCleanup: done
[2026-07-07 12:02:09] PerformExitCleanup: done
[2026-07-07 13:11:23] OnStartup
[2026-07-07 13:11:23] Password verification skipped: IsLaunchedByExe=true
[2026-07-07 13:11:23] Password verification passed
[2026-07-07 13:11:23] AURORA_PERF_TIER=Extreme
[2026-07-07 13:11:23] AURORA_LANGUAGE=CHS
[2026-07-07 13:11:23] AURORA_IS_LAUNCHED_BY_EXE=True
[2026-07-07 13:11:23] WARNING: Required directory missing: G:\PowerShellBat\Scripts
[2026-07-07 13:11:23] WARNING: Required directory missing: G:\PowerShellBat\Scripts\Core
[2026-07-07 13:11:23] WARNING: Required directory missing: G:\PowerShellBat\Scripts\Security
[2026-07-07 13:11:23] WARNING: Required directory missing: G:\PowerShellBat\Scripts\PRO
[2026-07-07 13:11:23] WARNING: Required directory missing: G:\PowerShellBat\Scripts\Engines
[2026-07-07 13:11:23] WARNING: Required directory missing: G:\PowerShellBat\Scripts\Session
[2026-07-07 13:11:23] WARNING: Required directory missing: G:\PowerShellBat\Scripts\GUI
[2026-07-07 13:11:23] WARNING: Required directory missing: G:\PowerShellBat\Scripts\UI
[2026-07-07 13:11:23] WARNING: Required file missing: G:\PowerShellBat\Scripts\Core\AURORA-CoreEngine.ps1
[2026-07-07 13:11:23] WARNING: Required file missing: G:\PowerShellBat\Scripts\Security\AURORA-SecurityModule.ps1
[2026-07-07 13:11:23] WARNING: Required file missing: G:\PowerShellBat\Scripts\PRO\AURORA-AnalyzerPRO-Engine.ps1
[2026-07-07 13:11:23] VerifyDirectoryIntegrity: OK
[2026-07-07 13:11:23] Directory integrity check passed
[2026-07-07 13:11:24] IntegrityGuard detection: NONE
[2026-07-07 13:11:24] IntegrityGuard initialized
[2026-07-07 13:11:24] ElevationService configured
[2026-07-07 13:11:24] Creating SplashScreenView
[2026-07-07 13:11:24] SplashScreenView.ctor begin
[2026-07-07 13:11:24] SplashScreenView.ctor InitializeComponent done
[2026-07-07 13:11:24] SplashScreenView.ctor done
[2026-07-07 13:11:24] MainWindow set to SplashScreenView
[2026-07-07 13:11:25] SplashScreenView.Loaded
[2026-07-07 13:11:25] SplashScreenView.Show() returned
[2026-07-07 13:11:36] SplashScreenView.LoadingComplete
[2026-07-07 13:11:37] ShowMainWindow: show ElevationDialog first
[2026-07-07 13:11:46] ElevationDialog result: ContinueNormal
[2026-07-07 13:11:46] MainFormView.ctor begin
[2026-07-07 13:11:46] MainFormView.ctor InitializeComponent done
[2026-07-07 13:11:47] MainFormView.Loaded
[2026-07-07 13:11:47] MainFormView.PlayWindowEnterAnimation OK
[2026-07-07 13:11:47] SplashScreenView.Closed
[2026-07-07 13:12:15] ProModeView.ctor begin
[2026-07-07 13:12:15] ProModeView.ctor InitializeComponent done
[2026-07-07 13:12:15] [PRO-SWITCH] PlayWindowExitAnimationForModeSwitch begin
[2026-07-07 13:12:17] ProModeView.OnWindowLoaded begin
[2026-07-07 13:12:17] ProModeView IntegrityGuard runtime monitoring started
[2026-07-07 13:12:17] ProModeView.PlayProModeWindowEnter begin
[2026-07-07 13:12:17] ProModeView.PlayProModeWindowEnter scheduled
[2026-07-07 13:12:17] ProModeView.OnWindowLoaded end
[2026-07-07 13:13:30] PerformExitCleanup: done
[2026-07-07 13:13:30] PerformExitCleanup: done
[2026-07-07 13:23:31] OnStartup
[2026-07-07 13:23:31] Password verification skipped: IsLaunchedByExe=true
[2026-07-07 13:23:31] Password verification passed
[2026-07-07 13:23:31] AURORA_PERF_TIER=Extreme
[2026-07-07 13:23:31] AURORA_LANGUAGE=CHS
[2026-07-07 13:23:31] AURORA_IS_LAUNCHED_BY_EXE=True
[2026-07-07 13:23:31] WARNING: Required directory missing: G:\PowerShellBat\Scripts
[2026-07-07 13:23:31] WARNING: Required directory missing: G:\PowerShellBat\Scripts\Core
[2026-07-07 13:23:31] WARNING: Required directory missing: G:\PowerShellBat\Scripts\Security
[2026-07-07 13:23:31] WARNING: Required directory missing: G:\PowerShellBat\Scripts\PRO
[2026-07-07 13:23:31] WARNING: Required directory missing: G:\PowerShellBat\Scripts\Engines
[2026-07-07 13:23:31] WARNING: Required directory missing: G:\PowerShellBat\Scripts\Session
[2026-07-07 13:23:31] WARNING: Required directory missing: G:\PowerShellBat\Scripts\GUI
[2026-07-07 13:23:31] WARNING: Required directory missing: G:\PowerShellBat\Scripts\UI
[2026-07-07 13:23:31] WARNING: Required file missing: G:\PowerShellBat\Scripts\Core\AURORA-CoreEngine.ps1
[2026-07-07 13:23:31] WARNING: Required file missing: G:\PowerShellBat\Scripts\Security\AURORA-SecurityModule.ps1
[2026-07-07 13:23:31] WARNING: Required file missing: G:\PowerShellBat\Scripts\PRO\AURORA-AnalyzerPRO-Engine.ps1
[2026-07-07 13:23:31] VerifyDirectoryIntegrity: OK
[2026-07-07 13:23:31] Directory integrity check passed
[2026-07-07 13:23:31] IntegrityGuard detection: NONE
[2026-07-07 13:23:31] IntegrityGuard initialized
[2026-07-07 13:23:31] ElevationService configured
[2026-07-07 13:23:32] Creating SplashScreenView
[2026-07-07 13:23:32] SplashScreenView.ctor begin
[2026-07-07 13:23:32] SplashScreenView.ctor InitializeComponent done
[2026-07-07 13:23:32] SplashScreenView.ctor done
[2026-07-07 13:23:32] MainWindow set to SplashScreenView
[2026-07-07 13:23:33] SplashScreenView.Loaded
[2026-07-07 13:23:33] SplashScreenView.Show() returned
[2026-07-07 13:23:44] SplashScreenView.LoadingComplete
[2026-07-07 13:23:45] ShowMainWindow: show ElevationDialog first
[2026-07-07 13:23:57] ElevationDialog result: ContinueNormal
[2026-07-07 13:23:57] MainFormView.ctor begin
[2026-07-07 13:23:57] MainFormView.ctor InitializeComponent done
[2026-07-07 13:23:57] MainFormView.Loaded
[2026-07-07 13:23:57] MainFormView.PlayWindowEnterAnimation OK
[2026-07-07 13:23:57] SplashScreenView.Closed
[2026-07-07 13:24:47] ProModeView.ctor begin
[2026-07-07 13:24:47] ProModeView.ctor InitializeComponent done
[2026-07-07 13:24:47] [PRO-SWITCH] PlayWindowExitAnimationForModeSwitch begin
[2026-07-07 13:24:49] ProModeView.OnWindowLoaded begin
[2026-07-07 13:24:49] ProModeView IntegrityGuard runtime monitoring started
[2026-07-07 13:24:49] ProModeView.PlayProModeWindowEnter begin
[2026-07-07 13:24:49] ProModeView.PlayProModeWindowEnter scheduled
[2026-07-07 13:24:49] ProModeView.OnWindowLoaded end
[2026-07-07 13:25:53] PerformExitCleanup: done
[2026-07-07 13:25:53] PerformExitCleanup: done
[2026-07-07 13:40:06] OnStartup
[2026-07-07 13:40:06] Password verification skipped: IsLaunchedByExe=true
[2026-07-07 13:40:06] Password verification passed
[2026-07-07 13:40:06] AURORA_PERF_TIER=Extreme
[2026-07-07 13:40:06] AURORA_LANGUAGE=CHS
[2026-07-07 13:40:06] AURORA_IS_LAUNCHED_BY_EXE=True
[2026-07-07 13:40:06] WARNING: Required directory missing: G:\PowerShellBat\Scripts
[2026-07-07 13:40:06] WARNING: Required directory missing: G:\PowerShellBat\Scripts\Core
[2026-07-07 13:40:06] WARNING: Required directory missing: G:\PowerShellBat\Scripts\Security
[2026-07-07 13:40:06] WARNING: Required directory missing: G:\PowerShellBat\Scripts\PRO
[2026-07-07 13:40:06] WARNING: Required directory missing: G:\PowerShellBat\Scripts\Engines
[2026-07-07 13:40:06] WARNING: Required directory missing: G:\PowerShellBat\Scripts\Session
[2026-07-07 13:40:06] WARNING: Required directory missing: G:\PowerShellBat\Scripts\GUI
[2026-07-07 13:40:06] WARNING: Required directory missing: G:\PowerShellBat\Scripts\UI
[2026-07-07 13:40:06] WARNING: Required file missing: G:\PowerShellBat\Scripts\Core\AURORA-CoreEngine.ps1
[2026-07-07 13:40:06] WARNING: Required file missing: G:\PowerShellBat\Scripts\Security\AURORA-SecurityModule.ps1
[2026-07-07 13:40:06] WARNING: Required file missing: G:\PowerShellBat\Scripts\PRO\AURORA-AnalyzerPRO-Engine.ps1
[2026-07-07 13:40:06] VerifyDirectoryIntegrity: OK
[2026-07-07 13:40:06] Directory integrity check passed
[2026-07-07 13:40:07] IntegrityGuard detection: NONE
[2026-07-07 13:40:07] IntegrityGuard initialized
[2026-07-07 13:40:07] ElevationService configured
[2026-07-07 13:40:07] Creating SplashScreenView
[2026-07-07 13:40:07] SplashScreenView.ctor begin
[2026-07-07 13:40:07] SplashScreenView.ctor InitializeComponent done
[2026-07-07 13:40:07] SplashScreenView.ctor done
[2026-07-07 13:40:07] MainWindow set to SplashScreenView
[2026-07-07 13:40:08] SplashScreenView.Loaded
[2026-07-07 13:40:08] SplashScreenView.Show() returned
[2026-07-07 13:40:19] SplashScreenView.LoadingComplete
[2026-07-07 13:40:20] ShowMainWindow: show ElevationDialog first
[2026-07-07 13:40:31] ElevationDialog result: ContinueNormal
[2026-07-07 13:40:31] MainFormView.ctor begin
[2026-07-07 13:40:31] MainFormView.ctor InitializeComponent done
[2026-07-07 13:40:31] MainFormView.Loaded
[2026-07-07 13:40:31] MainFormView.PlayWindowEnterAnimation OK
[2026-07-07 13:40:31] SplashScreenView.Closed
[2026-07-07 13:40:39] ProModeView.ctor begin
[2026-07-07 13:40:39] ProModeView.ctor InitializeComponent done
[2026-07-07 13:40:39] [PRO-SWITCH] PlayWindowExitAnimationForModeSwitch begin
[2026-07-07 13:40:41] ProModeView.OnWindowLoaded begin
[2026-07-07 13:40:41] ProModeView IntegrityGuard runtime monitoring started
[2026-07-07 13:40:41] ProModeView.PlayProModeWindowEnter begin
[2026-07-07 13:40:41] ProModeView.PlayProModeWindowEnter scheduled
[2026-07-07 13:40:41] ProModeView.OnWindowLoaded end
[2026-07-07 13:40:47] PerformExitCleanup: done
[2026-07-07 13:40:47] PerformExitCleanup: done
[2026-07-07 13:44:32] OnStartup
[2026-07-07 13:44:32] Password verification skipped: IsLaunchedByExe=true
[2026-07-07 13:44:32] Password verification passed
[2026-07-07 13:44:33] AURORA_PERF_TIER=Extreme
[2026-07-07 13:44:33] AURORA_LANGUAGE=CHS
[2026-07-07 13:44:33] AURORA_IS_LAUNCHED_BY_EXE=True
[2026-07-07 13:44:33] WARNING: Required directory missing: G:\PowerShellBat\Scripts
[2026-07-07 13:44:33] WARNING: Required directory missing: G:\PowerShellBat\Scripts\Core
[2026-07-07 13:44:33] WARNING: Required directory missing: G:\PowerShellBat\Scripts\Security
[2026-07-07 13:44:33] WARNING: Required directory missing: G:\PowerShellBat\Scripts\PRO
[2026-07-07 13:44:33] WARNING: Required directory missing: G:\PowerShellBat\Scripts\Engines
[2026-07-07 13:44:33] WARNING: Required directory missing: G:\PowerShellBat\Scripts\Session
[2026-07-07 13:44:33] WARNING: Required directory missing: G:\PowerShellBat\Scripts\GUI
[2026-07-07 13:44:33] WARNING: Required directory missing: G:\PowerShellBat\Scripts\UI
[2026-07-07 13:44:33] WARNING: Required file missing: G:\PowerShellBat\Scripts\Core\AURORA-CoreEngine.ps1
[2026-07-07 13:44:33] WARNING: Required file missing: G:\PowerShellBat\Scripts\Security\AURORA-SecurityModule.ps1
[2026-07-07 13:44:33] WARNING: Required file missing: G:\PowerShellBat\Scripts\PRO\AURORA-AnalyzerPRO-Engine.ps1
[2026-07-07 13:44:33] VerifyDirectoryIntegrity: OK
[2026-07-07 13:44:33] Directory integrity check passed
[2026-07-07 13:44:33] IntegrityGuard detection: NONE
[2026-07-07 13:44:33] IntegrityGuard initialized
[2026-07-07 13:44:33] ElevationService configured
[2026-07-07 13:44:33] Creating SplashScreenView
[2026-07-07 13:44:33] SplashScreenView.ctor begin
[2026-07-07 13:44:33] SplashScreenView.ctor InitializeComponent done
[2026-07-07 13:44:33] SplashScreenView.ctor done
[2026-07-07 13:44:33] MainWindow set to SplashScreenView
[2026-07-07 13:44:34] SplashScreenView.Loaded
[2026-07-07 13:44:34] SplashScreenView.Show() returned
[2026-07-07 13:44:45] SplashScreenView.LoadingComplete
[2026-07-07 13:44:46] ShowMainWindow: show ElevationDialog first
[2026-07-07 13:44:52] ElevationDialog result: ContinueNormal
[2026-07-07 13:44:52] MainFormView.ctor begin
[2026-07-07 13:44:52] MainFormView.ctor InitializeComponent done
[2026-07-07 13:44:52] MainFormView.Loaded
[2026-07-07 13:44:52] MainFormView.PlayWindowEnterAnimation OK
[2026-07-07 13:44:52] SplashScreenView.Closed
[2026-07-07 13:44:58] ProModeView.ctor begin
[2026-07-07 13:44:58] ProModeView.ctor InitializeComponent done
[2026-07-07 13:44:58] [PRO-SWITCH] PlayWindowExitAnimationForModeSwitch begin
[2026-07-07 13:45:00] ProModeView.OnWindowLoaded begin
[2026-07-07 13:45:00] ProModeView IntegrityGuard runtime monitoring started
[2026-07-07 13:45:00] ProModeView.PlayProModeWindowEnter begin
[2026-07-07 13:45:00] ProModeView.PlayProModeWindowEnter scheduled
[2026-07-07 13:45:00] ProModeView.OnWindowLoaded end
[2026-07-07 13:45:08] PerformExitCleanup: done
[2026-07-07 13:45:08] PerformExitCleanup: done
[2026-07-07 13:56:05] OnStartup
[2026-07-07 13:56:05] Password verification skipped: IsLaunchedByExe=true
[2026-07-07 13:56:05] Password verification passed
[2026-07-07 13:56:06] AURORA_PERF_TIER=Extreme
[2026-07-07 13:56:06] AURORA_LANGUAGE=CHS
[2026-07-07 13:56:06] AURORA_IS_LAUNCHED_BY_EXE=True
[2026-07-07 13:56:06] WARNING: Required directory missing: G:\PowerShellBat\Scripts
[2026-07-07 13:56:06] WARNING: Required directory missing: G:\PowerShellBat\Scripts\Core
[2026-07-07 13:56:06] WARNING: Required directory missing: G:\PowerShellBat\Scripts\Security
[2026-07-07 13:56:06] WARNING: Required directory missing: G:\PowerShellBat\Scripts\PRO
[2026-07-07 13:56:06] WARNING: Required directory missing: G:\PowerShellBat\Scripts\Engines
[2026-07-07 13:56:06] WARNING: Required directory missing: G:\PowerShellBat\Scripts\Session
[2026-07-07 13:56:06] WARNING: Required directory missing: G:\PowerShellBat\Scripts\GUI
[2026-07-07 13:56:06] WARNING: Required directory missing: G:\PowerShellBat\Scripts\UI
[2026-07-07 13:56:06] WARNING: Required file missing: G:\PowerShellBat\Scripts\Core\AURORA-CoreEngine.ps1
[2026-07-07 13:56:06] WARNING: Required file missing: G:\PowerShellBat\Scripts\Security\AURORA-SecurityModule.ps1
[2026-07-07 13:56:06] WARNING: Required file missing: G:\PowerShellBat\Scripts\PRO\AURORA-AnalyzerPRO-Engine.ps1
[2026-07-07 13:56:06] VerifyDirectoryIntegrity: OK
[2026-07-07 13:56:06] Directory integrity check passed
[2026-07-07 13:56:06] IntegrityGuard detection: NONE
[2026-07-07 13:56:06] IntegrityGuard initialized
[2026-07-07 13:56:06] ElevationService configured
[2026-07-07 13:56:06] Creating SplashScreenView
[2026-07-07 13:56:06] SplashScreenView.ctor begin
[2026-07-07 13:56:07] SplashScreenView.ctor InitializeComponent done
[2026-07-07 13:56:07] SplashScreenView.ctor done
[2026-07-07 13:56:07] MainWindow set to SplashScreenView
[2026-07-07 13:56:07] SplashScreenView.Loaded
[2026-07-07 13:56:07] SplashScreenView.Show() returned
[2026-07-07 13:56:18] SplashScreenView.LoadingComplete
[2026-07-07 13:56:19] ShowMainWindow: show ElevationDialog first
[2026-07-07 13:56:43] ElevationDialog result: ContinueNormal
[2026-07-07 13:56:43] MainFormView.ctor begin
[2026-07-07 13:56:43] MainFormView.ctor InitializeComponent done
[2026-07-07 13:56:43] MainFormView.Loaded
[2026-07-07 13:56:43] MainFormView.PlayWindowEnterAnimation OK
[2026-07-07 13:56:43] SplashScreenView.Closed
[2026-07-07 13:57:23] PerformExitCleanup: done
[2026-07-07 13:57:23] PerformExitCleanup: done
[2026-07-07 13:59:21] OnStartup
[2026-07-07 13:59:21] Password verification skipped: IsLaunchedByExe=true
[2026-07-07 13:59:21] Password verification passed
[2026-07-07 13:59:22] AURORA_PERF_TIER=Extreme
[2026-07-07 13:59:22] AURORA_LANGUAGE=CHS
[2026-07-07 13:59:22] AURORA_IS_LAUNCHED_BY_EXE=True
[2026-07-07 13:59:22] WARNING: Required directory missing: G:\PowerShellBat\Scripts
[2026-07-07 13:59:22] WARNING: Required directory missing: G:\PowerShellBat\Scripts\Core
[2026-07-07 13:59:22] WARNING: Required directory missing: G:\PowerShellBat\Scripts\Security
[2026-07-07 13:59:22] WARNING: Required directory missing: G:\PowerShellBat\Scripts\PRO
[2026-07-07 13:59:22] WARNING: Required directory missing: G:\PowerShellBat\Scripts\Engines
[2026-07-07 13:59:22] WARNING: Required directory missing: G:\PowerShellBat\Scripts\Session
[2026-07-07 13:59:22] WARNING: Required directory missing: G:\PowerShellBat\Scripts\GUI
[2026-07-07 13:59:22] WARNING: Required directory missing: G:\PowerShellBat\Scripts\UI
[2026-07-07 13:59:22] WARNING: Required file missing: G:\PowerShellBat\Scripts\Core\AURORA-CoreEngine.ps1
[2026-07-07 13:59:22] WARNING: Required file missing: G:\PowerShellBat\Scripts\Security\AURORA-SecurityModule.ps1
[2026-07-07 13:59:22] WARNING: Required file missing: G:\PowerShellBat\Scripts\PRO\AURORA-AnalyzerPRO-Engine.ps1
[2026-07-07 13:59:22] VerifyDirectoryIntegrity: OK
[2026-07-07 13:59:22] Directory integrity check passed
[2026-07-07 13:59:22] IntegrityGuard detection: NONE
[2026-07-07 13:59:22] IntegrityGuard initialized
[2026-07-07 13:59:22] ElevationService configured
[2026-07-07 13:59:23] Creating SplashScreenView
[2026-07-07 13:59:23] SplashScreenView.ctor begin
[2026-07-07 13:59:23] SplashScreenView.ctor InitializeComponent done
[2026-07-07 13:59:23] SplashScreenView.ctor done
[2026-07-07 13:59:23] MainWindow set to SplashScreenView
[2026-07-07 13:59:23] SplashScreenView.Loaded
[2026-07-07 13:59:23] SplashScreenView.Show() returned
[2026-07-07 13:59:35] SplashScreenView.LoadingComplete
[2026-07-07 13:59:35] ShowMainWindow: show ElevationDialog first
[2026-07-07 13:59:46] ElevationDialog result: ContinueNormal
[2026-07-07 13:59:46] MainFormView.ctor begin
[2026-07-07 13:59:46] MainFormView.ctor InitializeComponent done
[2026-07-07 13:59:46] MainFormView.Loaded
[2026-07-07 13:59:46] MainFormView.PlayWindowEnterAnimation OK
[2026-07-07 13:59:46] SplashScreenView.Closed
[2026-07-07 14:01:05] PerformExitCleanup: done
[2026-07-07 14:01:05] PerformExitCleanup: done
[2026-07-07 14:01:53] OnStartup
[2026-07-07 14:01:53] Password verification skipped: IsLaunchedByExe=true
[2026-07-07 14:01:53] Password verification passed
[2026-07-07 14:01:54] AURORA_PERF_TIER=Extreme
[2026-07-07 14:01:54] AURORA_LANGUAGE=CHS
[2026-07-07 14:01:54] AURORA_IS_LAUNCHED_BY_EXE=True
[2026-07-07 14:01:54] WARNING: Required directory missing: G:\PowerShellBat\Scripts
[2026-07-07 14:01:54] WARNING: Required directory missing: G:\PowerShellBat\Scripts\Core
[2026-07-07 14:01:54] WARNING: Required directory missing: G:\PowerShellBat\Scripts\Security
[2026-07-07 14:01:54] WARNING: Required directory missing: G:\PowerShellBat\Scripts\PRO
[2026-07-07 14:01:54] WARNING: Required directory missing: G:\PowerShellBat\Scripts\Engines
[2026-07-07 14:01:54] WARNING: Required directory missing: G:\PowerShellBat\Scripts\Session
[2026-07-07 14:01:54] WARNING: Required directory missing: G:\PowerShellBat\Scripts\GUI
[2026-07-07 14:01:54] WARNING: Required directory missing: G:\PowerShellBat\Scripts\UI
[2026-07-07 14:01:54] WARNING: Required file missing: G:\PowerShellBat\Scripts\Core\AURORA-CoreEngine.ps1
[2026-07-07 14:01:54] WARNING: Required file missing: G:\PowerShellBat\Scripts\Security\AURORA-SecurityModule.ps1
[2026-07-07 14:01:54] WARNING: Required file missing: G:\PowerShellBat\Scripts\PRO\AURORA-AnalyzerPRO-Engine.ps1
[2026-07-07 14:01:54] VerifyDirectoryIntegrity: OK
[2026-07-07 14:01:54] Directory integrity check passed
[2026-07-07 14:01:54] IntegrityGuard detection: NONE
[2026-07-07 14:01:54] IntegrityGuard initialized
[2026-07-07 14:01:54] ElevationService configured
[2026-07-07 14:01:55] Creating SplashScreenView
[2026-07-07 14:01:55] SplashScreenView.ctor begin
[2026-07-07 14:01:55] SplashScreenView.ctor InitializeComponent done
[2026-07-07 14:01:55] SplashScreenView.ctor done
[2026-07-07 14:01:55] MainWindow set to SplashScreenView
[2026-07-07 14:01:55] SplashScreenView.Loaded
[2026-07-07 14:01:55] SplashScreenView.Show() returned
[2026-07-07 14:02:07] SplashScreenView.LoadingComplete
[2026-07-07 14:02:07] ShowMainWindow: show ElevationDialog first
[2026-07-07 14:02:19] ElevationDialog result: ContinueNormal
[2026-07-07 14:02:19] MainFormView.ctor begin
[2026-07-07 14:02:19] MainFormView.ctor InitializeComponent done
[2026-07-07 14:02:19] MainFormView.Loaded
[2026-07-07 14:02:19] MainFormView.PlayWindowEnterAnimation OK
[2026-07-07 14:02:19] SplashScreenView.Closed
[2026-07-07 14:03:04] ProModeView.ctor begin
[2026-07-07 14:03:04] ProModeView.ctor InitializeComponent done
[2026-07-07 14:03:04] [PRO-SWITCH] PlayWindowExitAnimationForModeSwitch begin
[2026-07-07 14:03:06] ProModeView.OnWindowLoaded begin
[2026-07-07 14:03:06] ProModeView IntegrityGuard runtime monitoring started
[2026-07-07 14:03:06] ProModeView.PlayProModeWindowEnter begin
[2026-07-07 14:03:06] ProModeView.PlayProModeWindowEnter scheduled
[2026-07-07 14:03:06] ProModeView.OnWindowLoaded end
[2026-07-07 14:03:25] PerformExitCleanup: done
[2026-07-07 14:03:25] PerformExitCleanup: done
[2026-07-07 14:06:54] OnStartup
[2026-07-07 14:06:54] Password verification skipped: IsLaunchedByExe=true
[2026-07-07 14:06:54] Password verification passed
[2026-07-07 14:06:54] AURORA_PERF_TIER=Extreme
[2026-07-07 14:06:54] AURORA_LANGUAGE=CHS
[2026-07-07 14:06:54] AURORA_IS_LAUNCHED_BY_EXE=True
[2026-07-07 14:06:54] WARNING: Required directory missing: G:\PowerShellBat\Scripts
[2026-07-07 14:06:54] WARNING: Required directory missing: G:\PowerShellBat\Scripts\Core
[2026-07-07 14:06:54] WARNING: Required directory missing: G:\PowerShellBat\Scripts\Security
[2026-07-07 14:06:54] WARNING: Required directory missing: G:\PowerShellBat\Scripts\PRO
[2026-07-07 14:06:54] WARNING: Required directory missing: G:\PowerShellBat\Scripts\Engines
[2026-07-07 14:06:54] WARNING: Required directory missing: G:\PowerShellBat\Scripts\Session
[2026-07-07 14:06:54] WARNING: Required directory missing: G:\PowerShellBat\Scripts\GUI
[2026-07-07 14:06:54] WARNING: Required directory missing: G:\PowerShellBat\Scripts\UI
[2026-07-07 14:06:54] WARNING: Required file missing: G:\PowerShellBat\Scripts\Core\AURORA-CoreEngine.ps1
[2026-07-07 14:06:54] WARNING: Required file missing: G:\PowerShellBat\Scripts\Security\AURORA-SecurityModule.ps1
[2026-07-07 14:06:54] WARNING: Required file missing: G:\PowerShellBat\Scripts\PRO\AURORA-AnalyzerPRO-Engine.ps1
[2026-07-07 14:06:54] VerifyDirectoryIntegrity: OK
[2026-07-07 14:06:54] Directory integrity check passed
[2026-07-07 14:06:54] IntegrityGuard detection: NONE
[2026-07-07 14:06:54] IntegrityGuard initialized
[2026-07-07 14:06:54] ElevationService configured
[2026-07-07 14:06:55] Creating SplashScreenView
[2026-07-07 14:06:55] SplashScreenView.ctor begin
[2026-07-07 14:06:55] SplashScreenView.ctor InitializeComponent done
[2026-07-07 14:06:55] SplashScreenView.ctor done
[2026-07-07 14:06:55] MainWindow set to SplashScreenView
[2026-07-07 14:06:55] SplashScreenView.Loaded
[2026-07-07 14:06:56] SplashScreenView.Show() returned
[2026-07-07 14:07:07] SplashScreenView.LoadingComplete
[2026-07-07 14:07:08] ShowMainWindow: show ElevationDialog first
[2026-07-07 14:07:12] ElevationDialog result: ContinueNormal
[2026-07-07 14:07:12] MainFormView.ctor begin
[2026-07-07 14:07:12] MainFormView.ctor InitializeComponent done
[2026-07-07 14:07:12] MainFormView.Loaded
[2026-07-07 14:07:12] MainFormView.PlayWindowEnterAnimation OK
[2026-07-07 14:07:12] SplashScreenView.Closed
[2026-07-07 14:07:38] PerformExitCleanup: done
[2026-07-07 14:07:38] PerformExitCleanup: done
[2026-07-07 14:15:38] OnStartup
[2026-07-07 14:15:38] Password verification skipped: IsLaunchedByExe=true
[2026-07-07 14:15:38] Password verification passed
[2026-07-07 14:15:38] AURORA_PERF_TIER=Extreme
[2026-07-07 14:15:38] AURORA_LANGUAGE=CHS
[2026-07-07 14:15:38] AURORA_IS_LAUNCHED_BY_EXE=True
[2026-07-07 14:15:38] WARNING: Required directory missing: G:\PowerShellBat\Scripts
[2026-07-07 14:15:38] WARNING: Required directory missing: G:\PowerShellBat\Scripts\Core
[2026-07-07 14:15:38] WARNING: Required directory missing: G:\PowerShellBat\Scripts\Security
[2026-07-07 14:15:38] WARNING: Required directory missing: G:\PowerShellBat\Scripts\PRO
[2026-07-07 14:15:38] WARNING: Required directory missing: G:\PowerShellBat\Scripts\Engines
[2026-07-07 14:15:38] WARNING: Required directory missing: G:\PowerShellBat\Scripts\Session
[2026-07-07 14:15:38] WARNING: Required directory missing: G:\PowerShellBat\Scripts\GUI
[2026-07-07 14:15:38] WARNING: Required directory missing: G:\PowerShellBat\Scripts\UI
[2026-07-07 14:15:38] WARNING: Required file missing: G:\PowerShellBat\Scripts\Core\AURORA-CoreEngine.ps1
[2026-07-07 14:15:38] WARNING: Required file missing: G:\PowerShellBat\Scripts\Security\AURORA-SecurityModule.ps1
[2026-07-07 14:15:38] WARNING: Required file missing: G:\PowerShellBat\Scripts\PRO\AURORA-AnalyzerPRO-Engine.ps1
[2026-07-07 14:15:38] VerifyDirectoryIntegrity: OK
[2026-07-07 14:15:38] Directory integrity check passed
[2026-07-07 14:15:38] IntegrityGuard detection: NONE
[2026-07-07 14:15:38] IntegrityGuard initialized
[2026-07-07 14:15:38] ElevationService configured
[2026-07-07 14:15:39] Creating SplashScreenView
[2026-07-07 14:15:39] SplashScreenView.ctor begin
[2026-07-07 14:15:39] SplashScreenView.ctor InitializeComponent done
[2026-07-07 14:15:39] SplashScreenView.ctor done
[2026-07-07 14:15:39] MainWindow set to SplashScreenView
[2026-07-07 14:15:40] SplashScreenView.Loaded
[2026-07-07 14:15:40] SplashScreenView.Show() returned
[2026-07-07 14:15:51] SplashScreenView.LoadingComplete
[2026-07-07 14:15:52] ShowMainWindow: show ElevationDialog first
[2026-07-07 14:15:58] ElevationDialog result: ContinueNormal
[2026-07-07 14:15:58] MainFormView.ctor begin
[2026-07-07 14:15:58] MainFormView.ctor InitializeComponent done
[2026-07-07 14:15:58] MainFormView.Loaded
[2026-07-07 14:15:58] MainFormView.PlayWindowEnterAnimation OK
[2026-07-07 14:15:59] SplashScreenView.Closed
[2026-07-07 14:16:29] ProModeView.ctor begin
[2026-07-07 14:16:29] ProModeView.ctor InitializeComponent done
[2026-07-07 14:16:29] [PRO-SWITCH] PlayWindowExitAnimationForModeSwitch begin
[2026-07-07 14:16:32] ProModeView.OnWindowLoaded begin
[2026-07-07 14:16:32] ProModeView IntegrityGuard runtime monitoring started
[2026-07-07 14:16:32] ProModeView.PlayProModeWindowEnter begin
[2026-07-07 14:16:32] ProModeView.PlayProModeWindowEnter scheduled
[2026-07-07 14:16:32] ProModeView.OnWindowLoaded end
[2026-07-07 14:16:40] PerformExitCleanup: done
[2026-07-07 14:16:40] PerformExitCleanup: done
[2026-07-07 14:19:15] OnStartup
[2026-07-07 14:19:15] Password verification skipped: IsLaunchedByExe=true
[2026-07-07 14:19:15] Password verification passed
[2026-07-07 14:19:16] AURORA_PERF_TIER=Extreme
[2026-07-07 14:19:16] AURORA_LANGUAGE=CHS
[2026-07-07 14:19:16] AURORA_IS_LAUNCHED_BY_EXE=True
[2026-07-07 14:19:16] WARNING: Required directory missing: G:\PowerShellBat\Scripts
[2026-07-07 14:19:16] WARNING: Required directory missing: G:\PowerShellBat\Scripts\Core
[2026-07-07 14:19:16] WARNING: Required directory missing: G:\PowerShellBat\Scripts\Security
[2026-07-07 14:19:16] WARNING: Required directory missing: G:\PowerShellBat\Scripts\PRO
[2026-07-07 14:19:16] WARNING: Required directory missing: G:\PowerShellBat\Scripts\Engines
[2026-07-07 14:19:16] WARNING: Required directory missing: G:\PowerShellBat\Scripts\Session
[2026-07-07 14:19:16] WARNING: Required directory missing: G:\PowerShellBat\Scripts\GUI
[2026-07-07 14:19:16] WARNING: Required directory missing: G:\PowerShellBat\Scripts\UI
[2026-07-07 14:19:16] WARNING: Required file missing: G:\PowerShellBat\Scripts\Core\AURORA-CoreEngine.ps1
[2026-07-07 14:19:16] WARNING: Required file missing: G:\PowerShellBat\Scripts\Security\AURORA-SecurityModule.ps1
[2026-07-07 14:19:16] WARNING: Required file missing: G:\PowerShellBat\Scripts\PRO\AURORA-AnalyzerPRO-Engine.ps1
[2026-07-07 14:19:16] VerifyDirectoryIntegrity: OK
[2026-07-07 14:19:16] Directory integrity check passed
[2026-07-07 14:19:16] IntegrityGuard detection: NONE
[2026-07-07 14:19:16] IntegrityGuard initialized
[2026-07-07 14:19:16] ElevationService configured
[2026-07-07 14:19:17] Creating SplashScreenView
[2026-07-07 14:19:17] SplashScreenView.ctor begin
[2026-07-07 14:19:17] SplashScreenView.ctor InitializeComponent done
[2026-07-07 14:19:17] SplashScreenView.ctor done
[2026-07-07 14:19:17] MainWindow set to SplashScreenView
[2026-07-07 14:19:18] SplashScreenView.Loaded
[2026-07-07 14:19:18] SplashScreenView.Show() returned
[2026-07-07 14:19:29] SplashScreenView.LoadingComplete
[2026-07-07 14:19:30] ShowMainWindow: show ElevationDialog first
[2026-07-07 14:19:40] ElevationDialog result: ContinueNormal
[2026-07-07 14:19:40] MainFormView.ctor begin
[2026-07-07 14:19:40] MainFormView.ctor InitializeComponent done
[2026-07-07 14:19:40] MainFormView.Loaded
[2026-07-07 14:19:40] MainFormView.PlayWindowEnterAnimation OK
[2026-07-07 14:19:40] SplashScreenView.Closed
[2026-07-07 14:19:46] ProModeView.ctor begin
[2026-07-07 14:19:46] ProModeView.ctor InitializeComponent done
[2026-07-07 14:19:46] [PRO-SWITCH] PlayWindowExitAnimationForModeSwitch begin
[2026-07-07 14:19:48] ProModeView.OnWindowLoaded begin
[2026-07-07 14:19:48] ProModeView IntegrityGuard runtime monitoring started
[2026-07-07 14:19:48] ProModeView.PlayProModeWindowEnter begin
[2026-07-07 14:19:48] ProModeView.PlayProModeWindowEnter scheduled
[2026-07-07 14:19:48] ProModeView.OnWindowLoaded end
[2026-07-07 14:19:52] PerformExitCleanup: done
[2026-07-07 14:19:53] PerformExitCleanup: done
[2026-07-07 14:22:37] OnStartup
[2026-07-07 14:22:37] Password verification skipped: IsLaunchedByExe=true
[2026-07-07 14:22:37] Password verification passed
[2026-07-07 14:22:37] AURORA_PERF_TIER=Extreme
[2026-07-07 14:22:37] AURORA_LANGUAGE=CHS
[2026-07-07 14:22:37] AURORA_IS_LAUNCHED_BY_EXE=True
[2026-07-07 14:22:37] WARNING: Required directory missing: G:\PowerShellBat\Scripts
[2026-07-07 14:22:37] WARNING: Required directory missing: G:\PowerShellBat\Scripts\Core
[2026-07-07 14:22:37] WARNING: Required directory missing: G:\PowerShellBat\Scripts\Security
[2026-07-07 14:22:37] WARNING: Required directory missing: G:\PowerShellBat\Scripts\PRO
[2026-07-07 14:22:37] WARNING: Required directory missing: G:\PowerShellBat\Scripts\Engines
[2026-07-07 14:22:37] WARNING: Required directory missing: G:\PowerShellBat\Scripts\Session
[2026-07-07 14:22:37] WARNING: Required directory missing: G:\PowerShellBat\Scripts\GUI
[2026-07-07 14:22:37] WARNING: Required directory missing: G:\PowerShellBat\Scripts\UI
[2026-07-07 14:22:37] WARNING: Required file missing: G:\PowerShellBat\Scripts\Core\AURORA-CoreEngine.ps1
[2026-07-07 14:22:37] WARNING: Required file missing: G:\PowerShellBat\Scripts\Security\AURORA-SecurityModule.ps1
[2026-07-07 14:22:37] WARNING: Required file missing: G:\PowerShellBat\Scripts\PRO\AURORA-AnalyzerPRO-Engine.ps1
[2026-07-07 14:22:37] VerifyDirectoryIntegrity: OK
[2026-07-07 14:22:37] Directory integrity check passed
[2026-07-07 14:22:37] IntegrityGuard detection: NONE
[2026-07-07 14:22:37] IntegrityGuard initialized
[2026-07-07 14:22:37] ElevationService configured
[2026-07-07 14:22:38] Creating SplashScreenView
[2026-07-07 14:22:38] SplashScreenView.ctor begin
[2026-07-07 14:22:38] SplashScreenView.ctor InitializeComponent done
[2026-07-07 14:22:38] SplashScreenView.ctor done
[2026-07-07 14:22:38] MainWindow set to SplashScreenView
[2026-07-07 14:22:38] SplashScreenView.Loaded
[2026-07-07 14:22:39] SplashScreenView.Show() returned
[2026-07-07 14:22:50] SplashScreenView.LoadingComplete
[2026-07-07 14:22:51] ShowMainWindow: show ElevationDialog first
[2026-07-07 14:22:55] ElevationDialog result: ContinueNormal
[2026-07-07 14:22:55] MainFormView.ctor begin
[2026-07-07 14:22:55] MainFormView.ctor InitializeComponent done
[2026-07-07 14:22:55] MainFormView.Loaded
[2026-07-07 14:22:55] MainFormView.PlayWindowEnterAnimation OK
[2026-07-07 14:22:56] SplashScreenView.Closed
[2026-07-07 14:23:01] ProModeView.ctor begin
[2026-07-07 14:23:01] ProModeView.ctor InitializeComponent done
[2026-07-07 14:23:01] [PRO-SWITCH] PlayWindowExitAnimationForModeSwitch begin
[2026-07-07 14:23:03] ProModeView.OnWindowLoaded begin
[2026-07-07 14:23:03] ProModeView IntegrityGuard runtime monitoring started
[2026-07-07 14:23:03] ProModeView.PlayProModeWindowEnter begin
[2026-07-07 14:23:03] ProModeView.PlayProModeWindowEnter scheduled
[2026-07-07 14:23:03] ProModeView.OnWindowLoaded end
[2026-07-07 14:23:16] PerformExitCleanup: done
[2026-07-07 14:23:16] PerformExitCleanup: done
[2026-07-07 14:24:39] OnStartup
[2026-07-07 14:24:39] Password verification skipped: IsLaunchedByExe=true
[2026-07-07 14:24:39] Password verification passed
[2026-07-07 14:24:39] AURORA_PERF_TIER=Extreme
[2026-07-07 14:24:39] AURORA_LANGUAGE=CHS
[2026-07-07 14:24:39] AURORA_IS_LAUNCHED_BY_EXE=True
[2026-07-07 14:24:39] WARNING: Required directory missing: G:\PowerShellBat\Scripts
[2026-07-07 14:24:39] WARNING: Required directory missing: G:\PowerShellBat\Scripts\Core
[2026-07-07 14:24:39] WARNING: Required directory missing: G:\PowerShellBat\Scripts\Security
[2026-07-07 14:24:39] WARNING: Required directory missing: G:\PowerShellBat\Scripts\PRO
[2026-07-07 14:24:39] WARNING: Required directory missing: G:\PowerShellBat\Scripts\Engines
[2026-07-07 14:24:39] WARNING: Required directory missing: G:\PowerShellBat\Scripts\Session
[2026-07-07 14:24:39] WARNING: Required directory missing: G:\PowerShellBat\Scripts\GUI
[2026-07-07 14:24:39] WARNING: Required directory missing: G:\PowerShellBat\Scripts\UI
[2026-07-07 14:24:39] WARNING: Required file missing: G:\PowerShellBat\Scripts\Core\AURORA-CoreEngine.ps1
[2026-07-07 14:24:39] WARNING: Required file missing: G:\PowerShellBat\Scripts\Security\AURORA-SecurityModule.ps1
[2026-07-07 14:24:39] WARNING: Required file missing: G:\PowerShellBat\Scripts\PRO\AURORA-AnalyzerPRO-Engine.ps1
[2026-07-07 14:24:39] VerifyDirectoryIntegrity: OK
[2026-07-07 14:24:39] Directory integrity check passed
[2026-07-07 14:24:40] IntegrityGuard detection: NONE
[2026-07-07 14:24:40] IntegrityGuard initialized
[2026-07-07 14:24:40] ElevationService configured
[2026-07-07 14:24:40] Creating SplashScreenView
[2026-07-07 14:24:40] SplashScreenView.ctor begin
[2026-07-07 14:24:41] SplashScreenView.ctor InitializeComponent done
[2026-07-07 14:24:41] SplashScreenView.ctor done
[2026-07-07 14:24:41] MainWindow set to SplashScreenView
[2026-07-07 14:24:41] SplashScreenView.Loaded
[2026-07-07 14:24:41] SplashScreenView.Show() returned
[2026-07-07 14:24:53] SplashScreenView.LoadingComplete
[2026-07-07 14:24:53] ShowMainWindow: show ElevationDialog first
[2026-07-07 14:24:59] ElevationDialog result: ContinueNormal
[2026-07-07 14:24:59] MainFormView.ctor begin
[2026-07-07 14:24:59] MainFormView.ctor InitializeComponent done
[2026-07-07 14:24:59] MainFormView.Loaded
[2026-07-07 14:24:59] MainFormView.PlayWindowEnterAnimation OK
[2026-07-07 14:24:59] SplashScreenView.Closed
[2026-07-07 14:25:04] ProModeView.ctor begin
[2026-07-07 14:25:04] ProModeView.ctor InitializeComponent done
[2026-07-07 14:25:04] [PRO-SWITCH] PlayWindowExitAnimationForModeSwitch begin
[2026-07-07 14:25:06] ProModeView.OnWindowLoaded begin
[2026-07-07 14:25:06] ProModeView IntegrityGuard runtime monitoring started
[2026-07-07 14:25:06] ProModeView.PlayProModeWindowEnter begin
[2026-07-07 14:25:06] ProModeView.PlayProModeWindowEnter scheduled
[2026-07-07 14:25:06] ProModeView.OnWindowLoaded end
[2026-07-07 14:25:12] PerformExitCleanup: done
[2026-07-07 14:25:12] PerformExitCleanup: done
[2026-07-07 14:26:01] OnStartup
[2026-07-07 14:26:01] Password verification skipped: IsLaunchedByExe=true
[2026-07-07 14:26:01] Password verification passed
[2026-07-07 14:26:02] AURORA_PERF_TIER=Extreme
[2026-07-07 14:26:02] AURORA_LANGUAGE=CHS
[2026-07-07 14:26:02] AURORA_IS_LAUNCHED_BY_EXE=True
[2026-07-07 14:26:02] WARNING: Required directory missing: G:\PowerShellBat\Scripts
[2026-07-07 14:26:02] WARNING: Required directory missing: G:\PowerShellBat\Scripts\Core
[2026-07-07 14:26:02] WARNING: Required directory missing: G:\PowerShellBat\Scripts\Security
[2026-07-07 14:26:02] WARNING: Required directory missing: G:\PowerShellBat\Scripts\PRO
[2026-07-07 14:26:02] WARNING: Required directory missing: G:\PowerShellBat\Scripts\Engines
[2026-07-07 14:26:02] WARNING: Required directory missing: G:\PowerShellBat\Scripts\Session
[2026-07-07 14:26:02] WARNING: Required directory missing: G:\PowerShellBat\Scripts\GUI
[2026-07-07 14:26:02] WARNING: Required directory missing: G:\PowerShellBat\Scripts\UI
[2026-07-07 14:26:02] WARNING: Required file missing: G:\PowerShellBat\Scripts\Core\AURORA-CoreEngine.ps1
[2026-07-07 14:26:02] WARNING: Required file missing: G:\PowerShellBat\Scripts\Security\AURORA-SecurityModule.ps1
[2026-07-07 14:26:02] WARNING: Required file missing: G:\PowerShellBat\Scripts\PRO\AURORA-AnalyzerPRO-Engine.ps1
[2026-07-07 14:26:02] VerifyDirectoryIntegrity: OK
[2026-07-07 14:26:02] Directory integrity check passed
[2026-07-07 14:26:02] IntegrityGuard detection: NONE
[2026-07-07 14:26:02] IntegrityGuard initialized
[2026-07-07 14:26:02] ElevationService configured
[2026-07-07 14:26:02] Creating SplashScreenView
[2026-07-07 14:26:02] SplashScreenView.ctor begin
[2026-07-07 14:26:02] SplashScreenView.ctor InitializeComponent done
[2026-07-07 14:26:02] SplashScreenView.ctor done
[2026-07-07 14:26:02] MainWindow set to SplashScreenView
[2026-07-07 14:26:03] SplashScreenView.Loaded
[2026-07-07 14:26:03] SplashScreenView.Show() returned
[2026-07-07 14:26:14] SplashScreenView.LoadingComplete
[2026-07-07 14:26:15] ShowMainWindow: show ElevationDialog first
[2026-07-07 14:26:21] ElevationDialog result: ContinueNormal
[2026-07-07 14:26:21] MainFormView.ctor begin
[2026-07-07 14:26:21] MainFormView.ctor InitializeComponent done
[2026-07-07 14:26:21] MainFormView.Loaded
[2026-07-07 14:26:21] MainFormView.PlayWindowEnterAnimation OK
[2026-07-07 14:26:21] SplashScreenView.Closed
[2026-07-07 14:26:27] ProModeView.ctor begin
[2026-07-07 14:26:27] ProModeView.ctor InitializeComponent done
[2026-07-07 14:26:27] [PRO-SWITCH] PlayWindowExitAnimationForModeSwitch begin
[2026-07-07 14:26:29] ProModeView.OnWindowLoaded begin
[2026-07-07 14:26:29] ProModeView IntegrityGuard runtime monitoring started
[2026-07-07 14:26:29] ProModeView.PlayProModeWindowEnter begin
[2026-07-07 14:26:29] ProModeView.PlayProModeWindowEnter scheduled
[2026-07-07 14:26:29] ProModeView.OnWindowLoaded end
[2026-07-07 14:26:46] PerformExitCleanup: done
[2026-07-07 14:26:46] PerformExitCleanup: done
[2026-07-07 14:40:08] OnStartup
[2026-07-07 14:40:08] Password verification skipped: IsLaunchedByExe=true
[2026-07-07 14:40:08] Password verification passed
[2026-07-07 14:40:08] AURORA_PERF_TIER=Extreme
[2026-07-07 14:40:08] AURORA_LANGUAGE=CHS
[2026-07-07 14:40:08] AURORA_IS_LAUNCHED_BY_EXE=True
[2026-07-07 14:40:08] WARNING: Required directory missing: G:\PowerShellBat\Scripts
[2026-07-07 14:40:08] WARNING: Required directory missing: G:\PowerShellBat\Scripts\Core
[2026-07-07 14:40:08] WARNING: Required directory missing: G:\PowerShellBat\Scripts\Security
[2026-07-07 14:40:08] WARNING: Required directory missing: G:\PowerShellBat\Scripts\PRO
[2026-07-07 14:40:08] WARNING: Required directory missing: G:\PowerShellBat\Scripts\Engines
[2026-07-07 14:40:08] WARNING: Required directory missing: G:\PowerShellBat\Scripts\Session
[2026-07-07 14:40:08] WARNING: Required directory missing: G:\PowerShellBat\Scripts\GUI
[2026-07-07 14:40:08] WARNING: Required directory missing: G:\PowerShellBat\Scripts\UI
[2026-07-07 14:40:08] WARNING: Required file missing: G:\PowerShellBat\Scripts\Core\AURORA-CoreEngine.ps1
[2026-07-07 14:40:08] WARNING: Required file missing: G:\PowerShellBat\Scripts\Security\AURORA-SecurityModule.ps1
[2026-07-07 14:40:08] WARNING: Required file missing: G:\PowerShellBat\Scripts\PRO\AURORA-AnalyzerPRO-Engine.ps1
[2026-07-07 14:40:08] VerifyDirectoryIntegrity: OK
[2026-07-07 14:40:08] Directory integrity check passed
[2026-07-07 14:40:08] IntegrityGuard detection: NONE
[2026-07-07 14:40:08] IntegrityGuard initialized
[2026-07-07 14:40:08] ElevationService configured
[2026-07-07 14:40:09] Creating SplashScreenView
[2026-07-07 14:40:09] SplashScreenView.ctor begin
[2026-07-07 14:40:09] SplashScreenView.ctor InitializeComponent done
[2026-07-07 14:40:09] SplashScreenView.ctor done
[2026-07-07 14:40:09] MainWindow set to SplashScreenView
[2026-07-07 14:40:09] SplashScreenView.Loaded
[2026-07-07 14:40:10] SplashScreenView.Show() returned
[2026-07-07 14:40:21] SplashScreenView.LoadingComplete
[2026-07-07 14:40:22] ShowMainWindow: show ElevationDialog first
[2026-07-07 14:40:31] ElevationDialog result: ContinueNormal
[2026-07-07 14:40:31] MainFormView.ctor begin
[2026-07-07 14:40:31] MainFormView.ctor InitializeComponent done
[2026-07-07 14:40:31] MainFormView.Loaded
[2026-07-07 14:40:31] MainFormView.PlayWindowEnterAnimation OK
[2026-07-07 14:40:31] SplashScreenView.Closed
[2026-07-07 14:40:48] ProModeView.ctor begin
[2026-07-07 14:40:48] ProModeView.ctor InitializeComponent done
[2026-07-07 14:40:48] [PRO-SWITCH] PlayWindowExitAnimationForModeSwitch begin
[2026-07-07 14:40:50] ProModeView.OnWindowLoaded begin
[2026-07-07 14:40:50] ProModeView IntegrityGuard runtime monitoring started
[2026-07-07 14:40:50] ProModeView.PlayProModeWindowEnter begin
[2026-07-07 14:40:50] ProModeView.PlayProModeWindowEnter scheduled
[2026-07-07 14:40:50] ProModeView.OnWindowLoaded end
[2026-07-07 14:40:56] PerformExitCleanup: done
[2026-07-07 14:40:56] PerformExitCleanup: done
[2026-07-07 14:41:02] OnStartup
[2026-07-07 14:41:02] Password verification skipped: IsLaunchedByExe=true
[2026-07-07 14:41:02] Password verification passed
[2026-07-07 14:41:02] AURORA_PERF_TIER=Extreme
[2026-07-07 14:41:02] AURORA_LANGUAGE=CHS
[2026-07-07 14:41:02] AURORA_IS_LAUNCHED_BY_EXE=True
[2026-07-07 14:41:02] WARNING: Required directory missing: G:\PowerShellBat\Scripts
[2026-07-07 14:41:02] WARNING: Required directory missing: G:\PowerShellBat\Scripts\Core
[2026-07-07 14:41:02] WARNING: Required directory missing: G:\PowerShellBat\Scripts\Security
[2026-07-07 14:41:02] WARNING: Required directory missing: G:\PowerShellBat\Scripts\PRO
[2026-07-07 14:41:02] WARNING: Required directory missing: G:\PowerShellBat\Scripts\Engines
[2026-07-07 14:41:02] WARNING: Required directory missing: G:\PowerShellBat\Scripts\Session
[2026-07-07 14:41:02] WARNING: Required directory missing: G:\PowerShellBat\Scripts\GUI
[2026-07-07 14:41:02] WARNING: Required directory missing: G:\PowerShellBat\Scripts\UI
[2026-07-07 14:41:02] WARNING: Required file missing: G:\PowerShellBat\Scripts\Core\AURORA-CoreEngine.ps1
[2026-07-07 14:41:02] WARNING: Required file missing: G:\PowerShellBat\Scripts\Security\AURORA-SecurityModule.ps1
[2026-07-07 14:41:02] WARNING: Required file missing: G:\PowerShellBat\Scripts\PRO\AURORA-AnalyzerPRO-Engine.ps1
[2026-07-07 14:41:02] VerifyDirectoryIntegrity: OK
[2026-07-07 14:41:02] Directory integrity check passed
[2026-07-07 14:41:02] IntegrityGuard detection: NONE
[2026-07-07 14:41:02] IntegrityGuard initialized
[2026-07-07 14:41:02] ElevationService configured
[2026-07-07 14:41:03] Creating SplashScreenView
[2026-07-07 14:41:03] SplashScreenView.ctor begin
[2026-07-07 14:41:03] SplashScreenView.ctor InitializeComponent done
[2026-07-07 14:41:03] SplashScreenView.ctor done
[2026-07-07 14:41:03] MainWindow set to SplashScreenView
[2026-07-07 14:41:04] SplashScreenView.Loaded
[2026-07-07 14:41:04] SplashScreenView.Show() returned
[2026-07-07 14:41:15] SplashScreenView.LoadingComplete
[2026-07-07 14:41:16] ShowMainWindow: show ElevationDialog first
[2026-07-07 14:41:48] ElevationDialog result: ContinueNormal
[2026-07-07 14:41:48] MainFormView.ctor begin
[2026-07-07 14:41:48] MainFormView.ctor InitializeComponent done
[2026-07-07 14:41:48] MainFormView.Loaded
[2026-07-07 14:41:48] MainFormView.PlayWindowEnterAnimation OK
[2026-07-07 14:41:48] SplashScreenView.Closed
[2026-07-07 14:42:11] PerformExitCleanup: done
[2026-07-07 14:42:11] PerformExitCleanup: done
[2026-07-07 14:42:46] OnStartup
[2026-07-07 14:42:46] Password verification skipped: IsLaunchedByExe=true
[2026-07-07 14:42:46] Password verification passed
[2026-07-07 14:42:46] AURORA_PERF_TIER=Extreme
[2026-07-07 14:42:46] AURORA_LANGUAGE=CHS
[2026-07-07 14:42:46] AURORA_IS_LAUNCHED_BY_EXE=True
[2026-07-07 14:42:46] WARNING: Required directory missing: G:\PowerShellBat\Scripts
[2026-07-07 14:42:46] WARNING: Required directory missing: G:\PowerShellBat\Scripts\Core
[2026-07-07 14:42:46] WARNING: Required directory missing: G:\PowerShellBat\Scripts\Security
[2026-07-07 14:42:46] WARNING: Required directory missing: G:\PowerShellBat\Scripts\PRO
[2026-07-07 14:42:46] WARNING: Required directory missing: G:\PowerShellBat\Scripts\Engines
[2026-07-07 14:42:46] WARNING: Required directory missing: G:\PowerShellBat\Scripts\Session
[2026-07-07 14:42:46] WARNING: Required directory missing: G:\PowerShellBat\Scripts\GUI
[2026-07-07 14:42:46] WARNING: Required directory missing: G:\PowerShellBat\Scripts\UI
[2026-07-07 14:42:46] WARNING: Required file missing: G:\PowerShellBat\Scripts\Core\AURORA-CoreEngine.ps1
[2026-07-07 14:42:46] WARNING: Required file missing: G:\PowerShellBat\Scripts\Security\AURORA-SecurityModule.ps1
[2026-07-07 14:42:46] WARNING: Required file missing: G:\PowerShellBat\Scripts\PRO\AURORA-AnalyzerPRO-Engine.ps1
[2026-07-07 14:42:46] VerifyDirectoryIntegrity: OK
[2026-07-07 14:42:46] Directory integrity check passed
[2026-07-07 14:42:46] IntegrityGuard detection: NONE
[2026-07-07 14:42:46] IntegrityGuard initialized
[2026-07-07 14:42:46] ElevationService configured
[2026-07-07 14:42:47] Creating SplashScreenView
[2026-07-07 14:42:47] SplashScreenView.ctor begin
[2026-07-07 14:42:47] SplashScreenView.ctor InitializeComponent done
[2026-07-07 14:42:47] SplashScreenView.ctor done
[2026-07-07 14:42:47] MainWindow set to SplashScreenView
[2026-07-07 14:42:48] SplashScreenView.Loaded
[2026-07-07 14:42:48] SplashScreenView.Show() returned
[2026-07-07 14:42:59] SplashScreenView.LoadingComplete
[2026-07-07 14:43:00] ShowMainWindow: show ElevationDialog first
[2026-07-07 14:43:00] ShowElevationDialogAsFirst FAILED: XamlParseException - 设置属性“System.Windows.UIElement.RenderTransform”时引发了异常。
[2026-07-07 14:43:00] MainFormView.ctor begin
[2026-07-07 14:43:00] MainFormView.ctor InitializeComponent done
[2026-07-07 14:43:00] MainFormView.Loaded
[2026-07-07 14:43:00] MainFormView.PlayWindowEnterAnimation OK
[2026-07-07 14:43:00] SplashScreenView.Closed
[2026-07-07 14:44:01] PerformExitCleanup: done
[2026-07-07 14:44:01] PerformExitCleanup: done
[2026-07-07 14:56:41] OnStartup
[2026-07-07 14:56:41] Password verification skipped: IsLaunchedByExe=true
[2026-07-07 14:56:41] Password verification passed
[2026-07-07 14:56:42] AURORA_PERF_TIER=Extreme
[2026-07-07 14:56:42] AURORA_LANGUAGE=CHS
[2026-07-07 14:56:42] AURORA_IS_LAUNCHED_BY_EXE=True
[2026-07-07 14:56:42] WARNING: Required directory missing: G:\PowerShellBat\Scripts
[2026-07-07 14:56:42] WARNING: Required directory missing: G:\PowerShellBat\Scripts\Core
[2026-07-07 14:56:42] WARNING: Required directory missing: G:\PowerShellBat\Scripts\Security
[2026-07-07 14:56:42] WARNING: Required directory missing: G:\PowerShellBat\Scripts\PRO
[2026-07-07 14:56:42] WARNING: Required directory missing: G:\PowerShellBat\Scripts\Engines
[2026-07-07 14:56:42] WARNING: Required directory missing: G:\PowerShellBat\Scripts\Session
[2026-07-07 14:56:42] WARNING: Required directory missing: G:\PowerShellBat\Scripts\GUI
[2026-07-07 14:56:42] WARNING: Required directory missing: G:\PowerShellBat\Scripts\UI
[2026-07-07 14:56:42] WARNING: Required file missing: G:\PowerShellBat\Scripts\Core\AURORA-CoreEngine.ps1
[2026-07-07 14:56:42] WARNING: Required file missing: G:\PowerShellBat\Scripts\Security\AURORA-SecurityModule.ps1
[2026-07-07 14:56:42] WARNING: Required file missing: G:\PowerShellBat\Scripts\PRO\AURORA-AnalyzerPRO-Engine.ps1
[2026-07-07 14:56:42] VerifyDirectoryIntegrity: OK
[2026-07-07 14:56:42] Directory integrity check passed
[2026-07-07 14:56:42] IntegrityGuard detection: NONE
[2026-07-07 14:56:42] IntegrityGuard initialized
[2026-07-07 14:56:42] ElevationService configured
[2026-07-07 14:56:42] Creating SplashScreenView
[2026-07-07 14:56:42] SplashScreenView.ctor begin
[2026-07-07 14:56:42] SplashScreenView.ctor InitializeComponent done
[2026-07-07 14:56:42] SplashScreenView.ctor done
[2026-07-07 14:56:42] MainWindow set to SplashScreenView
[2026-07-07 14:56:43] SplashScreenView.Loaded
[2026-07-07 14:56:43] SplashScreenView.Show() returned
[2026-07-07 14:56:54] SplashScreenView.LoadingComplete
[2026-07-07 14:56:55] ShowMainWindow: show ElevationDialog first
[2026-07-07 14:56:55] ShowElevationDialogAsFirst FAILED: XamlParseException - 设置属性“System.Windows.UIElement.RenderTransform”时引发了异常。
[2026-07-07 14:56:55] MainFormView.ctor begin
[2026-07-07 14:56:55] MainFormView.ctor InitializeComponent done
[2026-07-07 14:56:55] MainFormView.Loaded
[2026-07-07 14:56:55] MainFormView.PlayWindowEnterAnimation OK
[2026-07-07 14:56:55] SplashScreenView.Closed
[2026-07-07 14:58:01] ProModeView.ctor begin
[2026-07-07 14:58:01] ProModeView.ctor InitializeComponent done
[2026-07-07 14:58:01] [PRO-SWITCH] PlayWindowExitAnimationForModeSwitch begin
[2026-07-07 14:58:04] ProModeView.OnWindowLoaded begin
[2026-07-07 14:58:04] ProModeView IntegrityGuard runtime monitoring started
[2026-07-07 14:58:04] ProModeView.PlayProModeWindowEnter begin
[2026-07-07 14:58:04] ProModeView.PlayProModeWindowEnter scheduled
[2026-07-07 14:58:04] ProModeView.OnWindowLoaded end
[2026-07-07 14:58:09] PerformExitCleanup: done
[2026-07-07 14:58:09] PerformExitCleanup: done
[2026-07-07 14:59:16] OnStartup
[2026-07-07 14:59:16] Password verification skipped: IsLaunchedByExe=true
[2026-07-07 14:59:16] Password verification passed
[2026-07-07 14:59:16] AURORA_PERF_TIER=Extreme
[2026-07-07 14:59:16] AURORA_LANGUAGE=CHS
[2026-07-07 14:59:16] AURORA_IS_LAUNCHED_BY_EXE=True
[2026-07-07 14:59:16] WARNING: Required directory missing: G:\PowerShellBat\Scripts
[2026-07-07 14:59:16] WARNING: Required directory missing: G:\PowerShellBat\Scripts\Core
[2026-07-07 14:59:16] WARNING: Required directory missing: G:\PowerShellBat\Scripts\Security
[2026-07-07 14:59:16] WARNING: Required directory missing: G:\PowerShellBat\Scripts\PRO
[2026-07-07 14:59:16] WARNING: Required directory missing: G:\PowerShellBat\Scripts\Engines
[2026-07-07 14:59:16] WARNING: Required directory missing: G:\PowerShellBat\Scripts\Session
[2026-07-07 14:59:16] WARNING: Required directory missing: G:\PowerShellBat\Scripts\GUI
[2026-07-07 14:59:16] WARNING: Required directory missing: G:\PowerShellBat\Scripts\UI
[2026-07-07 14:59:16] WARNING: Required file missing: G:\PowerShellBat\Scripts\Core\AURORA-CoreEngine.ps1
[2026-07-07 14:59:16] WARNING: Required file missing: G:\PowerShellBat\Scripts\Security\AURORA-SecurityModule.ps1
[2026-07-07 14:59:16] WARNING: Required file missing: G:\PowerShellBat\Scripts\PRO\AURORA-AnalyzerPRO-Engine.ps1
[2026-07-07 14:59:16] VerifyDirectoryIntegrity: OK
[2026-07-07 14:59:16] Directory integrity check passed
[2026-07-07 14:59:16] IntegrityGuard detection: NONE
[2026-07-07 14:59:16] IntegrityGuard initialized
[2026-07-07 14:59:16] ElevationService configured
[2026-07-07 14:59:17] Creating SplashScreenView
[2026-07-07 14:59:17] SplashScreenView.ctor begin
[2026-07-07 14:59:17] SplashScreenView.ctor InitializeComponent done
[2026-07-07 14:59:17] SplashScreenView.ctor done
[2026-07-07 14:59:17] MainWindow set to SplashScreenView
[2026-07-07 14:59:17] SplashScreenView.Loaded
[2026-07-07 14:59:17] SplashScreenView.Show() returned
[2026-07-07 14:59:29] SplashScreenView.LoadingComplete
[2026-07-07 14:59:29] ShowMainWindow: show ElevationDialog first
[2026-07-07 14:59:29] ShowElevationDialogAsFirst FAILED: XamlParseException - 设置属性“System.Windows.UIElement.RenderTransform”时引发了异常。
[2026-07-07 14:59:29] MainFormView.ctor begin
[2026-07-07 14:59:29] MainFormView.ctor InitializeComponent done
[2026-07-07 14:59:30] MainFormView.Loaded
[2026-07-07 14:59:30] MainFormView.PlayWindowEnterAnimation OK
[2026-07-07 14:59:30] SplashScreenView.Closed
[2026-07-07 14:59:50] ProModeView.ctor begin
[2026-07-07 14:59:50] ProModeView.ctor InitializeComponent done
[2026-07-07 14:59:50] [PRO-SWITCH] PlayWindowExitAnimationForModeSwitch begin
[2026-07-07 14:59:52] ProModeView.OnWindowLoaded begin
[2026-07-07 14:59:53] ProModeView IntegrityGuard runtime monitoring started
[2026-07-07 14:59:53] ProModeView.PlayProModeWindowEnter begin
[2026-07-07 14:59:53] ProModeView.PlayProModeWindowEnter scheduled
[2026-07-07 14:59:53] ProModeView.OnWindowLoaded end
[2026-07-07 15:00:22] PerformExitCleanup: done
[2026-07-07 15:00:22] PerformExitCleanup: done
[2026-07-07 15:10:36] OnStartup
[2026-07-07 15:10:36] Password verification skipped: IsLaunchedByExe=true
[2026-07-07 15:10:36] Password verification passed
[2026-07-07 15:10:37] AURORA_PERF_TIER=Extreme
[2026-07-07 15:10:37] AURORA_LANGUAGE=CHS
[2026-07-07 15:10:37] AURORA_IS_LAUNCHED_BY_EXE=True
[2026-07-07 15:10:37] WARNING: Required directory missing: G:\PowerShellBat\Scripts
[2026-07-07 15:10:37] WARNING: Required directory missing: G:\PowerShellBat\Scripts\Core
[2026-07-07 15:10:37] WARNING: Required directory missing: G:\PowerShellBat\Scripts\Security
[2026-07-07 15:10:37] WARNING: Required directory missing: G:\PowerShellBat\Scripts\PRO
[2026-07-07 15:10:37] WARNING: Required directory missing: G:\PowerShellBat\Scripts\Engines
[2026-07-07 15:10:37] WARNING: Required directory missing: G:\PowerShellBat\Scripts\Session
[2026-07-07 15:10:37] WARNING: Required directory missing: G:\PowerShellBat\Scripts\GUI
[2026-07-07 15:10:37] WARNING: Required directory missing: G:\PowerShellBat\Scripts\UI
[2026-07-07 15:10:37] WARNING: Required file missing: G:\PowerShellBat\Scripts\Core\AURORA-CoreEngine.ps1
[2026-07-07 15:10:37] WARNING: Required file missing: G:\PowerShellBat\Scripts\Security\AURORA-SecurityModule.ps1
[2026-07-07 15:10:37] WARNING: Required file missing: G:\PowerShellBat\Scripts\PRO\AURORA-AnalyzerPRO-Engine.ps1
[2026-07-07 15:10:37] VerifyDirectoryIntegrity: OK
[2026-07-07 15:10:37] Directory integrity check passed
[2026-07-07 15:10:37] IntegrityGuard detection: NONE
[2026-07-07 15:10:37] IntegrityGuard initialized
[2026-07-07 15:10:37] ElevationService configured
[2026-07-07 15:10:37] Creating SplashScreenView
[2026-07-07 15:10:37] SplashScreenView.ctor begin
[2026-07-07 15:10:37] SplashScreenView.ctor InitializeComponent done
[2026-07-07 15:10:37] SplashScreenView.ctor done
[2026-07-07 15:10:37] MainWindow set to SplashScreenView
[2026-07-07 15:10:38] SplashScreenView.Loaded
[2026-07-07 15:10:38] SplashScreenView.Show() returned
[2026-07-07 15:10:49] SplashScreenView.LoadingComplete
[2026-07-07 15:10:50] ShowMainWindow: show ElevationDialog first
[2026-07-07 15:10:50] ShowElevationDialogAsFirst FAILED: XamlParseException - 设置属性“System.Windows.UIElement.RenderTransform”时引发了异常。
[2026-07-07 15:10:50] MainFormView.ctor begin
[2026-07-07 15:10:50] MainFormView.ctor InitializeComponent done
[2026-07-07 15:10:50] MainFormView.Loaded
[2026-07-07 15:10:50] MainFormView.PlayWindowEnterAnimation OK
[2026-07-07 15:10:50] SplashScreenView.Closed
[2026-07-07 15:10:58] ProModeView.ctor begin
[2026-07-07 15:10:58] ProModeView.ctor InitializeComponent done
[2026-07-07 15:10:58] [PRO-SWITCH] PlayWindowExitAnimationForModeSwitch begin
[2026-07-07 15:11:00] ProModeView.OnWindowLoaded begin
[2026-07-07 15:11:00] ProModeView IntegrityGuard runtime monitoring started
[2026-07-07 15:11:00] ProModeView.PlayProModeWindowEnter begin
[2026-07-07 15:11:00] ProModeView.PlayProModeWindowEnter scheduled
[2026-07-07 15:11:00] ProModeView.OnWindowLoaded end
[2026-07-07 15:12:05] PerformExitCleanup: done
[2026-07-07 15:12:05] PerformExitCleanup: done
[2026-07-07 15:19:33] OnStartup
[2026-07-07 15:19:33] Password verification skipped: IsLaunchedByExe=true
[2026-07-07 15:19:33] Password verification passed
[2026-07-07 15:19:34] AURORA_PERF_TIER=Extreme
[2026-07-07 15:19:34] AURORA_LANGUAGE=CHS
[2026-07-07 15:19:34] AURORA_IS_LAUNCHED_BY_EXE=True
[2026-07-07 15:19:34] WARNING: Required directory missing: G:\PowerShellBat\Scripts
[2026-07-07 15:19:34] WARNING: Required directory missing: G:\PowerShellBat\Scripts\Core
[2026-07-07 15:19:34] WARNING: Required directory missing: G:\PowerShellBat\Scripts\Security
[2026-07-07 15:19:34] WARNING: Required directory missing: G:\PowerShellBat\Scripts\PRO
[2026-07-07 15:19:34] WARNING: Required directory missing: G:\PowerShellBat\Scripts\Engines
[2026-07-07 15:19:34] WARNING: Required directory missing: G:\PowerShellBat\Scripts\Session
[2026-07-07 15:19:34] WARNING: Required directory missing: G:\PowerShellBat\Scripts\GUI
[2026-07-07 15:19:34] WARNING: Required directory missing: G:\PowerShellBat\Scripts\UI
[2026-07-07 15:19:34] WARNING: Required file missing: G:\PowerShellBat\Scripts\Core\AURORA-CoreEngine.ps1
[2026-07-07 15:19:34] WARNING: Required file missing: G:\PowerShellBat\Scripts\Security\AURORA-SecurityModule.ps1
[2026-07-07 15:19:34] WARNING: Required file missing: G:\PowerShellBat\Scripts\PRO\AURORA-AnalyzerPRO-Engine.ps1
[2026-07-07 15:19:34] VerifyDirectoryIntegrity: OK
[2026-07-07 15:19:34] Directory integrity check passed
[2026-07-07 15:19:34] IntegrityGuard detection: NONE
[2026-07-07 15:19:34] IntegrityGuard initialized
[2026-07-07 15:19:34] ElevationService configured
[2026-07-07 15:19:34] Creating SplashScreenView
[2026-07-07 15:19:34] SplashScreenView.ctor begin
[2026-07-07 15:19:34] SplashScreenView.ctor InitializeComponent done
[2026-07-07 15:19:34] SplashScreenView.ctor done
[2026-07-07 15:19:34] MainWindow set to SplashScreenView
[2026-07-07 15:19:35] SplashScreenView.Loaded
[2026-07-07 15:19:35] SplashScreenView.Show() returned
[2026-07-07 15:19:46] SplashScreenView.LoadingComplete
[2026-07-07 15:19:47] ShowMainWindow: show ElevationDialog first
[2026-07-07 15:19:47] ShowElevationDialogAsFirst FAILED: XamlParseException - 设置属性“System.Windows.UIElement.RenderTransform”时引发了异常。
[2026-07-07 15:19:47] MainFormView.ctor begin
[2026-07-07 15:19:47] MainFormView.ctor InitializeComponent done
[2026-07-07 15:19:47] MainFormView.Loaded
[2026-07-07 15:19:47] MainFormView.PlayWindowEnterAnimation OK
[2026-07-07 15:19:47] SplashScreenView.Closed
[2026-07-07 15:20:05] ProModeView.ctor begin
[2026-07-07 15:20:05] ProModeView.ctor InitializeComponent done
[2026-07-07 15:20:05] [PRO-SWITCH] PlayWindowExitAnimationForModeSwitch begin
[2026-07-07 15:20:07] ProModeView.OnWindowLoaded begin
[2026-07-07 15:20:07] ProModeView IntegrityGuard runtime monitoring started
[2026-07-07 15:20:07] ProModeView.PlayProModeWindowEnter begin
[2026-07-07 15:20:07] ProModeView.PlayProModeWindowEnter scheduled
[2026-07-07 15:20:07] ProModeView.OnWindowLoaded end
[2026-07-07 15:20:51] PerformExitCleanup: done
[2026-07-07 15:20:51] PerformExitCleanup: done
[2026-07-07 15:28:42] OnStartup
[2026-07-07 15:28:42] Password verification skipped: IsLaunchedByExe=true
[2026-07-07 15:28:42] Password verification passed
[2026-07-07 15:28:42] AURORA_PERF_TIER=Extreme
[2026-07-07 15:28:42] AURORA_LANGUAGE=CHS
[2026-07-07 15:28:42] AURORA_IS_LAUNCHED_BY_EXE=True
[2026-07-07 15:28:42] WARNING: Required directory missing: G:\PowerShellBat\Scripts
[2026-07-07 15:28:42] WARNING: Required directory missing: G:\PowerShellBat\Scripts\Core
[2026-07-07 15:28:42] WARNING: Required directory missing: G:\PowerShellBat\Scripts\Security
[2026-07-07 15:28:42] WARNING: Required directory missing: G:\PowerShellBat\Scripts\PRO
[2026-07-07 15:28:42] WARNING: Required directory missing: G:\PowerShellBat\Scripts\Engines
[2026-07-07 15:28:42] WARNING: Required directory missing: G:\PowerShellBat\Scripts\Session
[2026-07-07 15:28:42] WARNING: Required directory missing: G:\PowerShellBat\Scripts\GUI
[2026-07-07 15:28:42] WARNING: Required directory missing: G:\PowerShellBat\Scripts\UI
[2026-07-07 15:28:42] WARNING: Required file missing: G:\PowerShellBat\Scripts\Core\AURORA-CoreEngine.ps1
[2026-07-07 15:28:42] WARNING: Required file missing: G:\PowerShellBat\Scripts\Security\AURORA-SecurityModule.ps1
[2026-07-07 15:28:42] WARNING: Required file missing: G:\PowerShellBat\Scripts\PRO\AURORA-AnalyzerPRO-Engine.ps1
[2026-07-07 15:28:42] VerifyDirectoryIntegrity: OK
[2026-07-07 15:28:42] Directory integrity check passed
[2026-07-07 15:28:42] IntegrityGuard detection: NONE
[2026-07-07 15:28:42] IntegrityGuard initialized
[2026-07-07 15:28:42] ElevationService configured
[2026-07-07 15:28:43] Creating SplashScreenView
[2026-07-07 15:28:43] SplashScreenView.ctor begin
[2026-07-07 15:28:43] SplashScreenView.ctor InitializeComponent done
[2026-07-07 15:28:43] SplashScreenView.ctor done
[2026-07-07 15:28:43] MainWindow set to SplashScreenView
[2026-07-07 15:28:44] SplashScreenView.Loaded
[2026-07-07 15:28:44] SplashScreenView.Show() returned
[2026-07-07 15:28:55] SplashScreenView.LoadingComplete
[2026-07-07 15:28:56] ShowMainWindow: show ElevationDialog first
[2026-07-07 15:28:56] ShowElevationDialogAsFirst FAILED: XamlParseException - 设置属性“System.Windows.UIElement.RenderTransform”时引发了异常。
[2026-07-07 15:28:56] MainFormView.ctor begin
[2026-07-07 15:28:56] MainFormView.ctor InitializeComponent done
[2026-07-07 15:28:56] MainFormView.Loaded
[2026-07-07 15:28:56] MainFormView.PlayWindowEnterAnimation OK
[2026-07-07 15:28:56] SplashScreenView.Closed
[2026-07-07 15:29:21] ProModeView.ctor begin
[2026-07-07 15:29:21] ProModeView.ctor InitializeComponent done
[2026-07-07 15:29:21] [PRO-SWITCH] PlayWindowExitAnimationForModeSwitch begin
[2026-07-07 15:29:23] ProModeView.OnWindowLoaded begin
[2026-07-07 15:29:23] ProModeView IntegrityGuard runtime monitoring started
[2026-07-07 15:29:23] ProModeView.PlayProModeWindowEnter begin
[2026-07-07 15:29:23] ProModeView.PlayProModeWindowEnter scheduled
[2026-07-07 15:29:23] ProModeView.OnWindowLoaded end
[2026-07-07 15:32:38] PerformExitCleanup: done
[2026-07-07 15:32:38] PerformExitCleanup: done
[2026-07-07 15:38:57] OnStartup
[2026-07-07 15:38:57] Password verification skipped: IsLaunchedByExe=true
[2026-07-07 15:38:57] Password verification passed
[2026-07-07 15:38:57] AURORA_PERF_TIER=Extreme
[2026-07-07 15:38:57] AURORA_LANGUAGE=CHS
[2026-07-07 15:38:57] AURORA_IS_LAUNCHED_BY_EXE=True
[2026-07-07 15:38:57] WARNING: Required directory missing: G:\PowerShellBat\Scripts
[2026-07-07 15:38:57] WARNING: Required directory missing: G:\PowerShellBat\Scripts\Core
[2026-07-07 15:38:57] WARNING: Required directory missing: G:\PowerShellBat\Scripts\Security
[2026-07-07 15:38:57] WARNING: Required directory missing: G:\PowerShellBat\Scripts\PRO
[2026-07-07 15:38:57] WARNING: Required directory missing: G:\PowerShellBat\Scripts\Engines
[2026-07-07 15:38:57] WARNING: Required directory missing: G:\PowerShellBat\Scripts\Session
[2026-07-07 15:38:57] WARNING: Required directory missing: G:\PowerShellBat\Scripts\GUI
[2026-07-07 15:38:57] WARNING: Required directory missing: G:\PowerShellBat\Scripts\UI
[2026-07-07 15:38:57] WARNING: Required file missing: G:\PowerShellBat\Scripts\Core\AURORA-CoreEngine.ps1
[2026-07-07 15:38:57] WARNING: Required file missing: G:\PowerShellBat\Scripts\Security\AURORA-SecurityModule.ps1
[2026-07-07 15:38:57] WARNING: Required file missing: G:\PowerShellBat\Scripts\PRO\AURORA-AnalyzerPRO-Engine.ps1
[2026-07-07 15:38:57] VerifyDirectoryIntegrity: OK
[2026-07-07 15:38:57] Directory integrity check passed
[2026-07-07 15:38:58] IntegrityGuard detection: NONE
[2026-07-07 15:38:58] IntegrityGuard initialized
[2026-07-07 15:38:58] ElevationService configured
[2026-07-07 15:38:58] Creating SplashScreenView
[2026-07-07 15:38:58] SplashScreenView.ctor begin
[2026-07-07 15:38:58] SplashScreenView.ctor InitializeComponent done
[2026-07-07 15:38:58] SplashScreenView.ctor done
[2026-07-07 15:38:58] MainWindow set to SplashScreenView
[2026-07-07 15:38:59] SplashScreenView.Loaded
[2026-07-07 15:38:59] SplashScreenView.Show() returned
[2026-07-07 15:39:10] SplashScreenView.LoadingComplete
[2026-07-07 15:39:11] ShowMainWindow: show ElevationDialog first
[2026-07-07 15:39:11] ShowElevationDialogAsFirst FAILED: XamlParseException - 设置属性“System.Windows.UIElement.RenderTransform”时引发了异常。
[2026-07-07 15:39:11] MainFormView.ctor begin
[2026-07-07 15:39:11] MainFormView.ctor InitializeComponent done
[2026-07-07 15:39:11] MainFormView.Loaded
[2026-07-07 15:39:11] MainFormView.PlayWindowEnterAnimation OK
[2026-07-07 15:39:11] SplashScreenView.Closed
[2026-07-07 15:39:37] ProModeView.ctor begin
[2026-07-07 15:39:38] ProModeView.ctor InitializeComponent done
[2026-07-07 15:39:38] [PRO-SWITCH] PlayWindowExitAnimationForModeSwitch begin
[2026-07-07 15:39:40] ProModeView.OnWindowLoaded begin
[2026-07-07 15:39:40] ProModeView IntegrityGuard runtime monitoring started
[2026-07-07 15:39:40] ProModeView.PlayProModeWindowEnter begin
[2026-07-07 15:39:40] ProModeView.PlayProModeWindowEnter scheduled
[2026-07-07 15:39:40] ProModeView.OnWindowLoaded end
[2026-07-07 15:41:01] PerformExitCleanup: done
[2026-07-07 15:41:01] PerformExitCleanup: done
[2026-07-07 15:46:31] OnStartup
[2026-07-07 15:46:31] Password verification skipped: IsLaunchedByExe=true
[2026-07-07 15:46:31] Password verification passed
[2026-07-07 15:46:32] AURORA_PERF_TIER=Extreme
[2026-07-07 15:46:32] AURORA_LANGUAGE=CHS
[2026-07-07 15:46:32] AURORA_IS_LAUNCHED_BY_EXE=True
[2026-07-07 15:46:32] WARNING: Required directory missing: G:\PowerShellBat\Scripts
[2026-07-07 15:46:32] WARNING: Required directory missing: G:\PowerShellBat\Scripts\Core
[2026-07-07 15:46:32] WARNING: Required directory missing: G:\PowerShellBat\Scripts\Security
[2026-07-07 15:46:32] WARNING: Required directory missing: G:\PowerShellBat\Scripts\PRO
[2026-07-07 15:46:32] WARNING: Required directory missing: G:\PowerShellBat\Scripts\Engines
[2026-07-07 15:46:32] WARNING: Required directory missing: G:\PowerShellBat\Scripts\Session
[2026-07-07 15:46:32] WARNING: Required directory missing: G:\PowerShellBat\Scripts\GUI
[2026-07-07 15:46:32] WARNING: Required directory missing: G:\PowerShellBat\Scripts\UI
[2026-07-07 15:46:32] WARNING: Required file missing: G:\PowerShellBat\Scripts\Core\AURORA-CoreEngine.ps1
[2026-07-07 15:46:32] WARNING: Required file missing: G:\PowerShellBat\Scripts\Security\AURORA-SecurityModule.ps1
[2026-07-07 15:46:32] WARNING: Required file missing: G:\PowerShellBat\Scripts\PRO\AURORA-AnalyzerPRO-Engine.ps1
[2026-07-07 15:46:32] VerifyDirectoryIntegrity: OK
[2026-07-07 15:46:32] Directory integrity check passed
[2026-07-07 15:46:32] IntegrityGuard detection: NONE
[2026-07-07 15:46:32] IntegrityGuard initialized
[2026-07-07 15:46:32] ElevationService configured
[2026-07-07 15:46:32] Creating SplashScreenView
[2026-07-07 15:46:32] SplashScreenView.ctor begin
[2026-07-07 15:46:33] SplashScreenView.ctor InitializeComponent done
[2026-07-07 15:46:33] SplashScreenView.ctor done
[2026-07-07 15:46:33] MainWindow set to SplashScreenView
[2026-07-07 15:46:33] SplashScreenView.Loaded
[2026-07-07 15:46:33] SplashScreenView.Show() returned
[2026-07-07 15:46:45] SplashScreenView.LoadingComplete
[2026-07-07 15:46:45] ShowMainWindow: show ElevationDialog first
[2026-07-07 15:46:45] ShowElevationDialogAsFirst FAILED: XamlParseException - 设置属性“System.Windows.UIElement.RenderTransform”时引发了异常。
[2026-07-07 15:46:45] MainFormView.ctor begin
[2026-07-07 15:46:45] MainFormView.ctor InitializeComponent done
[2026-07-07 15:46:45] MainFormView.Loaded
[2026-07-07 15:46:45] MainFormView.PlayWindowEnterAnimation OK
[2026-07-07 15:46:46] SplashScreenView.Closed
[2026-07-07 15:46:52] ProModeView.ctor begin
[2026-07-07 15:46:52] ProModeView.ctor InitializeComponent done
[2026-07-07 15:46:52] [PRO-SWITCH] PlayWindowExitAnimationForModeSwitch begin
[2026-07-07 15:46:54] ProModeView.OnWindowLoaded begin
[2026-07-07 15:46:54] ProModeView IntegrityGuard runtime monitoring started
[2026-07-07 15:46:54] ProModeView.PlayProModeWindowEnter begin
[2026-07-07 15:46:54] ProModeView.PlayProModeWindowEnter scheduled
[2026-07-07 15:46:54] ProModeView.OnWindowLoaded end
[2026-07-07 15:47:04] PerformExitCleanup: done
[2026-07-07 15:47:05] PerformExitCleanup: done
[2026-07-07 16:04:37] OnStartup
[2026-07-07 16:04:37] Password verification skipped: IsLaunchedByExe=true
[2026-07-07 16:04:37] Password verification passed
[2026-07-07 16:04:37] AURORA_PERF_TIER=Extreme
[2026-07-07 16:04:37] AURORA_LANGUAGE=CHS
[2026-07-07 16:04:37] AURORA_IS_LAUNCHED_BY_EXE=True
[2026-07-07 16:04:37] WARNING: Required directory missing: G:\PowerShellBat\Scripts
[2026-07-07 16:04:37] WARNING: Required directory missing: G:\PowerShellBat\Scripts\Core
[2026-07-07 16:04:37] WARNING: Required directory missing: G:\PowerShellBat\Scripts\Security
[2026-07-07 16:04:37] WARNING: Required directory missing: G:\PowerShellBat\Scripts\PRO
[2026-07-07 16:04:37] WARNING: Required directory missing: G:\PowerShellBat\Scripts\Engines
[2026-07-07 16:04:37] WARNING: Required directory missing: G:\PowerShellBat\Scripts\Session
[2026-07-07 16:04:37] WARNING: Required directory missing: G:\PowerShellBat\Scripts\GUI
[2026-07-07 16:04:37] WARNING: Required directory missing: G:\PowerShellBat\Scripts\UI
[2026-07-07 16:04:37] WARNING: Required file missing: G:\PowerShellBat\Scripts\Core\AURORA-CoreEngine.ps1
[2026-07-07 16:04:37] WARNING: Required file missing: G:\PowerShellBat\Scripts\Security\AURORA-SecurityModule.ps1
[2026-07-07 16:04:37] WARNING: Required file missing: G:\PowerShellBat\Scripts\PRO\AURORA-AnalyzerPRO-Engine.ps1
[2026-07-07 16:04:37] VerifyDirectoryIntegrity: OK
[2026-07-07 16:04:37] Directory integrity check passed
[2026-07-07 16:04:37] IntegrityGuard detection: NONE
[2026-07-07 16:04:37] IntegrityGuard initialized
[2026-07-07 16:04:37] ElevationService configured
[2026-07-07 16:04:38] Creating SplashScreenView
[2026-07-07 16:04:38] SplashScreenView.ctor begin
[2026-07-07 16:04:38] SplashScreenView.ctor InitializeComponent done
[2026-07-07 16:04:38] SplashScreenView.ctor done
[2026-07-07 16:04:38] MainWindow set to SplashScreenView
[2026-07-07 16:04:38] SplashScreenView.Loaded
[2026-07-07 16:04:39] SplashScreenView.Show() returned
[2026-07-07 16:04:50] SplashScreenView.LoadingComplete
[2026-07-07 16:04:51] ShowMainWindow: show ElevationDialog first
[2026-07-07 16:04:58] ElevationDialog result: ContinueNormal
[2026-07-07 16:04:58] MainFormView.ctor begin
[2026-07-07 16:04:58] MainFormView.ctor InitializeComponent done
[2026-07-07 16:04:58] MainFormView.Loaded
[2026-07-07 16:04:58] MainFormView.PlayWindowEnterAnimation OK
[2026-07-07 16:04:58] SplashScreenView.Closed
[2026-07-07 16:05:04] ProModeView.ctor begin
[2026-07-07 16:05:04] ProModeView.ctor InitializeComponent done
[2026-07-07 16:05:04] [PRO-SWITCH] PlayWindowExitAnimationForModeSwitch begin
[2026-07-07 16:05:06] ProModeView.OnWindowLoaded begin
[2026-07-07 16:05:06] ProModeView IntegrityGuard runtime monitoring started
[2026-07-07 16:05:06] ProModeView.PlayProModeWindowEnter begin
[2026-07-07 16:05:06] ProModeView.PlayProModeWindowEnter scheduled
[2026-07-07 16:05:06] ProModeView.OnWindowLoaded end
[2026-07-07 16:05:16] PerformExitCleanup: done
[2026-07-07 16:05:16] PerformExitCleanup: done
[2026-07-07 16:17:42] OnStartup
[2026-07-07 16:17:42] Password verification skipped: IsLaunchedByExe=true
[2026-07-07 16:17:42] Password verification passed
[2026-07-07 16:17:42] AURORA_PERF_TIER=Extreme
[2026-07-07 16:17:42] AURORA_LANGUAGE=CHS
[2026-07-07 16:17:42] AURORA_IS_LAUNCHED_BY_EXE=True
[2026-07-07 16:17:42] WARNING: Required directory missing: G:\PowerShellBat\Scripts
[2026-07-07 16:17:42] WARNING: Required directory missing: G:\PowerShellBat\Scripts\Core
[2026-07-07 16:17:42] WARNING: Required directory missing: G:\PowerShellBat\Scripts\Security
[2026-07-07 16:17:42] WARNING: Required directory missing: G:\PowerShellBat\Scripts\PRO
[2026-07-07 16:17:42] WARNING: Required directory missing: G:\PowerShellBat\Scripts\Engines
[2026-07-07 16:17:42] WARNING: Required directory missing: G:\PowerShellBat\Scripts\Session
[2026-07-07 16:17:42] WARNING: Required directory missing: G:\PowerShellBat\Scripts\GUI
[2026-07-07 16:17:42] WARNING: Required directory missing: G:\PowerShellBat\Scripts\UI
[2026-07-07 16:17:42] WARNING: Required file missing: G:\PowerShellBat\Scripts\Core\AURORA-CoreEngine.ps1
[2026-07-07 16:17:42] WARNING: Required file missing: G:\PowerShellBat\Scripts\Security\AURORA-SecurityModule.ps1
[2026-07-07 16:17:42] WARNING: Required file missing: G:\PowerShellBat\Scripts\PRO\AURORA-AnalyzerPRO-Engine.ps1
[2026-07-07 16:17:42] VerifyDirectoryIntegrity: OK
[2026-07-07 16:17:42] Directory integrity check passed
[2026-07-07 16:17:42] IntegrityGuard detection: NONE
[2026-07-07 16:17:42] IntegrityGuard initialized
[2026-07-07 16:17:42] ElevationService configured
[2026-07-07 16:17:43] Creating SplashScreenView
[2026-07-07 16:17:43] SplashScreenView.ctor begin
[2026-07-07 16:17:43] SplashScreenView.ctor InitializeComponent done
[2026-07-07 16:17:43] SplashScreenView.ctor done
[2026-07-07 16:17:43] MainWindow set to SplashScreenView
[2026-07-07 16:17:44] SplashScreenView.Loaded
[2026-07-07 16:17:44] SplashScreenView.Show() returned
[2026-07-07 16:17:55] SplashScreenView.LoadingComplete
[2026-07-07 16:17:56] ShowMainWindow: show ElevationDialog first
[2026-07-07 16:18:03] ElevationDialog result: ContinueNormal
[2026-07-07 16:18:03] MainFormView.ctor begin
[2026-07-07 16:18:03] MainFormView.ctor InitializeComponent done
[2026-07-07 16:18:03] MainFormView.Loaded
[2026-07-07 16:18:03] MainFormView.PlayWindowEnterAnimation OK
[2026-07-07 16:18:03] SplashScreenView.Closed
[2026-07-07 16:18:09] ProModeView.ctor begin
[2026-07-07 16:18:09] ProModeView.ctor InitializeComponent done
[2026-07-07 16:18:09] [PRO-SWITCH] PlayWindowExitAnimationForModeSwitch begin
[2026-07-07 16:18:12] ProModeView.OnWindowLoaded begin
[2026-07-07 16:18:12] ProModeView IntegrityGuard runtime monitoring started
[2026-07-07 16:18:12] ProModeView.PlayProModeWindowEnter begin
[2026-07-07 16:18:12] ProModeView.PlayProModeWindowEnter scheduled
[2026-07-07 16:18:12] ProModeView.OnWindowLoaded end
[2026-07-07 16:18:26] PerformExitCleanup: done
[2026-07-07 16:18:26] PerformExitCleanup: done
