[2026-07-15 16:09:32] WPF_RENDER_TIER=2 (0=Software, 1=2D Hardware, 2=Advanced Hardware)
[2026-07-15 16:09:32] AssemblyLoad guard registered
[2026-07-15 16:09:32] OnStartup
[2026-07-15 16:09:35] Password dialog cancelled
[2026-07-15 16:09:35] Password verification failed, exiting
[2026-07-15 16:09:35] PerformExitCleanup: done
[2026-07-15 16:09:35] PerformExitCleanup: done
[2026-07-15 16:09:37] WPF_RENDER_TIER=2 (0=Software, 1=2D Hardware, 2=Advanced Hardware)
[2026-07-15 16:09:37] AssemblyLoad guard registered
[2026-07-15 16:09:37] OnStartup
[2026-07-15 16:09:37] SECURITY: unverified --launched-by-exe flag detected, resetting to false
[2026-07-15 16:09:37] Password verification skipped: parent process is AURORA (AURORA-AnalyzerWPF, PID=179400)
[2026-07-15 16:09:37] Password verification passed
[2026-07-15 16:09:37] AURORA_PERF_TIER=Extreme
[2026-07-15 16:09:37] PERF_SCORE_DIAG: cores=16 ramMB=32506 ramGB=32 baseClockMHz=2304 gpuScore=80 perfScore=723.04 gpuDiag=GPU=NVIDIA GeForce RTX 3060 Laptop GPU | Vendor=NVIDIA | VRAM=4096MB | D3D9Ex=OK | Score=80 | Driver=32.0.15.9174
[2026-07-15 16:09:37] HARDWARE_DIAG: cores=16 | gpuName=NVIDIA GeForce RTX 3060 Laptop GPU gpuVendor=NVIDIA d3d9ex=True gpuVramMB=4096 gpuScore=80 backend=D3D9Ex
[2026-07-15 16:09:37] AURORA_LANGUAGE=CHS
[2026-07-15 16:09:37] AURORA_IS_LAUNCHED_BY_EXE=True
[2026-07-15 16:09:37] VerifyDirectoryIntegrity: OK
[2026-07-15 16:09:37] Directory integrity check passed
[2026-07-15 16:09:37] IntegrityGuard detection: NONE
[2026-07-15 16:09:37] IntegrityGuard initialized
[2026-07-15 16:09:37] IntegrityGuard runtime monitoring started
[2026-07-15 16:09:37] ElevationService configured
[2026-07-15 16:09:37] Creating MainWindow shell
[2026-07-15 16:09:38] MainWindow shell shown
[2026-07-15 16:09:38] ViewManager initialized
[2026-07-15 16:09:38] Navigating to SplashScreenView
[2026-07-15 16:09:38] SplashScreenView.ctor begin
[2026-07-15 16:09:38] SplashScreenView.ctor InitializeComponent done
[2026-07-15 16:09:38] SplashScreenView.Loaded
[2026-07-15 16:09:48] SplashScreenView.LoadingComplete
[2026-07-15 16:09:48] ShowMainWindow: show ElevationDialog first
[2026-07-15 16:10:33] ElevationDialog result: ContinueNormal
[2026-07-15 16:10:33] MainFormView.ctor begin
[2026-07-15 16:10:33] MainFormView.ctor InitializeComponent done
[2026-07-15 16:10:33] MainFormView.Loaded
[2026-07-15 16:19:53] WPF_RENDER_TIER=2 (0=Software, 1=2D Hardware, 2=Advanced Hardware)
[2026-07-15 16:19:53] AssemblyLoad guard registered
[2026-07-15 16:19:53] OnStartup
[2026-07-15 16:19:53] SECURITY: unverified --launched-by-exe flag detected, resetting to false
[2026-07-15 16:19:53] Password verification skipped: parent process is AURORA (AURORA-AnalyzerWPF, PID=181512)
[2026-07-15 16:19:53] Password verification passed
[2026-07-15 16:19:53] AURORA_PERF_TIER=Extreme
[2026-07-15 16:19:53] PERF_SCORE_DIAG: cores=16 ramMB=32506 ramGB=32 baseClockMHz=2304 gpuScore=80 perfScore=723.04 gpuDiag=GPU=NVIDIA GeForce RTX 3060 Laptop GPU | Vendor=NVIDIA | VRAM=4096MB | D3D9Ex=OK | Score=80 | Driver=32.0.15.9174
[2026-07-15 16:19:53] HARDWARE_DIAG: cores=16 | gpuName=NVIDIA GeForce RTX 3060 Laptop GPU gpuVendor=NVIDIA d3d9ex=True gpuVramMB=4096 gpuScore=80 backend=D3D9Ex
[2026-07-15 16:19:53] AURORA_LANGUAGE=CHS
[2026-07-15 16:19:53] AURORA_IS_LAUNCHED_BY_EXE=True
[2026-07-15 16:19:53] VerifyDirectoryIntegrity: OK
[2026-07-15 16:19:53] Directory integrity check passed
[2026-07-15 16:19:54] IntegrityGuard detection: NONE
[2026-07-15 16:19:54] IntegrityGuard initialized
[2026-07-15 16:19:54] IntegrityGuard runtime monitoring started
[2026-07-15 16:19:54] ElevationService configured
[2026-07-15 16:19:54] Creating MainWindow shell
[2026-07-15 16:19:55] MainWindow shell shown
[2026-07-15 16:19:55] ViewManager initialized
[2026-07-15 16:19:55] Navigating to SplashScreenView
[2026-07-15 16:19:55] SplashScreenView.ctor begin
[2026-07-15 16:19:55] SplashScreenView.ctor InitializeComponent done
[2026-07-15 16:19:55] SplashScreenView.Loaded
[2026-07-15 16:20:04] SplashScreenView.LoadingComplete
[2026-07-15 16:20:04] ShowMainWindow: show ElevationDialog first
[2026-07-15 16:20:09] ElevationDialog result: ContinueNormal
[2026-07-15 16:20:09] MainFormView.ctor begin
[2026-07-15 16:20:09] MainFormView.ctor InitializeComponent done
[2026-07-15 16:20:10] MainFormView.Loaded
[2026-07-15 16:20:31] ProModeView.ctor begin
[2026-07-15 16:20:31] ProModeView.ctor InitializeComponent done
[2026-07-15 16:20:31] ProModeView.OnWindowLoaded begin
[2026-07-15 16:20:31] ProModeView IntegrityGuard runtime monitoring (started in App.OnStartup)
[2026-07-15 16:20:31] ProModeView.PlayProModeWindowEnter begin
[2026-07-15 16:20:31] ProModeView.PlayProModeWindowEnter scheduled
[2026-07-15 16:20:31] ProModeView.OnWindowLoaded end
[2026-07-15 16:20:42] PerformExitCleanup: done
[2026-07-15 16:20:42] PerformExitCleanup: done
[2026-07-15 17:08:34] WPF_RENDER_TIER=2 (0=Software, 1=2D Hardware, 2=Advanced Hardware)
[2026-07-15 17:08:34] AssemblyLoad guard registered
[2026-07-15 17:08:34] OnStartup
[2026-07-15 17:08:34] SECURITY: unverified --launched-by-exe flag detected, resetting to false
[2026-07-15 17:08:34] Password verification skipped: parent process is AURORA (AURORA-AnalyzerWPF, PID=189656)
[2026-07-15 17:08:34] Password verification passed
[2026-07-15 17:08:35] AURORA_PERF_TIER=Extreme
[2026-07-15 17:08:35] PERF_SCORE_DIAG: cores=16 ramMB=32506 ramGB=32 baseClockMHz=2304 gpuScore=80 perfScore=723.04 gpuDiag=GPU=NVIDIA GeForce RTX 3060 Laptop GPU | Vendor=NVIDIA | VRAM=4096MB | D3D9Ex=OK | Score=80 | Driver=32.0.15.9174
[2026-07-15 17:08:35] HARDWARE_DIAG: cores=16 | gpuName=NVIDIA GeForce RTX 3060 Laptop GPU gpuVendor=NVIDIA d3d9ex=True gpuVramMB=4096 gpuScore=80 backend=D3D9Ex
[2026-07-15 17:08:35] AURORA_LANGUAGE=CHS
[2026-07-15 17:08:35] AURORA_IS_LAUNCHED_BY_EXE=True
[2026-07-15 17:08:35] VerifyDirectoryIntegrity: OK
[2026-07-15 17:08:35] Directory integrity check passed
[2026-07-15 17:08:35] IntegrityGuard detection: NONE
[2026-07-15 17:08:35] IntegrityGuard initialized
[2026-07-15 17:08:35] IntegrityGuard runtime monitoring started
[2026-07-15 17:08:35] ElevationService configured
[2026-07-15 17:08:35] Creating MainWindow shell
[2026-07-15 17:08:36] MainWindow shell shown + PlayShellEnter
[2026-07-15 17:08:36] ViewManager initialized
[2026-07-15 17:08:36] Navigating to SplashScreenView
[2026-07-15 17:08:36] SplashScreenView.ctor begin
[2026-07-15 17:08:36] SplashScreenView.ctor InitializeComponent done
[2026-07-15 17:08:36] SplashScreenView.Loaded
[2026-07-15 17:08:46] SplashScreenView.LoadingComplete
[2026-07-15 17:08:46] ShowMainWindow: show ElevationDialog first
[2026-07-15 17:08:50] ElevationDialog result: ContinueNormal
[2026-07-15 17:08:50] MainFormView.ctor begin
[2026-07-15 17:08:50] MainFormView.ctor InitializeComponent done
[2026-07-15 17:08:50] MainFormView.Loaded
[2026-07-15 17:09:05] ProModeView.ctor begin
[2026-07-15 17:09:05] ProModeView.ctor InitializeComponent done
[2026-07-15 17:09:05] ProModeView.OnLoaded begin
[2026-07-15 17:09:05] ProModeView.OnLoaded end
[2026-07-15 17:09:14] MainFormView.Loaded
[2026-07-15 17:09:55] PerformExitCleanup: done
[2026-07-15 17:09:55] PerformExitCleanup: done
[2026-07-15 17:09:58] WPF_RENDER_TIER=2 (0=Software, 1=2D Hardware, 2=Advanced Hardware)
[2026-07-15 17:09:58] AssemblyLoad guard registered
[2026-07-15 17:09:58] OnStartup
[2026-07-15 17:09:58] SECURITY: unverified --launched-by-exe flag detected, resetting to false
[2026-07-15 17:09:58] Password verification skipped: parent process is AURORA (AURORA-AnalyzerWPF, PID=190520)
[2026-07-15 17:09:58] Password verification passed
[2026-07-15 17:09:58] AURORA_PERF_TIER=Extreme
[2026-07-15 17:09:58] PERF_SCORE_DIAG: cores=16 ramMB=32506 ramGB=32 baseClockMHz=2304 gpuScore=80 perfScore=723.04 gpuDiag=GPU=NVIDIA GeForce RTX 3060 Laptop GPU | Vendor=NVIDIA | VRAM=4096MB | D3D9Ex=OK | Score=80 | Driver=32.0.15.9174
[2026-07-15 17:09:58] HARDWARE_DIAG: cores=16 | gpuName=NVIDIA GeForce RTX 3060 Laptop GPU gpuVendor=NVIDIA d3d9ex=True gpuVramMB=4096 gpuScore=80 backend=D3D9Ex
[2026-07-15 17:09:58] AURORA_LANGUAGE=CHS
[2026-07-15 17:09:58] AURORA_IS_LAUNCHED_BY_EXE=True
[2026-07-15 17:09:58] VerifyDirectoryIntegrity: OK
[2026-07-15 17:09:58] Directory integrity check passed
[2026-07-15 17:09:58] IntegrityGuard detection: NONE
[2026-07-15 17:09:58] IntegrityGuard initialized
[2026-07-15 17:09:58] IntegrityGuard runtime monitoring started
[2026-07-15 17:09:58] ElevationService configured
[2026-07-15 17:09:58] Creating MainWindow shell
[2026-07-15 17:09:59] MainWindow shell shown + PlayShellEnter
[2026-07-15 17:09:59] ViewManager initialized
[2026-07-15 17:09:59] Navigating to SplashScreenView
[2026-07-15 17:09:59] SplashScreenView.ctor begin
[2026-07-15 17:09:59] SplashScreenView.ctor InitializeComponent done
[2026-07-15 17:09:59] SplashScreenView.Loaded
[2026-07-15 17:10:09] SplashScreenView.LoadingComplete
[2026-07-15 17:10:09] ShowMainWindow: show ElevationDialog first
[2026-07-15 17:10:17] ElevationDialog result: ContinueNormal
[2026-07-15 17:10:17] MainFormView.ctor begin
[2026-07-15 17:10:17] MainFormView.ctor InitializeComponent done
[2026-07-15 17:10:17] MainFormView.Loaded
[2026-07-15 17:10:34] ProModeView.ctor begin
[2026-07-15 17:10:34] ProModeView.ctor InitializeComponent done
[2026-07-15 17:10:35] ProModeView.OnLoaded begin
[2026-07-15 17:10:35] ProModeView.OnLoaded end
[2026-07-15 17:10:38] MainFormView.Loaded
[2026-07-15 17:10:42] PerformExitCleanup: done
[2026-07-15 17:10:42] PerformExitCleanup: done
[2026-07-15 17:16:36] WPF_RENDER_TIER=2 (0=Software, 1=2D Hardware, 2=Advanced Hardware)
[2026-07-15 17:16:36] AssemblyLoad guard registered
[2026-07-15 17:16:36] OnStartup
[2026-07-15 17:16:36] SECURITY: unverified --launched-by-exe flag detected, resetting to false
[2026-07-15 17:16:37] Password verification skipped: parent process is AURORA (AURORA-AnalyzerWPF, PID=188552)
[2026-07-15 17:16:37] Password verification passed
[2026-07-15 17:16:37] AURORA_PERF_TIER=Extreme
[2026-07-15 17:16:37] PERF_SCORE_DIAG: cores=16 ramMB=32506 ramGB=32 baseClockMHz=2304 gpuScore=80 perfScore=723.04 gpuDiag=GPU=NVIDIA GeForce RTX 3060 Laptop GPU | Vendor=NVIDIA | VRAM=4096MB | D3D9Ex=OK | Score=80 | Driver=32.0.15.9174
[2026-07-15 17:16:37] HARDWARE_DIAG: cores=16 | gpuName=NVIDIA GeForce RTX 3060 Laptop GPU gpuVendor=NVIDIA d3d9ex=True gpuVramMB=4096 gpuScore=80 backend=D3D9Ex
[2026-07-15 17:16:37] AURORA_LANGUAGE=CHS
[2026-07-15 17:16:37] AURORA_IS_LAUNCHED_BY_EXE=True
[2026-07-15 17:16:37] VerifyDirectoryIntegrity: OK
[2026-07-15 17:16:37] Directory integrity check passed
[2026-07-15 17:16:37] IntegrityGuard detection: NONE
[2026-07-15 17:16:37] IntegrityGuard initialized
[2026-07-15 17:16:37] IntegrityGuard runtime monitoring started
[2026-07-15 17:16:37] ElevationService configured
[2026-07-15 17:16:37] Creating MainWindow shell
[2026-07-15 17:16:38] MainWindow shell shown + PlayShellEnter
[2026-07-15 17:16:38] ViewManager initialized
[2026-07-15 17:16:38] Navigating to SplashScreenView
[2026-07-15 17:16:38] SplashScreenView.ctor begin
[2026-07-15 17:16:38] SplashScreenView.ctor InitializeComponent done
[2026-07-15 17:16:38] SplashScreenView.Loaded
[2026-07-15 17:16:48] SplashScreenView.LoadingComplete
[2026-07-15 17:16:48] ShowMainWindow: show ElevationDialog first
[2026-07-15 17:16:52] ElevationDialog result: ContinueNormal
[2026-07-15 17:16:52] MainFormView.ctor begin
[2026-07-15 17:16:52] MainFormView.ctor InitializeComponent done
[2026-07-15 17:16:52] MainFormView.Loaded
[2026-07-15 17:17:05] ProModeView.ctor begin
[2026-07-15 17:17:05] ProModeView.ctor InitializeComponent done
[2026-07-15 17:17:05] ProModeView.OnLoaded begin
[2026-07-15 17:17:05] ProModeView.OnLoaded end
[2026-07-15 17:17:10] MainFormView.Loaded
[2026-07-15 17:17:15] PerformExitCleanup: done
[2026-07-15 17:17:15] PerformExitCleanup: done
[2026-07-15 17:17:40] WPF_RENDER_TIER=2 (0=Software, 1=2D Hardware, 2=Advanced Hardware)
[2026-07-15 17:17:40] AssemblyLoad guard registered
[2026-07-15 17:17:40] OnStartup
[2026-07-15 17:17:40] SECURITY: unverified --launched-by-exe flag detected, resetting to false
[2026-07-15 17:17:40] Password verification skipped: parent process is AURORA (AURORA-AnalyzerWPF, PID=193396)
[2026-07-15 17:17:40] Password verification passed
[2026-07-15 17:17:40] AURORA_PERF_TIER=Extreme
[2026-07-15 17:17:40] PERF_SCORE_DIAG: cores=16 ramMB=32506 ramGB=32 baseClockMHz=2304 gpuScore=80 perfScore=723.04 gpuDiag=GPU=NVIDIA GeForce RTX 3060 Laptop GPU | Vendor=NVIDIA | VRAM=4096MB | D3D9Ex=OK | Score=80 | Driver=32.0.15.9174
[2026-07-15 17:17:40] HARDWARE_DIAG: cores=16 | gpuName=NVIDIA GeForce RTX 3060 Laptop GPU gpuVendor=NVIDIA d3d9ex=True gpuVramMB=4096 gpuScore=80 backend=D3D9Ex
[2026-07-15 17:17:40] AURORA_LANGUAGE=CHS
[2026-07-15 17:17:40] AURORA_IS_LAUNCHED_BY_EXE=True
[2026-07-15 17:17:40] VerifyDirectoryIntegrity: OK
[2026-07-15 17:17:40] Directory integrity check passed
[2026-07-15 17:17:40] IntegrityGuard detection: NONE
[2026-07-15 17:17:40] IntegrityGuard initialized
[2026-07-15 17:17:40] IntegrityGuard runtime monitoring started
[2026-07-15 17:17:40] ElevationService configured
[2026-07-15 17:17:40] Creating MainWindow shell
[2026-07-15 17:17:41] MainWindow shell shown + PlayShellEnter
[2026-07-15 17:17:41] ViewManager initialized
[2026-07-15 17:17:41] Navigating to SplashScreenView
[2026-07-15 17:17:41] SplashScreenView.ctor begin
[2026-07-15 17:17:41] SplashScreenView.ctor InitializeComponent done
[2026-07-15 17:17:41] SplashScreenView.Loaded
[2026-07-15 17:17:51] SplashScreenView.LoadingComplete
[2026-07-15 17:17:51] ShowMainWindow: show ElevationDialog first
[2026-07-15 17:17:55] ElevationDialog result: ContinueNormal
[2026-07-15 17:17:55] MainFormView.ctor begin
[2026-07-15 17:17:55] MainFormView.ctor InitializeComponent done
[2026-07-15 17:17:55] MainFormView.Loaded
[2026-07-15 17:18:45] PerformExitCleanup: done
[2026-07-15 17:18:45] PerformExitCleanup: done
[2026-07-15 17:18:47] WPF_RENDER_TIER=2 (0=Software, 1=2D Hardware, 2=Advanced Hardware)
[2026-07-15 17:18:47] AssemblyLoad guard registered
[2026-07-15 17:18:47] OnStartup
[2026-07-15 17:18:47] SECURITY: unverified --launched-by-exe flag detected, resetting to false
[2026-07-15 17:18:47] Password verification skipped: parent process is AURORA (AURORA-AnalyzerWPF, PID=193600)
[2026-07-15 17:18:47] Password verification passed
[2026-07-15 17:18:48] AURORA_PERF_TIER=Extreme
[2026-07-15 17:18:48] PERF_SCORE_DIAG: cores=16 ramMB=32506 ramGB=32 baseClockMHz=2304 gpuScore=80 perfScore=723.04 gpuDiag=GPU=NVIDIA GeForce RTX 3060 Laptop GPU | Vendor=NVIDIA | VRAM=4096MB | D3D9Ex=OK | Score=80 | Driver=32.0.15.9174
[2026-07-15 17:18:48] HARDWARE_DIAG: cores=16 | gpuName=NVIDIA GeForce RTX 3060 Laptop GPU gpuVendor=NVIDIA d3d9ex=True gpuVramMB=4096 gpuScore=80 backend=D3D9Ex
[2026-07-15 17:18:48] AURORA_LANGUAGE=CHS
[2026-07-15 17:18:48] AURORA_IS_LAUNCHED_BY_EXE=True
[2026-07-15 17:18:48] VerifyDirectoryIntegrity: OK
[2026-07-15 17:18:48] Directory integrity check passed
[2026-07-15 17:18:48] IntegrityGuard detection: NONE
[2026-07-15 17:18:48] IntegrityGuard initialized
[2026-07-15 17:18:48] IntegrityGuard runtime monitoring started
[2026-07-15 17:18:48] ElevationService configured
[2026-07-15 17:18:48] Creating MainWindow shell
[2026-07-15 17:18:49] MainWindow shell shown + PlayShellEnter
[2026-07-15 17:18:49] ViewManager initialized
[2026-07-15 17:18:49] Navigating to SplashScreenView
[2026-07-15 17:18:49] SplashScreenView.ctor begin
[2026-07-15 17:18:49] SplashScreenView.ctor InitializeComponent done
[2026-07-15 17:18:49] SplashScreenView.Loaded
[2026-07-15 17:18:59] SplashScreenView.LoadingComplete
[2026-07-15 17:18:59] ShowMainWindow: show ElevationDialog first
[2026-07-15 17:19:13] ElevationDialog result: Elevate
[2026-07-15 17:19:14] WPF_RENDER_TIER=2 (0=Software, 1=2D Hardware, 2=Advanced Hardware)
[2026-07-15 17:19:14] AssemblyLoad guard registered
[2026-07-15 17:19:14] OnStartup
[2026-07-15 17:19:14] SECURITY: unverified --launched-by-exe flag detected, resetting to false
[2026-07-15 17:19:15] PerformExitCleanup: done
[2026-07-15 17:19:15] PerformExitCleanup: done
[2026-07-15 17:19:17] Password dialog cancelled
[2026-07-15 17:19:17] Password verification failed, exiting
[2026-07-15 17:19:17] PerformExitCleanup: done
[2026-07-15 17:19:17] PerformExitCleanup: done
[2026-07-15 17:19:21] WPF_RENDER_TIER=2 (0=Software, 1=2D Hardware, 2=Advanced Hardware)
[2026-07-15 17:19:21] AssemblyLoad guard registered
[2026-07-15 17:19:21] OnStartup
[2026-07-15 17:19:21] SECURITY: unverified --launched-by-exe flag detected, resetting to false
[2026-07-15 17:19:21] Password verification skipped: parent process is AURORA (AURORA-AnalyzerWPF, PID=190524)
[2026-07-15 17:19:21] Password verification passed
[2026-07-15 17:19:21] AURORA_PERF_TIER=Extreme
[2026-07-15 17:19:21] PERF_SCORE_DIAG: cores=16 ramMB=32506 ramGB=32 baseClockMHz=2304 gpuScore=80 perfScore=723.04 gpuDiag=GPU=NVIDIA GeForce RTX 3060 Laptop GPU | Vendor=NVIDIA | VRAM=4096MB | D3D9Ex=OK | Score=80 | Driver=32.0.15.9174
[2026-07-15 17:19:21] HARDWARE_DIAG: cores=16 | gpuName=NVIDIA GeForce RTX 3060 Laptop GPU gpuVendor=NVIDIA d3d9ex=True gpuVramMB=4096 gpuScore=80 backend=D3D9Ex
[2026-07-15 17:19:21] AURORA_LANGUAGE=CHS
[2026-07-15 17:19:21] AURORA_IS_LAUNCHED_BY_EXE=True
[2026-07-15 17:19:21] VerifyDirectoryIntegrity: OK
[2026-07-15 17:19:21] Directory integrity check passed
[2026-07-15 17:19:21] IntegrityGuard detection: NONE
[2026-07-15 17:19:21] IntegrityGuard initialized
[2026-07-15 17:19:21] IntegrityGuard runtime monitoring started
[2026-07-15 17:19:21] ElevationService configured
[2026-07-15 17:19:22] Creating MainWindow shell
[2026-07-15 17:19:22] MainWindow shell shown + PlayShellEnter
[2026-07-15 17:19:22] ViewManager initialized
[2026-07-15 17:19:22] Navigating to SplashScreenView
[2026-07-15 17:19:22] SplashScreenView.ctor begin
[2026-07-15 17:19:22] SplashScreenView.ctor InitializeComponent done
[2026-07-15 17:19:22] SplashScreenView.Loaded
[2026-07-15 17:19:32] SplashScreenView.LoadingComplete
[2026-07-15 17:19:32] ShowMainWindow: skipElevation (already admin)
[2026-07-15 17:19:32] MainFormView.ctor begin
[2026-07-15 17:19:32] MainFormView.ctor InitializeComponent done
[2026-07-15 17:19:33] MainFormView.Loaded
[2026-07-15 17:20:20] ProModeView.ctor begin
[2026-07-15 17:20:20] ProModeView.ctor InitializeComponent done
[2026-07-15 17:20:21] ProModeView.OnLoaded begin
[2026-07-15 17:20:21] ProModeView.OnLoaded end
[2026-07-15 17:20:31] MainFormView.Loaded
[2026-07-15 17:20:42] PerformExitCleanup: done
[2026-07-15 17:20:42] PerformExitCleanup: done
[2026-07-15 17:24:11] WPF_RENDER_TIER=2 (0=Software, 1=2D Hardware, 2=Advanced Hardware)
[2026-07-15 17:24:11] AssemblyLoad guard registered
[2026-07-15 17:24:11] OnStartup
[2026-07-15 17:24:11] SECURITY: unverified --launched-by-exe flag detected, resetting to false
[2026-07-15 17:24:11] Password verification skipped: parent process is AURORA (AURORA-AnalyzerWPF, PID=191564)
[2026-07-15 17:24:11] Password verification passed
[2026-07-15 17:24:11] AURORA_PERF_TIER=Extreme
[2026-07-15 17:24:11] PERF_SCORE_DIAG: cores=16 ramMB=32506 ramGB=32 baseClockMHz=2304 gpuScore=80 perfScore=723.04 gpuDiag=GPU=NVIDIA GeForce RTX 3060 Laptop GPU | Vendor=NVIDIA | VRAM=4096MB | D3D9Ex=OK | Score=80 | Driver=32.0.15.9174
[2026-07-15 17:24:11] HARDWARE_DIAG: cores=16 | gpuName=NVIDIA GeForce RTX 3060 Laptop GPU gpuVendor=NVIDIA d3d9ex=True gpuVramMB=4096 gpuScore=80 backend=D3D9Ex
[2026-07-15 17:24:11] AURORA_LANGUAGE=CHS
[2026-07-15 17:24:11] AURORA_IS_LAUNCHED_BY_EXE=True
[2026-07-15 17:24:11] VerifyDirectoryIntegrity: OK
[2026-07-15 17:24:11] Directory integrity check passed
[2026-07-15 17:24:11] IntegrityGuard detection: NONE
[2026-07-15 17:24:11] IntegrityGuard initialized
[2026-07-15 17:24:11] IntegrityGuard runtime monitoring started
[2026-07-15 17:24:11] ElevationService configured
[2026-07-15 17:24:12] Creating MainWindow shell
[2026-07-15 17:24:12] MainWindow shell shown + PlayShellEnter
[2026-07-15 17:24:12] ViewManager initialized
[2026-07-15 17:24:12] Navigating to SplashScreenView
[2026-07-15 17:24:12] SplashScreenView.ctor begin
[2026-07-15 17:24:12] SplashScreenView.ctor InitializeComponent done
[2026-07-15 17:24:12] SplashScreenView.Loaded
[2026-07-15 17:24:22] SplashScreenView.LoadingComplete
[2026-07-15 17:24:22] ShowMainWindow: show ElevationDialog first
[2026-07-15 17:24:27] ElevationDialog result: ContinueNormal
[2026-07-15 17:24:27] MainFormView.ctor begin
[2026-07-15 17:24:27] MainFormView.ctor InitializeComponent done
[2026-07-15 17:24:28] MainFormView.Loaded
[2026-07-15 17:24:35] ProModeView.ctor begin
[2026-07-15 17:24:35] ProModeView.ctor InitializeComponent done
[2026-07-15 17:24:35] ProModeView.OnLoaded begin
[2026-07-15 17:24:35] ProModeView.OnLoaded end
[2026-07-15 17:24:38] MainFormView.Loaded
[2026-07-15 17:24:41] ProModeView.OnLoaded begin
[2026-07-15 17:24:41] ProModeView.OnLoaded end
[2026-07-15 17:24:53] PerformExitCleanup: done
[2026-07-15 17:24:53] PerformExitCleanup: done
[2026-07-15 17:27:08] WPF_RENDER_TIER=2 (0=Software, 1=2D Hardware, 2=Advanced Hardware)
[2026-07-15 17:27:08] AssemblyLoad guard registered
[2026-07-15 17:27:08] OnStartup
[2026-07-15 17:27:08] SECURITY: unverified --launched-by-exe flag detected, resetting to false
[2026-07-15 17:27:08] Password verification skipped: parent process is AURORA (AURORA-AnalyzerWPF, PID=198952)
[2026-07-15 17:27:08] Password verification passed
[2026-07-15 17:27:08] AURORA_PERF_TIER=Extreme
[2026-07-15 17:27:08] PERF_SCORE_DIAG: cores=16 ramMB=32506 ramGB=32 baseClockMHz=2304 gpuScore=80 perfScore=723.04 gpuDiag=GPU=NVIDIA GeForce RTX 3060 Laptop GPU | Vendor=NVIDIA | VRAM=4096MB | D3D9Ex=OK | Score=80 | Driver=32.0.15.9174
[2026-07-15 17:27:08] HARDWARE_DIAG: cores=16 | gpuName=NVIDIA GeForce RTX 3060 Laptop GPU gpuVendor=NVIDIA d3d9ex=True gpuVramMB=4096 gpuScore=80 backend=D3D9Ex
[2026-07-15 17:27:08] AURORA_LANGUAGE=CHS
[2026-07-15 17:27:08] AURORA_IS_LAUNCHED_BY_EXE=True
[2026-07-15 17:27:08] VerifyDirectoryIntegrity: OK
[2026-07-15 17:27:08] Directory integrity check passed
[2026-07-15 17:27:08] IntegrityGuard detection: NONE
[2026-07-15 17:27:08] IntegrityGuard initialized
[2026-07-15 17:27:08] IntegrityGuard runtime monitoring started
[2026-07-15 17:27:08] ElevationService configured
[2026-07-15 17:27:09] Creating MainWindow shell
[2026-07-15 17:27:09] MainWindow shell shown + PlayShellEnter
[2026-07-15 17:27:09] ViewManager initialized
[2026-07-15 17:27:09] Navigating to SplashScreenView
[2026-07-15 17:27:09] SplashScreenView.ctor begin
[2026-07-15 17:27:09] SplashScreenView.ctor InitializeComponent done
[2026-07-15 17:27:09] SplashScreenView.Loaded
[2026-07-15 17:27:19] SplashScreenView.LoadingComplete
[2026-07-15 17:27:19] ShowMainWindow: skipElevation (already admin)
[2026-07-15 17:27:19] MainFormView.ctor begin
[2026-07-15 17:27:19] MainFormView.ctor InitializeComponent done
[2026-07-15 17:27:20] MainFormView.Loaded
[2026-07-15 17:28:02] ProModeView.ctor begin
[2026-07-15 17:28:02] ProModeView.ctor InitializeComponent done
[2026-07-15 17:28:02] ProModeView.OnLoaded begin
[2026-07-15 17:28:02] ProModeView.OnLoaded end
[2026-07-15 17:28:06] MainFormView.Loaded
[2026-07-15 17:28:16] PerformExitCleanup: done
[2026-07-15 17:28:16] PerformExitCleanup: done
[2026-07-15 17:28:26] WPF_RENDER_TIER=2 (0=Software, 1=2D Hardware, 2=Advanced Hardware)
[2026-07-15 17:28:26] AssemblyLoad guard registered
[2026-07-15 17:28:26] OnStartup
[2026-07-15 17:28:26] SECURITY: unverified --launched-by-exe flag detected, resetting to false
[2026-07-15 17:28:26] Password verification skipped: parent process is AURORA (AURORA-AnalyzerWPF, PID=195368)
[2026-07-15 17:28:26] Password verification passed
[2026-07-15 17:28:26] AURORA_PERF_TIER=Extreme
[2026-07-15 17:28:26] PERF_SCORE_DIAG: cores=16 ramMB=32506 ramGB=32 baseClockMHz=2304 gpuScore=80 perfScore=723.04 gpuDiag=GPU=NVIDIA GeForce RTX 3060 Laptop GPU | Vendor=NVIDIA | VRAM=4096MB | D3D9Ex=OK | Score=80 | Driver=32.0.15.9174
[2026-07-15 17:28:26] HARDWARE_DIAG: cores=16 | gpuName=NVIDIA GeForce RTX 3060 Laptop GPU gpuVendor=NVIDIA d3d9ex=True gpuVramMB=4096 gpuScore=80 backend=D3D9Ex
[2026-07-15 17:28:26] AURORA_LANGUAGE=CHS
[2026-07-15 17:28:26] AURORA_IS_LAUNCHED_BY_EXE=True
[2026-07-15 17:28:26] VerifyDirectoryIntegrity: OK
[2026-07-15 17:28:26] Directory integrity check passed
[2026-07-15 17:28:27] IntegrityGuard detection: NONE
[2026-07-15 17:28:27] IntegrityGuard initialized
[2026-07-15 17:28:27] IntegrityGuard runtime monitoring started
[2026-07-15 17:28:27] ElevationService configured
[2026-07-15 17:28:27] Creating MainWindow shell
[2026-07-15 17:28:28] MainWindow shell shown + PlayShellEnter
[2026-07-15 17:28:28] ViewManager initialized
[2026-07-15 17:28:28] Navigating to SplashScreenView
[2026-07-15 17:28:28] SplashScreenView.ctor begin
[2026-07-15 17:28:28] SplashScreenView.ctor InitializeComponent done
[2026-07-15 17:28:28] SplashScreenView.Loaded
[2026-07-15 17:28:38] SplashScreenView.LoadingComplete
[2026-07-15 17:28:38] ShowMainWindow: skipElevation (already admin)
[2026-07-15 17:28:38] MainFormView.ctor begin
[2026-07-15 17:28:38] MainFormView.ctor InitializeComponent done
[2026-07-15 17:28:38] MainFormView.Loaded
[2026-07-15 17:28:50] ProModeView.ctor begin
[2026-07-15 17:28:50] ProModeView.ctor InitializeComponent done
[2026-07-15 17:28:50] ProModeView.OnLoaded begin
[2026-07-15 17:28:50] ProModeView.OnLoaded end
[2026-07-15 17:28:54] MainFormView.Loaded
[2026-07-15 17:28:58] ProModeView.OnLoaded begin
[2026-07-15 17:28:58] ProModeView.OnLoaded end
[2026-07-15 17:29:30] PerformExitCleanup: done
[2026-07-15 17:29:30] PerformExitCleanup: done
[2026-07-15 18:05:25] WPF_RENDER_TIER=2 (0=Software, 1=2D Hardware, 2=Advanced Hardware)
[2026-07-15 18:05:25] AssemblyLoad guard registered
[2026-07-15 18:05:25] OnStartup
[2026-07-15 18:05:25] SECURITY: unverified --launched-by-exe flag detected, resetting to false
[2026-07-15 18:05:25] Password verification skipped: parent process is AURORA (AURORA-AnalyzerWPF, PID=234592)
[2026-07-15 18:05:25] Password verification passed
[2026-07-15 18:05:25] AURORA_PERF_TIER=Extreme
[2026-07-15 18:05:25] PERF_SCORE_DIAG: cores=16 ramMB=32506 ramGB=32 baseClockMHz=2304 gpuScore=80 perfScore=723.04 gpuDiag=GPU=NVIDIA GeForce RTX 3060 Laptop GPU | Vendor=NVIDIA | VRAM=4096MB | D3D9Ex=OK | Score=80 | Driver=32.0.15.9174
[2026-07-15 18:05:25] HARDWARE_DIAG: cores=16 | gpuName=NVIDIA GeForce RTX 3060 Laptop GPU gpuVendor=NVIDIA d3d9ex=True gpuVramMB=4096 gpuScore=80 backend=D3D9Ex
[2026-07-15 18:05:25] AURORA_LANGUAGE=CHS
[2026-07-15 18:05:25] AURORA_IS_LAUNCHED_BY_EXE=True
[2026-07-15 18:05:25] VerifyDirectoryIntegrity: OK
[2026-07-15 18:05:25] Directory integrity check passed
[2026-07-15 18:05:26] IntegrityGuard detection: NONE
[2026-07-15 18:05:26] IntegrityGuard initialized
[2026-07-15 18:05:26] IntegrityGuard runtime monitoring started
[2026-07-15 18:05:26] ElevationService configured
[2026-07-15 18:05:26] Creating MainWindow shell
[2026-07-15 18:05:27] MainWindow shell shown + PlayShellEnter
[2026-07-15 18:05:27] ViewManager initialized
[2026-07-15 18:05:27] Navigating to SplashScreenView
[2026-07-15 18:05:27] SplashScreenView.ctor begin
[2026-07-15 18:05:27] SplashScreenView.ctor InitializeComponent done
[2026-07-15 18:05:27] SplashScreenView.Loaded
[2026-07-15 18:05:36] SplashScreenView.LoadingComplete
[2026-07-15 18:05:36] ShowMainWindow: show ElevationDialog first
[2026-07-15 18:05:42] ElevationDialog result: ContinueNormal
[2026-07-15 18:05:42] MainFormView.ctor begin
[2026-07-15 18:05:42] MainFormView.ctor InitializeComponent done
[2026-07-15 18:05:42] MainFormView.Loaded
[2026-07-15 18:05:52] ProModeView.ctor begin
[2026-07-15 18:05:52] ProModeView.ctor InitializeComponent done
[2026-07-15 18:05:52] ProModeView.OnLoaded begin
[2026-07-15 18:05:52] ProModeView.OnLoaded end
[2026-07-15 18:06:01] ProModeView.OnLoaded begin
[2026-07-15 18:06:01] ProModeView.OnLoaded end
[2026-07-15 18:06:28] MainFormView.Loaded
[2026-07-15 18:06:32] PerformExitCleanup: done
[2026-07-15 18:06:33] PerformExitCleanup: done
[2026-07-15 21:38:17] WPF_RENDER_TIER=2 (0=Software, 1=2D Hardware, 2=Advanced Hardware)
[2026-07-15 21:38:17] AssemblyLoad guard registered
[2026-07-15 21:38:17] OnStartup
[2026-07-15 21:38:17] SECURITY: unverified --launched-by-exe flag detected, resetting to false
[2026-07-15 21:38:17] Password verification skipped: parent process is AURORA (AURORA-AnalyzerWPF, PID=149412)
[2026-07-15 21:38:17] Password verification passed
[2026-07-15 21:38:18] AURORA_PERF_TIER=Extreme
[2026-07-15 21:38:18] PERF_SCORE_DIAG: cores=16 ramMB=32340 ramGB=32 baseClockMHz=3501 gpuScore=80 perfScore=735.01 gpuDiag=GPU=NVIDIA GeForce RTX 4060 | Vendor=NVIDIA | VRAM=4096MB | D3D9Ex=OK | Score=80 | Driver=32.0.15.9159
[2026-07-15 21:38:18] HARDWARE_DIAG: cores=16 | gpuName=NVIDIA GeForce RTX 4060 gpuVendor=NVIDIA d3d9ex=True gpuVramMB=4096 gpuScore=80 backend=D3D9Ex
[2026-07-15 21:38:18] AURORA_LANGUAGE=CHS
[2026-07-15 21:38:18] AURORA_IS_LAUNCHED_BY_EXE=True
[2026-07-15 21:38:18] VerifyDirectoryIntegrity: OK
[2026-07-15 21:38:18] Directory integrity check passed
[2026-07-15 21:38:18] IntegrityGuard detection: NONE
[2026-07-15 21:38:18] IntegrityGuard initialized
[2026-07-15 21:38:18] IntegrityGuard runtime monitoring started
[2026-07-15 21:38:18] ElevationService configured
[2026-07-15 21:38:18] Creating MainWindow shell
[2026-07-15 21:38:19] MainWindow shell shown + PlayShellEnter
[2026-07-15 21:38:19] ViewManager initialized
[2026-07-15 21:38:19] Navigating to SplashScreenView
[2026-07-15 21:38:19] SplashScreenView.ctor begin
[2026-07-15 21:38:19] SplashScreenView.ctor InitializeComponent done
[2026-07-15 21:38:19] SplashScreenView.Loaded
[2026-07-15 21:38:29] SplashScreenView.LoadingComplete
[2026-07-15 21:38:29] ShowMainWindow: show ElevationDialog first
[2026-07-15 21:38:35] ElevationDialog result: ContinueNormal
[2026-07-15 21:38:35] MainFormView.ctor begin
[2026-07-15 21:38:35] MainFormView.ctor InitializeComponent done
[2026-07-15 21:38:35] MainFormView.Loaded
[2026-07-15 21:38:50] ProModeView.ctor begin
[2026-07-15 21:38:50] ProModeView.ctor InitializeComponent done
[2026-07-15 21:38:50] ProModeView.OnLoaded begin
[2026-07-15 21:38:50] ProModeView.OnLoaded end
[2026-07-15 21:38:53] MainFormView.Loaded
[2026-07-15 21:39:01] PerformExitCleanup: done
[2026-07-15 21:39:01] PerformExitCleanup: done
[2026-07-15 22:17:57] WPF_RENDER_TIER=2 (0=Software, 1=2D Hardware, 2=Advanced Hardware)
[2026-07-15 22:17:57] AssemblyLoad guard registered
[2026-07-15 22:17:57] OnStartup
[2026-07-15 22:17:57] SECURITY: unverified --launched-by-exe flag detected, resetting to false
[2026-07-15 22:17:57] Password verification skipped: parent process is AURORA (AURORA-AnalyzerWPF, PID=146104)
[2026-07-15 22:17:57] Password verification passed
[2026-07-15 22:17:58] AURORA_PERF_TIER=Extreme
[2026-07-15 22:17:58] PERF_SCORE_DIAG: cores=16 ramMB=32340 ramGB=32 baseClockMHz=3501 gpuScore=80 perfScore=735.01 gpuDiag=GPU=NVIDIA GeForce RTX 4060 | Vendor=NVIDIA | VRAM=4096MB | D3D9Ex=OK | Score=80 | Driver=32.0.15.9159
[2026-07-15 22:17:58] HARDWARE_DIAG: cores=16 | gpuName=NVIDIA GeForce RTX 4060 gpuVendor=NVIDIA d3d9ex=True gpuVramMB=4096 gpuScore=80 backend=D3D9Ex
[2026-07-15 22:17:58] AURORA_LANGUAGE=CHS
[2026-07-15 22:17:58] AURORA_IS_LAUNCHED_BY_EXE=True
[2026-07-15 22:17:58] VerifyDirectoryIntegrity: OK
[2026-07-15 22:17:58] Directory integrity check passed
[2026-07-15 22:17:58] IntegrityGuard detection: NONE
[2026-07-15 22:17:58] IntegrityGuard initialized
[2026-07-15 22:17:58] IntegrityGuard runtime monitoring started
[2026-07-15 22:17:58] ElevationService configured
[2026-07-15 22:17:58] Creating MainWindow shell
[2026-07-15 22:17:59] MainWindow shell shown + PlayShellEnter
[2026-07-15 22:17:59] ViewManager initialized
[2026-07-15 22:17:59] Navigating to SplashScreenView
[2026-07-15 22:17:59] SplashScreenView.ctor begin
[2026-07-15 22:17:59] SplashScreenView.ctor InitializeComponent done
[2026-07-15 22:17:59] SplashScreenView.Loaded
[2026-07-15 22:18:09] SplashScreenView.LoadingComplete
[2026-07-15 22:18:09] ShowMainWindow: show ElevationDialog first
[2026-07-15 22:18:17] ElevationDialog result: Exit
[2026-07-15 22:18:18] PerformExitCleanup: done
[2026-07-15 22:18:18] PerformExitCleanup: done
[2026-07-15 22:19:01] WPF_RENDER_TIER=2 (0=Software, 1=2D Hardware, 2=Advanced Hardware)
[2026-07-15 22:19:01] AssemblyLoad guard registered
[2026-07-15 22:19:01] OnStartup
[2026-07-15 22:19:01] SECURITY: unverified --launched-by-exe flag detected, resetting to false
[2026-07-15 22:19:01] Password verification skipped: parent process is AURORA (AURORA-AnalyzerWPF, PID=122704)
[2026-07-15 22:19:01] Password verification passed
[2026-07-15 22:19:01] AURORA_PERF_TIER=Extreme
[2026-07-15 22:19:01] PERF_SCORE_DIAG: cores=16 ramMB=32340 ramGB=32 baseClockMHz=3501 gpuScore=80 perfScore=735.01 gpuDiag=GPU=NVIDIA GeForce RTX 4060 | Vendor=NVIDIA | VRAM=4096MB | D3D9Ex=OK | Score=80 | Driver=32.0.15.9159
[2026-07-15 22:19:01] HARDWARE_DIAG: cores=16 | gpuName=NVIDIA GeForce RTX 4060 gpuVendor=NVIDIA d3d9ex=True gpuVramMB=4096 gpuScore=80 backend=D3D9Ex
[2026-07-15 22:19:01] AURORA_LANGUAGE=CHS
[2026-07-15 22:19:01] AURORA_IS_LAUNCHED_BY_EXE=True
[2026-07-15 22:19:01] VerifyDirectoryIntegrity: OK
[2026-07-15 22:19:01] Directory integrity check passed
[2026-07-15 22:19:01] IntegrityGuard detection: NONE
[2026-07-15 22:19:01] IntegrityGuard initialized
[2026-07-15 22:19:01] IntegrityGuard runtime monitoring started
[2026-07-15 22:19:01] ElevationService configured
[2026-07-15 22:19:02] Creating MainWindow shell
[2026-07-15 22:19:03] MainWindow shell shown + PlayShellEnter
[2026-07-15 22:19:03] ViewManager initialized
[2026-07-15 22:19:03] Navigating to SplashScreenView
[2026-07-15 22:19:03] SplashScreenView.ctor begin
[2026-07-15 22:19:03] SplashScreenView.ctor InitializeComponent done
[2026-07-15 22:19:03] SplashScreenView.Loaded
[2026-07-15 22:19:12] SplashScreenView.LoadingComplete
[2026-07-15 22:19:12] ShowMainWindow: show ElevationDialog first
[2026-07-15 22:19:33] ElevationDialog result: ContinueNormal
[2026-07-15 22:19:33] MainFormView.ctor begin
[2026-07-15 22:19:33] MainFormView.ctor InitializeComponent done
[2026-07-15 22:19:33] MainFormView.Loaded
[2026-07-15 22:19:46] ProModeView.ctor begin
[2026-07-15 22:19:46] ProModeView.ctor InitializeComponent done
[2026-07-15 22:19:47] ProModeView.OnLoaded begin
[2026-07-15 22:19:47] ProModeView.OnLoaded end
[2026-07-15 22:19:49] MainFormView.Loaded
[2026-07-15 22:20:18] PerformExitCleanup: done
[2026-07-15 22:20:18] PerformExitCleanup: done
[2026-07-15 22:20:19] WPF_RENDER_TIER=2 (0=Software, 1=2D Hardware, 2=Advanced Hardware)
[2026-07-15 22:20:19] AssemblyLoad guard registered
[2026-07-15 22:20:19] OnStartup
[2026-07-15 22:20:19] SECURITY: unverified --launched-by-exe flag detected, resetting to false
[2026-07-15 22:20:19] Password verification skipped: parent process is AURORA (AURORA-AnalyzerWPF, PID=143772)
[2026-07-15 22:20:19] Password verification passed
[2026-07-15 22:20:20] AURORA_PERF_TIER=Extreme
[2026-07-15 22:20:20] PERF_SCORE_DIAG: cores=16 ramMB=32340 ramGB=32 baseClockMHz=3501 gpuScore=80 perfScore=735.01 gpuDiag=GPU=NVIDIA GeForce RTX 4060 | Vendor=NVIDIA | VRAM=4096MB | D3D9Ex=OK | Score=80 | Driver=32.0.15.9159
[2026-07-15 22:20:20] HARDWARE_DIAG: cores=16 | gpuName=NVIDIA GeForce RTX 4060 gpuVendor=NVIDIA d3d9ex=True gpuVramMB=4096 gpuScore=80 backend=D3D9Ex
[2026-07-15 22:20:20] AURORA_LANGUAGE=CHS
[2026-07-15 22:20:20] AURORA_IS_LAUNCHED_BY_EXE=True
[2026-07-15 22:20:20] VerifyDirectoryIntegrity: OK
[2026-07-15 22:20:20] Directory integrity check passed
[2026-07-15 22:20:20] IntegrityGuard detection: NONE
[2026-07-15 22:20:20] IntegrityGuard initialized
[2026-07-15 22:20:20] IntegrityGuard runtime monitoring started
[2026-07-15 22:20:20] ElevationService configured
[2026-07-15 22:20:20] Creating MainWindow shell
[2026-07-15 22:20:21] MainWindow shell shown + PlayShellEnter
[2026-07-15 22:20:21] ViewManager initialized
[2026-07-15 22:20:21] Navigating to SplashScreenView
[2026-07-15 22:20:21] SplashScreenView.ctor begin
[2026-07-15 22:20:21] SplashScreenView.ctor InitializeComponent done
[2026-07-15 22:20:21] SplashScreenView.Loaded
[2026-07-15 22:20:31] SplashScreenView.LoadingComplete
[2026-07-15 22:20:31] ShowMainWindow: show ElevationDialog first
[2026-07-15 22:20:52] ElevationDialog result: ContinueNormal
[2026-07-15 22:20:52] MainFormView.ctor begin
[2026-07-15 22:20:52] MainFormView.ctor InitializeComponent done
[2026-07-15 22:20:52] MainFormView.Loaded
[2026-07-15 22:21:18] ProModeView.ctor begin
[2026-07-15 22:21:18] ProModeView.ctor InitializeComponent done
[2026-07-15 22:21:18] ProModeView.OnLoaded begin
[2026-07-15 22:21:18] ProModeView.OnLoaded end
[2026-07-15 22:21:22] MainFormView.Loaded
[2026-07-15 22:21:26] ProModeView.OnLoaded begin
[2026-07-15 22:21:26] ProModeView.OnLoaded end
[2026-07-15 22:21:28] MainFormView.Loaded
[2026-07-15 22:21:31] ProModeView.OnLoaded begin
[2026-07-15 22:21:31] ProModeView.OnLoaded end
[2026-07-15 22:21:34] MainFormView.Loaded
[2026-07-15 22:22:17] ProModeView.OnLoaded begin
[2026-07-15 22:22:17] ProModeView.OnLoaded end
[2026-07-15 22:22:19] MainFormView.Loaded
[2026-07-15 22:22:22] ProModeView.OnLoaded begin
[2026-07-15 22:22:22] ProModeView.OnLoaded end
[2026-07-15 22:22:24] MainFormView.Loaded
[2026-07-15 22:22:27] ProModeView.OnLoaded begin
[2026-07-15 22:22:27] ProModeView.OnLoaded end
[2026-07-15 22:22:38] MainFormView.Loaded
[2026-07-15 22:22:50] ProModeView.OnLoaded begin
[2026-07-15 22:22:50] ProModeView.OnLoaded end
[2026-07-15 22:23:51] PerformExitCleanup: done
[2026-07-15 22:23:51] PerformExitCleanup: done
[2026-07-15 22:38:15] WPF_RENDER_TIER=2 (0=Software, 1=2D Hardware, 2=Advanced Hardware)
[2026-07-15 22:38:15] AssemblyLoad guard registered
[2026-07-15 22:38:15] OnStartup
[2026-07-15 22:38:15] SECURITY: unverified --launched-by-exe flag detected, resetting to false
[2026-07-15 22:38:15] Password verification skipped: parent process is AURORA (AURORA-AnalyzerWPF, PID=146148)
[2026-07-15 22:38:15] Password verification passed
[2026-07-15 22:38:15] AURORA_PERF_TIER=Extreme
[2026-07-15 22:38:15] PERF_SCORE_DIAG: cores=16 ramMB=32340 ramGB=32 baseClockMHz=3501 gpuScore=80 perfScore=735.01 gpuDiag=GPU=NVIDIA GeForce RTX 4060 | Vendor=NVIDIA | VRAM=4096MB | D3D9Ex=OK | Score=80 | Driver=32.0.15.9159
[2026-07-15 22:38:15] HARDWARE_DIAG: cores=16 | gpuName=NVIDIA GeForce RTX 4060 gpuVendor=NVIDIA d3d9ex=True gpuVramMB=4096 gpuScore=80 backend=D3D9Ex
[2026-07-15 22:38:15] AURORA_LANGUAGE=CHS
[2026-07-15 22:38:15] AURORA_IS_LAUNCHED_BY_EXE=True
[2026-07-15 22:38:15] VerifyDirectoryIntegrity: OK
[2026-07-15 22:38:15] Directory integrity check passed
[2026-07-15 22:38:15] IntegrityGuard detection: NONE
[2026-07-15 22:38:15] IntegrityGuard initialized
[2026-07-15 22:38:15] IntegrityGuard runtime monitoring started
[2026-07-15 22:38:15] ElevationService configured
[2026-07-15 22:38:16] Creating MainWindow shell
[2026-07-15 22:38:16] MainWindow shell shown + PlayShellEnter
[2026-07-15 22:38:16] ViewManager initialized
[2026-07-15 22:38:16] Navigating to SplashScreenView
[2026-07-15 22:38:16] SplashScreenView.ctor begin
[2026-07-15 22:38:16] SplashScreenView.ctor InitializeComponent done
[2026-07-15 22:38:16] SplashScreenView.Loaded
[2026-07-15 22:38:26] SplashScreenView.LoadingComplete
[2026-07-15 22:38:26] ShowMainWindow: show ElevationDialog first
[2026-07-15 22:38:31] ElevationDialog result: ContinueNormal
[2026-07-15 22:38:31] MainFormView.ctor begin
[2026-07-15 22:38:31] MainFormView.ctor InitializeComponent done
[2026-07-15 22:38:31] MainFormView.Loaded
[2026-07-15 22:38:55] ProModeView.ctor begin
[2026-07-15 22:38:55] ProModeView.ctor InitializeComponent done
[2026-07-15 22:38:55] ProModeView.OnLoaded begin
[2026-07-15 22:38:55] ProModeView.OnLoaded end
[2026-07-15 22:38:59] MainFormView.Loaded
[2026-07-15 22:39:02] ProModeView.OnLoaded begin
[2026-07-15 22:39:02] ProModeView.OnLoaded end
[2026-07-15 22:39:06] MainFormView.Loaded
[2026-07-15 22:39:25] ProModeView.OnLoaded begin
[2026-07-15 22:39:25] ProModeView.OnLoaded end
[2026-07-15 22:39:34] MainFormView.Loaded
[2026-07-15 22:39:55] PerformExitCleanup: done
[2026-07-15 22:39:55] PerformExitCleanup: done
[2026-07-15 23:18:15] WPF_RENDER_TIER=2 (0=Software, 1=2D Hardware, 2=Advanced Hardware)
[2026-07-15 23:18:15] AssemblyLoad guard registered
[2026-07-15 23:18:15] OnStartup
[2026-07-15 23:18:15] SECURITY: unverified --launched-by-exe flag detected, resetting to false
[2026-07-15 23:18:15] Password verification skipped: parent process is AURORA (AURORA-AnalyzerWPF, PID=143308)
[2026-07-15 23:18:15] Password verification passed
[2026-07-15 23:18:16] AURORA_PERF_TIER=Extreme
[2026-07-15 23:18:16] PERF_SCORE_DIAG: cores=16 ramMB=32340 ramGB=32 baseClockMHz=3501 gpuScore=80 perfScore=735.01 gpuDiag=GPU=NVIDIA GeForce RTX 4060 | Vendor=NVIDIA | VRAM=4096MB | D3D9Ex=OK | Score=80 | Driver=32.0.15.9159
[2026-07-15 23:18:16] HARDWARE_DIAG: cores=16 | gpuName=NVIDIA GeForce RTX 4060 gpuVendor=NVIDIA d3d9ex=True gpuVramMB=4096 gpuScore=80 backend=D3D9Ex
[2026-07-15 23:18:16] AURORA_LANGUAGE=CHS
[2026-07-15 23:18:16] AURORA_IS_LAUNCHED_BY_EXE=True
[2026-07-15 23:18:16] VerifyDirectoryIntegrity: OK
[2026-07-15 23:18:16] Directory integrity check passed
[2026-07-15 23:18:16] IntegrityGuard detection: NONE
[2026-07-15 23:18:16] IntegrityGuard initialized
[2026-07-15 23:18:16] IntegrityGuard runtime monitoring started
[2026-07-15 23:18:16] ElevationService configured
[2026-07-15 23:18:17] Creating MainWindow shell
[2026-07-15 23:18:17] MainWindow shell shown + PlayShellEnter
[2026-07-15 23:18:17] ViewManager initialized
[2026-07-15 23:18:17] Navigating to SplashScreenView
[2026-07-15 23:18:17] SplashScreenView.ctor begin
[2026-07-15 23:18:17] SplashScreenView.ctor InitializeComponent done
[2026-07-15 23:18:17] SplashScreenView.Loaded
[2026-07-15 23:18:27] SplashScreenView.LoadingComplete
[2026-07-15 23:18:27] ShowMainWindow: show ElevationDialog first
[2026-07-15 23:18:41] ElevationDialog result: ContinueNormal
[2026-07-15 23:18:41] MainFormView.ctor begin
[2026-07-15 23:18:41] MainFormView.ctor InitializeComponent done
[2026-07-15 23:18:41] MainFormView.Loaded
[2026-07-15 23:18:53] ProModeView.ctor begin
[2026-07-15 23:18:53] ProModeView.ctor InitializeComponent done
[2026-07-15 23:18:53] ProModeView.OnLoaded begin
[2026-07-15 23:18:53] ProModeView.OnLoaded end
[2026-07-15 23:18:57] MainFormView.Loaded
[2026-07-15 23:19:02] PerformExitCleanup: done
[2026-07-15 23:19:02] PerformExitCleanup: done
[2026-07-15 23:38:41] WPF_RENDER_TIER=2 (0=Software, 1=2D Hardware, 2=Advanced Hardware)
[2026-07-15 23:38:41] AssemblyLoad guard registered
[2026-07-15 23:38:41] OnStartup
[2026-07-15 23:38:41] SECURITY: unverified --launched-by-exe flag detected, resetting to false
[2026-07-15 23:38:41] Password verification skipped: parent process is AURORA (AURORA-AnalyzerWPF, PID=151892)
[2026-07-15 23:38:41] Password verification passed
[2026-07-15 23:38:42] AURORA_PERF_TIER=Extreme
[2026-07-15 23:38:42] PERF_SCORE_DIAG: cores=16 ramMB=32340 ramGB=32 baseClockMHz=3501 gpuScore=80 perfScore=735.01 gpuDiag=GPU=NVIDIA GeForce RTX 4060 | Vendor=NVIDIA | VRAM=4096MB | D3D9Ex=OK | Score=80 | Driver=32.0.15.9159
[2026-07-15 23:38:42] HARDWARE_DIAG: cores=16 | gpuName=NVIDIA GeForce RTX 4060 gpuVendor=NVIDIA d3d9ex=True gpuVramMB=4096 gpuScore=80 backend=D3D9Ex
[2026-07-15 23:38:42] AURORA_LANGUAGE=CHS
[2026-07-15 23:38:42] AURORA_IS_LAUNCHED_BY_EXE=True
[2026-07-15 23:38:42] VerifyDirectoryIntegrity: OK
[2026-07-15 23:38:42] Directory integrity check passed
[2026-07-15 23:38:42] IntegrityGuard detection: NONE
[2026-07-15 23:38:42] IntegrityGuard initialized
[2026-07-15 23:38:42] IntegrityGuard runtime monitoring started
[2026-07-15 23:38:42] ElevationService configured
[2026-07-15 23:38:42] Creating MainWindow shell
[2026-07-15 23:38:43] MainWindow shell shown + PlayShellEnter
[2026-07-15 23:38:43] ViewManager initialized
[2026-07-15 23:38:43] Navigating to SplashScreenView
[2026-07-15 23:38:43] SplashScreenView.ctor begin
[2026-07-15 23:38:43] SplashScreenView.ctor InitializeComponent done
[2026-07-15 23:38:43] SplashScreenView.Loaded
[2026-07-15 23:38:53] SplashScreenView.LoadingComplete
[2026-07-15 23:38:53] ShowMainWindow: show ElevationDialog first
[2026-07-15 23:38:59] ElevationDialog result: ContinueNormal
[2026-07-15 23:38:59] MainFormView.ctor begin
[2026-07-15 23:38:59] MainFormView.ctor InitializeComponent done
[2026-07-15 23:38:59] MainFormView.Loaded
[2026-07-15 23:39:25] ProModeView.ctor begin
[2026-07-15 23:39:25] ProModeView.ctor InitializeComponent done
[2026-07-15 23:39:25] ProModeView.OnLoaded begin
[2026-07-15 23:39:25] ProModeView.OnLoaded end
[2026-07-15 23:39:50] MainFormView.Loaded
[2026-07-15 23:40:03] PerformExitCleanup: done
[2026-07-15 23:40:03] PerformExitCleanup: done
[2026-07-16 09:48:49] WPF_RENDER_TIER=2 (0=Software, 1=2D Hardware, 2=Advanced Hardware)
[2026-07-16 09:48:49] AssemblyLoad guard registered
[2026-07-16 09:48:49] OnStartup
[2026-07-16 09:48:49] SECURITY: unverified --launched-by-exe flag detected, resetting to false
[2026-07-16 09:48:49] Password verification skipped: parent process is AURORA (AURORA-AnalyzerWPF, PID=238424)
[2026-07-16 09:48:49] Password verification passed
[2026-07-16 09:48:49] AURORA_PERF_TIER=Extreme
[2026-07-16 09:48:49] PERF_SCORE_DIAG: cores=16 ramMB=32506 ramGB=32 baseClockMHz=2304 gpuScore=80 perfScore=723.04 gpuDiag=GPU=NVIDIA GeForce RTX 3060 Laptop GPU | Vendor=NVIDIA | VRAM=4096MB | D3D9Ex=OK | Score=80 | Driver=32.0.15.9174
[2026-07-16 09:48:49] HARDWARE_DIAG: cores=16 | gpuName=NVIDIA GeForce RTX 3060 Laptop GPU gpuVendor=NVIDIA d3d9ex=True gpuVramMB=4096 gpuScore=80 backend=D3D9Ex
[2026-07-16 09:48:49] AURORA_LANGUAGE=CHS
[2026-07-16 09:48:49] AURORA_IS_LAUNCHED_BY_EXE=True
[2026-07-16 09:48:49] VerifyDirectoryIntegrity: OK
[2026-07-16 09:48:49] Directory integrity check passed
[2026-07-16 09:48:49] IntegrityGuard detection: NONE
[2026-07-16 09:48:49] IntegrityGuard initialized
[2026-07-16 09:48:49] IntegrityGuard runtime monitoring started
[2026-07-16 09:48:49] ElevationService configured
[2026-07-16 09:48:49] Creating MainWindow shell
[2026-07-16 09:48:50] MainWindow shell shown + PlayShellEnter
[2026-07-16 09:48:50] ViewManager initialized
[2026-07-16 09:48:50] Navigating to SplashScreenView
[2026-07-16 09:48:50] SplashScreenView.ctor begin
[2026-07-16 09:48:50] SplashScreenView.ctor InitializeComponent done
[2026-07-16 09:48:50] SplashScreenView.Loaded
[2026-07-16 09:49:00] SplashScreenView.LoadingComplete
[2026-07-16 09:49:00] ShowMainWindow: show ElevationDialog first
[2026-07-16 09:49:04] ElevationDialog result: ContinueNormal
[2026-07-16 09:49:04] MainFormView.ctor begin
[2026-07-16 09:49:04] MainFormView.ctor InitializeComponent done
[2026-07-16 09:49:04] MainFormView.Loaded
[2026-07-16 09:49:30] ProModeView.ctor begin
[2026-07-16 09:49:30] ProModeView.ctor InitializeComponent done
[2026-07-16 09:49:32] ProModeView.OnLoaded begin
[2026-07-16 09:49:32] ProModeView.OnLoaded end
[2026-07-16 09:49:36] MainFormView.Loaded
[2026-07-16 09:49:48] PerformExitCleanup: done
[2026-07-16 09:49:48] PerformExitCleanup: done
[2026-07-16 09:50:48] WPF_RENDER_TIER=2 (0=Software, 1=2D Hardware, 2=Advanced Hardware)
[2026-07-16 09:50:48] AssemblyLoad guard registered
[2026-07-16 09:50:48] OnStartup
[2026-07-16 09:50:48] SECURITY: unverified --launched-by-exe flag detected, resetting to false
[2026-07-16 09:50:48] Password verification skipped: parent process is AURORA (AURORA-AnalyzerWPF, PID=77584)
[2026-07-16 09:50:48] Password verification passed
[2026-07-16 09:50:49] AURORA_PERF_TIER=Extreme
[2026-07-16 09:50:49] PERF_SCORE_DIAG: cores=16 ramMB=32506 ramGB=32 baseClockMHz=2304 gpuScore=80 perfScore=723.04 gpuDiag=GPU=NVIDIA GeForce RTX 3060 Laptop GPU | Vendor=NVIDIA | VRAM=4096MB | D3D9Ex=OK | Score=80 | Driver=32.0.15.9174
[2026-07-16 09:50:49] HARDWARE_DIAG: cores=16 | gpuName=NVIDIA GeForce RTX 3060 Laptop GPU gpuVendor=NVIDIA d3d9ex=True gpuVramMB=4096 gpuScore=80 backend=D3D9Ex
[2026-07-16 09:50:49] AURORA_LANGUAGE=CHS
[2026-07-16 09:50:49] AURORA_IS_LAUNCHED_BY_EXE=True
[2026-07-16 09:50:49] VerifyDirectoryIntegrity: OK
[2026-07-16 09:50:49] Directory integrity check passed
[2026-07-16 09:50:49] IntegrityGuard detection: NONE
[2026-07-16 09:50:49] IntegrityGuard initialized
[2026-07-16 09:50:49] IntegrityGuard runtime monitoring started
[2026-07-16 09:50:49] ElevationService configured
[2026-07-16 09:50:49] Creating MainWindow shell
[2026-07-16 09:50:50] MainWindow shell shown + PlayShellEnter
[2026-07-16 09:50:50] ViewManager initialized
[2026-07-16 09:50:50] Navigating to SplashScreenView
[2026-07-16 09:50:50] SplashScreenView.ctor begin
[2026-07-16 09:50:50] SplashScreenView.ctor InitializeComponent done
[2026-07-16 09:50:50] SplashScreenView.Loaded
[2026-07-16 09:50:59] SplashScreenView.LoadingComplete
[2026-07-16 09:50:59] ShowMainWindow: show ElevationDialog first
[2026-07-16 09:51:10] ElevationDialog result: ContinueNormal
[2026-07-16 09:51:10] MainFormView.ctor begin
[2026-07-16 09:51:10] MainFormView.ctor InitializeComponent done
[2026-07-16 09:51:10] MainFormView.Loaded
[2026-07-16 09:51:53] ProModeView.ctor begin
[2026-07-16 09:51:53] ProModeView.ctor InitializeComponent done
[2026-07-16 09:51:54] ProModeView.OnLoaded begin
[2026-07-16 09:51:54] ProModeView.OnLoaded end
[2026-07-16 09:51:59] MainFormView.Loaded
[2026-07-16 09:57:10] PerformExitCleanup: done
[2026-07-16 09:57:10] PerformExitCleanup: done
[2026-07-16 10:18:10] WPF_RENDER_TIER=2 (0=Software, 1=2D Hardware, 2=Advanced Hardware)
[2026-07-16 10:18:10] AssemblyLoad guard registered
[2026-07-16 10:18:10] OnStartup
[2026-07-16 10:18:10] SECURITY: unverified --launched-by-exe flag detected, resetting to false
[2026-07-16 10:18:10] Password verification skipped: parent process is AURORA (AURORA-AnalyzerWPF, PID=127176)
[2026-07-16 10:18:10] Password verification passed
[2026-07-16 10:18:10] AURORA_PERF_TIER=Extreme
[2026-07-16 10:18:10] PERF_SCORE_DIAG: cores=16 ramMB=32506 ramGB=32 baseClockMHz=2304 gpuScore=80 perfScore=723.04 gpuDiag=GPU=NVIDIA GeForce RTX 3060 Laptop GPU | Vendor=NVIDIA | VRAM=4096MB | D3D9Ex=OK | Score=80 | Driver=32.0.15.9174
[2026-07-16 10:18:10] HARDWARE_DIAG: cores=16 | gpuName=NVIDIA GeForce RTX 3060 Laptop GPU gpuVendor=NVIDIA d3d9ex=True gpuVramMB=4096 gpuScore=80 backend=D3D9Ex
[2026-07-16 10:18:10] AURORA_LANGUAGE=CHS
[2026-07-16 10:18:10] AURORA_IS_LAUNCHED_BY_EXE=True
[2026-07-16 10:18:10] VerifyDirectoryIntegrity: OK
[2026-07-16 10:18:10] Directory integrity check passed
[2026-07-16 10:18:10] IntegrityGuard detection: NONE
[2026-07-16 10:18:10] IntegrityGuard initialized
[2026-07-16 10:18:10] IntegrityGuard runtime monitoring started
[2026-07-16 10:18:10] ElevationService configured
[2026-07-16 10:18:10] Creating MainWindow shell
[2026-07-16 10:18:11] MainWindow shell shown + PlayShellEnter
[2026-07-16 10:18:11] ViewManager initialized
[2026-07-16 10:18:11] Navigating to SplashScreenView
[2026-07-16 10:18:11] SplashScreenView.ctor begin
[2026-07-16 10:18:11] SplashScreenView.ctor InitializeComponent done
[2026-07-16 10:18:11] SplashScreenView.Loaded
[2026-07-16 10:18:21] SplashScreenView.LoadingComplete
[2026-07-16 10:18:21] ShowMainWindow: show ElevationDialog first
[2026-07-16 10:18:24] ElevationDialog result: ContinueNormal
[2026-07-16 10:18:24] MainFormView.ctor begin
[2026-07-16 10:18:24] MainFormView.ctor InitializeComponent done
[2026-07-16 10:18:24] MainFormView.Loaded
[2026-07-16 10:18:36] PerformExitCleanup: done
[2026-07-16 10:18:36] PerformExitCleanup: done
[2026-07-16 10:19:45] WPF_RENDER_TIER=2 (0=Software, 1=2D Hardware, 2=Advanced Hardware)
[2026-07-16 10:19:45] AssemblyLoad guard registered
[2026-07-16 10:19:45] OnStartup
[2026-07-16 10:19:45] SECURITY: unverified --launched-by-exe flag detected, resetting to false
[2026-07-16 10:19:45] Password verification skipped: parent process is AURORA (AURORA-AnalyzerWPF, PID=166632)
[2026-07-16 10:19:45] Password verification passed
[2026-07-16 10:19:45] AURORA_PERF_TIER=Extreme
[2026-07-16 10:19:45] PERF_SCORE_DIAG: cores=16 ramMB=32506 ramGB=32 baseClockMHz=2304 gpuScore=80 perfScore=723.04 gpuDiag=GPU=NVIDIA GeForce RTX 3060 Laptop GPU | Vendor=NVIDIA | VRAM=4096MB | D3D9Ex=OK | Score=80 | Driver=32.0.15.9174
[2026-07-16 10:19:45] HARDWARE_DIAG: cores=16 | gpuName=NVIDIA GeForce RTX 3060 Laptop GPU gpuVendor=NVIDIA d3d9ex=True gpuVramMB=4096 gpuScore=80 backend=D3D9Ex
[2026-07-16 10:19:45] AURORA_LANGUAGE=CHS
[2026-07-16 10:19:45] AURORA_IS_LAUNCHED_BY_EXE=True
[2026-07-16 10:19:45] VerifyDirectoryIntegrity: OK
[2026-07-16 10:19:45] Directory integrity check passed
[2026-07-16 10:19:46] IntegrityGuard detection: NONE
[2026-07-16 10:19:46] IntegrityGuard initialized
[2026-07-16 10:19:46] IntegrityGuard runtime monitoring started
[2026-07-16 10:19:46] ElevationService configured
[2026-07-16 10:19:46] Creating MainWindow shell
[2026-07-16 10:19:46] MainWindow shell shown + PlayShellEnter
[2026-07-16 10:19:46] ViewManager initialized
[2026-07-16 10:19:46] Navigating to SplashScreenView
[2026-07-16 10:19:46] SplashScreenView.ctor begin
[2026-07-16 10:19:46] SplashScreenView.ctor InitializeComponent done
[2026-07-16 10:19:47] SplashScreenView.Loaded
[2026-07-16 10:19:56] SplashScreenView.LoadingComplete
[2026-07-16 10:19:56] ShowMainWindow: show ElevationDialog first
[2026-07-16 10:21:15] ElevationDialog result: ContinueNormal
[2026-07-16 10:21:15] MainFormView.ctor begin
[2026-07-16 10:21:15] MainFormView.ctor InitializeComponent done
[2026-07-16 10:21:15] MainFormView.Loaded
[2026-07-16 10:21:22] ProModeView.ctor begin
[2026-07-16 10:21:22] ProModeView.ctor InitializeComponent done
[2026-07-16 10:21:23] ProModeView.OnLoaded begin
[2026-07-16 10:21:23] ProModeView.OnLoaded end
[2026-07-16 10:21:28] MainFormView.Loaded
[2026-07-16 10:21:33] ProModeView.OnLoaded begin
[2026-07-16 10:21:33] ProModeView.OnLoaded end
[2026-07-16 10:21:37] MainFormView.Loaded
[2026-07-16 10:21:42] ProModeView.OnLoaded begin
[2026-07-16 10:21:42] ProModeView.OnLoaded end
[2026-07-16 10:21:55] MainFormView.Loaded
[2026-07-16 10:24:21] PerformExitCleanup: done
[2026-07-16 10:24:21] PerformExitCleanup: done
[2026-07-16 11:29:01] WPF_RENDER_TIER=2 (0=Software, 1=2D Hardware, 2=Advanced Hardware)
[2026-07-16 11:29:01] AssemblyLoad guard registered
[2026-07-16 11:29:01] OnStartup
[2026-07-16 11:29:01] SECURITY: unverified --launched-by-exe flag detected, resetting to false
[2026-07-16 11:29:01] Password verification skipped: parent process is AURORA (AURORA-AnalyzerWPF, PID=246196)
[2026-07-16 11:29:01] Password verification passed
[2026-07-16 11:29:01] AURORA_PERF_TIER=Extreme
[2026-07-16 11:29:01] PERF_SCORE_DIAG: cores=16 ramMB=32506 ramGB=32 baseClockMHz=2304 gpuScore=80 perfScore=723.04 gpuDiag=GPU=NVIDIA GeForce RTX 3060 Laptop GPU | Vendor=NVIDIA | VRAM=4096MB | D3D9Ex=OK | Score=80 | Driver=32.0.15.9174
[2026-07-16 11:29:01] HARDWARE_DIAG: cores=16 | gpuName=NVIDIA GeForce RTX 3060 Laptop GPU gpuVendor=NVIDIA d3d9ex=True gpuVramMB=4096 gpuScore=80 backend=D3D9Ex
[2026-07-16 11:29:01] AURORA_LANGUAGE=CHS
[2026-07-16 11:29:01] AURORA_IS_LAUNCHED_BY_EXE=True
[2026-07-16 11:29:01] VerifyDirectoryIntegrity: OK
[2026-07-16 11:29:01] Directory integrity check passed
[2026-07-16 11:29:01] IntegrityGuard detection: NONE
[2026-07-16 11:29:01] IntegrityGuard initialized
[2026-07-16 11:29:01] IntegrityGuard runtime monitoring started
[2026-07-16 11:29:01] ElevationService configured
[2026-07-16 11:29:01] Creating MainWindow shell
[2026-07-16 11:29:02] MainWindow shell shown + PlayShellEnter
[2026-07-16 11:29:02] ViewManager initialized
[2026-07-16 11:29:02] Navigating to SplashScreenView
[2026-07-16 11:29:02] SplashScreenView.ctor begin
[2026-07-16 11:29:02] SplashScreenView.ctor InitializeComponent done
[2026-07-16 11:29:02] SplashScreenView.Loaded
[2026-07-16 11:29:12] SplashScreenView.LoadingComplete
[2026-07-16 11:29:12] ShowMainWindow: navigate to MainForm first, then show ElevationDialog
[2026-07-16 11:29:12] MainFormView.ctor begin
[2026-07-16 11:29:12] MainFormView.ctor InitializeComponent done
[2026-07-16 11:29:12] MainFormView.Loaded
[2026-07-16 11:29:20] ElevationDialog result: ContinueNormal
[2026-07-16 11:29:20] MainFormView.Loaded
[2026-07-16 11:29:31] ProModeView.ctor begin
[2026-07-16 11:29:31] ProModeView.ctor InitializeComponent done
[2026-07-16 11:29:32] ProModeView.OnLoaded begin
[2026-07-16 11:29:32] ProModeView.OnLoaded end
[2026-07-16 11:29:53] ProModeView.OnLoaded begin
[2026-07-16 11:29:53] ProModeView.OnLoaded end
[2026-07-16 11:29:59] MainFormView.Loaded
[2026-07-16 11:30:16] ProModeView.OnLoaded begin
[2026-07-16 11:30:16] ProModeView.OnLoaded end
[2026-07-16 11:30:24] ProModeView.OnLoaded begin
[2026-07-16 11:30:24] ProModeView.OnLoaded end
[2026-07-16 11:30:28] MainFormView.Loaded
[2026-07-16 11:30:34] PerformExitCleanup: done
[2026-07-16 11:30:34] PerformExitCleanup: done
[2026-07-16 11:30:47] WPF_RENDER_TIER=2 (0=Software, 1=2D Hardware, 2=Advanced Hardware)
[2026-07-16 11:30:47] AssemblyLoad guard registered
[2026-07-16 11:30:47] OnStartup
[2026-07-16 11:30:47] SECURITY: unverified --launched-by-exe flag detected, resetting to false
[2026-07-16 11:30:47] Password verification skipped: parent process is AURORA (AURORA-AnalyzerWPF, PID=245876)
[2026-07-16 11:30:47] Password verification passed
[2026-07-16 11:30:47] AURORA_PERF_TIER=Extreme
[2026-07-16 11:30:47] PERF_SCORE_DIAG: cores=16 ramMB=32506 ramGB=32 baseClockMHz=2304 gpuScore=80 perfScore=723.04 gpuDiag=GPU=NVIDIA GeForce RTX 3060 Laptop GPU | Vendor=NVIDIA | VRAM=4096MB | D3D9Ex=OK | Score=80 | Driver=32.0.15.9174
[2026-07-16 11:30:47] HARDWARE_DIAG: cores=16 | gpuName=NVIDIA GeForce RTX 3060 Laptop GPU gpuVendor=NVIDIA d3d9ex=True gpuVramMB=4096 gpuScore=80 backend=D3D9Ex
[2026-07-16 11:30:47] AURORA_LANGUAGE=CHS
[2026-07-16 11:30:47] AURORA_IS_LAUNCHED_BY_EXE=True
[2026-07-16 11:30:47] VerifyDirectoryIntegrity: OK
[2026-07-16 11:30:47] Directory integrity check passed
[2026-07-16 11:30:47] IntegrityGuard detection: NONE
[2026-07-16 11:30:47] IntegrityGuard initialized
[2026-07-16 11:30:47] IntegrityGuard runtime monitoring started
[2026-07-16 11:30:47] ElevationService configured
[2026-07-16 11:30:48] Creating MainWindow shell
[2026-07-16 11:30:48] MainWindow shell shown + PlayShellEnter
[2026-07-16 11:30:48] ViewManager initialized
[2026-07-16 11:30:48] Navigating to SplashScreenView
[2026-07-16 11:30:48] SplashScreenView.ctor begin
[2026-07-16 11:30:48] SplashScreenView.ctor InitializeComponent done
[2026-07-16 11:30:48] SplashScreenView.Loaded
[2026-07-16 11:30:58] SplashScreenView.LoadingComplete
[2026-07-16 11:30:58] ShowMainWindow: navigate to MainForm first, then show ElevationDialog
[2026-07-16 11:30:58] MainFormView.ctor begin
[2026-07-16 11:30:58] MainFormView.ctor InitializeComponent done
[2026-07-16 11:30:58] MainFormView.Loaded
[2026-07-16 11:32:34] ElevationDialog result: ContinueNormal
[2026-07-16 11:32:34] MainFormView.Loaded
[2026-07-16 11:34:19] ProModeView.ctor begin
[2026-07-16 11:34:19] ProModeView.ctor InitializeComponent done
[2026-07-16 11:34:20] ProModeView.OnLoaded begin
[2026-07-16 11:34:20] ProModeView.OnLoaded end
[2026-07-16 11:34:43] ProModeView.OnLoaded begin
[2026-07-16 11:34:43] ProModeView.OnLoaded end
[2026-07-16 11:34:52] ProModeView.OnLoaded begin
[2026-07-16 11:34:52] ProModeView.OnLoaded end
[2026-07-16 11:34:56] MainFormView.Loaded
[2026-07-16 11:35:33] ProModeView.OnLoaded begin
[2026-07-16 11:35:33] ProModeView.OnLoaded end
[2026-07-16 11:35:37] MainFormView.Loaded
[2026-07-16 11:35:40] ProModeView.OnLoaded begin
[2026-07-16 11:35:40] ProModeView.OnLoaded end
[2026-07-16 11:35:47] ProModeView.OnLoaded begin
[2026-07-16 11:35:47] ProModeView.OnLoaded end
[2026-07-16 11:36:46] PerformExitCleanup: done
[2026-07-16 11:36:46] PerformExitCleanup: done
[2026-07-16 11:57:56] WPF_RENDER_TIER=2 (0=Software, 1=2D Hardware, 2=Advanced Hardware)
[2026-07-16 11:57:56] AssemblyLoad guard registered
[2026-07-16 11:57:56] OnStartup
[2026-07-16 11:57:56] SECURITY: unverified --launched-by-exe flag detected, resetting to false
[2026-07-16 11:57:56] Password verification skipped: parent process is AURORA (AURORA-AnalyzerWPF, PID=240440)
[2026-07-16 11:57:56] Password verification passed
[2026-07-16 11:57:57] AURORA_PERF_TIER=Extreme
[2026-07-16 11:57:57] PERF_SCORE_DIAG: cores=16 ramMB=32506 ramGB=32 baseClockMHz=2304 gpuScore=80 perfScore=723.04 gpuDiag=GPU=NVIDIA GeForce RTX 3060 Laptop GPU | Vendor=NVIDIA | VRAM=4096MB | D3D9Ex=OK | Score=80 | Driver=32.0.15.9174
[2026-07-16 11:57:57] HARDWARE_DIAG: cores=16 | gpuName=NVIDIA GeForce RTX 3060 Laptop GPU gpuVendor=NVIDIA d3d9ex=True gpuVramMB=4096 gpuScore=80 backend=D3D9Ex
[2026-07-16 11:57:57] AURORA_LANGUAGE=CHS
[2026-07-16 11:57:57] AURORA_IS_LAUNCHED_BY_EXE=True
[2026-07-16 11:57:57] VerifyDirectoryIntegrity: OK
[2026-07-16 11:57:57] Directory integrity check passed
[2026-07-16 11:57:57] IntegrityGuard detection: NONE
[2026-07-16 11:57:57] IntegrityGuard initialized
[2026-07-16 11:57:57] IntegrityGuard runtime monitoring started
[2026-07-16 11:57:57] ElevationService configured
[2026-07-16 11:57:57] Creating MainWindow shell
[2026-07-16 11:57:58] MainWindow shell shown + PlayShellEnter
[2026-07-16 11:57:58] ViewManager initialized
[2026-07-16 11:57:58] Navigating to SplashScreenView
[2026-07-16 11:57:58] SplashScreenView.ctor begin
[2026-07-16 11:57:58] SplashScreenView.ctor InitializeComponent done
[2026-07-16 11:57:58] SplashScreenView.Loaded
[2026-07-16 11:58:08] SplashScreenView.LoadingComplete
[2026-07-16 11:58:08] ShowMainWindow: navigate to ElevationDialog (before MainForm)
[2026-07-16 11:58:11] ElevationDialog result: ContinueNormal
[2026-07-16 11:58:11] MainFormView.ctor begin
[2026-07-16 11:58:11] MainFormView.ctor InitializeComponent done
[2026-07-16 11:58:12] MainFormView.Loaded
[2026-07-16 11:58:20] ProModeView.ctor begin
[2026-07-16 11:58:20] ProModeView.ctor InitializeComponent done
[2026-07-16 11:58:21] ProModeView.OnLoaded begin
[2026-07-16 11:58:21] ProModeView.OnLoaded end
[2026-07-16 11:58:39] ProModeView.OnLoaded begin
[2026-07-16 11:58:39] ProModeView.OnLoaded end
[2026-07-16 11:58:43] MainFormView.Loaded
[2026-07-16 11:59:46] ProModeView.OnLoaded begin
[2026-07-16 11:59:46] ProModeView.OnLoaded end
[2026-07-16 11:59:53] ProModeView.OnLoaded begin
[2026-07-16 11:59:53] ProModeView.OnLoaded end
[2026-07-16 11:59:57] MainFormView.Loaded
[2026-07-16 12:00:00] ProModeView.OnLoaded begin
[2026-07-16 12:00:00] ProModeView.OnLoaded end
[2026-07-16 12:00:41] ProModeView.OnLoaded begin
[2026-07-16 12:00:41] ProModeView.OnLoaded end
[2026-07-16 12:00:44] MainFormView.Loaded
[2026-07-16 12:00:50] PerformExitCleanup: done
[2026-07-16 12:00:50] PerformExitCleanup: done
[2026-07-16 12:40:12] WPF_RENDER_TIER=2 (0=Software, 1=2D Hardware, 2=Advanced Hardware)
[2026-07-16 12:40:12] AssemblyLoad guard registered
[2026-07-16 12:40:12] OnStartup
[2026-07-16 12:40:12] SECURITY: unverified --launched-by-exe flag detected, resetting to false
[2026-07-16 12:40:12] Password verification skipped: parent process is AURORA (AURORA-AnalyzerWPF, PID=242388)
[2026-07-16 12:40:12] Password verification passed
[2026-07-16 12:40:13] AURORA_PERF_TIER=Extreme
[2026-07-16 12:40:13] PERF_SCORE_DIAG: cores=16 ramMB=32506 ramGB=32 baseClockMHz=2304 gpuScore=80 perfScore=723.04 gpuDiag=GPU=NVIDIA GeForce RTX 3060 Laptop GPU | Vendor=NVIDIA | VRAM=4096MB | D3D9Ex=OK | Score=80 | Driver=32.0.15.9174
[2026-07-16 12:40:13] HARDWARE_DIAG: cores=16 | gpuName=NVIDIA GeForce RTX 3060 Laptop GPU gpuVendor=NVIDIA d3d9ex=True gpuVramMB=4096 gpuScore=80 backend=D3D9Ex
[2026-07-16 12:40:13] AURORA_LANGUAGE=CHS
[2026-07-16 12:40:13] AURORA_IS_LAUNCHED_BY_EXE=True
[2026-07-16 12:40:13] VerifyDirectoryIntegrity: OK
[2026-07-16 12:40:13] Directory integrity check passed
[2026-07-16 12:40:13] IntegrityGuard detection: NONE
[2026-07-16 12:40:13] IntegrityGuard initialized
[2026-07-16 12:40:13] IntegrityGuard runtime monitoring started
[2026-07-16 12:40:13] ElevationService configured
[2026-07-16 12:40:13] Creating MainWindow shell
[2026-07-16 12:40:14] MainWindow shell shown + PlayShellEnter
[2026-07-16 12:40:14] ViewManager initialized
[2026-07-16 12:40:14] Navigating to SplashScreenView
[2026-07-16 12:40:14] SplashScreenView.ctor begin
[2026-07-16 12:40:14] SplashScreenView.ctor InitializeComponent done
[2026-07-16 12:40:14] SplashScreenView.Loaded
[2026-07-16 12:40:24] SplashScreenView.LoadingComplete
[2026-07-16 12:40:24] ShowMainWindow: navigate to ElevationDialog (before MainForm)
[2026-07-16 12:40:27] ElevationDialog result: ContinueNormal
[2026-07-16 12:40:27] MainFormView.ctor begin
[2026-07-16 12:40:27] MainFormView.ctor InitializeComponent done
[2026-07-16 12:40:28] MainFormView.Loaded
[2026-07-16 12:40:43] ProModeView.ctor begin
[2026-07-16 12:40:43] ProModeView.ctor InitializeComponent done
[2026-07-16 12:40:45] ProModeView.OnLoaded begin
[2026-07-16 12:40:45] ProModeView.OnLoaded end
[2026-07-16 12:41:00] ProModeView.OnLoaded begin
[2026-07-16 12:41:00] ProModeView.OnLoaded end
[2026-07-16 12:41:12] ProModeView.OnLoaded begin
[2026-07-16 12:41:12] ProModeView.OnLoaded end
[2026-07-16 12:41:23] ProModeView.OnLoaded begin
[2026-07-16 12:41:23] ProModeView.OnLoaded end
[2026-07-16 12:41:27] MainFormView.Loaded
[2026-07-16 12:41:40] ProModeView.OnLoaded begin
[2026-07-16 12:41:40] ProModeView.OnLoaded end
[2026-07-16 12:42:03] PerformExitCleanup: done
[2026-07-16 12:42:03] PerformExitCleanup: done
[2026-07-16 12:43:59] WPF_RENDER_TIER=2 (0=Software, 1=2D Hardware, 2=Advanced Hardware)
[2026-07-16 12:43:59] AssemblyLoad guard registered
[2026-07-16 12:43:59] OnStartup
[2026-07-16 12:43:59] SECURITY: unverified --launched-by-exe flag detected, resetting to false
[2026-07-16 12:43:59] Password verification skipped: parent process is AURORA (AURORA-AnalyzerWPF, PID=251004)
[2026-07-16 12:43:59] Password verification passed
[2026-07-16 12:43:59] AURORA_PERF_TIER=Extreme
[2026-07-16 12:43:59] PERF_SCORE_DIAG: cores=16 ramMB=32506 ramGB=32 baseClockMHz=2304 gpuScore=80 perfScore=723.04 gpuDiag=GPU=NVIDIA GeForce RTX 3060 Laptop GPU | Vendor=NVIDIA | VRAM=4096MB | D3D9Ex=OK | Score=80 | Driver=32.0.15.9174
[2026-07-16 12:43:59] HARDWARE_DIAG: cores=16 | gpuName=NVIDIA GeForce RTX 3060 Laptop GPU gpuVendor=NVIDIA d3d9ex=True gpuVramMB=4096 gpuScore=80 backend=D3D9Ex
[2026-07-16 12:43:59] AURORA_LANGUAGE=CHS
[2026-07-16 12:43:59] AURORA_IS_LAUNCHED_BY_EXE=True
[2026-07-16 12:43:59] VerifyDirectoryIntegrity: OK
[2026-07-16 12:43:59] Directory integrity check passed
[2026-07-16 12:43:59] IntegrityGuard detection: NONE
[2026-07-16 12:43:59] IntegrityGuard initialized
[2026-07-16 12:43:59] IntegrityGuard runtime monitoring started
[2026-07-16 12:43:59] ElevationService configured
[2026-07-16 12:43:59] Creating MainWindow shell
[2026-07-16 12:44:00] MainWindow shell shown + PlayShellEnter
[2026-07-16 12:44:00] ViewManager initialized
[2026-07-16 12:44:00] Navigating to SplashScreenView
[2026-07-16 12:44:00] SplashScreenView.ctor begin
[2026-07-16 12:44:00] SplashScreenView.ctor InitializeComponent done
[2026-07-16 12:44:00] SplashScreenView.Loaded
[2026-07-16 12:44:10] SplashScreenView.LoadingComplete
[2026-07-16 12:44:10] ShowMainWindow: navigate to ElevationDialog (before MainForm)
[2026-07-16 12:44:15] ElevationDialog result: ContinueNormal
[2026-07-16 12:44:15] MainFormView.ctor begin
[2026-07-16 12:44:15] MainFormView.ctor InitializeComponent done
[2026-07-16 12:44:16] MainFormView.Loaded
[2026-07-16 12:45:31] ProModeView.ctor begin
[2026-07-16 12:45:31] ProModeView.ctor InitializeComponent done
[2026-07-16 12:45:32] ProModeView.OnLoaded begin
[2026-07-16 12:45:32] ProModeView.OnLoaded end
[2026-07-16 12:45:37] MainFormView.Loaded
[2026-07-16 12:45:40] ProModeView.OnLoaded begin
[2026-07-16 12:45:40] ProModeView.OnLoaded end
[2026-07-16 12:45:51] ProModeView.OnLoaded begin
[2026-07-16 12:45:51] ProModeView.OnLoaded end
[2026-07-16 12:46:01] ProModeView.OnLoaded begin
[2026-07-16 12:46:01] ProModeView.OnLoaded end
[2026-07-16 12:46:08] ProModeView.OnLoaded begin
[2026-07-16 12:46:08] ProModeView.OnLoaded end
[2026-07-16 12:46:59] ProModeView.OnLoaded begin
[2026-07-16 12:46:59] ProModeView.OnLoaded end
[2026-07-16 12:47:06] ProModeView.OnLoaded begin
[2026-07-16 12:47:06] ProModeView.OnLoaded end
[2026-07-16 12:47:09] MainFormView.Loaded
[2026-07-16 12:47:11] ProModeView.OnLoaded begin
[2026-07-16 12:47:11] ProModeView.OnLoaded end
[2026-07-16 12:47:18] ProModeView.OnLoaded begin
[2026-07-16 12:47:18] ProModeView.OnLoaded end
[2026-07-16 12:47:26] ProModeView.OnLoaded begin
[2026-07-16 12:47:26] ProModeView.OnLoaded end
[2026-07-16 12:47:32] ProModeView.OnLoaded begin
[2026-07-16 12:47:32] ProModeView.OnLoaded end
[2026-07-16 13:09:29] PerformExitCleanup: done
[2026-07-16 13:09:29] PerformExitCleanup: done
[2026-07-16 13:09:45] WPF_RENDER_TIER=2 (0=Software, 1=2D Hardware, 2=Advanced Hardware)
[2026-07-16 13:09:45] AssemblyLoad guard registered
[2026-07-16 13:09:45] OnStartup
[2026-07-16 13:09:45] SECURITY: unverified --launched-by-exe flag detected, resetting to false
[2026-07-16 13:09:45] Password verification skipped: parent process is AURORA (AURORA-AnalyzerWPF, PID=245748)
[2026-07-16 13:09:45] Password verification passed
[2026-07-16 13:09:46] AURORA_PERF_TIER=Extreme
[2026-07-16 13:09:46] PERF_SCORE_DIAG: cores=16 ramMB=32506 ramGB=32 baseClockMHz=2304 gpuScore=80 perfScore=723.04 gpuDiag=GPU=NVIDIA GeForce RTX 3060 Laptop GPU | Vendor=NVIDIA | VRAM=4096MB | D3D9Ex=OK | Score=80 | Driver=32.0.15.9174
[2026-07-16 13:09:46] HARDWARE_DIAG: cores=16 | gpuName=NVIDIA GeForce RTX 3060 Laptop GPU gpuVendor=NVIDIA d3d9ex=True gpuVramMB=4096 gpuScore=80 backend=D3D9Ex
[2026-07-16 13:09:46] AURORA_LANGUAGE=CHS
[2026-07-16 13:09:46] AURORA_IS_LAUNCHED_BY_EXE=True
[2026-07-16 13:09:46] VerifyDirectoryIntegrity: OK
[2026-07-16 13:09:46] Directory integrity check passed
[2026-07-16 13:09:46] IntegrityGuard detection: NONE
[2026-07-16 13:09:46] IntegrityGuard initialized
[2026-07-16 13:09:46] IntegrityGuard runtime monitoring started
[2026-07-16 13:09:46] ElevationService configured
[2026-07-16 13:09:46] Creating MainWindow shell
[2026-07-16 13:09:47] MainWindow shell shown + PlayShellEnter
[2026-07-16 13:09:47] ViewManager initialized
[2026-07-16 13:09:47] Navigating to SplashScreenView
[2026-07-16 13:09:47] SplashScreenView.ctor begin
[2026-07-16 13:09:47] SplashScreenView.ctor InitializeComponent done
[2026-07-16 13:09:47] SplashScreenView.Loaded
[2026-07-16 13:09:56] SplashScreenView.LoadingComplete
[2026-07-16 13:09:56] ShowMainWindow: navigate to ElevationDialog (before MainForm)
[2026-07-16 13:10:00] ElevationDialog result: ContinueNormal
[2026-07-16 13:10:00] MainFormView.ctor begin
[2026-07-16 13:10:00] MainFormView.ctor InitializeComponent done
[2026-07-16 13:10:01] MainFormView.Loaded
[2026-07-16 13:10:11] ProModeView.ctor begin
[2026-07-16 13:10:11] ProModeView.ctor InitializeComponent done
[2026-07-16 13:10:12] ProModeView.OnLoaded begin
[2026-07-16 13:10:12] ProModeView.OnLoaded end
[2026-07-16 13:10:28] ProModeView.OnLoaded begin
[2026-07-16 13:10:28] ProModeView.OnLoaded end
[2026-07-16 13:10:36] ProModeView.OnLoaded begin
[2026-07-16 13:10:36] ProModeView.OnLoaded end
[2026-07-16 13:10:55] ProModeView.OnLoaded begin
[2026-07-16 13:10:55] ProModeView.OnLoaded end
[2026-07-16 13:11:00] MainFormView.Loaded
[2026-07-16 13:11:04] ProModeView.OnLoaded begin
[2026-07-16 13:11:04] ProModeView.OnLoaded end
[2026-07-16 13:11:21] ProModeView.OnLoaded begin
[2026-07-16 13:11:21] ProModeView.OnLoaded end
[2026-07-16 13:11:25] MainFormView.Loaded
[2026-07-16 13:11:33] PerformExitCleanup: done
[2026-07-16 13:11:33] PerformExitCleanup: done
[2026-07-16 13:31:06] WPF_RENDER_TIER=2 (0=Software, 1=2D Hardware, 2=Advanced Hardware)
[2026-07-16 13:31:06] AssemblyLoad guard registered
[2026-07-16 13:31:06] OnStartup
[2026-07-16 13:31:06] SECURITY: unverified --launched-by-exe flag detected, resetting to false
[2026-07-16 13:31:06] Password verification skipped: parent process is AURORA (AURORA-AnalyzerWPF, PID=248880)
[2026-07-16 13:31:06] Password verification passed
[2026-07-16 13:31:06] AURORA_PERF_TIER=Extreme
[2026-07-16 13:31:06] PERF_SCORE_DIAG: cores=16 ramMB=32506 ramGB=32 baseClockMHz=2304 gpuScore=80 perfScore=723.04 gpuDiag=GPU=NVIDIA GeForce RTX 3060 Laptop GPU | Vendor=NVIDIA | VRAM=4096MB | D3D9Ex=OK | Score=80 | Driver=32.0.15.9174
[2026-07-16 13:31:06] HARDWARE_DIAG: cores=16 | gpuName=NVIDIA GeForce RTX 3060 Laptop GPU gpuVendor=NVIDIA d3d9ex=True gpuVramMB=4096 gpuScore=80 backend=D3D9Ex
[2026-07-16 13:31:06] AURORA_LANGUAGE=CHS
[2026-07-16 13:31:06] AURORA_IS_LAUNCHED_BY_EXE=True
[2026-07-16 13:31:06] VerifyDirectoryIntegrity: OK
[2026-07-16 13:31:06] Directory integrity check passed
[2026-07-16 13:31:06] IntegrityGuard detection: NONE
[2026-07-16 13:31:06] IntegrityGuard initialized
[2026-07-16 13:31:06] IntegrityGuard runtime monitoring started
[2026-07-16 13:31:06] ElevationService configured
[2026-07-16 13:31:07] Creating MainWindow shell
[2026-07-16 13:31:07] MainWindow shell shown + PlayShellEnter
[2026-07-16 13:31:07] ViewManager initialized
[2026-07-16 13:31:07] Navigating to SplashScreenView
[2026-07-16 13:31:07] SplashScreenView.ctor begin
[2026-07-16 13:31:07] SplashScreenView.ctor InitializeComponent done
[2026-07-16 13:31:07] SplashScreenView.Loaded
[2026-07-16 13:31:17] SplashScreenView.LoadingComplete
[2026-07-16 13:31:17] ShowMainWindow: navigate to ElevationDialog (before MainForm)
[2026-07-16 13:31:21] ElevationDialog result: ContinueNormal
[2026-07-16 13:31:21] MainFormView.ctor begin
[2026-07-16 13:31:22] MainFormView.ctor InitializeComponent done
[2026-07-16 13:31:22] MainFormView.Loaded
[2026-07-16 13:31:39] PerformExitCleanup: done
[2026-07-16 13:31:39] PerformExitCleanup: done
[2026-07-16 13:31:41] WPF_RENDER_TIER=2 (0=Software, 1=2D Hardware, 2=Advanced Hardware)
[2026-07-16 13:31:41] AssemblyLoad guard registered
[2026-07-16 13:31:41] OnStartup
[2026-07-16 13:31:41] SECURITY: unverified --launched-by-exe flag detected, resetting to false
[2026-07-16 13:31:41] Password verification skipped: parent process is AURORA (AURORA-AnalyzerWPF, PID=240328)
[2026-07-16 13:31:41] Password verification passed
[2026-07-16 13:31:41] AURORA_PERF_TIER=Extreme
[2026-07-16 13:31:41] PERF_SCORE_DIAG: cores=16 ramMB=32506 ramGB=32 baseClockMHz=2304 gpuScore=80 perfScore=723.04 gpuDiag=GPU=NVIDIA GeForce RTX 3060 Laptop GPU | Vendor=NVIDIA | VRAM=4096MB | D3D9Ex=OK | Score=80 | Driver=32.0.15.9174
[2026-07-16 13:31:41] HARDWARE_DIAG: cores=16 | gpuName=NVIDIA GeForce RTX 3060 Laptop GPU gpuVendor=NVIDIA d3d9ex=True gpuVramMB=4096 gpuScore=80 backend=D3D9Ex
[2026-07-16 13:31:41] AURORA_LANGUAGE=CHS
[2026-07-16 13:31:41] AURORA_IS_LAUNCHED_BY_EXE=True
[2026-07-16 13:31:41] VerifyDirectoryIntegrity: OK
[2026-07-16 13:31:41] Directory integrity check passed
[2026-07-16 13:31:41] IntegrityGuard detection: NONE
[2026-07-16 13:31:41] IntegrityGuard initialized
[2026-07-16 13:31:41] IntegrityGuard runtime monitoring started
[2026-07-16 13:31:41] ElevationService configured
[2026-07-16 13:31:41] Creating MainWindow shell
[2026-07-16 13:31:42] MainWindow shell shown + PlayShellEnter
[2026-07-16 13:31:42] ViewManager initialized
[2026-07-16 13:31:42] Navigating to SplashScreenView
[2026-07-16 13:31:42] SplashScreenView.ctor begin
[2026-07-16 13:31:42] SplashScreenView.ctor InitializeComponent done
[2026-07-16 13:31:42] SplashScreenView.Loaded
[2026-07-16 13:31:52] SplashScreenView.LoadingComplete
[2026-07-16 13:31:52] ShowMainWindow: navigate to ElevationDialog (before MainForm)
[2026-07-16 13:31:56] ElevationDialog result: ContinueNormal
[2026-07-16 13:31:56] MainFormView.ctor begin
[2026-07-16 13:31:56] MainFormView.ctor InitializeComponent done
[2026-07-16 13:31:56] MainFormView.Loaded
[2026-07-16 13:32:32] ProModeView.ctor begin
[2026-07-16 13:32:32] ProModeView.ctor InitializeComponent done
[2026-07-16 13:32:33] ProModeView.OnLoaded begin
[2026-07-16 13:32:33] ProModeView.OnLoaded end
[2026-07-16 13:32:41] ProModeView.OnLoaded begin
[2026-07-16 13:32:41] ProModeView.OnLoaded end
[2026-07-16 13:32:48] ProModeView.OnLoaded begin
[2026-07-16 13:32:48] ProModeView.OnLoaded end
[2026-07-16 13:33:23] ProModeView.OnLoaded begin
[2026-07-16 13:33:23] ProModeView.OnLoaded end
[2026-07-16 13:35:34] MainFormView.Loaded
[2026-07-16 13:36:09] PerformExitCleanup: done
[2026-07-16 13:36:09] PerformExitCleanup: done
[2026-07-16 13:52:39] WPF_RENDER_TIER=2 (0=Software, 1=2D Hardware, 2=Advanced Hardware)
[2026-07-16 13:52:39] AssemblyLoad guard registered
[2026-07-16 13:52:39] OnStartup
[2026-07-16 13:52:39] SECURITY: unverified --launched-by-exe flag detected, resetting to false
[2026-07-16 13:52:39] Password verification skipped: parent process is AURORA (AURORA-AnalyzerWPF, PID=255620)
[2026-07-16 13:52:39] Password verification passed
[2026-07-16 13:52:39] AURORA_PERF_TIER=Extreme
[2026-07-16 13:52:39] PERF_SCORE_DIAG: cores=16 ramMB=32506 ramGB=32 baseClockMHz=2304 gpuScore=80 perfScore=723.04 gpuDiag=GPU=NVIDIA GeForce RTX 3060 Laptop GPU | Vendor=NVIDIA | VRAM=4096MB | D3D9Ex=OK | Score=80 | Driver=32.0.15.9174
[2026-07-16 13:52:39] HARDWARE_DIAG: cores=16 | gpuName=NVIDIA GeForce RTX 3060 Laptop GPU gpuVendor=NVIDIA d3d9ex=True gpuVramMB=4096 gpuScore=80 backend=D3D9Ex
[2026-07-16 13:52:39] AURORA_LANGUAGE=CHS
[2026-07-16 13:52:39] AURORA_IS_LAUNCHED_BY_EXE=True
[2026-07-16 13:52:39] VerifyDirectoryIntegrity: OK
[2026-07-16 13:52:39] Directory integrity check passed
[2026-07-16 13:52:40] IntegrityGuard detection: NONE
[2026-07-16 13:52:40] IntegrityGuard initialized
[2026-07-16 13:52:40] IntegrityGuard runtime monitoring started
[2026-07-16 13:52:40] ElevationService configured
[2026-07-16 13:52:40] Creating MainWindow shell
[2026-07-16 13:52:41] MainWindow shell shown + PlayShellEnter
[2026-07-16 13:52:41] ViewManager initialized
[2026-07-16 13:52:41] Navigating to SplashScreenView
[2026-07-16 13:52:41] SplashScreenView.ctor begin
[2026-07-16 13:52:41] SplashScreenView.ctor InitializeComponent done
[2026-07-16 13:52:41] SplashScreenView.Loaded
[2026-07-16 13:52:50] SplashScreenView.LoadingComplete
[2026-07-16 13:52:50] ShowMainWindow: navigate to ElevationDialog (before MainForm)
[2026-07-16 13:52:53] ElevationDialog result: ContinueNormal
[2026-07-16 13:52:53] MainFormView.ctor begin
[2026-07-16 13:52:53] MainFormView.ctor InitializeComponent done
[2026-07-16 13:52:54] MainFormView.Loaded
[2026-07-16 13:53:02] ProModeView.ctor begin
[2026-07-16 13:53:02] ProModeView.ctor InitializeComponent done
[2026-07-16 13:53:03] ProModeView.OnLoaded begin
[2026-07-16 13:53:03] ProModeView.OnLoaded end
[2026-07-16 13:53:33] ProModeView.OnLoaded begin
[2026-07-16 13:53:33] ProModeView.OnLoaded end
[2026-07-16 13:53:36] MainFormView.Loaded
[2026-07-16 13:53:43] PerformExitCleanup: done
[2026-07-16 13:53:43] PerformExitCleanup: done
[2026-07-16 14:20:28] WPF_RENDER_TIER=2 (0=Software, 1=2D Hardware, 2=Advanced Hardware)
[2026-07-16 14:20:28] AssemblyLoad guard registered
[2026-07-16 14:20:28] OnStartup
[2026-07-16 14:20:28] SECURITY: unverified --launched-by-exe flag detected, resetting to false
[2026-07-16 14:20:28] Password verification skipped: parent process is AURORA (AURORA-AnalyzerWPF, PID=6300)
[2026-07-16 14:20:28] Password verification passed
[2026-07-16 14:20:28] AURORA_PERF_TIER=Extreme
[2026-07-16 14:20:28] PERF_SCORE_DIAG: cores=16 ramMB=32506 ramGB=32 baseClockMHz=2304 gpuScore=80 perfScore=723.04 gpuDiag=GPU=NVIDIA GeForce RTX 3060 Laptop GPU | Vendor=NVIDIA | VRAM=4096MB | D3D9Ex=OK | Score=80 | Driver=32.0.15.9174
[2026-07-16 14:20:28] HARDWARE_DIAG: cores=16 | gpuName=NVIDIA GeForce RTX 3060 Laptop GPU gpuVendor=NVIDIA d3d9ex=True gpuVramMB=4096 gpuScore=80 backend=D3D9Ex
[2026-07-16 14:20:28] AURORA_LANGUAGE=CHS
[2026-07-16 14:20:28] AURORA_IS_LAUNCHED_BY_EXE=True
[2026-07-16 14:20:28] VerifyDirectoryIntegrity: OK
[2026-07-16 14:20:28] Directory integrity check passed
[2026-07-16 14:20:29] IntegrityGuard detection: NONE
[2026-07-16 14:20:29] IntegrityGuard initialized
[2026-07-16 14:20:29] IntegrityGuard runtime monitoring started
[2026-07-16 14:20:29] ElevationService configured
[2026-07-16 14:20:29] Creating MainWindow shell
[2026-07-16 14:20:30] MainWindow shell shown + PlayShellEnter
[2026-07-16 14:20:30] ViewManager initialized
[2026-07-16 14:20:30] Navigating to SplashScreenView
[2026-07-16 14:20:30] SplashScreenView.ctor begin
[2026-07-16 14:20:30] SplashScreenView.ctor InitializeComponent done
[2026-07-16 14:20:30] SplashScreenView.Loaded
[2026-07-16 14:20:40] SplashScreenView.LoadingComplete
[2026-07-16 14:20:40] ShowMainWindow: navigate to ElevationDialog (before MainForm)
[2026-07-16 14:20:43] ElevationDialog result: ContinueNormal
[2026-07-16 14:20:43] MainFormView.ctor begin
[2026-07-16 14:20:43] MainFormView.ctor InitializeComponent done
[2026-07-16 14:20:44] MainFormView.Loaded
[2026-07-16 14:22:44] ProModeView.ctor begin
[2026-07-16 14:22:44] ProModeView.ctor InitializeComponent done
[2026-07-16 14:22:46] ProModeView.OnLoaded begin
[2026-07-16 14:22:46] ProModeView.OnLoaded end
[2026-07-16 14:23:02] ProModeView.OnLoaded begin
[2026-07-16 14:23:02] ProModeView.OnLoaded end
[2026-07-16 14:23:05] PerformExitCleanup: done
[2026-07-16 14:23:05] PerformExitCleanup: done
[2026-07-16 14:26:19] WPF_RENDER_TIER=2 (0=Software, 1=2D Hardware, 2=Advanced Hardware)
[2026-07-16 14:26:19] AssemblyLoad guard registered
[2026-07-16 14:26:19] OnStartup
[2026-07-16 14:26:19] SECURITY: unverified --launched-by-exe flag detected, resetting to false
[2026-07-16 14:26:19] Password verification skipped: parent process is AURORA (AURORA-AnalyzerWPF, PID=4152)
[2026-07-16 14:26:19] Password verification passed
[2026-07-16 14:26:20] AURORA_PERF_TIER=Extreme
[2026-07-16 14:26:20] PERF_SCORE_DIAG: cores=16 ramMB=32506 ramGB=32 baseClockMHz=2304 gpuScore=80 perfScore=723.04 gpuDiag=GPU=NVIDIA GeForce RTX 3060 Laptop GPU | Vendor=NVIDIA | VRAM=4096MB | D3D9Ex=OK | Score=80 | Driver=32.0.15.9174
[2026-07-16 14:26:20] HARDWARE_DIAG: cores=16 | gpuName=NVIDIA GeForce RTX 3060 Laptop GPU gpuVendor=NVIDIA d3d9ex=True gpuVramMB=4096 gpuScore=80 backend=D3D9Ex
[2026-07-16 14:26:20] AURORA_LANGUAGE=CHS
[2026-07-16 14:26:20] AURORA_IS_LAUNCHED_BY_EXE=True
[2026-07-16 14:26:20] VerifyDirectoryIntegrity: OK
[2026-07-16 14:26:20] Directory integrity check passed
[2026-07-16 14:26:20] IntegrityGuard detection: NONE
[2026-07-16 14:26:20] IntegrityGuard initialized
[2026-07-16 14:26:20] IntegrityGuard runtime monitoring started
[2026-07-16 14:26:20] ElevationService configured
[2026-07-16 14:26:20] Creating MainWindow shell
[2026-07-16 14:26:20] MainWindow shell shown + PlayShellEnter
[2026-07-16 14:26:20] ViewManager initialized
[2026-07-16 14:26:20] Navigating to SplashScreenView
[2026-07-16 14:26:20] SplashScreenView.ctor begin
[2026-07-16 14:26:20] SplashScreenView.ctor InitializeComponent done
[2026-07-16 14:26:20] SplashScreenView.Loaded
[2026-07-16 14:26:30] SplashScreenView.LoadingComplete
[2026-07-16 14:26:30] ShowMainWindow: navigate to ElevationDialog (before MainForm)
[2026-07-16 14:27:27] ElevationDialog result: ContinueNormal
[2026-07-16 14:27:27] MainFormView.ctor begin
[2026-07-16 14:27:27] MainFormView.ctor InitializeComponent done
[2026-07-16 14:27:28] MainFormView.Loaded
[2026-07-16 14:28:31] PerformExitCleanup: done
[2026-07-16 14:28:31] PerformExitCleanup: done
[2026-07-16 14:28:33] WPF_RENDER_TIER=2 (0=Software, 1=2D Hardware, 2=Advanced Hardware)
[2026-07-16 14:28:33] AssemblyLoad guard registered
[2026-07-16 14:28:33] OnStartup
[2026-07-16 14:28:33] SECURITY: unverified --launched-by-exe flag detected, resetting to false
[2026-07-16 14:28:33] Password verification skipped: parent process is AURORA (AURORA-AnalyzerWPF, PID=31420)
[2026-07-16 14:28:33] Password verification passed
[2026-07-16 14:28:33] AURORA_PERF_TIER=Extreme
[2026-07-16 14:28:33] PERF_SCORE_DIAG: cores=16 ramMB=32506 ramGB=32 baseClockMHz=2304 gpuScore=80 perfScore=723.04 gpuDiag=GPU=NVIDIA GeForce RTX 3060 Laptop GPU | Vendor=NVIDIA | VRAM=4096MB | D3D9Ex=OK | Score=80 | Driver=32.0.15.9174
[2026-07-16 14:28:33] HARDWARE_DIAG: cores=16 | gpuName=NVIDIA GeForce RTX 3060 Laptop GPU gpuVendor=NVIDIA d3d9ex=True gpuVramMB=4096 gpuScore=80 backend=D3D9Ex
[2026-07-16 14:28:33] AURORA_LANGUAGE=CHS
[2026-07-16 14:28:33] AURORA_IS_LAUNCHED_BY_EXE=True
[2026-07-16 14:28:33] VerifyDirectoryIntegrity: OK
[2026-07-16 14:28:33] Directory integrity check passed
[2026-07-16 14:28:33] IntegrityGuard detection: NONE
[2026-07-16 14:28:33] IntegrityGuard initialized
[2026-07-16 14:28:33] IntegrityGuard runtime monitoring started
[2026-07-16 14:28:33] ElevationService configured
[2026-07-16 14:28:34] Creating MainWindow shell
[2026-07-16 14:28:34] MainWindow shell shown + PlayShellEnter
[2026-07-16 14:28:34] ViewManager initialized
[2026-07-16 14:28:34] Navigating to SplashScreenView
[2026-07-16 14:28:34] SplashScreenView.ctor begin
[2026-07-16 14:28:34] SplashScreenView.ctor InitializeComponent done
[2026-07-16 14:28:34] SplashScreenView.Loaded
[2026-07-16 14:28:44] SplashScreenView.LoadingComplete
[2026-07-16 14:28:44] ShowMainWindow: navigate to ElevationDialog (before MainForm)
[2026-07-16 14:28:47] ElevationDialog result: ContinueNormal
[2026-07-16 14:28:47] MainFormView.ctor begin
[2026-07-16 14:28:47] MainFormView.ctor InitializeComponent done
[2026-07-16 14:28:48] MainFormView.Loaded
[2026-07-16 14:28:54] ProModeView.ctor begin
[2026-07-16 14:28:54] ProModeView.ctor InitializeComponent done
[2026-07-16 14:28:55] ProModeView.OnLoaded begin
[2026-07-16 14:28:55] ProModeView.OnLoaded end
[2026-07-16 14:28:59] PerformExitCleanup: done
[2026-07-16 14:28:59] PerformExitCleanup: done
[2026-07-16 14:38:00] WPF_RENDER_TIER=2 (0=Software, 1=2D Hardware, 2=Advanced Hardware)
[2026-07-16 14:38:00] AssemblyLoad guard registered
[2026-07-16 14:38:00] OnStartup
[2026-07-16 14:38:00] SECURITY: unverified --launched-by-exe flag detected, resetting to false
[2026-07-16 14:38:00] Password verification skipped: parent process is AURORA (AURORA-AnalyzerWPF, PID=21108)
[2026-07-16 14:38:00] Password verification passed
[2026-07-16 14:38:00] AURORA_PERF_TIER=Extreme
[2026-07-16 14:38:00] PERF_SCORE_DIAG: cores=16 ramMB=32506 ramGB=32 baseClockMHz=2304 gpuScore=80 perfScore=723.04 gpuDiag=GPU=NVIDIA GeForce RTX 3060 Laptop GPU | Vendor=NVIDIA | VRAM=4096MB | D3D9Ex=OK | Score=80 | Driver=32.0.15.9174
[2026-07-16 14:38:00] HARDWARE_DIAG: cores=16 | gpuName=NVIDIA GeForce RTX 3060 Laptop GPU gpuVendor=NVIDIA d3d9ex=True gpuVramMB=4096 gpuScore=80 backend=D3D9Ex
[2026-07-16 14:38:00] AURORA_LANGUAGE=CHS
[2026-07-16 14:38:00] AURORA_IS_LAUNCHED_BY_EXE=True
[2026-07-16 14:38:00] VerifyDirectoryIntegrity: OK
[2026-07-16 14:38:00] Directory integrity check passed
[2026-07-16 14:38:01] IntegrityGuard detection: NONE
[2026-07-16 14:38:01] IntegrityGuard initialized
[2026-07-16 14:38:01] IntegrityGuard runtime monitoring started
[2026-07-16 14:38:01] ElevationService configured
[2026-07-16 14:38:01] Creating MainWindow shell
[2026-07-16 14:38:01] MainWindow shell shown + PlayShellEnter
[2026-07-16 14:38:01] ViewManager initialized
[2026-07-16 14:38:01] Navigating to SplashScreenView
[2026-07-16 14:38:01] SplashScreenView.ctor begin
[2026-07-16 14:38:01] SplashScreenView.ctor InitializeComponent done
[2026-07-16 14:38:01] SplashScreenView.Loaded
[2026-07-16 14:38:11] SplashScreenView.LoadingComplete
[2026-07-16 14:38:11] ShowMainWindow: navigate to ElevationDialog (before MainForm)
[2026-07-16 14:38:14] ElevationDialog result: ContinueNormal
[2026-07-16 14:38:14] MainFormView.ctor begin
[2026-07-16 14:38:14] MainFormView.ctor InitializeComponent done
[2026-07-16 14:38:15] MainFormView.Loaded
[2026-07-16 14:38:22] ProModeView.ctor begin
[2026-07-16 14:38:22] ProModeView.ctor InitializeComponent done
[2026-07-16 14:38:23] ProModeView.OnLoaded begin
[2026-07-16 14:38:23] ProModeView.OnLoaded end
[2026-07-16 14:41:18] PerformExitCleanup: done
[2026-07-16 14:41:18] PerformExitCleanup: done
[2026-07-16 14:49:21] WPF_RENDER_TIER=2 (0=Software, 1=2D Hardware, 2=Advanced Hardware)
[2026-07-16 14:49:21] AssemblyLoad guard registered
[2026-07-16 14:49:21] OnStartup
[2026-07-16 14:49:21] SECURITY: unverified --launched-by-exe flag detected, resetting to false
[2026-07-16 14:49:21] Password verification skipped: parent process is AURORA (AURORA-AnalyzerWPF, PID=23896)
[2026-07-16 14:49:21] Password verification passed
[2026-07-16 14:49:21] AURORA_PERF_TIER=Extreme
[2026-07-16 14:49:21] PERF_SCORE_DIAG: cores=16 ramMB=32506 ramGB=32 baseClockMHz=2304 gpuScore=80 perfScore=723.04 gpuDiag=GPU=NVIDIA GeForce RTX 3060 Laptop GPU | Vendor=NVIDIA | VRAM=4096MB | D3D9Ex=OK | Score=80 | Driver=32.0.15.9174
[2026-07-16 14:49:21] HARDWARE_DIAG: cores=16 | gpuName=NVIDIA GeForce RTX 3060 Laptop GPU gpuVendor=NVIDIA d3d9ex=True gpuVramMB=4096 gpuScore=80 backend=D3D9Ex
[2026-07-16 14:49:21] AURORA_LANGUAGE=CHS
[2026-07-16 14:49:21] AURORA_IS_LAUNCHED_BY_EXE=True
[2026-07-16 14:49:21] VerifyDirectoryIntegrity: OK
[2026-07-16 14:49:21] Directory integrity check passed
[2026-07-16 14:49:21] IntegrityGuard detection: NONE
[2026-07-16 14:49:21] IntegrityGuard initialized
[2026-07-16 14:49:21] IntegrityGuard runtime monitoring started
[2026-07-16 14:49:21] ElevationService configured
[2026-07-16 14:49:21] Creating MainWindow shell
[2026-07-16 14:49:22] MainWindow shell shown + PlayShellEnter
[2026-07-16 14:49:22] ViewManager initialized
[2026-07-16 14:49:22] Navigating to SplashScreenView
[2026-07-16 14:49:22] SplashScreenView.ctor begin
[2026-07-16 14:49:22] SplashScreenView.ctor InitializeComponent done
[2026-07-16 14:49:22] SplashScreenView.Loaded
[2026-07-16 14:49:32] SplashScreenView.LoadingComplete
[2026-07-16 14:49:32] ShowMainWindow: navigate to ElevationDialog (before MainForm)
[2026-07-16 14:49:36] ElevationDialog result: ContinueNormal
[2026-07-16 14:49:36] MainFormView.ctor begin
[2026-07-16 14:49:36] MainFormView.ctor InitializeComponent done
[2026-07-16 14:49:37] MainFormView.Loaded
[2026-07-16 14:50:30] ProModeView.ctor begin
[2026-07-16 14:50:30] ProModeView.ctor InitializeComponent done
[2026-07-16 14:50:31] ProModeView.OnLoaded begin
[2026-07-16 14:50:31] ProModeView.OnLoaded end
[2026-07-16 14:50:37] MainFormView.Loaded
[2026-07-16 14:50:39] ProModeView.OnLoaded begin
[2026-07-16 14:50:39] ProModeView.OnLoaded end
[2026-07-16 14:52:38] WPF_RENDER_TIER=2 (0=Software, 1=2D Hardware, 2=Advanced Hardware)
[2026-07-16 14:52:38] AssemblyLoad guard registered
[2026-07-16 14:52:38] OnStartup
[2026-07-16 14:52:38] SECURITY: unverified --launched-by-exe flag detected, resetting to false
[2026-07-16 14:52:38] Password verification skipped: parent process is AURORA (AURORA-AnalyzerWPF, PID=33756)
[2026-07-16 14:52:38] Password verification passed
[2026-07-16 14:52:38] AURORA_PERF_TIER=Extreme
[2026-07-16 14:52:38] PERF_SCORE_DIAG: cores=16 ramMB=32506 ramGB=32 baseClockMHz=2304 gpuScore=80 perfScore=723.04 gpuDiag=GPU=NVIDIA GeForce RTX 3060 Laptop GPU | Vendor=NVIDIA | VRAM=4096MB | D3D9Ex=OK | Score=80 | Driver=32.0.15.9174
[2026-07-16 14:52:38] HARDWARE_DIAG: cores=16 | gpuName=NVIDIA GeForce RTX 3060 Laptop GPU gpuVendor=NVIDIA d3d9ex=True gpuVramMB=4096 gpuScore=80 backend=D3D9Ex
[2026-07-16 14:52:38] AURORA_LANGUAGE=CHS
[2026-07-16 14:52:38] AURORA_IS_LAUNCHED_BY_EXE=True
[2026-07-16 14:52:38] VerifyDirectoryIntegrity: OK
[2026-07-16 14:52:38] Directory integrity check passed
[2026-07-16 14:52:39] IntegrityGuard detection: NONE
[2026-07-16 14:52:39] IntegrityGuard initialized
[2026-07-16 14:52:39] IntegrityGuard runtime monitoring started
[2026-07-16 14:52:39] ElevationService configured
[2026-07-16 14:52:39] Creating MainWindow shell
[2026-07-16 14:52:39] MainWindow shell shown + PlayShellEnter
[2026-07-16 14:52:39] ViewManager initialized
[2026-07-16 14:52:39] Navigating to SplashScreenView
[2026-07-16 14:52:39] SplashScreenView.ctor begin
[2026-07-16 14:52:39] SplashScreenView.ctor InitializeComponent done
[2026-07-16 14:52:39] SplashScreenView.Loaded
[2026-07-16 14:52:49] SplashScreenView.LoadingComplete
[2026-07-16 14:52:49] ShowMainWindow: navigate to ElevationDialog (before MainForm)
[2026-07-16 14:52:52] ElevationDialog result: ContinueNormal
[2026-07-16 14:52:52] MainFormView.ctor begin
[2026-07-16 14:52:52] MainFormView.ctor InitializeComponent done
[2026-07-16 14:52:52] MainFormView.Loaded
[2026-07-16 14:52:58] PerformExitCleanup: done
[2026-07-16 14:52:58] PerformExitCleanup: done
[2026-07-16 14:59:35] WPF_RENDER_TIER=2 (0=Software, 1=2D Hardware, 2=Advanced Hardware)
[2026-07-16 14:59:35] AssemblyLoad guard registered
[2026-07-16 14:59:35] OnStartup
[2026-07-16 14:59:35] SECURITY: unverified --launched-by-exe flag detected, resetting to false
[2026-07-16 14:59:35] Password verification skipped: parent process is AURORA (AURORA-AnalyzerWPF, PID=2720)
[2026-07-16 14:59:35] Password verification passed
[2026-07-16 14:59:35] AURORA_PERF_TIER=Extreme
[2026-07-16 14:59:35] PERF_SCORE_DIAG: cores=16 ramMB=32506 ramGB=32 baseClockMHz=2304 gpuScore=80 perfScore=723.04 gpuDiag=GPU=NVIDIA GeForce RTX 3060 Laptop GPU | Vendor=NVIDIA | VRAM=4096MB | D3D9Ex=OK | Score=80 | Driver=32.0.15.9174
[2026-07-16 14:59:35] HARDWARE_DIAG: cores=16 | gpuName=NVIDIA GeForce RTX 3060 Laptop GPU gpuVendor=NVIDIA d3d9ex=True gpuVramMB=4096 gpuScore=80 backend=D3D9Ex
[2026-07-16 14:59:35] AURORA_LANGUAGE=CHS
[2026-07-16 14:59:35] AURORA_IS_LAUNCHED_BY_EXE=True
[2026-07-16 14:59:35] VerifyDirectoryIntegrity: OK
[2026-07-16 14:59:35] Directory integrity check passed
[2026-07-16 14:59:35] IntegrityGuard detection: NONE
[2026-07-16 14:59:35] IntegrityGuard initialized
[2026-07-16 14:59:35] IntegrityGuard runtime monitoring started
[2026-07-16 14:59:35] ElevationService configured
[2026-07-16 14:59:35] Creating MainWindow shell
[2026-07-16 14:59:36] MainWindow shell shown + PlayShellEnter
[2026-07-16 14:59:36] ViewManager initialized
[2026-07-16 14:59:36] Navigating to SplashScreenView
[2026-07-16 14:59:36] SplashScreenView.ctor begin
[2026-07-16 14:59:36] SplashScreenView.ctor InitializeComponent done
[2026-07-16 14:59:36] SplashScreenView.Loaded
[2026-07-16 14:59:46] SplashScreenView.LoadingComplete
[2026-07-16 14:59:46] ShowMainWindow: navigate to ElevationDialog (before MainForm)
[2026-07-16 14:59:49] ElevationDialog result: ContinueNormal
[2026-07-16 14:59:49] MainFormView.ctor begin
[2026-07-16 14:59:49] MainFormView.ctor InitializeComponent done
[2026-07-16 14:59:49] MainFormView.Loaded
[2026-07-16 14:59:59] ProModeView.ctor begin
[2026-07-16 14:59:59] ProModeView.ctor InitializeComponent done
[2026-07-16 15:00:01] ProModeView.OnLoaded begin
[2026-07-16 15:00:01] ProModeView.OnLoaded end
[2026-07-16 15:00:07] MainFormView.Loaded
[2026-07-16 15:00:23] PerformExitCleanup: done
[2026-07-16 15:00:23] PerformExitCleanup: done
[2026-07-16 15:11:16] WPF_RENDER_TIER=2 (0=Software, 1=2D Hardware, 2=Advanced Hardware)
[2026-07-16 15:11:16] AssemblyLoad guard registered
[2026-07-16 15:11:16] OnStartup
[2026-07-16 15:11:16] SECURITY: unverified --launched-by-exe flag detected, resetting to false
[2026-07-16 15:11:16] Password verification skipped: parent process is AURORA (AURORA-AnalyzerWPF, PID=24312)
[2026-07-16 15:11:16] Password verification passed
[2026-07-16 15:11:16] AURORA_PERF_TIER=Extreme
[2026-07-16 15:11:16] PERF_SCORE_DIAG: cores=16 ramMB=32506 ramGB=32 baseClockMHz=2304 gpuScore=80 perfScore=723.04 gpuDiag=GPU=NVIDIA GeForce RTX 3060 Laptop GPU | Vendor=NVIDIA | VRAM=4096MB | D3D9Ex=OK | Score=80 | Driver=32.0.15.9174
[2026-07-16 15:11:16] HARDWARE_DIAG: cores=16 | gpuName=NVIDIA GeForce RTX 3060 Laptop GPU gpuVendor=NVIDIA d3d9ex=True gpuVramMB=4096 gpuScore=80 backend=D3D9Ex
[2026-07-16 15:11:16] AURORA_LANGUAGE=CHS
[2026-07-16 15:11:16] AURORA_IS_LAUNCHED_BY_EXE=True
[2026-07-16 15:11:16] VerifyDirectoryIntegrity: OK
[2026-07-16 15:11:16] Directory integrity check passed
[2026-07-16 15:11:16] IntegrityGuard detection: NONE
[2026-07-16 15:11:16] IntegrityGuard initialized
[2026-07-16 15:11:16] IntegrityGuard runtime monitoring started
[2026-07-16 15:11:16] ElevationService configured
[2026-07-16 15:11:16] Creating MainWindow shell
[2026-07-16 15:11:17] MainWindow shell shown + PlayShellEnter
[2026-07-16 15:11:17] ViewManager initialized
[2026-07-16 15:11:17] Navigating to SplashScreenView
[2026-07-16 15:11:17] SplashScreenView.ctor begin
[2026-07-16 15:11:17] SplashScreenView.ctor InitializeComponent done
[2026-07-16 15:11:17] SplashScreenView.Loaded
[2026-07-16 15:11:27] SplashScreenView.LoadingComplete
[2026-07-16 15:11:27] ShowMainWindow: navigate to ElevationDialog (before MainForm)
[2026-07-16 15:11:30] ElevationDialog result: ContinueNormal
[2026-07-16 15:11:30] MainFormView.ctor begin
[2026-07-16 15:11:30] MainFormView.ctor InitializeComponent done
[2026-07-16 15:11:31] MainFormView.Loaded
[2026-07-16 15:11:37] ProModeView.ctor begin
[2026-07-16 15:11:37] ProModeView.ctor InitializeComponent done
[2026-07-16 15:11:38] ProModeView.OnLoaded begin
[2026-07-16 15:11:38] ProModeView.OnLoaded end
[2026-07-16 15:11:44] MainFormView.Loaded
[2026-07-16 15:19:40] PerformExitCleanup: done
[2026-07-16 15:19:40] PerformExitCleanup: done
[2026-07-16 15:24:12] WPF_RENDER_TIER=2 (0=Software, 1=2D Hardware, 2=Advanced Hardware)
[2026-07-16 15:24:12] AssemblyLoad guard registered
[2026-07-16 15:24:12] OnStartup
[2026-07-16 15:24:12] SECURITY: unverified --launched-by-exe flag detected, resetting to false
[2026-07-16 15:24:12] Password verification skipped: parent process is AURORA (AURORA-AnalyzerWPF, PID=29288)
[2026-07-16 15:24:12] Password verification passed
[2026-07-16 15:24:12] AURORA_PERF_TIER=Extreme
[2026-07-16 15:24:12] PERF_SCORE_DIAG: cores=16 ramMB=32506 ramGB=32 baseClockMHz=2304 gpuScore=80 perfScore=723.04 gpuDiag=GPU=NVIDIA GeForce RTX 3060 Laptop GPU | Vendor=NVIDIA | VRAM=4096MB | D3D9Ex=OK | Score=80 | Driver=32.0.15.9174
[2026-07-16 15:24:12] HARDWARE_DIAG: cores=16 | gpuName=NVIDIA GeForce RTX 3060 Laptop GPU gpuVendor=NVIDIA d3d9ex=True gpuVramMB=4096 gpuScore=80 backend=D3D9Ex
[2026-07-16 15:24:12] AURORA_LANGUAGE=CHS
[2026-07-16 15:24:12] AURORA_IS_LAUNCHED_BY_EXE=True
[2026-07-16 15:24:12] VerifyDirectoryIntegrity: OK
[2026-07-16 15:24:12] Directory integrity check passed
[2026-07-16 15:24:12] IntegrityGuard detection: NONE
[2026-07-16 15:24:12] IntegrityGuard initialized
[2026-07-16 15:24:12] IntegrityGuard runtime monitoring started
[2026-07-16 15:24:12] ElevationService configured
[2026-07-16 15:24:12] Creating MainWindow shell
[2026-07-16 15:24:13] MainWindow shell shown + PlayShellEnter
[2026-07-16 15:24:13] ViewManager initialized
[2026-07-16 15:24:13] Navigating to SplashScreenView
[2026-07-16 15:24:13] SplashScreenView.ctor begin
[2026-07-16 15:24:13] SplashScreenView.ctor InitializeComponent done
[2026-07-16 15:24:13] SplashScreenView.Loaded
[2026-07-16 15:24:23] SplashScreenView.LoadingComplete
[2026-07-16 15:24:23] ShowMainWindow: navigate to ElevationDialog (before MainForm)
[2026-07-16 15:24:51] ElevationDialog result: ContinueNormal
[2026-07-16 15:24:51] MainFormView.ctor begin
[2026-07-16 15:24:51] MainFormView.ctor InitializeComponent done
[2026-07-16 15:24:52] MainFormView.Loaded
[2026-07-16 15:24:58] ProModeView.ctor begin
[2026-07-16 15:24:58] ProModeView.ctor InitializeComponent done
[2026-07-16 15:24:59] ProModeView.OnLoaded begin
[2026-07-16 15:24:59] ProModeView.OnLoaded end
[2026-07-16 15:25:36] MainFormView.Loaded
[2026-07-16 15:25:39] ProModeView.OnLoaded begin
[2026-07-16 15:25:39] ProModeView.OnLoaded end
[2026-07-16 15:25:54] PerformExitCleanup: done
[2026-07-16 15:25:54] PerformExitCleanup: done
[2026-07-16 15:31:26] WPF_RENDER_TIER=2 (0=Software, 1=2D Hardware, 2=Advanced Hardware)
[2026-07-16 15:31:26] AssemblyLoad guard registered
[2026-07-16 15:31:26] OnStartup
[2026-07-16 15:31:26] SECURITY: unverified --launched-by-exe flag detected, resetting to false
[2026-07-16 15:31:26] Password verification skipped: parent process is AURORA (AURORA-AnalyzerWPF, PID=32528)
[2026-07-16 15:31:26] Password verification passed
[2026-07-16 15:31:26] AURORA_PERF_TIER=Extreme
[2026-07-16 15:31:26] PERF_SCORE_DIAG: cores=16 ramMB=32506 ramGB=32 baseClockMHz=2304 gpuScore=80 perfScore=723.04 gpuDiag=GPU=NVIDIA GeForce RTX 3060 Laptop GPU | Vendor=NVIDIA | VRAM=4096MB | D3D9Ex=OK | Score=80 | Driver=32.0.15.9174
[2026-07-16 15:31:26] HARDWARE_DIAG: cores=16 | gpuName=NVIDIA GeForce RTX 3060 Laptop GPU gpuVendor=NVIDIA d3d9ex=True gpuVramMB=4096 gpuScore=80 backend=D3D9Ex
[2026-07-16 15:31:26] AURORA_LANGUAGE=CHS
[2026-07-16 15:31:26] AURORA_IS_LAUNCHED_BY_EXE=True
[2026-07-16 15:31:26] VerifyDirectoryIntegrity: OK
[2026-07-16 15:31:26] Directory integrity check passed
[2026-07-16 15:31:26] IntegrityGuard detection: NONE
[2026-07-16 15:31:26] IntegrityGuard initialized
[2026-07-16 15:31:26] IntegrityGuard runtime monitoring started
[2026-07-16 15:31:26] ElevationService configured
[2026-07-16 15:31:26] Creating MainWindow shell
[2026-07-16 15:31:27] MainWindow shell shown + PlayShellEnter
[2026-07-16 15:31:27] ViewManager initialized
[2026-07-16 15:31:27] Navigating to SplashScreenView
[2026-07-16 15:31:27] SplashScreenView.ctor begin
[2026-07-16 15:31:27] SplashScreenView.ctor InitializeComponent done
[2026-07-16 15:31:27] SplashScreenView.Loaded
[2026-07-16 15:31:37] SplashScreenView.LoadingComplete
[2026-07-16 15:31:37] ShowMainWindow: navigate to ElevationDialog (before MainForm)
[2026-07-16 15:32:02] ElevationDialog result: ContinueNormal
[2026-07-16 15:32:02] MainFormView.ctor begin
[2026-07-16 15:32:02] MainFormView.ctor InitializeComponent done
[2026-07-16 15:32:02] MainFormView.Loaded
[2026-07-16 15:32:10] ProModeView.ctor begin
[2026-07-16 15:32:10] ProModeView.ctor InitializeComponent done
[2026-07-16 15:32:11] ProModeView.OnLoaded begin
[2026-07-16 15:32:11] ProModeView.OnLoaded end
[2026-07-16 15:32:28] ProModeView.OnLoaded begin
[2026-07-16 15:32:28] ProModeView.OnLoaded end
[2026-07-16 15:32:35] ProModeView.OnLoaded begin
[2026-07-16 15:32:35] ProModeView.OnLoaded end
[2026-07-16 15:32:43] ProModeView.OnLoaded begin
[2026-07-16 15:32:43] ProModeView.OnLoaded end
[2026-07-16 15:32:51] ProModeView.OnLoaded begin
[2026-07-16 15:32:51] ProModeView.OnLoaded end
[2026-07-16 15:32:59] ProModeView.OnLoaded begin
[2026-07-16 15:32:59] ProModeView.OnLoaded end
[2026-07-16 15:33:03] MainFormView.Loaded
[2026-07-16 15:33:15] ProModeView.OnLoaded begin
[2026-07-16 15:33:15] ProModeView.OnLoaded end
[2026-07-16 15:33:20] MainFormView.Loaded
[2026-07-16 15:35:34] PerformExitCleanup: done
[2026-07-16 15:35:34] PerformExitCleanup: done
[2026-07-16 15:37:33] WPF_RENDER_TIER=2 (0=Software, 1=2D Hardware, 2=Advanced Hardware)
[2026-07-16 15:37:33] AssemblyLoad guard registered
[2026-07-16 15:37:33] OnStartup
[2026-07-16 15:37:33] SECURITY: unverified --launched-by-exe flag detected, resetting to false
[2026-07-16 15:37:33] Password verification skipped: parent process is AURORA (AURORA-AnalyzerWPF, PID=25976)
[2026-07-16 15:37:33] Password verification passed
[2026-07-16 15:37:33] AURORA_PERF_TIER=Extreme
[2026-07-16 15:37:33] PERF_SCORE_DIAG: cores=16 ramMB=32506 ramGB=32 baseClockMHz=2304 gpuScore=80 perfScore=723.04 gpuDiag=GPU=NVIDIA GeForce RTX 3060 Laptop GPU | Vendor=NVIDIA | VRAM=4096MB | D3D9Ex=OK | Score=80 | Driver=32.0.15.9174
[2026-07-16 15:37:33] HARDWARE_DIAG: cores=16 | gpuName=NVIDIA GeForce RTX 3060 Laptop GPU gpuVendor=NVIDIA d3d9ex=True gpuVramMB=4096 gpuScore=80 backend=D3D9Ex
[2026-07-16 15:37:33] AURORA_LANGUAGE=CHS
[2026-07-16 15:37:33] AURORA_IS_LAUNCHED_BY_EXE=True
[2026-07-16 15:37:33] VerifyDirectoryIntegrity: OK
[2026-07-16 15:37:33] Directory integrity check passed
[2026-07-16 15:37:33] IntegrityGuard detection: NONE
[2026-07-16 15:37:33] IntegrityGuard initialized
[2026-07-16 15:37:33] IntegrityGuard runtime monitoring started
[2026-07-16 15:37:33] ElevationService configured
[2026-07-16 15:37:33] Creating MainWindow shell
[2026-07-16 15:37:34] MainWindow shell shown + PlayShellEnter
[2026-07-16 15:37:34] ViewManager initialized
[2026-07-16 15:37:34] Navigating to SplashScreenView
[2026-07-16 15:37:34] SplashScreenView.ctor begin
[2026-07-16 15:37:34] SplashScreenView.ctor InitializeComponent done
[2026-07-16 15:37:34] SplashScreenView.Loaded
[2026-07-16 15:37:44] SplashScreenView.LoadingComplete
[2026-07-16 15:37:44] ShowMainWindow: navigate to ElevationDialog (before MainForm)
[2026-07-16 15:37:46] ElevationDialog result: ContinueNormal
[2026-07-16 15:37:46] MainFormView.ctor begin
[2026-07-16 15:37:46] MainFormView.ctor InitializeComponent done
[2026-07-16 15:37:47] MainFormView.Loaded
[2026-07-16 15:37:52] ProModeView.ctor begin
[2026-07-16 15:37:52] ProModeView.ctor InitializeComponent done
[2026-07-16 15:37:54] ProModeView.OnLoaded begin
[2026-07-16 15:37:54] ProModeView.OnLoaded end
[2026-07-16 15:38:02] ProModeView.OnLoaded begin
[2026-07-16 15:38:02] ProModeView.OnLoaded end
[2026-07-16 15:38:56] ProModeView.OnLoaded begin
[2026-07-16 15:38:56] ProModeView.OnLoaded end
[2026-07-16 15:39:01] MainFormView.Loaded
[2026-07-16 15:39:05] ProModeView.OnLoaded begin
[2026-07-16 15:39:05] ProModeView.OnLoaded end
[2026-07-16 15:39:13] MainFormView.Loaded
[2026-07-16 15:39:19] PerformExitCleanup: done
[2026-07-16 15:39:19] PerformExitCleanup: done
[2026-07-16 15:39:34] WPF_RENDER_TIER=2 (0=Software, 1=2D Hardware, 2=Advanced Hardware)
[2026-07-16 15:39:34] AssemblyLoad guard registered
[2026-07-16 15:39:34] OnStartup
[2026-07-16 15:39:34] SECURITY: unverified --launched-by-exe flag detected, resetting to false
[2026-07-16 15:39:34] Password verification skipped: parent process is AURORA (AURORA-AnalyzerWPF, PID=41920)
[2026-07-16 15:39:34] Password verification passed
[2026-07-16 15:39:34] AURORA_PERF_TIER=Extreme
[2026-07-16 15:39:34] PERF_SCORE_DIAG: cores=16 ramMB=32506 ramGB=32 baseClockMHz=2304 gpuScore=80 perfScore=723.04 gpuDiag=GPU=NVIDIA GeForce RTX 3060 Laptop GPU | Vendor=NVIDIA | VRAM=4096MB | D3D9Ex=OK | Score=80 | Driver=32.0.15.9174
[2026-07-16 15:39:34] HARDWARE_DIAG: cores=16 | gpuName=NVIDIA GeForce RTX 3060 Laptop GPU gpuVendor=NVIDIA d3d9ex=True gpuVramMB=4096 gpuScore=80 backend=D3D9Ex
[2026-07-16 15:39:34] AURORA_LANGUAGE=CHS
[2026-07-16 15:39:34] AURORA_IS_LAUNCHED_BY_EXE=True
[2026-07-16 15:39:34] VerifyDirectoryIntegrity: OK
[2026-07-16 15:39:34] Directory integrity check passed
[2026-07-16 15:39:34] IntegrityGuard detection: NONE
[2026-07-16 15:39:34] IntegrityGuard initialized
[2026-07-16 15:39:34] IntegrityGuard runtime monitoring started
[2026-07-16 15:39:34] ElevationService configured
[2026-07-16 15:39:35] Creating MainWindow shell
[2026-07-16 15:39:35] MainWindow shell shown + PlayShellEnter
[2026-07-16 15:39:35] ViewManager initialized
[2026-07-16 15:39:35] Navigating to SplashScreenView
[2026-07-16 15:39:35] SplashScreenView.ctor begin
[2026-07-16 15:39:35] SplashScreenView.ctor InitializeComponent done
[2026-07-16 15:39:35] SplashScreenView.Loaded
[2026-07-16 15:39:45] SplashScreenView.LoadingComplete
[2026-07-16 15:39:45] ShowMainWindow: navigate to ElevationDialog (before MainForm)
[2026-07-16 15:39:48] ElevationDialog result: ContinueNormal
[2026-07-16 15:39:48] MainFormView.ctor begin
[2026-07-16 15:39:48] MainFormView.ctor InitializeComponent done
[2026-07-16 15:39:49] MainFormView.Loaded
[2026-07-16 15:39:55] ProModeView.ctor begin
[2026-07-16 15:39:55] ProModeView.ctor InitializeComponent done
[2026-07-16 15:39:57] ProModeView.OnLoaded begin
[2026-07-16 15:39:57] ProModeView.OnLoaded end
[2026-07-16 15:40:10] ProModeView.OnLoaded begin
[2026-07-16 15:40:10] ProModeView.OnLoaded end
[2026-07-16 15:40:14] MainFormView.Loaded
[2026-07-16 15:40:23] ProModeView.OnLoaded begin
[2026-07-16 15:40:23] ProModeView.OnLoaded end
[2026-07-16 15:40:27] MainFormView.Loaded
[2026-07-16 15:41:51] ProModeView.OnLoaded begin
[2026-07-16 15:41:51] ProModeView.OnLoaded end
[2026-07-16 15:42:02] ProModeView.OnLoaded begin
[2026-07-16 15:42:02] ProModeView.OnLoaded end
[2026-07-16 15:42:13] ProModeView.OnLoaded begin
[2026-07-16 15:42:13] ProModeView.OnLoaded end
[2026-07-16 15:42:27] ProModeView.OnLoaded begin
[2026-07-16 15:42:27] ProModeView.OnLoaded end
[2026-07-16 15:42:46] ProModeView.OnLoaded begin
[2026-07-16 15:42:46] ProModeView.OnLoaded end
[2026-07-16 15:42:54] PerformExitCleanup: done
[2026-07-16 15:42:54] PerformExitCleanup: done
[2026-07-16 15:43:06] WPF_RENDER_TIER=2 (0=Software, 1=2D Hardware, 2=Advanced Hardware)
[2026-07-16 15:43:06] AssemblyLoad guard registered
[2026-07-16 15:43:06] OnStartup
[2026-07-16 15:43:06] SECURITY: unverified --launched-by-exe flag detected, resetting to false
[2026-07-16 15:43:06] Password verification skipped: parent process is AURORA (AURORA-AnalyzerWPF, PID=6504)
[2026-07-16 15:43:06] Password verification passed
[2026-07-16 15:43:07] AURORA_PERF_TIER=Extreme
[2026-07-16 15:43:07] PERF_SCORE_DIAG: cores=16 ramMB=32506 ramGB=32 baseClockMHz=2304 gpuScore=80 perfScore=723.04 gpuDiag=GPU=NVIDIA GeForce RTX 3060 Laptop GPU | Vendor=NVIDIA | VRAM=4096MB | D3D9Ex=OK | Score=80 | Driver=32.0.15.9174
[2026-07-16 15:43:07] HARDWARE_DIAG: cores=16 | gpuName=NVIDIA GeForce RTX 3060 Laptop GPU gpuVendor=NVIDIA d3d9ex=True gpuVramMB=4096 gpuScore=80 backend=D3D9Ex
[2026-07-16 15:43:07] AURORA_LANGUAGE=CHS
[2026-07-16 15:43:07] AURORA_IS_LAUNCHED_BY_EXE=True
[2026-07-16 15:43:07] VerifyDirectoryIntegrity: OK
[2026-07-16 15:43:07] Directory integrity check passed
[2026-07-16 15:43:07] IntegrityGuard detection: NONE
[2026-07-16 15:43:07] IntegrityGuard initialized
[2026-07-16 15:43:07] IntegrityGuard runtime monitoring started
[2026-07-16 15:43:07] ElevationService configured
[2026-07-16 15:43:07] Creating MainWindow shell
[2026-07-16 15:43:08] MainWindow shell shown + PlayShellEnter
[2026-07-16 15:43:08] ViewManager initialized
[2026-07-16 15:43:08] Navigating to SplashScreenView
[2026-07-16 15:43:08] SplashScreenView.ctor begin
[2026-07-16 15:43:08] SplashScreenView.ctor InitializeComponent done
[2026-07-16 15:43:08] SplashScreenView.Loaded
[2026-07-16 15:43:18] SplashScreenView.LoadingComplete
[2026-07-16 15:43:18] ShowMainWindow: navigate to ElevationDialog (before MainForm)
[2026-07-16 15:43:20] ElevationDialog result: ContinueNormal
[2026-07-16 15:43:20] MainFormView.ctor begin
[2026-07-16 15:43:20] MainFormView.ctor InitializeComponent done
[2026-07-16 15:43:21] MainFormView.Loaded
[2026-07-16 15:43:27] ProModeView.ctor begin
[2026-07-16 15:43:27] ProModeView.ctor InitializeComponent done
[2026-07-16 15:43:28] ProModeView.OnLoaded begin
[2026-07-16 15:43:28] ProModeView.OnLoaded end
[2026-07-16 15:43:37] ProModeView.OnLoaded begin
[2026-07-16 15:43:37] ProModeView.OnLoaded end
[2026-07-16 15:43:53] ProModeView.OnLoaded begin
[2026-07-16 15:43:53] ProModeView.OnLoaded end
[2026-07-16 15:45:03] MainFormView.Loaded
[2026-07-16 15:45:09] PerformExitCleanup: done
[2026-07-16 15:45:09] PerformExitCleanup: done
[2026-07-16 15:58:37] WPF_RENDER_TIER=2 (0=Software, 1=2D Hardware, 2=Advanced Hardware)
[2026-07-16 15:58:37] AssemblyLoad guard registered
[2026-07-16 15:58:37] OnStartup
[2026-07-16 15:58:37] SECURITY: unverified --launched-by-exe flag detected, resetting to false
[2026-07-16 15:58:37] Password verification skipped: parent process is AURORA (AURORA-AnalyzerWPF, PID=44296)
[2026-07-16 15:58:37] Password verification passed
[2026-07-16 15:58:38] AURORA_PERF_TIER=Extreme
[2026-07-16 15:58:38] PERF_SCORE_DIAG: cores=16 ramMB=32506 ramGB=32 baseClockMHz=2304 gpuScore=80 perfScore=723.04 gpuDiag=GPU=NVIDIA GeForce RTX 3060 Laptop GPU | Vendor=NVIDIA | VRAM=4096MB | D3D9Ex=OK | Score=80 | Driver=32.0.15.9174
[2026-07-16 15:58:38] HARDWARE_DIAG: cores=16 | gpuName=NVIDIA GeForce RTX 3060 Laptop GPU gpuVendor=NVIDIA d3d9ex=True gpuVramMB=4096 gpuScore=80 backend=D3D9Ex
[2026-07-16 15:58:38] AURORA_LANGUAGE=CHS
[2026-07-16 15:58:38] AURORA_IS_LAUNCHED_BY_EXE=True
[2026-07-16 15:58:38] VerifyDirectoryIntegrity: OK
[2026-07-16 15:58:38] Directory integrity check passed
[2026-07-16 15:58:38] IntegrityGuard detection: NONE
[2026-07-16 15:58:38] IntegrityGuard initialized
[2026-07-16 15:58:38] IntegrityGuard runtime monitoring started
[2026-07-16 15:58:38] ElevationService configured
[2026-07-16 15:58:38] Creating MainWindow shell
[2026-07-16 15:58:38] MainWindow shell shown + PlayShellEnter
[2026-07-16 15:58:38] ViewManager initialized
[2026-07-16 15:58:38] Navigating to SplashScreenView
[2026-07-16 15:58:38] SplashScreenView.ctor begin
[2026-07-16 15:58:38] SplashScreenView.ctor InitializeComponent done
[2026-07-16 15:58:38] SplashScreenView.Loaded
[2026-07-16 15:58:48] SplashScreenView.LoadingComplete
[2026-07-16 15:58:48] ShowMainWindow: navigate to ElevationDialog (before MainForm)
[2026-07-16 16:00:27] ElevationDialog result: ContinueNormal
[2026-07-16 16:00:27] MainFormView.ctor begin
[2026-07-16 16:00:27] MainFormView.ctor InitializeComponent done
[2026-07-16 16:00:28] MainFormView.Loaded
[2026-07-16 16:00:34] PerformExitCleanup: done
[2026-07-16 16:00:34] PerformExitCleanup: done
[2026-07-16 16:01:00] WPF_RENDER_TIER=2 (0=Software, 1=2D Hardware, 2=Advanced Hardware)
[2026-07-16 16:01:00] AssemblyLoad guard registered
[2026-07-16 16:01:00] OnStartup
[2026-07-16 16:01:00] SECURITY: unverified --launched-by-exe flag detected, resetting to false
[2026-07-16 16:01:00] Password verification skipped: parent process is AURORA (AURORA-AnalyzerWPF, PID=13492)
[2026-07-16 16:01:00] Password verification passed
[2026-07-16 16:01:00] AURORA_PERF_TIER=Extreme
[2026-07-16 16:01:00] PERF_SCORE_DIAG: cores=16 ramMB=32506 ramGB=32 baseClockMHz=2304 gpuScore=80 perfScore=723.04 gpuDiag=GPU=NVIDIA GeForce RTX 3060 Laptop GPU | Vendor=NVIDIA | VRAM=4096MB | D3D9Ex=OK | Score=80 | Driver=32.0.15.9174
[2026-07-16 16:01:00] HARDWARE_DIAG: cores=16 | gpuName=NVIDIA GeForce RTX 3060 Laptop GPU gpuVendor=NVIDIA d3d9ex=True gpuVramMB=4096 gpuScore=80 backend=D3D9Ex
[2026-07-16 16:01:00] AURORA_LANGUAGE=CHS
[2026-07-16 16:01:00] AURORA_IS_LAUNCHED_BY_EXE=True
[2026-07-16 16:01:00] VerifyDirectoryIntegrity: OK
[2026-07-16 16:01:00] Directory integrity check passed
[2026-07-16 16:01:00] IntegrityGuard detection: NONE
[2026-07-16 16:01:00] IntegrityGuard initialized
[2026-07-16 16:01:00] IntegrityGuard runtime monitoring started
[2026-07-16 16:01:00] ElevationService configured
[2026-07-16 16:01:00] Creating MainWindow shell
[2026-07-16 16:01:01] MainWindow shell shown + PlayShellEnter
[2026-07-16 16:01:01] ViewManager initialized
[2026-07-16 16:01:01] Navigating to SplashScreenView
[2026-07-16 16:01:01] SplashScreenView.ctor begin
[2026-07-16 16:01:01] SplashScreenView.ctor InitializeComponent done
[2026-07-16 16:01:01] SplashScreenView.Loaded
[2026-07-16 16:01:11] SplashScreenView.LoadingComplete
[2026-07-16 16:01:11] ShowMainWindow: navigate to ElevationDialog (before MainForm)
[2026-07-16 16:05:50] ElevationDialog result: ContinueNormal
[2026-07-16 16:05:50] MainFormView.ctor begin
[2026-07-16 16:05:50] MainFormView.ctor InitializeComponent done
[2026-07-16 16:05:50] MainFormView.Loaded
[2026-07-16 16:05:56] ProModeView.ctor begin
[2026-07-16 16:05:56] ProModeView.ctor InitializeComponent done
[2026-07-16 16:05:58] ProModeView.OnLoaded begin
[2026-07-16 16:05:58] ProModeView.OnLoaded end
[2026-07-16 16:06:06] ProModeView.OnLoaded begin
[2026-07-16 16:06:06] ProModeView.OnLoaded end
[2026-07-16 16:06:14] MainFormView.Loaded
[2026-07-16 16:06:17] ProModeView.OnLoaded begin
[2026-07-16 16:06:17] ProModeView.OnLoaded end
[2026-07-16 16:06:24] ProModeView.OnLoaded begin
[2026-07-16 16:06:24] ProModeView.OnLoaded end
[2026-07-16 16:06:33] ProModeView.OnLoaded begin
[2026-07-16 16:06:33] ProModeView.OnLoaded end
[2026-07-16 16:06:41] PerformExitCleanup: done
[2026-07-16 16:06:41] PerformExitCleanup: done
[2026-07-16 16:11:35] WPF_RENDER_TIER=2 (0=Software, 1=2D Hardware, 2=Advanced Hardware)
[2026-07-16 16:11:35] AssemblyLoad guard registered
[2026-07-16 16:11:35] OnStartup
[2026-07-16 16:11:35] SECURITY: unverified --launched-by-exe flag detected, resetting to false
[2026-07-16 16:11:35] Password verification skipped: parent process is AURORA (AURORA-AnalyzerWPF, PID=43220)
[2026-07-16 16:11:35] Password verification passed
[2026-07-16 16:11:35] AURORA_PERF_TIER=Extreme
[2026-07-16 16:11:35] PERF_SCORE_DIAG: cores=16 ramMB=32506 ramGB=32 baseClockMHz=2304 gpuScore=80 perfScore=723.04 gpuDiag=GPU=NVIDIA GeForce RTX 3060 Laptop GPU | Vendor=NVIDIA | VRAM=4096MB | D3D9Ex=OK | Score=80 | Driver=32.0.15.9174
[2026-07-16 16:11:35] HARDWARE_DIAG: cores=16 | gpuName=NVIDIA GeForce RTX 3060 Laptop GPU gpuVendor=NVIDIA d3d9ex=True gpuVramMB=4096 gpuScore=80 backend=D3D9Ex
[2026-07-16 16:11:35] AURORA_LANGUAGE=CHS
[2026-07-16 16:11:35] AURORA_IS_LAUNCHED_BY_EXE=True
[2026-07-16 16:11:35] VerifyDirectoryIntegrity: OK
[2026-07-16 16:11:35] Directory integrity check passed
[2026-07-16 16:11:36] IntegrityGuard detection: NONE
[2026-07-16 16:11:36] IntegrityGuard initialized
[2026-07-16 16:11:36] IntegrityGuard runtime monitoring started
[2026-07-16 16:11:36] ElevationService configured
[2026-07-16 16:11:36] Creating MainWindow shell
[2026-07-16 16:11:36] MainWindow shell shown + PlayShellEnter
[2026-07-16 16:11:36] ViewManager initialized
[2026-07-16 16:11:36] Navigating to SplashScreenView
[2026-07-16 16:11:36] SplashScreenView.ctor begin
[2026-07-16 16:11:36] SplashScreenView.ctor InitializeComponent done
[2026-07-16 16:11:36] SplashScreenView.Loaded
[2026-07-16 16:11:46] SplashScreenView.LoadingComplete
[2026-07-16 16:11:46] ShowMainWindow: navigate to ElevationDialog (before MainForm)
[2026-07-16 16:11:49] ElevationDialog result: ContinueNormal
[2026-07-16 16:11:49] MainFormView.ctor begin
[2026-07-16 16:11:49] MainFormView.ctor InitializeComponent done
[2026-07-16 16:11:50] MainFormView.Loaded
[2026-07-16 16:11:55] ProModeView.ctor begin
[2026-07-16 16:11:55] ProModeView.ctor InitializeComponent done
[2026-07-16 16:11:57] ProModeView.OnLoaded begin
[2026-07-16 16:11:57] ProModeView.OnLoaded end
[2026-07-16 16:12:04] ProModeView.OnLoaded begin
[2026-07-16 16:12:04] ProModeView.OnLoaded end
[2026-07-16 16:12:09] ProModeView.OnLoaded begin
[2026-07-16 16:12:09] ProModeView.OnLoaded end
[2026-07-16 16:12:14] ProModeView.OnLoaded begin
[2026-07-16 16:12:14] ProModeView.OnLoaded end
[2026-07-16 16:12:18] ProModeView.OnLoaded begin
[2026-07-16 16:12:18] ProModeView.OnLoaded end
[2026-07-16 16:12:22] ProModeView.OnLoaded begin
[2026-07-16 16:12:22] ProModeView.OnLoaded end
[2026-07-16 16:12:29] ProModeView.OnLoaded begin
[2026-07-16 16:12:29] ProModeView.OnLoaded end
[2026-07-16 16:12:32] PerformExitCleanup: done
[2026-07-16 16:12:32] PerformExitCleanup: done
[2026-07-16 16:21:24] WPF_RENDER_TIER=2 (0=Software, 1=2D Hardware, 2=Advanced Hardware)
[2026-07-16 16:21:24] AssemblyLoad guard registered
[2026-07-16 16:21:24] OnStartup
[2026-07-16 16:21:24] SECURITY: unverified --launched-by-exe flag detected, resetting to false
[2026-07-16 16:21:24] Password verification skipped: parent process is AURORA (AURORA-AnalyzerWPF, PID=36064)
[2026-07-16 16:21:24] Password verification passed
[2026-07-16 16:21:24] AURORA_PERF_TIER=Extreme
[2026-07-16 16:21:24] PERF_SCORE_DIAG: cores=16 ramMB=32506 ramGB=32 baseClockMHz=2304 gpuScore=80 perfScore=723.04 gpuDiag=GPU=NVIDIA GeForce RTX 3060 Laptop GPU | Vendor=NVIDIA | VRAM=4096MB | D3D9Ex=OK | Score=80 | Driver=32.0.15.9174
[2026-07-16 16:21:24] HARDWARE_DIAG: cores=16 | gpuName=NVIDIA GeForce RTX 3060 Laptop GPU gpuVendor=NVIDIA d3d9ex=True gpuVramMB=4096 gpuScore=80 backend=D3D9Ex
[2026-07-16 16:21:24] AURORA_LANGUAGE=CHS
[2026-07-16 16:21:24] AURORA_IS_LAUNCHED_BY_EXE=True
[2026-07-16 16:21:24] VerifyDirectoryIntegrity: OK
[2026-07-16 16:21:24] Directory integrity check passed
[2026-07-16 16:21:24] IntegrityGuard detection: NONE
[2026-07-16 16:21:24] IntegrityGuard initialized
[2026-07-16 16:21:24] IntegrityGuard runtime monitoring started
[2026-07-16 16:21:24] ElevationService configured
[2026-07-16 16:21:25] Creating MainWindow shell
[2026-07-16 16:21:25] MainWindow shell shown + PlayShellEnter
[2026-07-16 16:21:25] ViewManager initialized
[2026-07-16 16:21:25] Navigating to SplashScreenView
[2026-07-16 16:21:25] SplashScreenView.ctor begin
[2026-07-16 16:21:25] SplashScreenView.ctor InitializeComponent done
[2026-07-16 16:21:25] SplashScreenView.Loaded
[2026-07-16 16:21:35] SplashScreenView.LoadingComplete
[2026-07-16 16:21:35] ShowMainWindow: navigate to ElevationDialog (before MainForm)
[2026-07-16 16:21:41] ElevationDialog result: ContinueNormal
[2026-07-16 16:21:41] MainFormView.ctor begin
[2026-07-16 16:21:41] MainFormView.ctor InitializeComponent done
[2026-07-16 16:21:41] MainFormView.Loaded
[2026-07-16 16:22:41] ProModeView.ctor begin
[2026-07-16 16:22:41] ProModeView.ctor InitializeComponent done
[2026-07-16 16:22:43] ProModeView.OnLoaded begin
[2026-07-16 16:22:43] ProModeView.OnLoaded end
[2026-07-16 16:22:47] MainFormView.Loaded
[2026-07-16 16:22:56] PerformExitCleanup: done
[2026-07-16 16:22:56] PerformExitCleanup: done
[2026-07-16 16:27:14] WPF_RENDER_TIER=2 (0=Software, 1=2D Hardware, 2=Advanced Hardware)
[2026-07-16 16:27:14] AssemblyLoad guard registered
[2026-07-16 16:27:14] OnStartup
[2026-07-16 16:27:14] SECURITY: unverified --launched-by-exe flag detected, resetting to false
[2026-07-16 16:27:14] Password verification skipped: parent process is AURORA (AURORA-AnalyzerWPF, PID=45784)
[2026-07-16 16:27:14] Password verification passed
[2026-07-16 16:27:14] AURORA_PERF_TIER=Extreme
[2026-07-16 16:27:14] PERF_SCORE_DIAG: cores=16 ramMB=32506 ramGB=32 baseClockMHz=2304 gpuScore=80 perfScore=723.04 gpuDiag=GPU=NVIDIA GeForce RTX 3060 Laptop GPU | Vendor=NVIDIA | VRAM=4096MB | D3D9Ex=OK | Score=80 | Driver=32.0.15.9174
[2026-07-16 16:27:14] HARDWARE_DIAG: cores=16 | gpuName=NVIDIA GeForce RTX 3060 Laptop GPU gpuVendor=NVIDIA d3d9ex=True gpuVramMB=4096 gpuScore=80 backend=D3D9Ex
[2026-07-16 16:27:14] AURORA_LANGUAGE=CHS
[2026-07-16 16:27:14] AURORA_IS_LAUNCHED_BY_EXE=True
[2026-07-16 16:27:14] VerifyDirectoryIntegrity: OK
[2026-07-16 16:27:14] Directory integrity check passed
[2026-07-16 16:27:14] IntegrityGuard detection: NONE
[2026-07-16 16:27:14] IntegrityGuard initialized
[2026-07-16 16:27:14] IntegrityGuard runtime monitoring started
[2026-07-16 16:27:14] ElevationService configured
[2026-07-16 16:27:14] Creating MainWindow shell
[2026-07-16 16:27:15] MainWindow shell shown + PlayShellEnter
[2026-07-16 16:27:15] ViewManager initialized
[2026-07-16 16:27:15] Navigating to SplashScreenView
[2026-07-16 16:27:15] SplashScreenView.ctor begin
[2026-07-16 16:27:15] SplashScreenView.ctor InitializeComponent done
[2026-07-16 16:27:15] SplashScreenView.Loaded
[2026-07-16 16:27:25] SplashScreenView.LoadingComplete
[2026-07-16 16:27:25] ShowMainWindow: navigate to ElevationDialog (before MainForm)
[2026-07-16 16:27:29] ElevationDialog result: ContinueNormal
[2026-07-16 16:27:29] MainFormView.ctor begin
[2026-07-16 16:27:29] MainFormView.ctor InitializeComponent done
[2026-07-16 16:27:30] MainFormView.Loaded
[2026-07-16 16:27:42] ProModeView.ctor begin
[2026-07-16 16:27:42] ProModeView.ctor InitializeComponent done
[2026-07-16 16:27:44] ProModeView.OnLoaded begin
[2026-07-16 16:27:44] ProModeView.OnLoaded end
[2026-07-16 16:27:53] ProModeView.OnLoaded begin
[2026-07-16 16:27:53] ProModeView.OnLoaded end
[2026-07-16 16:27:59] ProModeView.OnLoaded begin
[2026-07-16 16:27:59] ProModeView.OnLoaded end
[2026-07-16 16:28:06] ProModeView.OnLoaded begin
[2026-07-16 16:28:06] ProModeView.OnLoaded end
[2026-07-16 16:28:13] ProModeView.OnLoaded begin
[2026-07-16 16:28:13] ProModeView.OnLoaded end
[2026-07-16 16:28:19] ProModeView.OnLoaded begin
[2026-07-16 16:28:19] ProModeView.OnLoaded end
[2026-07-16 16:29:50] ProModeView.OnLoaded begin
[2026-07-16 16:29:50] ProModeView.OnLoaded end
[2026-07-16 16:29:56] ProModeView.OnLoaded begin
[2026-07-16 16:29:56] ProModeView.OnLoaded end
[2026-07-16 16:30:01] ProModeView.OnLoaded begin
[2026-07-16 16:30:01] ProModeView.OnLoaded end
[2026-07-16 16:32:17] ProModeView.OnLoaded begin
[2026-07-16 16:32:17] ProModeView.OnLoaded end
[2026-07-16 16:32:20] MainFormView.Loaded
[2026-07-16 16:32:37] ProModeView.OnLoaded begin
[2026-07-16 16:32:37] ProModeView.OnLoaded end
[2026-07-16 16:32:41] MainFormView.Loaded
[2026-07-16 16:32:45] ProModeView.OnLoaded begin
[2026-07-16 16:32:45] ProModeView.OnLoaded end
[2026-07-16 16:32:48] MainFormView.Loaded
[2026-07-16 16:32:56] PerformExitCleanup: done
[2026-07-16 16:32:56] PerformExitCleanup: done
[2026-07-16 16:35:44] WPF_RENDER_TIER=2 (0=Software, 1=2D Hardware, 2=Advanced Hardware)
[2026-07-16 16:35:44] AssemblyLoad guard registered
[2026-07-16 16:35:44] OnStartup
[2026-07-16 16:35:44] SECURITY: unverified --launched-by-exe flag detected, resetting to false
[2026-07-16 16:35:44] Password verification skipped: parent process is AURORA (AURORA-AnalyzerWPF, PID=42520)
[2026-07-16 16:35:44] Password verification passed
[2026-07-16 16:35:45] AURORA_PERF_TIER=Extreme
[2026-07-16 16:35:45] PERF_SCORE_DIAG: cores=16 ramMB=32506 ramGB=32 baseClockMHz=2304 gpuScore=80 perfScore=723.04 gpuDiag=GPU=NVIDIA GeForce RTX 3060 Laptop GPU | Vendor=NVIDIA | VRAM=4096MB | D3D9Ex=OK | Score=80 | Driver=32.0.15.9174
[2026-07-16 16:35:45] HARDWARE_DIAG: cores=16 | gpuName=NVIDIA GeForce RTX 3060 Laptop GPU gpuVendor=NVIDIA d3d9ex=True gpuVramMB=4096 gpuScore=80 backend=D3D9Ex
[2026-07-16 16:35:45] AURORA_LANGUAGE=CHS
[2026-07-16 16:35:45] AURORA_IS_LAUNCHED_BY_EXE=True
[2026-07-16 16:35:45] VerifyDirectoryIntegrity: OK
[2026-07-16 16:35:45] Directory integrity check passed
[2026-07-16 16:35:45] IntegrityGuard detection: NONE
[2026-07-16 16:35:45] IntegrityGuard initialized
[2026-07-16 16:35:45] IntegrityGuard runtime monitoring started
[2026-07-16 16:35:45] ElevationService configured
[2026-07-16 16:35:45] Creating MainWindow shell
[2026-07-16 16:35:46] MainWindow shell shown + PlayShellEnter
[2026-07-16 16:35:46] ViewManager initialized
[2026-07-16 16:35:46] Navigating to SplashScreenView
[2026-07-16 16:35:46] SplashScreenView.ctor begin
[2026-07-16 16:35:46] SplashScreenView.ctor InitializeComponent done
[2026-07-16 16:35:46] SplashScreenView.Loaded
[2026-07-16 16:35:55] SplashScreenView.LoadingComplete
[2026-07-16 16:35:55] ShowMainWindow: navigate to ElevationDialog (before MainForm)
[2026-07-16 16:35:59] ElevationDialog result: ContinueNormal
[2026-07-16 16:35:59] MainFormView.ctor begin
[2026-07-16 16:35:59] MainFormView.ctor InitializeComponent done
[2026-07-16 16:36:00] MainFormView.Loaded
[2026-07-16 16:36:08] ProModeView.ctor begin
[2026-07-16 16:36:08] ProModeView.ctor InitializeComponent done
[2026-07-16 16:36:09] ProModeView.OnLoaded begin
[2026-07-16 16:36:09] ProModeView.OnLoaded end
[2026-07-16 16:36:14] MainFormView.Loaded
[2026-07-16 16:36:19] PerformExitCleanup: done
[2026-07-16 16:36:19] PerformExitCleanup: done
[2026-07-16 16:48:09] WPF_RENDER_TIER=2 (0=Software, 1=2D Hardware, 2=Advanced Hardware)
[2026-07-16 16:48:09] AssemblyLoad guard registered
[2026-07-16 16:48:09] OnStartup
[2026-07-16 16:48:09] SECURITY: unverified --launched-by-exe flag detected, resetting to false
[2026-07-16 16:48:09] Password verification skipped: parent process is AURORA (AURORA-AnalyzerWPF, PID=46332)
[2026-07-16 16:48:09] Password verification passed
[2026-07-16 16:48:09] AURORA_PERF_TIER=Extreme
[2026-07-16 16:48:09] PERF_SCORE_DIAG: cores=16 ramMB=32506 ramGB=32 baseClockMHz=2304 gpuScore=80 perfScore=723.04 gpuDiag=GPU=NVIDIA GeForce RTX 3060 Laptop GPU | Vendor=NVIDIA | VRAM=4096MB | D3D9Ex=OK | Score=80 | Driver=32.0.15.9174
[2026-07-16 16:48:09] HARDWARE_DIAG: cores=16 | gpuName=NVIDIA GeForce RTX 3060 Laptop GPU gpuVendor=NVIDIA d3d9ex=True gpuVramMB=4096 gpuScore=80 backend=D3D9Ex
[2026-07-16 16:48:09] AURORA_LANGUAGE=CHS
[2026-07-16 16:48:09] AURORA_IS_LAUNCHED_BY_EXE=True
[2026-07-16 16:48:09] VerifyDirectoryIntegrity: OK
[2026-07-16 16:48:09] Directory integrity check passed
[2026-07-16 16:48:09] IntegrityGuard detection: NONE
[2026-07-16 16:48:09] IntegrityGuard initialized
[2026-07-16 16:48:09] IntegrityGuard runtime monitoring started
[2026-07-16 16:48:09] ElevationService configured
[2026-07-16 16:48:10] Creating MainWindow shell
[2026-07-16 16:48:10] MainWindow shell shown + PlayShellEnter
[2026-07-16 16:48:10] ViewManager initialized
[2026-07-16 16:48:10] Navigating to SplashScreenView
[2026-07-16 16:48:10] SplashScreenView.ctor begin
[2026-07-16 16:48:10] SplashScreenView.ctor InitializeComponent done
[2026-07-16 16:48:10] SplashScreenView.Loaded
[2026-07-16 16:48:20] SplashScreenView.LoadingComplete
[2026-07-16 16:48:20] ShowMainWindow: navigate to ElevationDialog (before MainForm)
[2026-07-16 16:48:24] ElevationDialog result: ContinueNormal
[2026-07-16 16:48:24] MainFormView.ctor begin
[2026-07-16 16:48:24] MainFormView.ctor InitializeComponent done
[2026-07-16 16:48:24] MainFormView.Loaded
[2026-07-16 16:49:04] ProModeView.ctor begin
[2026-07-16 16:49:04] ProModeView.ctor InitializeComponent done
[2026-07-16 16:49:05] ProModeView.OnLoaded begin
[2026-07-16 16:49:05] ProModeView.OnLoaded end
[2026-07-16 16:49:14] ProModeView.OnLoaded begin
[2026-07-16 16:49:14] ProModeView.OnLoaded end
[2026-07-16 16:49:20] ProModeView.OnLoaded begin
[2026-07-16 16:49:20] ProModeView.OnLoaded end
[2026-07-16 16:49:29] ProModeView.OnLoaded begin
[2026-07-16 16:49:29] ProModeView.OnLoaded end
[2026-07-16 16:49:33] MainFormView.Loaded
[2026-07-16 16:49:49] ProModeView.OnLoaded begin
[2026-07-16 16:49:49] ProModeView.OnLoaded end
[2026-07-16 16:49:55] MainFormView.Loaded
[2026-07-16 16:50:27] WPF_RENDER_TIER=2 (0=Software, 1=2D Hardware, 2=Advanced Hardware)
[2026-07-16 16:50:27] AssemblyLoad guard registered
[2026-07-16 16:50:27] OnStartup
[2026-07-16 16:50:27] SECURITY: unverified --launched-by-exe flag detected, resetting to false
[2026-07-16 16:50:27] Password verification skipped: parent process is AURORA (AURORA-AnalyzerWPF, PID=47716)
[2026-07-16 16:50:27] Password verification passed
[2026-07-16 16:50:27] AURORA_PERF_TIER=Extreme
[2026-07-16 16:50:27] PERF_SCORE_DIAG: cores=16 ramMB=32506 ramGB=32 baseClockMHz=2304 gpuScore=80 perfScore=723.04 gpuDiag=GPU=NVIDIA GeForce RTX 3060 Laptop GPU | Vendor=NVIDIA | VRAM=4096MB | D3D9Ex=OK | Score=80 | Driver=32.0.15.9174
[2026-07-16 16:50:27] HARDWARE_DIAG: cores=16 | gpuName=NVIDIA GeForce RTX 3060 Laptop GPU gpuVendor=NVIDIA d3d9ex=True gpuVramMB=4096 gpuScore=80 backend=D3D9Ex
[2026-07-16 16:50:27] AURORA_LANGUAGE=CHS
[2026-07-16 16:50:27] AURORA_IS_LAUNCHED_BY_EXE=True
[2026-07-16 16:50:27] VerifyDirectoryIntegrity: OK
[2026-07-16 16:50:27] Directory integrity check passed
[2026-07-16 16:50:27] IntegrityGuard detection: NONE
[2026-07-16 16:50:27] IntegrityGuard initialized
[2026-07-16 16:50:27] IntegrityGuard runtime monitoring started
[2026-07-16 16:50:27] ElevationService configured
[2026-07-16 16:50:27] Creating MainWindow shell
[2026-07-16 16:50:28] MainWindow shell shown + PlayShellEnter
[2026-07-16 16:50:28] ViewManager initialized
[2026-07-16 16:50:28] Navigating to SplashScreenView
[2026-07-16 16:50:28] SplashScreenView.ctor begin
[2026-07-16 16:50:28] SplashScreenView.ctor InitializeComponent done
[2026-07-16 16:50:28] SplashScreenView.Loaded
[2026-07-16 16:50:38] SplashScreenView.LoadingComplete
[2026-07-16 16:50:38] ShowMainWindow: navigate to ElevationDialog (before MainForm)
[2026-07-16 16:50:45] ElevationDialog result: Exit
[2026-07-16 16:50:46] PerformExitCleanup: done
[2026-07-16 16:50:46] PerformExitCleanup: done
[2026-07-16 17:00:10] WPF_RENDER_TIER=2 (0=Software, 1=2D Hardware, 2=Advanced Hardware)
[2026-07-16 17:00:10] AssemblyLoad guard registered
[2026-07-16 17:00:10] OnStartup
[2026-07-16 17:00:10] SECURITY: unverified --launched-by-exe flag detected, resetting to false
[2026-07-16 17:00:10] Password verification skipped: parent process is AURORA (AURORA-AnalyzerWPF, PID=49520)
[2026-07-16 17:00:10] Password verification passed
[2026-07-16 17:00:10] AURORA_PERF_TIER=Extreme
[2026-07-16 17:00:10] PERF_SCORE_DIAG: cores=16 ramMB=32506 ramGB=32 baseClockMHz=2304 gpuScore=80 perfScore=723.04 gpuDiag=GPU=NVIDIA GeForce RTX 3060 Laptop GPU | Vendor=NVIDIA | VRAM=4096MB | D3D9Ex=OK | Score=80 | Driver=32.0.15.9174
[2026-07-16 17:00:10] HARDWARE_DIAG: cores=16 | gpuName=NVIDIA GeForce RTX 3060 Laptop GPU gpuVendor=NVIDIA d3d9ex=True gpuVramMB=4096 gpuScore=80 backend=D3D9Ex
[2026-07-16 17:00:10] AURORA_LANGUAGE=CHS
[2026-07-16 17:00:10] AURORA_IS_LAUNCHED_BY_EXE=True
[2026-07-16 17:00:10] VerifyDirectoryIntegrity: OK
[2026-07-16 17:00:10] Directory integrity check passed
[2026-07-16 17:00:10] IntegrityGuard detection: NONE
[2026-07-16 17:00:10] IntegrityGuard initialized
[2026-07-16 17:00:10] IntegrityGuard runtime monitoring started
[2026-07-16 17:00:10] ElevationService configured
[2026-07-16 17:00:11] Creating MainWindow shell
[2026-07-16 17:00:11] MainWindow shell shown + PlayShellEnter
[2026-07-16 17:00:11] ViewManager initialized
[2026-07-16 17:00:11] Navigating to SplashScreenView
[2026-07-16 17:00:11] SplashScreenView.ctor begin
[2026-07-16 17:00:11] SplashScreenView.ctor InitializeComponent done
[2026-07-16 17:00:11] SplashScreenView.Loaded
[2026-07-16 17:00:21] SplashScreenView.LoadingComplete
[2026-07-16 17:00:21] ShowMainWindow: navigate to ElevationDialog (before MainForm)
[2026-07-16 17:00:24] ElevationDialog result: ContinueNormal
[2026-07-16 17:00:24] MainFormView.ctor begin
[2026-07-16 17:00:24] MainFormView.ctor InitializeComponent done
[2026-07-16 17:00:25] MainFormView.Loaded
[2026-07-16 17:00:42] ProModeView.ctor begin
[2026-07-16 17:00:42] ProModeView.ctor InitializeComponent done
[2026-07-16 17:00:43] ProModeView.OnLoaded begin
[2026-07-16 17:00:43] ProModeView.OnLoaded end
[2026-07-16 17:00:47] MainFormView.Loaded
[2026-07-16 17:01:09] ProModeView.OnLoaded begin
[2026-07-16 17:01:09] ProModeView.OnLoaded end
[2026-07-16 17:01:18] ProModeView.OnLoaded begin
[2026-07-16 17:01:18] ProModeView.OnLoaded end
[2026-07-16 17:01:23] MainFormView.Loaded
[2026-07-16 17:01:28] ProModeView.OnLoaded begin
[2026-07-16 17:01:28] ProModeView.OnLoaded end
[2026-07-16 17:01:32] MainFormView.Loaded
[2026-07-16 17:04:35] PerformExitCleanup: done
[2026-07-16 17:04:35] PerformExitCleanup: done
[2026-07-16 17:07:33] WPF_RENDER_TIER=2 (0=Software, 1=2D Hardware, 2=Advanced Hardware)
[2026-07-16 17:07:33] AssemblyLoad guard registered
[2026-07-16 17:07:33] OnStartup
[2026-07-16 17:07:33] SECURITY: unverified --launched-by-exe flag detected, resetting to false
[2026-07-16 17:07:33] Password verification skipped: parent process is AURORA (AURORA-AnalyzerWPF, PID=48388)
[2026-07-16 17:07:33] Password verification passed
[2026-07-16 17:07:34] AURORA_PERF_TIER=Extreme
[2026-07-16 17:07:34] PERF_SCORE_DIAG: cores=16 ramMB=32506 ramGB=32 baseClockMHz=2304 gpuScore=80 perfScore=723.04 gpuDiag=GPU=NVIDIA GeForce RTX 3060 Laptop GPU | Vendor=NVIDIA | VRAM=4096MB | D3D9Ex=OK | Score=80 | Driver=32.0.15.9174
[2026-07-16 17:07:34] HARDWARE_DIAG: cores=16 | gpuName=NVIDIA GeForce RTX 3060 Laptop GPU gpuVendor=NVIDIA d3d9ex=True gpuVramMB=4096 gpuScore=80 backend=D3D9Ex
[2026-07-16 17:07:34] AURORA_LANGUAGE=CHS
[2026-07-16 17:07:34] AURORA_IS_LAUNCHED_BY_EXE=True
[2026-07-16 17:07:34] VerifyDirectoryIntegrity: OK
[2026-07-16 17:07:34] Directory integrity check passed
[2026-07-16 17:07:34] IntegrityGuard detection: NONE
[2026-07-16 17:07:34] IntegrityGuard initialized
[2026-07-16 17:07:34] IntegrityGuard runtime monitoring started
[2026-07-16 17:07:34] ElevationService configured
[2026-07-16 17:07:34] Creating MainWindow shell
[2026-07-16 17:07:35] MainWindow shell shown + PlayShellEnter
[2026-07-16 17:07:35] ViewManager initialized
[2026-07-16 17:07:35] Navigating to SplashScreenView
[2026-07-16 17:07:35] SplashScreenView.ctor begin
[2026-07-16 17:07:35] SplashScreenView.ctor InitializeComponent done
[2026-07-16 17:07:35] SplashScreenView.Loaded
[2026-07-16 17:07:45] SplashScreenView.LoadingComplete
[2026-07-16 17:07:45] ShowMainWindow: navigate to ElevationDialog (before MainForm)
[2026-07-16 17:07:49] ElevationDialog result: ContinueNormal
[2026-07-16 17:07:49] MainFormView.ctor begin
[2026-07-16 17:07:49] MainFormView.ctor InitializeComponent done
[2026-07-16 17:07:50] MainFormView.Loaded
[2026-07-16 17:08:09] ProModeView.ctor begin
[2026-07-16 17:08:09] ProModeView.ctor InitializeComponent done
[2026-07-16 17:08:10] ProModeView.OnLoaded begin
[2026-07-16 17:08:10] ProModeView.OnLoaded end
[2026-07-16 17:08:34] ProModeView.OnLoaded begin
[2026-07-16 17:08:34] ProModeView.OnLoaded end
[2026-07-16 17:08:47] ProModeView.OnLoaded begin
[2026-07-16 17:08:47] ProModeView.OnLoaded end
[2026-07-16 17:08:52] MainFormView.Loaded
[2026-07-16 17:09:01] ProModeView.OnLoaded begin
[2026-07-16 17:09:01] ProModeView.OnLoaded end
[2026-07-16 17:09:14] ProModeView.OnLoaded begin
[2026-07-16 17:09:14] ProModeView.OnLoaded end
[2026-07-16 17:09:18] MainFormView.Loaded
[2026-07-16 17:09:22] ProModeView.OnLoaded begin
[2026-07-16 17:09:22] ProModeView.OnLoaded end
[2026-07-16 17:09:49] ProModeView.OnLoaded begin
[2026-07-16 17:09:49] ProModeView.OnLoaded end
[2026-07-16 17:09:53] MainFormView.Loaded
[2026-07-16 17:10:02] ProModeView.OnLoaded begin
[2026-07-16 17:10:02] ProModeView.OnLoaded end
[2026-07-16 17:11:59] PerformExitCleanup: done
[2026-07-16 17:11:59] PerformExitCleanup: done
[2026-07-16 17:14:43] WPF_RENDER_TIER=2 (0=Software, 1=2D Hardware, 2=Advanced Hardware)
[2026-07-16 17:14:43] AssemblyLoad guard registered
[2026-07-16 17:14:43] OnStartup
[2026-07-16 17:14:43] SECURITY: unverified --launched-by-exe flag detected, resetting to false
[2026-07-16 17:14:43] Password verification skipped: parent process is AURORA (AURORA-AnalyzerWPF, PID=51100)
[2026-07-16 17:14:43] Password verification passed
[2026-07-16 17:14:44] AURORA_PERF_TIER=Extreme
[2026-07-16 17:14:44] PERF_SCORE_DIAG: cores=16 ramMB=32506 ramGB=32 baseClockMHz=2304 gpuScore=80 perfScore=723.04 gpuDiag=GPU=NVIDIA GeForce RTX 3060 Laptop GPU | Vendor=NVIDIA | VRAM=4096MB | D3D9Ex=OK | Score=80 | Driver=32.0.15.9174
[2026-07-16 17:14:44] HARDWARE_DIAG: cores=16 | gpuName=NVIDIA GeForce RTX 3060 Laptop GPU gpuVendor=NVIDIA d3d9ex=True gpuVramMB=4096 gpuScore=80 backend=D3D9Ex
[2026-07-16 17:14:44] AURORA_LANGUAGE=CHS
[2026-07-16 17:14:44] AURORA_IS_LAUNCHED_BY_EXE=True
[2026-07-16 17:14:44] VerifyDirectoryIntegrity: OK
[2026-07-16 17:14:44] Directory integrity check passed
[2026-07-16 17:14:44] IntegrityGuard detection: NONE
[2026-07-16 17:14:44] IntegrityGuard initialized
[2026-07-16 17:14:44] IntegrityGuard runtime monitoring started
[2026-07-16 17:14:44] ElevationService configured
[2026-07-16 17:14:44] Creating MainWindow shell
[2026-07-16 17:14:45] MainWindow shell shown + PlayShellEnter
[2026-07-16 17:14:45] ViewManager initialized
[2026-07-16 17:14:45] Navigating to SplashScreenView
[2026-07-16 17:14:45] SplashScreenView.ctor begin
[2026-07-16 17:14:45] SplashScreenView.ctor InitializeComponent done
[2026-07-16 17:14:45] SplashScreenView.Loaded
[2026-07-16 17:14:54] SplashScreenView.LoadingComplete
[2026-07-16 17:14:54] ShowMainWindow: navigate to ElevationDialog (before MainForm)
[2026-07-16 17:15:02] ElevationDialog result: Exit
[2026-07-16 17:15:03] PerformExitCleanup: done
[2026-07-16 17:15:03] PerformExitCleanup: done
[2026-07-16 17:15:10] WPF_RENDER_TIER=2 (0=Software, 1=2D Hardware, 2=Advanced Hardware)
[2026-07-16 17:15:10] AssemblyLoad guard registered
[2026-07-16 17:15:10] OnStartup
[2026-07-16 17:15:10] SECURITY: unverified --launched-by-exe flag detected, resetting to false
[2026-07-16 17:15:10] Password verification skipped: parent process is AURORA (AURORA-AnalyzerWPF, PID=50336)
[2026-07-16 17:15:10] Password verification passed
[2026-07-16 17:15:10] AURORA_PERF_TIER=Extreme
[2026-07-16 17:15:10] PERF_SCORE_DIAG: cores=16 ramMB=32506 ramGB=32 baseClockMHz=2304 gpuScore=80 perfScore=723.04 gpuDiag=GPU=NVIDIA GeForce RTX 3060 Laptop GPU | Vendor=NVIDIA | VRAM=4096MB | D3D9Ex=OK | Score=80 | Driver=32.0.15.9174
[2026-07-16 17:15:10] HARDWARE_DIAG: cores=16 | gpuName=NVIDIA GeForce RTX 3060 Laptop GPU gpuVendor=NVIDIA d3d9ex=True gpuVramMB=4096 gpuScore=80 backend=D3D9Ex
[2026-07-16 17:15:10] AURORA_LANGUAGE=CHS
[2026-07-16 17:15:10] AURORA_IS_LAUNCHED_BY_EXE=True
[2026-07-16 17:15:10] VerifyDirectoryIntegrity: OK
[2026-07-16 17:15:10] Directory integrity check passed
[2026-07-16 17:15:10] IntegrityGuard detection: NONE
[2026-07-16 17:15:10] IntegrityGuard initialized
[2026-07-16 17:15:10] IntegrityGuard runtime monitoring started
[2026-07-16 17:15:10] ElevationService configured
[2026-07-16 17:15:11] Creating MainWindow shell
[2026-07-16 17:15:11] MainWindow shell shown + PlayShellEnter
[2026-07-16 17:15:11] ViewManager initialized
[2026-07-16 17:15:11] Navigating to SplashScreenView
[2026-07-16 17:15:11] SplashScreenView.ctor begin
[2026-07-16 17:15:11] SplashScreenView.ctor InitializeComponent done
[2026-07-16 17:15:11] SplashScreenView.Loaded
[2026-07-16 17:15:21] SplashScreenView.LoadingComplete
[2026-07-16 17:15:21] ShowMainWindow: navigate to ElevationDialog (before MainForm)
[2026-07-16 17:15:26] ElevationDialog result: Exit
[2026-07-16 17:15:28] PerformExitCleanup: done
[2026-07-16 17:15:28] PerformExitCleanup: done
[2026-07-16 17:19:31] WPF_RENDER_TIER=2 (0=Software, 1=2D Hardware, 2=Advanced Hardware)
[2026-07-16 17:19:31] AssemblyLoad guard registered
[2026-07-16 17:19:31] OnStartup
[2026-07-16 17:19:31] SECURITY: unverified --launched-by-exe flag detected, resetting to false
[2026-07-16 17:19:31] Password verification skipped: parent process is AURORA (AURORA-AnalyzerWPF, PID=50428)
[2026-07-16 17:19:31] Password verification passed
[2026-07-16 17:19:31] AURORA_PERF_TIER=Extreme
[2026-07-16 17:19:31] PERF_SCORE_DIAG: cores=16 ramMB=32506 ramGB=32 baseClockMHz=2304 gpuScore=80 perfScore=723.04 gpuDiag=GPU=NVIDIA GeForce RTX 3060 Laptop GPU | Vendor=NVIDIA | VRAM=4096MB | D3D9Ex=OK | Score=80 | Driver=32.0.15.9174
[2026-07-16 17:19:31] HARDWARE_DIAG: cores=16 | gpuName=NVIDIA GeForce RTX 3060 Laptop GPU gpuVendor=NVIDIA d3d9ex=True gpuVramMB=4096 gpuScore=80 backend=D3D9Ex
[2026-07-16 17:19:31] AURORA_LANGUAGE=CHS
[2026-07-16 17:19:31] AURORA_IS_LAUNCHED_BY_EXE=True
[2026-07-16 17:19:31] VerifyDirectoryIntegrity: OK
[2026-07-16 17:19:31] Directory integrity check passed
[2026-07-16 17:19:31] IntegrityGuard detection: NONE
[2026-07-16 17:19:31] IntegrityGuard initialized
[2026-07-16 17:19:31] IntegrityGuard runtime monitoring started
[2026-07-16 17:19:31] ElevationService configured
[2026-07-16 17:19:32] Creating MainWindow shell
[2026-07-16 17:19:32] MainWindow shell shown + PlayShellEnter
[2026-07-16 17:19:32] ViewManager initialized
[2026-07-16 17:19:32] Navigating to SplashScreenView
[2026-07-16 17:19:32] SplashScreenView.ctor begin
[2026-07-16 17:19:32] SplashScreenView.ctor InitializeComponent done
[2026-07-16 17:19:32] SplashScreenView.Loaded
[2026-07-16 17:19:42] SplashScreenView.LoadingComplete
[2026-07-16 17:19:42] ShowMainWindow: navigate to ElevationDialog (before MainForm)
[2026-07-16 17:20:03] ElevationDialog result: ContinueNormal
[2026-07-16 17:20:03] MainFormView.ctor begin
[2026-07-16 17:20:03] MainFormView.ctor InitializeComponent done
[2026-07-16 17:20:04] MainFormView.Loaded
[2026-07-16 17:20:43] PerformExitCleanup: done
[2026-07-16 17:20:43] PerformExitCleanup: done
[2026-07-16 17:20:53] WPF_RENDER_TIER=2 (0=Software, 1=2D Hardware, 2=Advanced Hardware)
[2026-07-16 17:20:53] AssemblyLoad guard registered
[2026-07-16 17:20:53] OnStartup
[2026-07-16 17:20:53] SECURITY: unverified --launched-by-exe flag detected, resetting to false
[2026-07-16 17:20:53] Password verification skipped: parent process is AURORA (AURORA-AnalyzerWPF, PID=44172)
[2026-07-16 17:20:53] Password verification passed
[2026-07-16 17:20:53] AURORA_PERF_TIER=Extreme
[2026-07-16 17:20:53] PERF_SCORE_DIAG: cores=16 ramMB=32506 ramGB=32 baseClockMHz=2304 gpuScore=80 perfScore=723.04 gpuDiag=GPU=NVIDIA GeForce RTX 3060 Laptop GPU | Vendor=NVIDIA | VRAM=4096MB | D3D9Ex=OK | Score=80 | Driver=32.0.15.9174
[2026-07-16 17:20:53] HARDWARE_DIAG: cores=16 | gpuName=NVIDIA GeForce RTX 3060 Laptop GPU gpuVendor=NVIDIA d3d9ex=True gpuVramMB=4096 gpuScore=80 backend=D3D9Ex
[2026-07-16 17:20:53] AURORA_LANGUAGE=CHS
[2026-07-16 17:20:53] AURORA_IS_LAUNCHED_BY_EXE=True
[2026-07-16 17:20:53] VerifyDirectoryIntegrity: OK
[2026-07-16 17:20:53] Directory integrity check passed
[2026-07-16 17:20:53] IntegrityGuard detection: NONE
[2026-07-16 17:20:53] IntegrityGuard initialized
[2026-07-16 17:20:53] IntegrityGuard runtime monitoring started
[2026-07-16 17:20:53] ElevationService configured
[2026-07-16 17:20:53] Creating MainWindow shell
[2026-07-16 17:20:54] MainWindow shell shown + PlayShellEnter
[2026-07-16 17:20:54] ViewManager initialized
[2026-07-16 17:20:54] Navigating to SplashScreenView
[2026-07-16 17:20:54] SplashScreenView.ctor begin
[2026-07-16 17:20:54] SplashScreenView.ctor InitializeComponent done
[2026-07-16 17:20:54] SplashScreenView.Loaded
[2026-07-16 17:21:04] SplashScreenView.LoadingComplete
[2026-07-16 17:21:04] ShowMainWindow: navigate to ElevationDialog (before MainForm)
[2026-07-16 17:21:08] ElevationDialog result: ContinueNormal
[2026-07-16 17:21:08] MainFormView.ctor begin
[2026-07-16 17:21:08] MainFormView.ctor InitializeComponent done
[2026-07-16 17:21:09] MainFormView.Loaded
[2026-07-16 17:21:34] ProModeView.ctor begin
[2026-07-16 17:21:34] ProModeView.ctor InitializeComponent done
[2026-07-16 17:21:36] ProModeView.OnLoaded begin
[2026-07-16 17:21:36] ProModeView.OnLoaded end
[2026-07-16 17:21:57] ProModeView.OnLoaded begin
[2026-07-16 17:21:57] ProModeView.OnLoaded end
[2026-07-16 17:22:07] ProModeView.OnLoaded begin
[2026-07-16 17:22:07] ProModeView.OnLoaded end
[2026-07-16 17:22:16] ProModeView.OnLoaded begin
[2026-07-16 17:22:16] ProModeView.OnLoaded end
[2026-07-16 17:22:25] MainFormView.Loaded
[2026-07-16 17:22:29] ProModeView.OnLoaded begin
[2026-07-16 17:22:29] ProModeView.OnLoaded end
[2026-07-16 17:22:34] MainFormView.Loaded
[2026-07-16 17:24:21] ProModeView.OnLoaded begin
[2026-07-16 17:24:21] ProModeView.OnLoaded end
[2026-07-16 17:24:33] MainFormView.Loaded
[2026-07-16 17:24:37] ProModeView.OnLoaded begin
[2026-07-16 17:24:37] ProModeView.OnLoaded end
[2026-07-16 17:24:45] MainFormView.Loaded
[2026-07-16 17:24:48] ProModeView.OnLoaded begin
[2026-07-16 17:24:48] ProModeView.OnLoaded end
[2026-07-16 17:25:08] ProModeView.OnLoaded begin
[2026-07-16 17:25:08] ProModeView.OnLoaded end
[2026-07-16 17:25:13] MainFormView.Loaded
[2026-07-16 17:25:19] PerformExitCleanup: done
[2026-07-16 17:25:19] PerformExitCleanup: done
[2026-07-16 17:30:10] WPF_RENDER_TIER=2 (0=Software, 1=2D Hardware, 2=Advanced Hardware)
[2026-07-16 17:30:10] AssemblyLoad guard registered
[2026-07-16 17:30:10] OnStartup
[2026-07-16 17:30:11] SECURITY: unverified --launched-by-exe flag detected, resetting to false
[2026-07-16 17:30:11] Password verification skipped: parent process is AURORA (AURORA-AnalyzerWPF, PID=51372)
[2026-07-16 17:30:11] Password verification passed
[2026-07-16 17:30:11] AURORA_PERF_TIER=Extreme
[2026-07-16 17:30:11] PERF_SCORE_DIAG: cores=16 ramMB=32506 ramGB=32 baseClockMHz=2304 gpuScore=80 perfScore=723.04 gpuDiag=GPU=NVIDIA GeForce RTX 3060 Laptop GPU | Vendor=NVIDIA | VRAM=4096MB | D3D9Ex=OK | Score=80 | Driver=32.0.15.9174
[2026-07-16 17:30:11] HARDWARE_DIAG: cores=16 | gpuName=NVIDIA GeForce RTX 3060 Laptop GPU gpuVendor=NVIDIA d3d9ex=True gpuVramMB=4096 gpuScore=80 backend=D3D9Ex
[2026-07-16 17:30:11] AURORA_LANGUAGE=CHS
[2026-07-16 17:30:11] AURORA_IS_LAUNCHED_BY_EXE=True
[2026-07-16 17:30:11] VerifyDirectoryIntegrity: OK
[2026-07-16 17:30:11] Directory integrity check passed
[2026-07-16 17:30:11] IntegrityGuard detection: NONE
[2026-07-16 17:30:11] IntegrityGuard initialized
[2026-07-16 17:30:11] IntegrityGuard runtime monitoring started
[2026-07-16 17:30:11] ElevationService configured
[2026-07-16 17:30:11] Creating MainWindow shell
[2026-07-16 17:30:12] MainWindow shell shown + PlayShellEnter
[2026-07-16 17:30:12] ViewManager initialized
[2026-07-16 17:30:12] Navigating to SplashScreenView
[2026-07-16 17:30:12] SplashScreenView.ctor begin
[2026-07-16 17:30:12] SplashScreenView.ctor InitializeComponent done
[2026-07-16 17:30:12] SplashScreenView.Loaded
[2026-07-16 17:30:22] SplashScreenView.LoadingComplete
[2026-07-16 17:30:22] ShowMainWindow: navigate to ElevationDialog (before MainForm)
[2026-07-16 17:30:26] ElevationDialog result: ContinueNormal
[2026-07-16 17:30:26] MainFormView.ctor begin
[2026-07-16 17:30:26] MainFormView.ctor InitializeComponent done
[2026-07-16 17:30:27] MainFormView.Loaded
[2026-07-16 17:32:33] ProModeView.ctor begin
[2026-07-16 17:32:33] ProModeView.ctor InitializeComponent done
[2026-07-16 17:32:35] ProModeView.OnLoaded begin
[2026-07-16 17:32:35] ProModeView.OnLoaded end
[2026-07-16 17:32:40] MainFormView.Loaded
[2026-07-16 17:32:45] ProModeView.OnLoaded begin
[2026-07-16 17:32:45] ProModeView.OnLoaded end
[2026-07-16 17:32:51] MainFormView.Loaded
[2026-07-16 17:32:58] ProModeView.OnLoaded begin
[2026-07-16 17:32:58] ProModeView.OnLoaded end
[2026-07-16 17:33:15] MainFormView.Loaded
[2026-07-16 17:33:37] PerformExitCleanup: done
[2026-07-16 17:33:37] PerformExitCleanup: done
[2026-07-16 17:42:08] WPF_RENDER_TIER=2 (0=Software, 1=2D Hardware, 2=Advanced Hardware)
[2026-07-16 17:42:08] AssemblyLoad guard registered
[2026-07-16 17:42:08] OnStartup
[2026-07-16 17:42:08] SECURITY: unverified --launched-by-exe flag detected, resetting to false
[2026-07-16 17:42:08] Password verification skipped: parent process is AURORA (AURORA-AnalyzerWPF, PID=54988)
[2026-07-16 17:42:08] Password verification passed
[2026-07-16 17:42:08] AURORA_PERF_TIER=Extreme
[2026-07-16 17:42:08] PERF_SCORE_DIAG: cores=16 ramMB=32506 ramGB=32 baseClockMHz=2304 gpuScore=80 perfScore=723.04 gpuDiag=GPU=NVIDIA GeForce RTX 3060 Laptop GPU | Vendor=NVIDIA | VRAM=4096MB | D3D9Ex=OK | Score=80 | Driver=32.0.15.9174
[2026-07-16 17:42:08] HARDWARE_DIAG: cores=16 | gpuName=NVIDIA GeForce RTX 3060 Laptop GPU gpuVendor=NVIDIA d3d9ex=True gpuVramMB=4096 gpuScore=80 backend=D3D9Ex
[2026-07-16 17:42:08] AURORA_LANGUAGE=CHS
[2026-07-16 17:42:08] AURORA_IS_LAUNCHED_BY_EXE=True
[2026-07-16 17:42:08] VerifyDirectoryIntegrity: OK
[2026-07-16 17:42:08] Directory integrity check passed
[2026-07-16 17:42:08] IntegrityGuard detection: NONE
[2026-07-16 17:42:08] IntegrityGuard initialized
[2026-07-16 17:42:08] IntegrityGuard runtime monitoring started
[2026-07-16 17:42:08] ElevationService configured
[2026-07-16 17:42:08] Creating MainWindow shell
[2026-07-16 17:42:09] MainWindow shell shown + PlayShellEnter
[2026-07-16 17:42:09] ViewManager initialized
[2026-07-16 17:42:09] Navigating to SplashScreenView
[2026-07-16 17:42:09] SplashScreenView.ctor begin
[2026-07-16 17:42:09] SplashScreenView.ctor InitializeComponent done
[2026-07-16 17:42:09] SplashScreenView.Loaded
[2026-07-16 17:42:19] SplashScreenView.LoadingComplete
[2026-07-16 17:42:19] ShowMainWindow: navigate to ElevationDialog (before MainForm)
[2026-07-16 17:44:57] ElevationDialog result: Exit
[2026-07-16 17:44:58] PerformExitCleanup: done
[2026-07-16 17:44:58] PerformExitCleanup: done
[2026-07-16 17:47:38] WPF_RENDER_TIER=2 (0=Software, 1=2D Hardware, 2=Advanced Hardware)
[2026-07-16 17:47:38] AssemblyLoad guard registered
[2026-07-16 17:47:38] OnStartup
[2026-07-16 17:47:38] SECURITY: unverified --launched-by-exe flag detected, resetting to false
[2026-07-16 17:47:38] Password verification skipped: parent process is AURORA (AURORA-AnalyzerWPF, PID=58280)
[2026-07-16 17:47:38] Password verification passed
[2026-07-16 17:47:38] AURORA_PERF_TIER=Extreme
[2026-07-16 17:47:38] PERF_SCORE_DIAG: cores=16 ramMB=32506 ramGB=32 baseClockMHz=2304 gpuScore=80 perfScore=723.04 gpuDiag=GPU=NVIDIA GeForce RTX 3060 Laptop GPU | Vendor=NVIDIA | VRAM=4096MB | D3D9Ex=OK | Score=80 | Driver=32.0.15.9174
[2026-07-16 17:47:38] HARDWARE_DIAG: cores=16 | gpuName=NVIDIA GeForce RTX 3060 Laptop GPU gpuVendor=NVIDIA d3d9ex=True gpuVramMB=4096 gpuScore=80 backend=D3D9Ex
[2026-07-16 17:47:38] AURORA_LANGUAGE=CHS
[2026-07-16 17:47:38] AURORA_IS_LAUNCHED_BY_EXE=True
[2026-07-16 17:47:38] VerifyDirectoryIntegrity: OK
[2026-07-16 17:47:38] Directory integrity check passed
[2026-07-16 17:47:38] IntegrityGuard detection: NONE
[2026-07-16 17:47:38] IntegrityGuard initialized
[2026-07-16 17:47:38] IntegrityGuard runtime monitoring started
[2026-07-16 17:47:38] ElevationService configured
[2026-07-16 17:47:38] Creating MainWindow shell
[2026-07-16 17:47:39] MainWindow shell shown + PlayShellEnter
[2026-07-16 17:47:39] ViewManager initialized
[2026-07-16 17:47:39] Navigating to SplashScreenView
[2026-07-16 17:47:39] SplashScreenView.ctor begin
[2026-07-16 17:47:39] SplashScreenView.ctor InitializeComponent done
[2026-07-16 17:47:39] SplashScreenView.Loaded
[2026-07-16 17:47:49] SplashScreenView.LoadingComplete
[2026-07-16 17:47:49] ShowMainWindow: navigate to ElevationDialog (before MainForm)
[2026-07-16 17:48:19] ElevationDialog result: Exit
[2026-07-16 17:48:20] PerformExitCleanup: done
[2026-07-16 17:48:20] PerformExitCleanup: done
[2026-07-16 17:50:27] WPF_RENDER_TIER=2 (0=Software, 1=2D Hardware, 2=Advanced Hardware)
[2026-07-16 17:50:27] AssemblyLoad guard registered
[2026-07-16 17:50:27] OnStartup
[2026-07-16 17:50:27] SECURITY: unverified --launched-by-exe flag detected, resetting to false
[2026-07-16 17:50:27] Password verification skipped: parent process is AURORA (AURORA-AnalyzerWPF, PID=47432)
[2026-07-16 17:50:27] Password verification passed
[2026-07-16 17:50:27] AURORA_PERF_TIER=Extreme
[2026-07-16 17:50:27] PERF_SCORE_DIAG: cores=16 ramMB=32506 ramGB=32 baseClockMHz=2304 gpuScore=80 perfScore=723.04 gpuDiag=GPU=NVIDIA GeForce RTX 3060 Laptop GPU | Vendor=NVIDIA | VRAM=4096MB | D3D9Ex=OK | Score=80 | Driver=32.0.15.9174
[2026-07-16 17:50:27] HARDWARE_DIAG: cores=16 | gpuName=NVIDIA GeForce RTX 3060 Laptop GPU gpuVendor=NVIDIA d3d9ex=True gpuVramMB=4096 gpuScore=80 backend=D3D9Ex
[2026-07-16 17:50:27] AURORA_LANGUAGE=CHS
[2026-07-16 17:50:27] AURORA_IS_LAUNCHED_BY_EXE=True
[2026-07-16 17:50:27] VerifyDirectoryIntegrity: OK
[2026-07-16 17:50:27] Directory integrity check passed
[2026-07-16 17:50:27] IntegrityGuard detection: NONE
[2026-07-16 17:50:27] IntegrityGuard initialized
[2026-07-16 17:50:27] IntegrityGuard runtime monitoring started
[2026-07-16 17:50:27] ElevationService configured
[2026-07-16 17:50:27] Creating MainWindow shell
[2026-07-16 17:50:28] MainWindow shell shown + PlayShellEnter
[2026-07-16 17:50:28] ViewManager initialized
[2026-07-16 17:50:28] Navigating to SplashScreenView
[2026-07-16 17:50:28] SplashScreenView.ctor begin
[2026-07-16 17:50:28] SplashScreenView.ctor InitializeComponent done
[2026-07-16 17:50:28] SplashScreenView.Loaded
[2026-07-16 17:50:38] SplashScreenView.LoadingComplete
[2026-07-16 17:50:38] ShowMainWindow: navigate to ElevationDialog (before MainForm)
[2026-07-16 17:50:42] ElevationDialog result: ContinueNormal
[2026-07-16 17:50:42] MainFormView.ctor begin
[2026-07-16 17:50:42] MainFormView.ctor InitializeComponent done
[2026-07-16 17:50:42] MainFormView.Loaded
[2026-07-16 17:50:49] PerformExitCleanup: done
[2026-07-16 17:50:49] PerformExitCleanup: done
